id,title,original_title,release_date,year,vote_average,vote_count,popularity,overview,genres,director,poster_path,backdrop_path,runtime,status,production_companies
1392116,Film Wajib Tonton Sebelum Mati,Film Wajib Tonton Sebelum Mati,2025-01-08,2025,0.0,0,0.06,"Kino, his wife Via, and their best friend Wahyu celebrate one million subscribers on their YouTube channel by reviewing ‘Must-See Movies Before You Die,’ unaware it will be their last video together. Now, Kino sits alone, haunted by memories and wrestling with overwhelming despair, desperately trying to find hope.","Drama, Komedi",Razny Mahardhika,https://image.tmdb.org/t/p/w500/djLSClRzeIGwhqFvBOHzTX5vsGJ.jpg,,19,Released,"MAXStream Studios, Kinovia"
1355126,Pabrik Gula,Pabrik Gula,2025-03-31,2025,8.2,20,15.33,"Sekelompok buruh musiman yang datang ke sebuah pabrik gula tua di pedesaan untuk bekerja selama musim panen. Namun, mereka tidak mengetahui apa rahasia di balik pabrik gula tersebut.","Kengerian, Cerita Seru",Awi Suryadi,https://image.tmdb.org/t/p/w500/nwmR5EL5m8tcPBud6OwUyt8p5z1.jpg,https://image.tmdb.org/t/p/original/5saKQdU7JHNLmcLqVRmHGZ2Zj0E.jpg,133,Released,"MD Pictures, EST Studios"
1317938,Norma: Antara Mertua dan Menantu,Norma: Antara Mertua dan Menantu,2025-03-31,2025,7.9,4,15.3,"Norma yang baru menikah berharap pernikahannya bahagia, tanpa mengetahui bahwa suaminya diam-diam berselingkuh dengan ibunya.","Drama, Percintaan",Guntur Soeharjanto,https://image.tmdb.org/t/p/w500/oEWtL2Rr5AuufFq57BjB7YZvLKv.jpg,https://image.tmdb.org/t/p/original/ngAmo1lK9KUewNbeqNR2itDkV84.jpg,134,Released,Dee Company
1391153,Kitab Sijjin & Illiyyin,Kitab Sijjin & Illiyyin,2025-07-17,2025,7.8,3,3.6,"Saat masih kecil, Yuli menyaksikan kedua orang tuanya tewas di tangan kekuatan misterius setelah ibunya dirasuki. Dicap sebagai anak yang dikutuk dan tidak diinginkan, ia bertahan hidup dan tumbuh di bawah naungan istri ayahnya yang lain, Ambar, dan putrinya, Laras, sambil menanggung penghinaan terus-menerus. Namun, semuanya berubah saat Ambar membisikkan rahasia terakhir ke telinga Yuli. Didorong oleh rasa dendam, Yuli melakukan ritual terlarang. Saat sihir hitam itu mengakar, dunia di sekitarnya mulai terurai.","Kengerian, Cerita Seru",Hadrah Daeng Ratu,https://image.tmdb.org/t/p/w500/6WTcQ95kWMLBi4HtxopXUW3QIsE.jpg,https://image.tmdb.org/t/p/original/8O5dKufZ97eVOvEgt1C3Q6T8Lme.jpg,98,Released,"Rapi Films, Sky Media, Legacy Pictures, Rhaya Flicks, Narasi Semesta"
1261148,AlMarhum,AlMarhum,2025-01-09,2025,6.1,7,2.34,"Kematian tragis Pak Mulwanto, sang Ayah pada Selasa Kliwon menjadi awal petaka bagi keluarga Nuri. Konon, siapa pun yang wafat pada hari itu akan mengajak anggota keluarganya untuk sama-sama menjemput ajal. Sehingga keluarga yang ditinggal pun diminta menjalani serangkaian ritual untuk mencegah hal tersebut.  Wisesa, anak sulung yang berprofesi sebagai dokter, menolak ritual itu karena dianggap tidak masuk akal dan memilih menemani Ibunya yang masih terpukul. Namun, kejadian aneh dan mengerikan yang menimpa Nuri dan adiknya, Yanda, memaksa mereka mencari tahu tentang kebenaran di balik mitos dan ritual tersebut.  Apa yang sebenarnya terjadi? Apa benar ini ada hubungannya dengan kematian sang Ayah di Selasa Kliwon? CEPAT atau LAMBAT, semua akan menjadi ALMARHUM.","Kengerian, Cerita Seru",Adhe Dharmastriya,https://image.tmdb.org/t/p/w500/bHmtY7LUn27DGaQlZLKhROdrLrh.jpg,https://image.tmdb.org/t/p/original/83xeZxAUzv1AEm74lGx0jdbVMAc.jpg,102,Released,"Unlimited Production, A&Z Films, Dwi Abisatya Persada, Light House Productions"
1261543,Pengantin Iblis,Pengantin Iblis,2025-01-29,2025,6.0,13,1.68,"Ranti adalah seorang ibu dan istri yang amat berbakti. Ranti memiliki putri yang amat ia sayangi, tapi cacat kondisinya sejak lahir, Nina. Suatu hari Nina mengalami kecelakaan fatal yang membutuhkan penanganan segera. Namun suami Ranti yang bekerja sebagai pelaut sedang tidak berada di rumah, dan keluarga besarnya juga tidak bisa membantu Ranti. Ranti akhirnya harus mencari jalan apapun demi keselamatan Nina. Ranti terpaksa menerima tawaran untuk menjadi pengantin iblis. Akhirnya Nina dapat disembuhkan, namun ada harga lain yang harus Ranti bayar, yang menyangkut nyawa seluruh anggota keluarganya.","Kengerian, Cerita Seru",Azhar Kinoi Lubis,https://image.tmdb.org/t/p/w500/6UWQVddCVCnFM4G7PSHcCc5NGtI.jpg,https://image.tmdb.org/t/p/original/tX0G6mVkRt550e3cfzkqZIK8wNz.jpg,105,Released,Lyto Pictures
1386004,Tak Ingin Usai Disini,Tak Ingin Usai Disini,2025-06-05,2025,8.3,3,1.55,Belum ada sinopsis.,"Drama, Percintaan",Robert Ronny,https://image.tmdb.org/t/p/w500/90Gzl2ndhmFLhZp0vJEYVlBxATl.jpg,https://image.tmdb.org/t/p/original/nQb0jA0gA4D56fMNOvFx1ntFHJU.jpg,108,Released,"Paragon Pictures, Ideosource Entertainment, Legacy Pictures, Virtuelines Entertainment, Nuon, Netzme, Kreasi Media Indonesia Fund"
1280089,Pengepungan di Bukit Duri,Pengepungan di Bukit Duri,2025-04-17,2025,8.2,15,1.57,"Edwin berjanji pada kakaknya sebelum meninggal untuk menemukan anak kakaknya yang hilang. Pencarian Edwin membawanya menjadi guru di SMA Duri, sekolah untuk anak-anak bermasalah. Di sana, Edwin menghadapi murid-murid paling beringas sambil mencari keponakannya. Ketika akhirnya ia menemukan sang keponakan, kerusuhan pecah di seluruh kota dan mereka terjebak di sekolah, melawan anak-anak brutal yang kini mengincar nyawa mereka.","Aksi, Kejahatan, Cerita Seru",Joko Anwar,https://image.tmdb.org/t/p/w500/tx2toda5HijndqRZXDuoGkSud8L.jpg,https://image.tmdb.org/t/p/original/dcpXPUVEqiuYclsnael3bJjos4B.jpg,118,Released,"Come and See Pictures, Amazon MGM Studios"
1391149,Waktu Maghrib 2,Waktu Maghrib 2,2025-05-28,2025,7.1,4,0.79,"20 tahun setelah kejadian yang dialami Adi (Omar Daniel) dan kawan-kawannya di Jatijajar, Jin Ummu Sibyan kembali meneror anak-anak di sebuah desa, kali ini di Giritirto. Yogo (Sulthan Hamonangan), Dewo (Ghazi Alhabsy), dan Wulan (Anantya Kirana) beserta 5 anak lainnya terlibat keributan di pertandingan bola antara pemain inti dan cadangan. Kalah dalam keributan, mereka bergegas pulang ke desa di waktu maghrib. Sepanjang perjalanan mereka menyumpahi tim inti sepak bola agar terkena musibah. Tanpa mereka sadari, mereka telah membangkitkan petaka seperti kejadian Jatijajar. Kali ini lebih gila dan mencekam, di tengah hutan dan malam yang dingin, Ummu Sibyan merasuki salah satu dari mereka untuk memburu nyawa anak-anak tanpa ampun.","Kengerian, Misteri, Cerita Seru",Sidharta Tata,https://image.tmdb.org/t/p/w500/iD0iWNrqlfffm81BKP5IGzrMofq.jpg,https://image.tmdb.org/t/p/original/3zmsLQx8GLN6Rf1fmdFE3BcoMJ.jpg,107,Released,"Rapi Films, Sky Media, Legacy Pictures, Rhaya Flicks, Kebon Studio"
1501345,Yang Terjadi Di Antara Banyaknya Kejadian Di Malam Jakarta,Yang Terjadi Di Antara Banyaknya Kejadian Di Malam Jakarta,2025-06-03,2025,0.0,0,0.02,A man meets a woman in the middle of Jakarta.,Drama,Lucky Jassin,https://image.tmdb.org/t/p/w500/Aqou06fUvQ4u1IIBk0eViA4pYmt.jpg,,12,Released,Soir Lab
1512635,Menjadi Utuh Dan Asli,Neither Perfect Nor Imperfect,2025-07-13,2025,0.0,0,0.02,"Miko, yang baru saja dipecat dari pekerjaannya dan dikucilkan oleh orang tuanya, bertemu dengan sosok dalam dirinya versi kanak-kanak, yang datang untuk menuntut permintaan maaf karena pernah ia abaikan di masa lalu.",Drama,Jerell Michael Cussoy-Poluan,https://image.tmdb.org/t/p/w500/eQEydYvn9bAp2Wrk7rFJAJfwLDJ.jpg,https://image.tmdb.org/t/p/original/epDTuiqlfNmqdioyZCCx9bvKYJX.jpg,25,Released,Diplomasinema
1491018,Nawasena,Nawasena,2025-04-24,2025,10.0,1,0.01,"Hana ingin masuk SMA, tapi ibunya, Dahlia, ingin dia masuk SMK. Hana mengikuti keinginan ibunya dan akhirnya terlibat dalam lomba desain di sekolahnya. Namun, dia melakukan plagiarisme yang menimbulkan konflik dengan temannya, Alina. Azriel, teman lainnya, membantu Hana dan mereka semakin dekat. Perdebatan antara Hana dan ibunya memuncak, tapi akhirnya Hana menemukan mimpinya yang baru dan berhasil membanggakan ibunya dengan memenangkan lomba fotografi.","Drama, Keluarga",Lula Janatin Alfafa,https://image.tmdb.org/t/p/w500/2xK6UO8enIbFgnYt88eXzc9AkgB.jpg,https://image.tmdb.org/t/p/original/w3Fat3qJdByEp8uuhBVVOkzsEod.jpg,36,Released,THREESPIRE STUDIOS
1292032,Misteri Rumah Darah,Misteri Rumah Darah,2025-03-06,2025,0.0,0,0.2,"Shafeera, a rising host, is given the chance to host the remake of Percaya Ngga Percaya. While studying old footage, she discovers an unaired tape labeled ""Rumah Darah,"" leading to disturbing paranormal events that threaten her life. As she investigates the mystery behind Rumah Darah, she uncovers dark secrets from the past that put her soul at risk.","Kengerian, Kejahatan",Andi A. Manoppo,https://image.tmdb.org/t/p/w500/6xghYbKVULbefQrUXKLQTlJnOTq.jpg,,91,Released,"Avantgarde TV Official, Cinema Delapan"
1163980,Made in Bali,Made in Bali,2025-02-20,2025,7.0,2,0.18,A young man from a family of Balinese puppeteers must choose between a sensible arranged marriage or take a chance with his childhood best friend.,"Drama, Percintaan",Johar Prayudhi,https://image.tmdb.org/t/p/w500/dShnI8pl1wtVEt5y8K1AizwEX2Y.jpg,https://image.tmdb.org/t/p/original/lffE9qv3h9bPnucFVFRXCwOwTJR.jpg,94,Released,Josh Pictures
1488099,Hotel Sakura,Hotel Sakura,2025-07-10,2025,0.0,0,0.25,"Sarah hidup dalam bayang-bayang masa lalunya sejak sang ibu tewas. Terjebak dalam rasa bersalah, Sarah bertemu seorang pria yang menawarkan opsi spiritual untuk menjawab keinginannya untuk berjumpa dengan sang ibu. Yang Sarah tak tahu, dia telah membuka pintu teror yang lebih besar. Keinginan untuk menebus kesalahan perlahan berubah menjadi petaka, dan dunia nyata mulai kehilangan batas dengan dunia arwah.",Kengerian,Krishto D. Alam,https://image.tmdb.org/t/p/w500/lWd1GRSHk3FhXG6QKdYeU6sI2kG.jpg,https://image.tmdb.org/t/p/original/uoDVkHQVGvOFpwDswIY3C3W6oL2.jpg,100,Released,"Kakaktua Pictures, HERS Productions"
1367947,Gowok: Kamasutra Jawa,Gowok: Kamasutra Jawa,2025-06-05,2025,8.8,4,1.98,"Set in 1960s Java, a young Javanese woman betrays her teacher, falls in love and must face dire consequences.","Drama, Sejarah, Percintaan, Cerita Seru",Hanung Bramantyo,https://image.tmdb.org/t/p/w500/k5nijiJPCn7cFF4KMEkHXnUIgEg.jpg,https://image.tmdb.org/t/p/original/61hELeZSqazLkvJgtraCfJq7DPx.jpg,132,Released,"MVP Pictures, Dapur Film"
1261555,Setetes Embun Cinta Niyala,Setetes Embun Cinta Niyala,2025-03-31,2025,5.7,23,0.86,"Niyala adalah seorang wanita muda yang berhasil mewujudkan mimpinya menjadi seorang dokter.  Namun, ayahnya mengatur pernikahannya dengan Roger, putra orang terkaya di desa, untuk melunasi hutang keluarga dan ini membuat kehidupan Niyala menjadi kacau. Namun, pernikahan ini mungkin satu-satunya cara untuk menyelamatkan keluarga Anda.","Drama, Percintaan",Anggy Umbara,https://image.tmdb.org/t/p/w500/iolOzpZILKFf2Ve88VnaKwU4DEg.jpg,https://image.tmdb.org/t/p/original/wk0vWuxCNKmFWHhaqEAtBVRhUkY.jpg,114,Released,"MD Pictures, Umbara Brothers Film"
962626,Warkop DKI Kartun,Warkop DKI Kartun,2025-06-26,2025,5.8,2,0.3,"The Warkop trio — Dono, Kasino, and Indro — are dragged into the most daring mission yet: disguise themselves as Indonesian national team players in a World Cup qualifier to sabotage a match in the fictional country of West Korea and stop a conspiracy that could trigger a nuclear war. But saving the world is only a small part of their job as CHIPS agents. They also have to hunt down their own rebellious robots; and transform into elementary school children to uncover a national exam cheating scandal.","Animasi, Komedi, Cerita Fiksi, Fantasi",Rako Prijanto,https://image.tmdb.org/t/p/w500/yisiL4mVnnT3vsE0hLFY9kuAN6M.jpg,https://image.tmdb.org/t/p/original/RUlKr0zgJj5OLElnVgTFhgsJ9d.jpg,79,Released,Falcon Pictures
1285728,A Normal Woman,A Normal Woman,2025-07-23,2025,6.1,42,15.16,"Saat sebuah penyakit tak dikenal mulai mengacaukan kehidupannya, seorang sosialita harus mengungkap misteri di balik penyakit ini—sebelum ia menjadi gila sepenuhnya.","Drama, Cerita Seru, Kengerian",Lucky Kuswandi,https://image.tmdb.org/t/p/w500/3XNtKiE4jzYi5A9Q3DRTiQsoXID.jpg,https://image.tmdb.org/t/p/original/u406tzmoD60CmCqGbSRLE2bifmT.jpg,110,Released,Soda Machine Films
1488121,Selasih Ireng,Selasih Ireng,2025-07-10,2025,0.0,0,0.2,"Terjebak dalam keadaan ekonomi keluarga yang buruk, Asih yang lugu terpaksa bekerja sebagai wanita penghibur di tempat prostitusi milik mami Della yang licik. Cercaan dan perundungan di tempat kerjanya membuat Asih putus asa, sehingga Asih menempuh jalan sesat: mengamalkan ilmu hitam Selasih Ireng; yang menuntut banyak tumbal. Ketika seorang pemuda yang mencuri hatinya datang, Asih dihadapkan pada pilihan di antara cinta dan kesuksesan duniawi, sambil bertahan di tengah serangan teror Mami Della dan ilmu Selasih Ireng itu sendiri.",Kengerian,Tondi Hasibuan,https://image.tmdb.org/t/p/w500/d2D6MmIpoM9heDwoZTZcL3bYfDE.jpg,,0,Released,Dragon motion picture
1438572,GAMANG,GAMANG,2025-02-09,2025,0.0,0,0.21,"Kisah Surealis mengikuti Davies yang mencoba menghadapi masa depannya yang berupa lautan, namun rasa takut menguasainya.",,Nazril Akmal,https://image.tmdb.org/t/p/w500/8mZjm08015963IljrS6YkNqww1C.jpg,,5,Released,SINEAS ABSOLUT
1511733,Anak Jerapah,Anak Jerapah,2025-05-12,2025,0.0,0,0.19,"Ruth (25), seorang penjaga playground anak tiba-tiba dihadapkan dengan tanggung  jawab dari Tono (45), sang ayah untuk mengurus , Krisna (8) adik dari ibu yang  berbeda. Ia pun harus memilih antara pergi mengejar cita-cita karirnya atau  menolong dan mengurus anak itu.","Keluarga, Drama",Ilham Bagus Mahendra,https://image.tmdb.org/t/p/w500/q1WqxHNBtiGFZLEHO19YavxFbkC.jpg,https://image.tmdb.org/t/p/original/c6RYUweZgs7pNSlBKsToLEh4ZPu.jpg,25,Released,Rupa Rupa Films
1505882,KAR,KAR,2025-07-02,2025,0.0,0,0.26,"Sehari sebelum peringatan seribu hari kematian suaminya, Kar, seorang wanita tua, menerima kabar bahwa orang lain telah bermimpi melihat suaminya bersama seorang wanita misterius. Sementara itu, Kar belum pernah didatangi suaminya dalam mimpi. Lalu, Kar memutuskan untuk tidur sebentar, menanti saat terakhir ketika suaminya akan datang kepadanya dalam mimpi, sebelum kepergiannya untuk seribu hari.  Perjalanan Kar menuju hari ke-seribu kematian suaminya membawanya lebih dalam ke dalam distorsi esensi, identitas, dan waktu.",Drama,Shohipul Ma'ruf,https://image.tmdb.org/t/p/w500/o91ouH8ffh0PC2ITVwHL2dJwxYe.jpg,https://image.tmdb.org/t/p/original/9awhCu2CYnwRtGW1VNqBhxmb92H.jpg,21,Released,Team Creative Multimedia
1502632,Kamu Mau Jadi Apa?,Kamu Mau Jadi Apa?,2025-06-23,2025,8.0,1,0.22,Kamu Mau Jadi Apa? adalah film pendek yang menyuarakan tentang kepercayaan masyarakat untuk menjadi polisi.,,Syahra Nurvita,https://image.tmdb.org/t/p/w500/k3LJi01W8mGGfkxcgAajATRRG8J.jpg,https://image.tmdb.org/t/p/original/p7sfv7QksLVfDDdGUtLUQ9vwH4W.jpg,0,Released,
1499565,Gak Nyangka..!!,Gak Nyangka..!!,2025-07-24,2025,0.0,0,0.41,Belum diketahui.,"Drama, Komedi",Jeihan Angga,https://image.tmdb.org/t/p/w500/lIzPEsUeTmYpVj9bgeZoFskXBa6.jpg,https://image.tmdb.org/t/p/original/1SrfY5wYN6C9t29WKYv6cRljtXc.jpg,102,Released,Ibuzz Entertaiment
1393069,The Most Beautiful Girl in the World,The Most Beautiful Girl in the World,2025-02-13,2025,6.7,30,1.92,"Demi warisan, seorang pria mata keranjang membuat acara perjodohan untuk memenuhi permintaan terakhir ayahnya yang ingin putranya itu menikahi gadis tercantik di dunia.","Komedi, Drama, Percintaan",Robert Ronny,https://image.tmdb.org/t/p/w500/iIfL2XV0tVZzRezrYok5YTQt51K.jpg,https://image.tmdb.org/t/p/original/wVLPPX2DXQmfkzDe6MOsJJfbKEX.jpg,122,Released,"Paragon Pictures, Moviesta Pictures Production"
1403688,Agen +62,Agen +62,2025-07-03,2025,5.5,2,0.4,"Dito dan Martha adalah dua agen rahasia dari PUANAS (Pusat Usaha Nasional), badan intelijen paling bawah di Indonesia. Namun karena statusnya yang rendah, data mereka luput dari peretasan besar-besaran yang membocorkan informasi rahasia di seluruh negeri. Hal itu membuat PUANAS mengambil peluang dengan mengadakan misi terbesarnya untuk mengungkap kasus paling meresahkan di negara ini, yakni perjudian online.","Komedi, Aksi",Dinna Jasanti,https://image.tmdb.org/t/p/w500/gWK5gp25vqWO9M6WtaWWLRWgq66.jpg,https://image.tmdb.org/t/p/original/6rYPm18kWf2abqEIrHM3yqywTPT.jpg,115,Released,"Wahana Kreator, PK Films, Samara Group, RVO Horizon"
1509649,Tuan Berkantung Tebal,Tuan Berkantung Tebal,2025-07-24,2025,0.0,0,0.01,Seorang calon kepala desa yang gemar bermain perempuan tak menyadari bahwa gaya hidup yang ia nikmati diam-diam mengakar di rumahnya sendiri.,Drama,Kenan Pangaribuan,https://image.tmdb.org/t/p/w500/cYlp5K5dXkVmi9a9KRbO16hQma6.jpg,,12,Released,FFTV IKJ
1423332,"SHE/HER ""Sihir""",SHE/HER,2025-01-23,2025,10.0,2,0.03,"Kongko sosok pria yang mengalami masa - masa pubertas keduanya dipertemukan oleh jaka alias mira dengan latar belakang pekerjaan sebagai waria di dalam sebuah kamar mandi kecil, Mereka menemukan kenyamanan dalam perbincangan yang tulus di tengah kekacauan kehidupan masing - masing.","Drama, Percintaan",Zidan Syaidina,https://image.tmdb.org/t/p/w500/zveunw6Zk2KRQBkr2xAFlBw6rWm.jpg,https://image.tmdb.org/t/p/original/9Z7K6a5BVhSMMXRg3vo9pDfpE0p.jpg,27,Released,Filphos
1499748,Star Fall In Me,Star Fall In Me,2025-07-12,2025,0.0,0,0.04,"Hana (23) seorang remaja perempuan yang mencoba beradaptasi dengan lingkungan barunya dengan bergabung dalam sebuah band bersama saudara nya Arum (22), ia membuat sebuah lagu untuk band mereka demi bisa mengikuti sebuah audisi musik. Namun dengan ambisinya yang ingin selalu menjadi pusat perhatian membuat pertikaian pada band tersebut. hingga ia kehilangan arah dan dihantui bayang-bayang masa lalu dari bundanya membuat ia tersadar akan kesalahannya.","Musik, Drama, Keluarga",Hamka Mahardhika,https://image.tmdb.org/t/p/w500/zmZFto3M4Uq4iYh6eufXiz8G9wc.jpg,https://image.tmdb.org/t/p/original/9GgOMBvU3uQNJneJ9VQVI25zYo7.jpg,37,Released,
1492472,Awas Kepunan: Kelak Celako,Awas Kepunan: Kelak Celako,2025-06-06,2025,4.0,1,0.07,"Menolak minum kopi membuat sial, begitulah yang terjadi pada Kristin dan Clo. Adat yang dilanggar menjadi awal malapetaka, kesialan dan kesialan datang hingga ajal di depan mata.",Kengerian,Bram Ferino,https://image.tmdb.org/t/p/w500/2RFnmakEhHsNjk3Sjifp81RhYfb.jpg,,0,Released,Afici Entertainment
1418112,Jeratan!,Tall Tree's Gaze,2025-03-15,2025,8.5,2,0.03,"Seorang kakak Kehilangan adik satu satunya dengan cara yang misterius, Hal ini membuatnya Selalu bertanya tanya mengenai Eksistensi, Ketakutan, Kehilangan dan Ketidaktahuan, dan ia sangat berharap untuk setidaknya sekali lagi bertemu dengan adiknya lalu mengucapkan selamat tinggal.","Drama, Kengerian",Triandhika B. Prasetyo,https://image.tmdb.org/t/p/w500/oVIJMEEO5elDaaFf9gyBP3HEl6M.jpg,https://image.tmdb.org/t/p/original/hrD0lZ9pzOtp2Pr3TyF1xFhqyi4.jpg,5,Released,"Sinema Samarpana, Sixteen Podcast"
1404429,KAUSALITAS,KAUSALITAS,2025-06-02,2025,0.0,0,0.0,"Usal dan Lunar, dua teman lama yang tidak sengaja bertemu kembali setelah dua tahun. Pada pertemuan itu, Usal mengetahui fakta mengejutkan tentang Lunar dan dirinya yang seharusnya tidak ia ketahui.","Percintaan, Cerita Fiksi",Ananda Afta Firstiarko,https://image.tmdb.org/t/p/w500/wJe1npcWuFiYx0NeSfH5m0eRyIP.jpg,,20,Released,Film Sedih
1439654,A Silent Celebration,A Silent Celebration,2025-01-25,2025,0.0,0,0.06,"Abi, anak yang tidak bisa berbicara, ingin ulang tahunnya dirayakan. Namun, ibunya, Mira, terlihat sibuk dengan rutinitas sehari-hari. Mendekati hari ulang tahun, Abi terus memberikan kode kepada Mira, hingga berniat membuat roti ulang tahunnya sendiri. Film ini menceritakan tentang harapan, cinta, dan kebahagiaan yang sederhana.","Drama, Keluarga",Muhammad Faruq,https://image.tmdb.org/t/p/w500/gAdWHVjXcn5aIVVIRaOAJrf5kmZ.jpg,https://image.tmdb.org/t/p/original/hrxKhr8Yq7R6ppu9NPKof2u3o2a.jpg,15,Released,"Blank Space, Merakit Film"
1496706,The Sadness is Not Over Yet,The Sadness is Not Over Yet,2025-06-15,2025,0.0,0,0.04,"Sulastri, seorang ibu tunggal yang harus melanjutkan hidupnya selepas bercerai. Ia mendapatkan tekanan masyarakat atas status barunya. Ia juga dianggap sebagai pembawa aib bagi keluarga lantaran tak kunjung menikah lagi.",Drama,Tanzilal Azizie,https://image.tmdb.org/t/p/w500/b90TYPL16jNNJH9IC2rchBSXMKZ.jpg,https://image.tmdb.org/t/p/original/fY5gQ0tl2r8njW8y1eZ07JZvH9o.jpg,15,Released,
1410022,Terlahir Kembali,Terlahir Kembali,2025-01-01,2025,0.0,0,0.03,"Dara seorang wanita muda yang hidup tanpa kehadiran ayah selama 20 Tahun. Bertemu kembali dengan ayahnya, pertemuan ini membuka luka lama dan menjadi momen penuh emosi di mana keduanya saling mengungkapkan isi hatinya. Dalam dialog yang intens, Dara mencoba memaafkan sang ayah sambil menghadapi kenyataan bahwa dirinya kini berada dalam situasi serupa dengan ibunya.",Drama,Aprizal Isna SR,https://image.tmdb.org/t/p/w500/isJfa7MKU2wocdY5U3kCudND3gD.jpg,https://image.tmdb.org/t/p/original/gHh0bdXrKqOH5jSuAZ1E7nlAdOh.jpg,12,Released,Kaca Film
1523698,DEAL!,DEAL!,2025-07-30,2025,0.0,0,0.06,"Sofi (16) terjebak antara ambisi dan tuntutan keluarga. Saat ujian menentukan segalanya, ia dan Roni (16) mengambil risiko besar yaitu melakukan kecurangan. Satu keputusan mengubah hubungan, nilai, dan cara mereka melihat diri sendiri.",Drama,M. Raihan Rizki Putra,https://image.tmdb.org/t/p/w500/7PLMvDvkJepSQgBU7wlUF1zcKbO.jpg,https://image.tmdb.org/t/p/original/ipEJdXnA5zDVsLWJtqpcAPwLaK0.jpg,15,Released,AVISTUDIO
1524352,Ketika Hantu Yatim Piatu,Ketika Hantu Yatim Piatu,2025-08-07,2025,0.0,0,0.12,Ketika anak manusia yatim piatu bertemu dengan anak hantu yatim piatu yang sama-sama ingin bertemu kedua orangtua mereka─hingga kenyataan yang menyakitkan menyadarkan mereka berdua.,"Kengerian, Drama",Bram Ferino,https://image.tmdb.org/t/p/w500/k8Gpt43K82fYJ69ONIrIIMkndIk.jpg,,0,Released,Afici Entertainment
1487700,Sandekala,Sandekala,2025-05-19,2025,0.0,0,0.14,"Setelah kematian ayahnya, seorang gadis kecil mengalami kejadian aneh di rumahnya, kemunculan sosok misterius yang menguntitnya ternyata membawa pesan terakhir dari ayahnya untuknya.","Keluarga, Kengerian",Yesaya Vidsie,https://image.tmdb.org/t/p/w500/tV33EJSHjTSvAO3bX23YbMjpVot.jpg,https://image.tmdb.org/t/p/original/1J78X3tkTB6DLm49QEBRP1yDvSX.jpg,5,Released,"Sidewalks Films, Sinemarolas"
1415036,Kopi Susu Gula Aren,Palm Sugar Milk Coffee,2025-01-09,2025,0.0,0,0.12,"Dalam kurun waktu 1 tahun terakhir (2023-2024) budaya nongkrong street coffee di kota yogyakarta berkembang sangat cepat. Firman shaleh merupakan salah satu orang yang berpengaruh besar dalam perkembangan budaya nongkrong tersebut, ia membuka salah satu street coffee pertama di daerah kotabaru dan membuka jalan bagi street coffee lainnya untuk buka. Walaupun mengalami berbagai rintangan firman bersama pinggiran tetap menginspirasi dan memberikan dampak berbagai budaya street coffee di kota yogyakarta.",Dokumenter,Ardhian Virgi Agustian,https://image.tmdb.org/t/p/w500/cJ0sVaLvIdoyDyVdl4DC8MImxgi.jpg,https://image.tmdb.org/t/p/original/9BfFHMvLa4p75b9DKWQwyOaSmUW.jpg,12,Released,Filmin in The rain
1511423,Misteri Cek Khodam,Misteri Cek Khodam,2025-02-06,2025,0.0,0,0.11,Seorang pemuda tanpa sadar mewarisi khodam dari sang ayah. Keberadaan khodam (makhluk gaib) tersebut membawa berbagai kejadian di luar nalar dan mengungkap rahasia kelam yang selama ini tersembunyi.,Kengerian,Master Limbad,https://image.tmdb.org/t/p/w500/ikHWQT1LfltvpMj355mjH9hzi1Z.jpg,,107,Released,Master Cinema Production
1426281,Bunyi Hujan di Bawah Halte,Bunyi Hujan di Bawah Halte,2025-01-18,2025,0.0,0,0.08,"Renata (19 Tahun) dan  Rio (19 Tahun) sedang menunggu bus di halte. Namun karena hari terlalu sore, Renata mengalihkan transport pulang mereka dengan lo-car (taksi online). Ditengah menunggu, Rio meminta Renata untuk membelikan kasa baru untuk luka di kakinya. Setelah dibantu oleh Renata, ternyata Rio mengucapkan kalimat yang membuat Renata kecewa sehingga terjadi pertengkaran diantara mereka berdua yang mengungkap bahwa selama ini Rio hanya menganggap Renata sebatas teman dan memanfaatkan kebaikan Renata. Tak disangka, dibalik Renata yang tersakiti, ia juga memanfaatkan Aqmal (19 Tahun) untuk membayar lo-car.",Drama,Muhammad Hanif Fadhila,https://image.tmdb.org/t/p/w500/ocuOInmssP8kzanE7HnerzxxUPz.jpg,,13,Released,Echtes Cinema
1419057,A NARRATOR IN A SILENT NIGHT,NARASI DI MALAM SUNYI,2025-01-17,2025,0.0,0,0.04,"Ryan (L/13) sering menjadi sasaran kekerasan dari ayahnya dan hanya bisa bermain dengan mainannya saat tengah malam, satu-satunya waktu ia merasa aman namun suatu malam ia mendapati kehadiran sosok misterius yang mulai berinteraksi dengannya.","Drama, Misteri",Nazril Akmal,https://image.tmdb.org/t/p/w500/ddu8ZhkapPqwf8qx9sZdO7UZZG7.jpg,https://image.tmdb.org/t/p/original/lQKOeaVj6fRbJQjef1tKCoqhmpW.jpg,7,Released,"SINEAS ABSOLUT, EVERMONTAGE, LIMUS"
1425068,Miss(ed),Miss(ed),2025-01-17,2025,0.0,0,0.05,"Dibalik warna-warni, kelap-kelip dan keceriaan di pasar malam ada Nabil, seorang kakak yang kehilangan adiknya. Ketika ia merayakan ulang tahun adiknya yang ke-10.  Berbagai rintangan dalam mencari adiknya seorang diri Nabil lewati, hingga ia menemukan kenyataan yang sebenarnya.",Drama,Ardiansyah Adi Saputra,https://image.tmdb.org/t/p/w500/56rLnuBMnsU9Obfpij6ZWCvoy9s.jpg,https://image.tmdb.org/t/p/original/nL8RSsCK4AT6qSt799uxAOtWcK5.jpg,14,Released,Sinemine Pictures
1437614,Kandi,Kandi,2025-02-21,2025,0.0,0,0.01,"Suryo dan Kandi baru menjalani hubungan asmara. Suatu hari Suryo merasakan kenikmatan masakan Kandi yang luar biasa. Suryo penasaran dengan rahasia masakan Kandi.  Suryo diundang Kandi untuk datang ke rumah Kandi. Namun, otak mesum Suryo mengubah segalanya.","Kengerian, Percintaan",Rama DeRanau,https://image.tmdb.org/t/p/w500/tN1PYDAdCfHWxg5UCkgva4BgQ7P.jpg,https://image.tmdb.org/t/p/original/q1H7C4OsJva0F1pHbpSybtfOl5l.jpg,6,Released,Aura Acting Class
1524901,Douze Dubls,Douze Dubls,2025-06-05,2025,0.0,0,0.01,"Dalam Douze, sebuah film dengan tema video musik, kita tenggelam dalam kenangan kelas bernama ""Douze."" Perjalanan sinematik ini menggunakan musik sebagai bahasa utamanya, menyatukan serangkaian sketsa yang memukau secara visual dan emosional. Setiap adegan adalah video musik yang dibuat dengan cermat, tidak hanya diatur ke lagu, tetapi juga bagian integral dari narasi itu sendiri.  Film ini meninjau kembali momen-momen penting dalam kehidupan para siswa ini—kegembiraan yang singkat, patah hati yang tenang, dan ikatan yang mendefinisikan satu generasi. Melalui lensa yang bersemangat dan nostalgia, Douze mengeksplorasi tema universal masa muda, persahabatan, dan berlalunya waktu yang pahit. Soundtrack bertindak sebagai detak jantung film, membimbing kita melalui permadani pengalaman bersama yang sangat pribadi dan dapat dihubungkan secara universal. Ini adalah penghargaan atas kekuatan musik untuk menangkap dan mengabadikan kenangan kita yang paling berharga.",Dokumenter,Muhammad Suaib,https://image.tmdb.org/t/p/w500/16PpfjFEfYEYTDMzJODZxQ6jsGp.jpg,,4,Released,
1524349,Urban Legend Sumiati: Teror Angkot Makassar,Urban Legend Sumiati: Teror Angkot Makassar,2025-07-16,2025,0.0,0,0.01,"Setelah serangkaian teror yang melibatkan kecelakaan sopir angkot di Makassar. Hasna seorang anak sopir angkot, mulai menerima petunjuk melalui mimpi dari arwah Sumiyati, korban pembunuhan yang jasadnya belum ditemukan. Hasna harus mengungkap misteri ini sebelum lebih banyak nyawa melayang, termasuk nyawa ayahnya, Jufri.",Kengerian,Chiska Doppert,https://image.tmdb.org/t/p/w500/mJTHVuZUgaIWcGhwtWeRPRPChKy.jpg,,0,Released,"Infinity 8, Boo Factory"
1489079,Penayangan Konser Selamat Ulang Tahun,Penayangan Konser Selamat Ulang Tahun,2025-05-28,2025,0.0,0,0.01,"Diselenggarakan tepat pada Hari Ibu tahun 2022, ""Konser Selamat Ulang Tahun"" dipersembahkan sebagai bentuk perayaan lima tahun dirilisnya album debut Nadin Amizah yang berjudul ""Selamat Ulang Tahun"".",Dokumenter,Dimas Wisnuwardono,https://image.tmdb.org/t/p/w500/bSS3X77ibYkCxZSSEEKaILOSGxC.jpg,,85,Released,Sorai
1449299,Bukan Film Superhero,Bukan Film Superhero,2025-03-16,2025,0.0,0,0.06,Seorang anak kecil yang terobsesi dengan sosok superhero dan ingin mencari superhero-nya di dunia nyata.,"Drama, Komedi, Keluarga",Farid Rahmantoro,https://image.tmdb.org/t/p/w500/AjCJxDX7X1zgv6fV30HiRFGdpDl.jpg,,17,Released,Soir Lab
1417890,Dunia Kiki,Dunia Kiki,2025-01-09,2025,10.0,1,0.04,Menceritakan tentang seorang anak yang sangat menyukai ultraman tetapi sayangnya dia memiliki keluarga yang kurang harmonis hingga pada akhirnya membuat sang anak memiliki trauma mental yang membuatnya memvisualisasikan orang tuanya yang bertengkar adalah ultraman dan monsternya.,"Misteri, Drama, Cerita Seru",Chairul Fadhlan,https://image.tmdb.org/t/p/w500/mmct9OfwuZdilJhZ1MmIZDYNkqR.jpg,https://image.tmdb.org/t/p/original/lyRobKWIS6JAaJQdhr6EJDrZEzh.jpg,5,Released,"Racon Pictures (ID), FFTV IKJ"
1494832,Langkah Kata,Langkah Kata,2025-06-10,2025,10.0,1,0.02,Langkah Kata adalah sebuah film pendek dokumenter yang bercerita tentang menggaungkan literasi dan budaya membaca.,,Rendy Rizky,https://image.tmdb.org/t/p/w500/xZUc2bKauHZ3swmeRirHrt0Q8cT.jpg,https://image.tmdb.org/t/p/original/y9IntSqibb4ZVwucEqW4mLEUICe.jpg,8,Released,
1504105,Antara Dua Panggilan,Antara Dua Panggilan,2025-06-24,2025,8.0,1,0.02,"Seorang guru honorer yang berdedikasi menerima telepon mendadak dari tetangganya—anaknya yang sedang sakit tiba-tiba kritis. Panik dan diliputi kecemasan, ia segera memohon izin kepada kepala sekolah untuk pulang lebih awal. Namun, permohonannya ditolak. Ia masih harus mengajar kelas penting yang tidak bisa digantikan siapa pun. Di tengah tekanan dan waktu yang terus berjalan, sang guru dihadapkan pada pilihan paling menyakitkan dalam hidupnya: mempertahankan pekerjaan yang menjadi tumpuan keluarganya, atau pulang demi menyelamatkan anak yang paling ia cintai.",Drama,Ramiza Kuntadi,https://image.tmdb.org/t/p/w500/ov9XFPjB8kugXjerIsQIXuYdE0b.jpg,https://image.tmdb.org/t/p/original/iaNAFilds9l4Hr4JmzVRCNDbu3a.jpg,8,Released,Show & Tell
1499508,Step Through the Memories,Step Through the Memories,2025-06-17,2025,0.0,0,0.01,Menceritakan tentang Cetta yang ingin memperbaiki hubungan dengan teman-teman sekolahnya sebelum hari kelulusan.,"Drama, Komedi",Ngurah Arya,https://image.tmdb.org/t/p/w500/j8AKbuub9jM8CsUan6M96N0pc9F.jpg,https://image.tmdb.org/t/p/original/Tm9s183bQKAYQkYO2kp51S4DNW.jpg,21,Released,"Ekstra Sinematografi SMP Santo Yoseph Denpasar, Rejusa Berkarya, .Storycomp Films, Lights Diary Studio"
1489825,Basement: Jangan Turun ke Bawah,Basement: Jangan Turun ke Bawah,2025-06-05,2025,0.0,0,0.01,"Mempertemukan sekelompok anak muda dalam petualangan paling kelam yang pernah mereka alami. Apa yang awalnya hanya rasa penasaran tentang lorong gelap di bawah apartemen, berubah menjadi teror tanpa akhir. Mereka tidak tahu... bahwa setiap langkah mereka ke bawah adalah satu langkah menuju kematian.",,Endjah Prabu,https://image.tmdb.org/t/p/w500/gdi37gIBJdayRSwtBSNmoMJVd5Z.jpg,,0,Released,"M8 Pictures, Homelee Pictures"
1415195,Main Hakim Sendiri,Main Hakim Sendiri,2025-01-09,2025,9.0,3,0.01,"Seorang pria diserang pencuri di rumahnya. Setelah pergumulan sengit,pria itu berhasil melumpuhkan pencuri. Namun, dalam keadaan emosi, pemuda itu membunuh pencuri yang sudah tak berdaya. Saat polisi datang, pemuda tersebut ditangkap karena pembunuhan.",Aksi,Mirza Mazini,https://image.tmdb.org/t/p/w500/bWKfxRzj316NhlfhVLF2MXK4xxk.jpg,https://image.tmdb.org/t/p/original/susorHc0Rn3Q9918UxzEkaxYvSg.jpg,3,Released,Show & Tell
1431659,Sepasang Sepatu,A Pair of Shoes,2025-01-16,2025,10.0,1,0.02,Niran yang baru saja memulai tahun ajaran baru di sekolahnya mendapatkan bahwa teman teman nya menggunakan sepatu baru. Hal tersebut membawa niran pada keinginan mempunyai sepatu baru. namun pada saat ia meminta pada ayah nya yang seorang pembuat sepatu terjadi konflik antara mereka.,Drama,Muhammad Abyndra,https://image.tmdb.org/t/p/w500/2WU3zo5ATyBjGIb1mkb7BWqBkNP.jpg,,13,Released,Walk of Frame
1430048,Proyeksi Masa Lalu,Proyeksi Masa Lalu,2025-01-17,2025,0.0,0,0.01,"Kurnia, seorang wanita berusia 37 tahun, kembali menghadapi kenangan masa lalunya melalui proyeksi gambar-gambar yang membawa perasaan haru sekaligus duka. Dalam perjalanan ini, ia menceritakan kisah cinta, penerimaan, perpisahan, dan penyesalan yang membentuk dirinya sekarang. Meratapi memori-memori itu, Kurnia perlahan menemukan kekuatan untuk melepaskan keterikatannya dengan masa lalu dan mencapai pengikhlasan.",Dokumenter,Leska Afiat Setiawan,https://image.tmdb.org/t/p/w500/3BBWLxLnUggvN3pKdKVEC7ZvvMp.jpg,https://image.tmdb.org/t/p/original/s2zfOqGDO50TbYIcbKc0M2j0Ar5.jpg,17,Released,ETERNAL PICT.
1436686,Rasulan,Rasulan,2024-10-26,2024,0.0,0,0.0,"Rasulan atau Bersih Desa merupakan salah satu bentuk tradisi perayaan pasca panen yang diselenggarakan oleh masyarakat Jawa di Kabupaten Gunungkidul, Daerah Istimewa Yogyakarta. Tradisi ini biasanya dilakukan oleh masyarakat sebagai bentuk rasa syukur atas hasil panen hasil pertanian yang melimpah sekaligus untuk merti atau membersihkan desa, mengharapkan keselamatan dan mencegah terjadinya celaka bagi seluruh warga desa.",Dokumenter,Maulana Latif Hanafi,https://image.tmdb.org/t/p/w500/jBKSIXcMvBBRCiT81b5EYSrfilk.jpg,https://image.tmdb.org/t/p/original/pVVrsb12WTp7GsdVqt4kHPJJLaX.jpg,6,Released,OtoFilSeven
1513756,A Reunion Of Joy,A Reunion Of Joy,2024-11-23,2024,10.0,1,0.0,"Menjelang Hari Raya Imlek, Koh Aming yang tinggal sendiri semakin kesepian setelah lama bercarai dengan istrinya di masa lalu, dan harus menghadapi dilema dan gengsi karena anak semata wayangnya semakin sibuk bekerja. Ia yang mengatahui akan meninggal dalam Waktu dekat karena penyakit kanker nya, terpantik untuk merayakan Imlek terakhirnya bersama Acong, namun pertemuan yang dinanti ternyata berubah menjadi pertikaian, Acong yang selama ini memendam semuanya sendiri, melampiaskan semua rasa kesalnya pada malam itu, namun dilain sisi di tengah pertikaian mereka, Acong baru mengetahui penyakit bapaknya dan membuat situasi serba salah untuk keluarga mereka.","Drama, Keluarga",Rafa Adri Prasetya,https://image.tmdb.org/t/p/w500/9KqQf4wVGWyBu24pX421Tnjqh9s.jpg,,0,Released,Cinevista Pictures
1255559,Dilan 1983: Wo Ai Ni,Dilan 1983: Wo Ai Ni,2024-06-13,2024,5.9,7,0.51,"Kisah ketika Dilan di usia 12 tahun yang sempat ikut bapaknya bertugas dinas di Timor Timur (kini negara Timor Leste).  Dilan menikmati tinggal di sana dan tinggal di sana selama 1,5 tahun dan kembali ke Bandung dan bersekolah di tempat lamanya. Pada tahun 1983, Dilan bertemu dengan Mei Lien, siswa baru Tionghoa asal Semarang di sekolahnya.","Drama, Percintaan, Keluarga, Komedi",Fajar Bustomi,https://image.tmdb.org/t/p/w500/zRcc48Fd0wNxhPgo7i2vnytOQTK.jpg,https://image.tmdb.org/t/p/original/cjguDdqrM7TfPefWoa5CLOl9lSY.jpg,116,Released,Falcon Pictures
1263885,Tebusan Dosa,Tebusan Dosa,2024-10-17,2024,6.3,8,0.43,"Wening, seorang ibu mengalami kejadian tragis ketika Nirmala, anaknya yang berusia 11 tahun, hilang dalam kecelakaan motor di sebuah jembatan. Kecelakaan itu juga merenggut nyawa Uti Yah, ibunda Wening. Wening merasa sangat berdosa karena membuat ibunya meninggal dan anaknya hanyut di sungai, tapi dia percaya Nirmala masih hidup.  Tirta, seorang perempuan kreator podcast misteri, berminat memviralkan tragisnya kehidupan Wening, namun bantuannya malah membuat Tirta menyibak rahasia gelap masa lalu Wening yang mengakibatkan hilangnya Nirmala.  Dengan segala upaya dan penuh harapan, Wening mencari Nirmala, termasuk meminta bantuan Tetsuya, peneliti dari Jepang. Wening juga meminta bantuan Mbah Gowa, seorang dukun misterius. Namun, di tengah pencarian, Wening selalu didatangi oleh hantu Uti Yah.  Akankah Wening bersatu lagi dengan Nirmala?","Drama, Kengerian, Misteri, Cerita Seru",Yosep Anggi Noen,https://image.tmdb.org/t/p/w500/wQJSt1QTZi8FzeH9GWPpJcxTKTx.jpg,https://image.tmdb.org/t/p/original/jXySkaJpSvbcVT6hYkGec5kz2Rh.jpg,116,Released,"Palari Films, Legacy Pictures, Showbox, SinemArt, Phoenix Films, INFIA, Volix Pictures, Karma Club, StickEarn, Kuy! Production"
1249439,Kaka Boss,Kaka Boss,2024-08-29,2024,5.8,5,0.48,"Ferdinand ""Kaka Boss"" Omakare, seorang penagih hutang yang disegani mencoba banting setir dalam perjalanan karirnya untuk menjadi seorang penyanyi.","Komedi, Drama",Arie Kriting,https://image.tmdb.org/t/p/w500/t3JbHRCGwWJe7y85qV2nnXxHXli.jpg,https://image.tmdb.org/t/p/original/mCzzyCB8FDm0rHNFP9jazArJ6x.jpg,120,Released,"Imajinari, Jagartha, Trinity Entertainment Network, A&Z Films, Legacy Pictures, Karma Club, Rhaya Flicks, Urathadi"
972355,Seni Memahami Kekasih,Seni Memahami Kekasih,2024-09-05,2024,7.0,2,0.54,"Ini merupakan kisah cinta dua manusia biasa, mirip dengan kisah cinta kita semua. Kalis (Febby Rastanti), perempuan biasa-biasa saja jatuh cinta kepada Agus (Elang El Gibran), cowok medium ugly yang biasa-biasa saja juga, namun sangat percaya diri. Saat keduanya hampir jadian, ketakutan akan masa depan dan ekonomi yang pas-pasan menghantui. Mirip dengan cerita kamu juga?  Dapatkah mereka melalui ini semuanya? Apakah jatuh cinta ada seninya? Akankah mereka mendapatkan happy ending? Mari kita tonton kisah cinta kedua manusia biasa-biasa ini di film Seni Memahami Kekasih, mulai 5 September 2024.","Komedi, Drama, Percintaan",Jeihan Angga,https://image.tmdb.org/t/p/w500/4snVckm5N2C0WcQhomLD2R5jjcd.jpg,https://image.tmdb.org/t/p/original/2fjYG6Z5huhjrmwE4Y6P5hBvgKe.jpg,91,Released,IDN Pictures
1322593,Sorop,Sorop,2024-12-19,2024,6.1,9,0.39,"Berniat kembali ke rumah masa kecilnya, Hanif (Hana Malasan) dan Isti (Yasamin Jasem) justru harus dikejutkan dengan kematian Pakde (Egi Fedly) yang terjadi tepat di hadapan mereka. Kematian Pakde rupanya membawa sesuatu yang lebih gelap datang ke rumah mereka. Kini, Hanif dan Isti harus membuka tabir teka-teki yang berhubungan dengan masa lalunya.","Kengerian, Cerita Seru, Misteri",Upi Avianto,https://image.tmdb.org/t/p/w500/pgyMNf595daUBwpryg7XW1kzRJF.jpg,https://image.tmdb.org/t/p/original/rnjAxcM3uqMDFdG5F4Aj2SiM1db.jpg,103,Released,"MD Pictures, EST Studios, N8 Studios"
1290547,Hide and Seek,Petak Umpet,2024-11-21,2024,4.7,3,0.37,"Sari diculik oleh Wewe Gombel ketika Rahman sang kakak lengah mengawasinya yang sedang bermain petak umpet di sebuah rumah tua, kini Rahman berusaha menyelamatkan Sari dengan bantuan teman-temannya.",Kengerian,Rizal Mantovani,https://image.tmdb.org/t/p/w500/bJ2qLAEP3ZbA1NCJngPhHICJIqM.jpg,https://image.tmdb.org/t/p/original/sZGfwMmSPCaoA3LpAHIZCBqkPvg.jpg,91,Released,"PAW Pictures, Pichouse Films"
1261734,Menjelang Ajal,Menjelang Ajal,2024-04-30,2024,6.0,9,0.31,"Sekar, berusaha menghidupi 3 anaknya sendirian dengan cara membuka warung makan. Akhir-akhir ini ia resah karena dagangannya selalu basi sesaat setelah makanan dihidangkan. Sekar pergi menemui Mak Ambar, Dukun yang memasang 'penglaris' di warungnya. Namun ternyata, Mak Ambar telah meninggal dunia.  Sejak itu, Jin yang selama ini menolongnya menuntut nyawa hingga Sekar kerasukan tiap malam. Ketiga anaknya berusaha untuk mengobati, namun upaya itu malah mengancam nyawa mereka sekeluarga.","Drama, Kengerian, Cerita Seru",Hadrah Daeng Ratu,https://image.tmdb.org/t/p/w500/xk853DwtmM5h8FF8As58fO8VxUB.jpg,https://image.tmdb.org/t/p/original/fEpViOkfklHX62kp30PzTsMhI7v.jpg,96,Released,"Rapi Films, Sky Media, Legacy Pictures, Rhaya Flicks"
1333192,Home Sweet Loan,Home Sweet Loan,2024-09-26,2024,8.2,15,0.37,"Kaluna, seorang pekerja kantoran yang masih tinggal bersama orang tuanya, bermimpi memiliki rumah sendiri. Namun, sebagai bagian dari generasi sandwich, ia harus berbagi penghasilannya untuk menopang keluarga. Ketika kesempatan untuk membeli rumah impiannya muncul, Kaluna dihadapkan pada dilema besar: mengejar mimpinya atau tetap bertanggung jawab terhadap keluarganya.","Drama, Keluarga, Komedi",Sabrina Rochelle Kalangie,https://image.tmdb.org/t/p/w500/1nY3sHWwADygJUH1RVUygaM9a4j.jpg,https://image.tmdb.org/t/p/original/tEPJQcF7dE2KpWzbIv8HMJSJUDN.jpg,112,Released,"Visinema Pictures, Legacy Pictures"
1303218,"Harta, Tahta, Boru Ni Raja","Harta, Tahta, Boru Ni Raja",2024-07-11,2024,4.0,0,0.09,(Plot belum tersedia),Komedi,Agustinus Sitorus,https://image.tmdb.org/t/p/w500/vTEUaK8zLuEMHHrwfBeKj9SfTkN.jpg,https://image.tmdb.org/t/p/original/htG8pWCOZwuSikzGJcYox4dHvmr.jpg,114,Released,"PIM Pictures, Layar Production, BPODT"
1181961,Indonesia Dari Timur,Indonesia Dari Timur,2024-02-14,2024,0.0,0,0.19,"Edu, a senior pilot who serves pioneering routes in Papua, received a special assignment from Simon, the owner of the airline company. Edu was promised to lead Simon's subsidiary, if he was able to establish a youth football club which they would sponsor, by recruiting young Papuan talents. Edu then met John, the coach who had just won a gold medal at the national football event. John responded pessimistically to Edu's plan, because his team had split up and returned to their respective lives. Edu realized that pessimism was the biggest challenge he had to face.",Drama,Ari Sihasale,https://image.tmdb.org/t/p/w500/rYHDD52FG80YGjvkIrkFwlqEr6X.jpg,,112,Released,"Alenia Pictures, Bhinneka Multi Media"
1283001,Ayo Balikan,Ayo Balikan,2024-05-23,2024,6.5,1,0.24,"Selatan reverts to his old ways of life, only needing three days to start dating again. Unbeknownst to him, all the women he dates share a common resemblance to Alma, his former lover. Until he hears the news of Alma's upcoming marriage, which compels him to become determined to win Alma's love back.","Komedi, Drama, Percintaan",Rizal Mantovani,https://image.tmdb.org/t/p/w500/tKxJaDIPnEpqvvBkuxrTzcN1dn8.jpg,https://image.tmdb.org/t/p/original/tpNV38JwzPtSucADtj80K1pzi9i.jpg,86,Released,MD Pictures
1211275,Bu Tejo Sowan Jakarta,Bu Tejo Sowan Jakarta,2024-01-18,2024,5.7,3,0.15,"Bu Tejo goes on a road trip to attend her son's engagement party in Jakarta, but she brings along her own hidden agenda.","Drama, Komedi",Andibachtiar Yusuf,https://image.tmdb.org/t/p/w500/oSQk1LpoHcTohJkGdlV83zXmIXH.jpg,https://image.tmdb.org/t/p/original/vlrrZMLOCZUWe0fTvIvUZ5Vjbvl.jpg,93,Released,"786 Production, Capo Dei Capi Films, RUMPI Entertainment, Clock Work Films"
1052886,Do You See What I See: Cerita Horor #64 - First Love,Do You See What I See: Cerita Horor #64 - First Love,2024-05-16,2024,7.0,22,0.98,"After Mawar falls for her very first boyfriend, her friends' joy turns into suspicion as they realize he may not be who he seems.","Drama, Kengerian, Cerita Seru",Awi Suryadi,https://image.tmdb.org/t/p/w500/mk9jICB3vhe6qa2SphMY38QUAfr.jpg,https://image.tmdb.org/t/p/original/io1nlClgWmbEHIWlqBDTAYACh8S.jpg,109,Released,"MD Pictures, Pichouse Films"
1230207,REWIND INDONESIA 2023,REWIND INDONESIA 2023,2024-01-12,2024,8.0,1,0.14,"REWIND INDONESIA, a celebration of the creativity of the younger generation which summarizes various phenomena and trends in the past year and is presented in a video containing stories with a common thread and a compilation of popular events at home and abroad presented by collaboration between content creators and figures across platforms.","Drama, Musik",Adi Victory,https://image.tmdb.org/t/p/w500/rUSEumh1ofHZN35nEmZ8VqDOdmK.jpg,https://image.tmdb.org/t/p/original/cMSlxXDm2QhhlqRal1beTIwO3IN.jpg,17,Released,"Indonesian Creators, TIM2ONE Production, IGNI Entertainment, Teater KataK"
1146575,Paku Tanah Jawa,Paku Tanah Jawa,2024-06-06,2024,2.1,4,0.5,"Since childhood, Ningrum has had to face the negative views of local residents, because her mother, Handini, was always rumored to have had many men as a condition for marriage. The death of a close friend of Handini's made his family even more cornered by residents. Ningrum's life becomes increasingly uneasy after the man she secretly loves, Jalu, is trapped as Handini's new victim. Ningrum has to fight many supernatural terrors. Ningrum got a clue and asked for help from a Kyai who gave him a powerful spear that could be used to destroy black magic on the face of the earth.",Kengerian,Bambang Drias,https://image.tmdb.org/t/p/w500/vde9dinWwNXPW7EkLvhCRc5DtaI.jpg,https://image.tmdb.org/t/p/original/4M9rsbj6AWb0eSOo0DljMMS4q7k.jpg,100,Released,"Loop Entertaiment, Armani Entertainment"
1274266,Taksu Bali: Leak Ugig,Taksu Bali: Leak Ugig,2024-05-28,2024,0.0,0,0.12,"Black magic was sent to the Galuh family (Galuh Bilen), the second wife of Ngurah (Ngurah Subakti). As a result, the story of 17 years ago was revealed. Sari (Astrid Ular), Ngurah's first wife, was divorced after all the sacrifices she made, including aborting her unborn child.","Kengerian, Misteri, Cerita Seru",Mimi Jegon,https://image.tmdb.org/t/p/w500/5EOkWQ3nv7YjH78g4Z5fbTJZPHl.jpg,https://image.tmdb.org/t/p/original/fcH6bT2D4B0ih7mW0TZL9YRdFNx.jpg,86,Released,Jegon Films
1384861,Jakarta dari Mata Seorang Pendosa,Jakarta dari Mata Seorang Pendosa,2024-11-08,2024,0.0,0,0.01,"Through fictional and non-fictional recordings, we witness small moments in the life of a teenager in Jakarta before their escape.",Drama,Kelvin Nathan Kuwantto,https://image.tmdb.org/t/p/w500/4p60JdCiTJN1ru9btFFXR3BEKrV.jpg,https://image.tmdb.org/t/p/original/AppRm1snOChENTTKn6TQWi33kas.jpg,3,Released,
1415481,Bernadya: Live from Tur Berjalan Bandung,Bernadya: Live from Tur Berjalan Bandung,2024-09-26,2024,0.0,0,0.01,"""Tur Berjalan"" is Bernadya's first tour, full of emotion and warmth. Live from IFI Bandung 🤍",Musik,Tidak Diketahui,https://image.tmdb.org/t/p/w500/9vJsv5IO2dIDGg16efn1NFfQvEW.jpg,https://image.tmdb.org/t/p/original/gTqQKAWEGTo9nYCZWFpZ8hC8RJL.jpg,58,Released,Juni Records
1281307,Lo Tau Jakarta Berisik!,Lo Tau Jakarta Berisik!,2024-02-01,2024,10.0,1,0.1,"Jeri believes he lives in a film as the main character, he believes his role is the saviour of his corrupt environment.",Drama,Aldy Juliand,https://image.tmdb.org/t/p/w500/pSfM1JQr5Pl4cRmDXjoxbVggHoz.jpg,https://image.tmdb.org/t/p/original/eZEE7w7D4BPPDvUypfTAo9zsxYd.jpg,24,Released,"Framionic, Kamikoma Pictures, ISBI Bandung"
1427281,Kembang Nu Ceurik dina Palaminan,Kembang Nu Ceurik dina Palaminan,2024-12-25,2024,9.0,1,0.0,"Zahra, gadis muda yang masih di bangku sekolah terpaksa menikah karena tekanan keluarga dan tradisi. ia merasa seperti bunga yang belum mekar sempurna, dipaksa untuk hidup dalam dunia orang dewasa yang tidak ia pahami. Tangisnya di pelaminan bukan hanya tentang kehilangan masa muda, tetapi juga tentang ketakutan akan masa depan yang penuh ketidakpastian.",Drama,Faisal Abdul Wahid,https://image.tmdb.org/t/p/w500/ccwROZs3tvRABGXcUS0HlMKvN2P.jpg,https://image.tmdb.org/t/p/original/nPyjtHb4c3UYsHZDOFupzQIoT9p.jpg,25,Released,sinema4kemarin
1427177,Aku Ingin Seperti Itu,Aku Ingin Seperti Itu,2024-11-11,2024,8.0,1,0.0,"Bercerita tentang seorang pemuda yang selalu memiliki cita-cita dan ingin menjadi siswa berprestasi. Namun, hal tersebut terhalang oleh dukungan orang tuanya yang tidak mendukung bakatnya.",Drama,Abraham Abdiel Arya Putra Yudianto,https://image.tmdb.org/t/p/w500/lMOZMBqPz8CZSaTG075TfFeQ4xR.jpg,,3,Released,"INIAJA FILMS (ID), One Multimedia Team, Abraham Abdiel Project"
1423303,Penjara Hati,Penjara Hati,2024-11-03,2024,0.0,0,0.0,"Ariel menyukai Adhira, di lain sisi Adhira juga sudah cukup lama mengagumi Ariel. Namun, di antara keduanya tidak ada yang berani untuk mengungkapkan perasaannya tersebut. Keduanya saling kebingungan dalam menyikapi perasaan satu sama lain. Keadaan seperti ini yang membuat hati mereka terpenjara.  Ketika Ariel sudah memberanikan dirinya untuk mengutarakan perasaannya, Adhira justru menerima hati dari orang lain. Kesal dan tak menerima kenyataan, Ariel mengurung diri di kamarnya sembari menyelesaikan sebuah lagu. Lagu yang mengungkap isi hatinya untuk Adhira.","Musik, Percintaan, Drama",Adi Febrianto,https://image.tmdb.org/t/p/w500/gHsrMHotuJUXF8UKVF0g5AiR57T.jpg,https://image.tmdb.org/t/p/original/4dkyfhY3S3XCUvmaz4r1lSZhDC9.jpg,14,Released,Ladang Imaji
1417994,Rebutan Maling,Rebutan Maling,2024-07-11,2024,0.0,0,0.0,"Dua polisi bertengkar satu sama lain demi mendapatkan maling, hanya satu dari mereka yang berhasil menangkap maling,yang akan dibayar","Aksi, Komedi",Nashwan Kafi,https://image.tmdb.org/t/p/w500/kh7bfZSXeR43IQP9Vzhx5rSuIPq.jpg,,2,Released,Watchtake
1416777,Maya,Maya,2024-07-12,2024,0.0,0,0.0,Seorang wanita bertemu dengan lelaki misterius di stasiun kereta lama,Misteri,Nashwan Kafi,https://image.tmdb.org/t/p/w500/atOS9gcr0baRZ1nMH1opcAfI7yp.jpg,,2,Released,Watchtake
1410429,Inggit,Inggit,2024-09-26,2024,0.0,0,0.0,Menceritakan seorang mahasiswa atau pelajar yang sebentar lagi akan menghadapi ujiannya tidak ada yang ganjal sampai dia bertemu seorang kakek yang ia tolong dan di hadiah kan sebuah kalung dari situ lah setiap kejanggalan dan kemalangan muncul tidak hentinya.,"Kengerian, Drama, Cerita Seru, Aksi",Bagas  Wiranata,https://image.tmdb.org/t/p/w500/bytBumOZqW9NKgpExpTmg16M7Mq.jpg,https://image.tmdb.org/t/p/original/8vqz9CdVzregMfMvZpWY9Qq2KGD.jpg,39,Released,Walther Production
1410171,Lintas Masa,Lintas Masa,2024-12-17,2024,0.0,0,0.01,Bercerita mengenai Hendri yang membayangkan masa lalu keluarganya hanya karena dirinya malas kuliah.,"Drama, Komedi",Nayaka Richards,https://image.tmdb.org/t/p/w500/z3FxNVmq5MdlhybBkXz9HqlqCmP.jpg,https://image.tmdb.org/t/p/original/qTdHHiulz6glnLrTF3sqTmYEXEn.jpg,4,Released,LowBet Films
1405377,HELL_V4.mp4,HELL_V4.mp4,2024-12-21,2024,0.0,0,0.0,"Nugra mendapati temannya bunuh diri secara tidak wajar, Lalu ia menemukan sebuah hal aneh di harddisk temannya yang berkaitan dengan kematiannya","Kengerian, Misteri",Jason Pratama,https://image.tmdb.org/t/p/w500/6jqZfxx5OEFER5VjT41G9dDhh9K.jpg,https://image.tmdb.org/t/p/original/tKZw71FAAsVhxwlQQhF9C2Jhdao.jpg,10,Released,HUHA Production
1402048,Dinding Khayalan,Dinding Khayalan,2024-12-13,2024,10.0,1,0.0,"Flora dan Fauzan, dua anak yatim piatu tanpa kampung halaman, berkelana bersama dalam pencarian untuk menemukan kampung mereka sendiri.","Drama, Percintaan",M. Rafif Azzachary,https://image.tmdb.org/t/p/w500/ofu8yArb1WgL6mQGBISyFbnzj0u.jpg,,15,Released,SOD Production
1398232,Disaat Lengah,Disaat Lengah,2024-11-11,2024,10.0,1,0.0,"Kisah seorang pemuda yang selalu ceroboh dan lalai hingga lupa waktu, karena asyik bermain game online, dan terjadilah sesuatu pada dirinya akibat kelalaian yang dilakukannya","Kengerian, Misteri",Abraham Abdiel Arya Putra Yudianto,https://image.tmdb.org/t/p/w500/wJgKcRY5h0Pn0hVhkGe0dIOOnR9.jpg,,1,Released,
1389327,LARAKSA,LARAKSA,2024-09-02,2024,0.0,0,0.0,"Menceritakan seorang anak laki-laki yang berjuang melawan kecanduan akibat rasa dari hisapan fantasi rokok ilegal, realita semakin tak terarah ketika benda fana tersebut mengalihkan dunianya.","Cerita Seru, Fantasi",Gilang Anugrah Ramadhan,https://image.tmdb.org/t/p/w500/lUljO06ctoEM33VEUdjRN6S0Acd.jpg,,5,Released,CINEMAYOW.id
1370741,We Need To Talk About Our Wound,We Need To Talk About Our Wound,2024-09-15,2024,0.0,0,0.0,"Gathan, Balqis, dan Naela dulunya adalah sahabat. Sayangnya, Naela meninggal dunia tanpa diketahui penyebabnya. Sejak saat itu, Gathan dan Balqis harus menjalani kehidupan normal sebagai pelajar sekolah menengah tanpa sahabat mereka.",Drama,Gathan Pradiptha,,,9,Released,
1385950,Konco-Konco Edan,Konco-Konco Edan,2024-12-05,2024,0.0,0,0.5,Belum terdapat sinopsis. Namun film ini dahulu berjudul Duit Express.,"Komedi, Petualangan, Kengerian",Ody C. Harahap,https://image.tmdb.org/t/p/w500/1UA10Y4sSBORgT70Nlhacwyoasy.jpg,https://image.tmdb.org/t/p/original/tQN4fWJ6I1yV0OzuLZOdlI30Iih.jpg,85,Released,MPS Pictures
1311561,Para Pencari Syaiton,Para Pencari Syaiton,2024-06-05,2024,0.0,0,0.01,"Empat orang mahasiswa membuat konten horror di kampus mereka saat tengah malam. Alih-alih ketemu hantu, malah mereka kena prank selama membuat konten.  Namun, mereka tidak menyadari hal yang lebih mengerikan sebenarnya sudah terjadi.  Full movie: https://www.vidio.com/watch/8243887-film-horror-komedi-para-pencari-syaiton","Komedi, Kengerian",Zaid Adiwidiya,https://image.tmdb.org/t/p/w500/2ewmHWNWAI4KmkgK8lelgulDLbQ.jpg,https://image.tmdb.org/t/p/original/2ZceKQoBlR3iy3BGBmX1Cpbi0PG.jpg,12,Released,Aura Acting Class
1311581,Saksi Bisu,Saksi Bisu,2024-07-27,2024,0.0,0,0.01,"Aria adalah seorang tuna rungu yang berprofesi sebagai pelukis.  Suatu hari Aria melukis Dewi yang juga tuna rungu sedang duduk di taman.  Tak lama Dewi diserang oleh seorang tak dikenal. Ternyata Dewi adalah seorang saksi peristiwa pembunuhan.  Dewi meminta Aria untuk menemaninya di hotel. Namun, naas Dewi tewas di hotel tersebut dan Aria menjadi tersangka pembunuhan Dewi.  Full movie: https://www.vidio.com/watch/8298728-film-thriller-saksi-bisu","Kejahatan, Misteri",Rama DeRanau,https://image.tmdb.org/t/p/w500/8QwyC4RelLTDRr6ZadBjnETT88Q.jpg,https://image.tmdb.org/t/p/original/iNRxLIcVH3LGkEmADHRS2jbtoBx.jpg,14,Released,"Infids, Aura Acting Class"
1311566,Warisan,Warisan,2024-06-10,2024,0.0,0,0.01,"Dita, Janice, Rafael dan Cindy malah menjadi bertengkar setelah mendapat warisan.  Dita sebagai anak tertua mendapat warisan berupa kotak rahasia.  Ada apa di dalam kotak tersebut?  Full movie: https://www.vidio.com/watch/8298738-film-drama-warisan",Drama,Tidak Diketahui,https://image.tmdb.org/t/p/w500/rYeRAbYVbJ8IGUSNYi8NRzSiJ4H.jpg,https://image.tmdb.org/t/p/original/vzX5IXS9fugDAVjhpJNUa74UBlS.jpg,7,Released,Cinema Darurat
1324328,Santunan,Santunan,2024-07-17,2024,0.0,0,0.01,"Seorang influencer yang mengundang anak yatim di acara ulang tahun anaknya dengan harapan mendapatkan citra yang baik, tetapi perbuatannya justru membuat anak yatim kesal dan sakit hati sehingga menimbulkan kerusuhan pada acara tersebut.",Komedi,Faris Amar Gymnastiar,https://image.tmdb.org/t/p/w500/ufbpMQA15YkjVF0W2io0xRq5ZDj.jpg,https://image.tmdb.org/t/p/original/r5SMJlAJhFxfkmZSU8zxwtAp0s1.jpg,15,Released,"Faculty Film & Television, Jakarta Institute of Art"
1339393,Kevin Vs Everybody,Kevin Vs Everybody,2024-08-24,2024,0.0,0,0.01,"Seorang anak laki-laki di sebuah keluarga harus bersaing dengan anggota  keluarganya untuk mendapatkan makanan terakhir di meja. Saat kondisi memanas,  ia masuk ke dunia imajinasinya yang penuh warna, tempat ia bertarung melawan  segala rintangan untuk meraih makanan itu, mengungkapkan keinginan terdalam  dan konflik batin yang tersembunyi.","Keluarga, Komedi, Drama",Tertius Ivan,https://image.tmdb.org/t/p/w500/pJsogjLalmLEus3O8yk6vsYc2K.jpg,https://image.tmdb.org/t/p/original/9nSqQFUOS0Ah6lRRDE5gWkjWGQu.jpg,12,Released,Capra Studios
1351625,Love & Lost,Love & Lost,2024-08-30,2024,0.0,0,0.0,"Arga yang merupakan seorang pria pekerja bengkel yang baru saja bekerja sebagai seorang karyawan di sebuah perusahaan. Hidup Arga yang awalnya baik-baik saja, berubah 180 derajat karena celaka yang menimpa istrinya, Nala.","Drama, Aksi",Vernando K'han S,https://image.tmdb.org/t/p/w500/vrf5MMmjRrdt24LdT8qf7oAyuDo.jpg,,11,Released,
1407324,Abang Pulang,Abang Pulang,2024-10-27,2024,0.0,0,0.0,"Bayu merupakan seorang mahasiswa yang merantau dari Jawa ke Jakarta. Bayu memiliki keinginan untuk menjadi seorang aktor dan mendapat kesempatan untuk berperan dalam sebuah karya film pendek untuk tugas akhir kakak tingkatnya di kampus. Namun, karya video yang harus Bayu perankan memiliki cerita budaya betawi yang disutradai oleh Bang Romli yang memiliki latar belakang budaya betawi yang kental. Bayu yang memiliki darah Jawa dan bahasa Jawa yang sudah melekat di dirinya, harus melakukan dialog dan beradegan seperti orang Betawi.","Drama, Komedi",Raya de Azzura,https://image.tmdb.org/t/p/w500/rexeF4Gt6d2JjQ55D6ArRXbfnKM.jpg,,12,Released,Kangoo Studios
1421556,Find a Way,Cari-Cari Cara,2024-03-02,2024,0.0,0,0.01,Seorang remaja bernama Nabil yang selalu gagal dalam urursan percintaannya dan selalu dibantu oleh kedua teman satu kosnya yang sering mencarikan solusi dengan cara-cara yang tidak biasa.,"Komedi, Percintaan, Misteri",Agil Satria Pamungkas,https://image.tmdb.org/t/p/w500/yXwVE4Q6miPBBENmUGhhozvvzgl.jpg,https://image.tmdb.org/t/p/original/nj8uQbdMMz0It2jyAm2X1mtylAz.jpg,29,Released,JustDKV1 Production
1427243,Balada Anak Desa,Balada Anak Desa,2024-08-01,2024,8.0,1,0.01,"Kusnadi seorang kepala desa yang mempertahankan tanah kelahiran-nya dari kelompok elit yang ingin membeli dan menggusur desa untuk dijadikan perumahan elit. karena kebijakan-nya yang tegas dan enggan memberi tanah itu, kusnadi dibunuh dan warga pun tidak bisa berbuat apa-apa, terusir dari rumah sendiri",,Faisal Abdul Wahid,https://image.tmdb.org/t/p/w500/7P2ypjkmWOq0D0OEtbYtXoGSkPy.jpg,https://image.tmdb.org/t/p/original/oQMXVMRi3CEoboyNiONrWw3h79T.jpg,11,Released,sinema4kemarin
1311551,Misteri Rumah Tua,Misteri Rumah Tua,2024-06-01,2024,0.0,0,0.02,"Dua bocah pengemis (Siti dan Akmal) berteduh di sebuah rumah seram yang terlihat tidak berpenghuni.  Namun, ternyata rumah tersebut dihuni oleh seorang kecil bernama Nemo.  Nemo mempersilahkan Siti dan Akmal untuk masuk ke dalam rumah. Tak hanya itu, Nemo mengajak mereka berdua makan.  Saat mereka makan, tiba-tiba muncul ibunya Nemo yang terlihat seperti mayat hidup.  Malam pun tiba. Nemo menyarankan mereka untuk menginap. Rumah Nemo memang terpencil.  Berbahaya untuk pulang malam-malam. Lalu kejadian menyeramkan mulai terjadi.  Full movie: https://www.vidio.com/watch/8180408-film-horror-misteri-rumah-tua","Kengerian, Misteri",Rama DeRanau,https://image.tmdb.org/t/p/w500/eWMddR7CoiIvjHm1BGU9mrl9Lxu.jpg,https://image.tmdb.org/t/p/original/zJiGHV4aXzDUcYvZ1K8Du19jIiK.jpg,13,Released,Aura Acting Class
1315375,Satu Hari Lagi,One More Day,2024-05-29,2024,0.0,0,0.01,"Melki yang memiliki hobi videografi ini diajak oleh teman sekelasnya yang bernama Michelle untuk membuat film dokumenter tentang dirinya. Yang mana membuat hubungan asmara antara Michelle dan Melki, hingga membuka alasan di balik motivasi Michelle dalam membuat film tersebut","Percintaan, Misteri",Dimas Raysandika,https://image.tmdb.org/t/p/w500/3vQX5damX3JhXh0AbJwXJd14ZB4.jpg,https://image.tmdb.org/t/p/original/b83mlfV8AUREngUKm9rwVzxOROK.jpg,16,Released,
1339052,Titip Pesan,Titip Pesan,2024-08-31,2024,9.0,1,0.01,"Majep (28), seorang pengemudi ojek online yang berjuang melawan rasa takutnya menyusuri jalan-jalan yang asing dan hutan demi mengantarkan pesanan dari seorang pelanggan misterius.",Drama,Hielmy Aditya Permana,https://image.tmdb.org/t/p/w500/66qN67CNq58vNAUTJJzN7Tg1vpy.jpg,https://image.tmdb.org/t/p/original/cNo6NEZiyepGJIdKyehRWgedRg3.jpg,16,Released,ByFilms - Production
1409661,The Silence Of The Scream,The Silence Of The Scream,2024-10-24,2024,0.0,0,0.01,Seorang politisi yang diculik oleh seseorang tanpa identitas yang mengoceh tentang aspirasinya kepada politisi tersebut.,"Drama, Kejahatan",Raihan Kinthoro,https://image.tmdb.org/t/p/w500/ygjWLo2gFrG1rxlO2oJGFmQbeFN.jpg,,4,Released,
1501622,KIRATA,KIRATA,2024-03-08,2024,10.0,1,0.01,"Bani, Hilmy, Rayhan, dan Gian merupakan sekelompok mahasiswa yang sedang melakukan riset ke hutan terlarang untuk tugas akhir mereka. Mereka datang ke sebuah desa yang terdapat hutan terlarang. Karena skeptis, mereka tidak mempercayai alasan dibalik hutan terlarang itu. Mereka berpegang teguh masuk ke dalamnya. Hingga mereka menemukan sebuah goa yang aneh dan barang - barang aneh disana.",Kengerian,Rizal Ridwan Firdaus,https://image.tmdb.org/t/p/w500/6LQ4aL6ErF3Nn8YIKYPvY9dFejq.jpg,https://image.tmdb.org/t/p/original/5HSBVaO4eeALwpaG1SByEXfZGcJ.jpg,0,Released,Pecundang Production
1305303,"Sepotong Senja, Dari Tuhan","Sepotong Senja, Dari Tuhan",2024-06-15,2024,0.0,0,0.01,"Lia adalah gadis kuliahan biasa yang mencoba mencari arti dari kebahagiaan. Mencintai pria bernama Fatur adalah kebahagiaan nya, namun tuhan tidak menyetujui nya.","Drama, Percintaan",Sandya Amanta,https://image.tmdb.org/t/p/w500/dl7afHgAF6VavCx2iHilb4kwohR.jpg,,7,Released,SineLust Society
1339881,Kakak Angkat,Kakak Angkat,2024-08-29,2024,0.0,0,0.01,"Setelah ayahnya menghilang entah kemana, Aya menyalahkan kakak angkatnya (Rani) yang menjadi sumber masalah tersebut.  Aya menganggap Rani pembawa sial. Sampai suatu hari terjadi hal yang membuat Aya trauma.",Drama,Rama DeRanau,https://image.tmdb.org/t/p/w500/tsnGUcsSGwwvdgIuINM8zwKJoT0.jpg,https://image.tmdb.org/t/p/original/wRQLp7t0VnPiY8rIualLXgxgrhJ.jpg,9,Released,Aura Acting Class
1409179,What's For Dinner?,What's For Dinner?,2024-11-18,2024,0.0,0,0.01,"Seorang Ibu dan anak yang sedang menikmati makan malam tanpa Ayah mereka, hal ini membuat sang anak murung, namun, sang Ibu memiliki kejutan untuk anaknya.","Kengerian, Cerita Seru",M. Hanif Athaillah,https://image.tmdb.org/t/p/w500/5eKqVsU7XPAs3zNEE4URdEczj2N.jpg,https://image.tmdb.org/t/p/original/4BjnBY4YvGMsco1SHwmXEh2tQE5.jpg,1,Released,Parung Media Art's
1241237,The title is Your Name,"Segala yang elok, adalah Engkau",2024-01-26,2024,0.0,0,0.13,"Pada lanskap pantai sore hari, setelah lama tidak bersua, Mayangsari dan Firman yang dahulu berpacaran, memutuskan bertemu kembali. Ketika Mayangsari hanya ingin menyatakan sesuatu, Firman justru menanyakan sesuatu. Namun, pertemuan tersebut malah meleburkan keduanya pada jarak, kenangan, serta impian-impian yang indah.",Drama,Shohipul Ma'ruf,https://image.tmdb.org/t/p/w500/qmLCSlC2hWm6xTLNVZLtTy2ad2z.jpg,https://image.tmdb.org/t/p/original/m8OeGr8dJE0pDJb6pmvHW8VoG5h.jpg,0,Released,Team Creative Multimedia
1258802,Happy Birthdie,Happy Birthdie,2024-01-28,2024,6.0,1,0.15,gadis malang yang mengalami kejadian mengerikan di hari ulang tahunnya yang seharus nya menjadi hari yang paling membahagiakan.,"Kengerian, Cerita Seru",Yuniar Diansyah Putra,https://image.tmdb.org/t/p/w500/iNDhW8pIXbi1mmoMF3KCmsZ2YNl.jpg,https://image.tmdb.org/t/p/original/n1SdjsSCBKufwmgjDDEzIZ18dSe.jpg,12,Released,"Nadamaker Cinema, Nstar Studio, Jupiters Seven"
1260169,Kamar Untuk Ibu,Kamar Untuk Ibu,2024-03-16,2024,9.0,1,0.12,"Diva berduka atas kematian ibu dan anaknya. Diva mempunyai rasa kasih sayang yang sangat tinggi terhadap keduanya, lalu dia membuatkan kamar khusus untuk mereka berdua. Namun apakah kasih sayang itu malah membuatnya tersiksa?","Kengerian, Drama",Yuniar Diansyah Putra,https://image.tmdb.org/t/p/w500/SfPv6sjhGBdli6gjogaTwIyKis.jpg,https://image.tmdb.org/t/p/original/6zVnOp5hUHHXOicIWVQwtisTVq1.jpg,19,Released,"Nadamaker Cinema, RB 13"
1419132,BUANG MAYAT,BUANG MAYAT,2024-12-24,2024,0.0,0,0.13,"Alva dan Akmal ingin membuang Mayat dari penagih hutang mereka, tapi Bingung harus buang dimana.",Komedi,Nazril Akmal,https://image.tmdb.org/t/p/w500/mMfKlc2WqQhypTTDXHNJv3xrDGp.jpg,,5,Released,"SINEAS ABSOLUT, LIMUS"
1259091,Penunggu Kotak Tua,Penunggu Kotak Tua,2024-02-25,2024,0.0,0,0.12,"Ubay menemukan kotak tua yang terkubur di halaman samping rumah nya, Lalu ia membuka bersama Firman Setelah Ubay membuka kotak itu dan memakai benda yang ada di kotak itu, Ubay terkena terror penunggu kotak tua itu.",Kengerian,Ibnu Tsaqiif,https://image.tmdb.org/t/p/w500/iHGYMIZbYKqt5BLrMEzzyfc8hjG.jpg,https://image.tmdb.org/t/p/original/uz2rSLVrGFpRJ64LZLbG6vTooJK.jpg,6,Released,"Moov Cinema, Genius Films, Jupiters Seven"
1295442,A Silent Symphony,A Silent Symphony,2024-05-27,2024,10.0,1,0.11,"Pria (35) mengalami rasa duka yang begitu dalam dan merasa bersalah dalam kecelakaan sepuluh tahun yang lalu yang mengakibatkan istrinya yang sedang mengandung meninggal. Di setiap harinya Pria menuangkan emosi lewat lukisan yang sering dia gunakan. Namun, suatu hari Pria kedatangan seorang anak kecil, anak tetangganya bernama Agam (10) yang tidak sengaja menabrak pagar rumah Pria. Dari pertemuannya dengan Agam tersebut, Pria akhirnya menemukan sesuatu yang belum pernah ia temui dalam hidupnya.",Drama,Kim Sendy,https://image.tmdb.org/t/p/w500/h9jEMJ8X6HbZ6tXeZYLWrYaT1ll.jpg,https://image.tmdb.org/t/p/original/uW7WkE2NIyJrVQm297r9MiN8Hdi.jpg,16,Released,"Cineline, ISBI Bandung"
1231134,8×8,8×8,2024-01-18,2024,7.0,1,0.13,Bagus (10) merasa kecewa saat ditinggal teman-temannya ketika bermain. Perasaan sedih berubah ketika ia bertemu dengan kepala desa yang mengajaknya untuk bermain catur.,Drama,Ananda Afta Firstiarko,https://image.tmdb.org/t/p/w500/rFOnk4FVsE7IOMIN6P5fYXL8Xjk.jpg,https://image.tmdb.org/t/p/original/fyyexcH8JLBLYCVkYGXtdz3kT75.jpg,15,Released,Pukul Empat Sore Films
1228868,Bos Kentut Bikin Hati Cenat Cenut,Bos Kentut Bikin Hati Cenat Cenut,2024-01-08,2024,0.0,0,0.09,Belum tersedia,"Percintaan, Drama, Film TV",Sony Gaokasak,https://image.tmdb.org/t/p/w500/brhPqFpjD3TkGD5yebFe0sA9ulZ.jpg,,78,Released,"Starvision Plus, Surya Citra Pictures"
1217643,Don(i) Juan,Don(i) Juan,2024-01-02,2024,0.0,0,0.09,"Doni seorang mahasiswa tampan nan flamboyan dituduh sebagai pelaku hilangnya Sarah (pacar Doni)  Setelah kejadian tersebut, muncul Alexa, mahasiswi baru nan cantik di kampus Doni. Insting Don Juan Doni pun terpancing. Hal tersebut membuat Sugi (Dosen Krimonologi) mengawasi hubungan Doni dan Alexa.  Benarkah Doni adalah pelaku hilangnya Sarah?  Full movie: https://karyakarsa.com/ramaderanau/doni-juan-indonesian-romance-thriller-short-film","Percintaan, Kejahatan",Rama DeRanau,https://image.tmdb.org/t/p/w500/cm1sCPoaP9bxqum8ClR7QgqWxQd.jpg,https://image.tmdb.org/t/p/original/msQ4b3694u6bZAwFtesDfD3yGrv.jpg,24,Released,
1256080,Menerobos Saham Bitcoin,Menerobos Saham Bitcoin,2024-02-07,2024,0.0,0,0.09,"Dua orang merencanakan untuk menerobos masuk ke dalam sistem saham bitcoin. Namun, seorang penjaga operator berencana untuk menjebak mereka berdua didalam sistem mata uang bitcoin tersebut.","Drama, Kejahatan",Kevin Navarro Cakrawangsa,https://image.tmdb.org/t/p/w500/9lmtQ7xyHoQLVe39PZ9F6IS2uQ2.jpg,,7,Released,"Xcool Folks, .Storycomp Films, ANGKAS Production"
1336389,Video Profil Sekolah SMA Jembatan Budaya 2024,Video Profil Sekolah SMA Jembatan Budaya 2024,2024-12-31,2024,0.0,0,0.23,Sebuah persembahan kolaborasi kreativitas siswa SMA Jembatan Budaya yang berfokus untuk mengenalkan dan mengeksplorasi berbagai macam kegiatan sekolah dan profil sekolah dalam bentuk video yang dihadirkan dengan atmosfer sinematik dan penceritaan visual.,"Drama, Musik",Kevin Navarro Cakrawangsa,https://image.tmdb.org/t/p/w500/gNfgbQDYV2qDtLBwUaD4NHxgmJb.jpg,https://image.tmdb.org/t/p/original/9KABSOvVCIr64mujmUwcQIFZmwD.jpg,22,Released,".Storycomp Films, SMA Jembatan Budaya"
1256090,Imajin[Asih],Imajin[Asih],2024-04-26,2024,0.0,0,0.08,"Setahun setelah perceraian kedua orang tuanya, Asih menemukan sebuah buku komik karangan-nya yang berisi tentang imajinasinya mengenai harapan keluarganya yang hidup sejahtera dan harmonis.",Drama,Kevin Navarro Cakrawangsa,https://image.tmdb.org/t/p/w500/fxyfqdF1lhtEt6dUhqwGgZGoriq.jpg,https://image.tmdb.org/t/p/original/ooqtR53WreB5wJhWZDtCr9I6ssI.jpg,22,Released,"Xcool Folks, .Storycomp Films"
1234080,SUARA : Kerinduan dari Kesalahan,VOICE : Longing From Mistake,2024-01-20,2024,10.0,1,0.1,Seorang anak laki-laki yang terus menerus menyalahkan dirinya karena kesalahan yang telah dibuat menurutnya.,Misteri,Afiy Ja'far,https://image.tmdb.org/t/p/w500/otb4gR7UaTUiEcN00Rul5jMPAtO.jpg,https://image.tmdb.org/t/p/original/lvfyakxCr0lJabucZDbdtnWii4z.jpg,2,Released,Moview films
1217232,Pulang Tak Harus Rumah,Pulang Tak Harus Rumah,2024-01-15,2024,5.5,1,0.05,Jeihan dititipkan oleh Ibunya di rumah Kakek bernama Puang Sinar di kampung halamannya yang jauh dari hiruk pikuk perkotaan. Jeihan pun memulai petualangan dan hidup baru yang tak pernah ia alami sebelumnya,"Drama, Komedi",Rusmin Nuryadin,https://image.tmdb.org/t/p/w500/zje2Jri9RZV01n9FZ4XaHp8n252.jpg,,80,Released,DL Entertainment
1250638,Gondrongisme,Gondrongisme,2024-01-17,2024,0.0,0,0.08,"Sebuah gerakan kriminalisasi terhadap rambut gondrong di zaman orde baru melahirkan berbagai citra buruk yang melekat pada orang gondrong hingga saat ini. Namun, kriminalisasi tersebut memiliki latarbelakang yang lebih dalam dari sekedar permasalahan gaya rambut, dan berkaitan erat dengan kepemimpinan di masa itu yang bersifat otoritatif.",Dokumenter,kisya Miryam,https://image.tmdb.org/t/p/w500/vkqZuqrATbD1LTOgBO196UgHy4r.jpg,https://image.tmdb.org/t/p/original/pYP28P9vdgNGme23BCd6bQsD5oy.jpg,12,Released,Kuning production
1257419,Toxic Masculinity,Toxic Masculinity,2024-03-07,2024,0.0,0,0.08,"Sri adalah seorang pemudi pemberani dan resah dengan isu kesetaraan gender.  Suatu hari, Sri menyelematkan Ivan yang merupakan adik dari Alex, seorang mafia.  Sri pun dipertemukan dengan Alex. Pertemuan itu menguak sebuah masa lalu kelam yang tak pernah terpikirkan oleh Sri.  Full movie: https://www.vidio.com/watch/8301737-official-selection-cim-sueca-2024-toxic-masculinty-full-movie","Komedi, Kejahatan",Rama DeRanau,https://image.tmdb.org/t/p/w500/iMNXtcCtG2C1ChzlRVDms2pvBMR.jpg,https://image.tmdb.org/t/p/original/rs5s8VsfrVj1sDMGC9A2pkpjljZ.jpg,22,Released,Aura Acting Class
1293217,Malam Keramat,Malam Keramat,2024-09-12,2024,2.0,1,0.13,Perjuangan seorang ibu muda hamil mempertahankan bayinya dari kekuatan roh jahat dan teror mengerikan.,"Kengerian, Misteri, Cerita Seru",Helfi C.H. Kardit,https://image.tmdb.org/t/p/w500/n0dqxC1dICcpEp81UBdHxFFEpfB.jpg,https://image.tmdb.org/t/p/original/aVFB9d5Q5HNONhuwgQXxzuaCltd.jpg,90,Released,Helroad Films
1293467,Pengorbanan,The SACRIFICE,2024-05-07,2024,0.0,0,0.08,Short Movie about kenapa smansel?,Misteri,Tanra,https://image.tmdb.org/t/p/w500/tdzIHZCGUMjZVXnLqGnXn6AB1Vs.jpg,https://image.tmdb.org/t/p/original/pXMCD7iaBT7FwfrxIwL6FsQ2F0r.jpg,15,Released,Kelompok 8
1293256,Retakan Kaca Dirumahku,Retakan Kaca Dirumahku,2024-05-31,2024,10.0,1,0.05,"Retakan Kaca Di Rumahku menceritakan seorang mahasiswa yang menuntut ilmu di perantauan, akan tetapi mahasiswa tersebut terpengaruh dengan hal-hal buruk oleh temannya yang ada di perantauan dan mengabaikan nasehat dari ibunya.",,Irfani Zhang,https://image.tmdb.org/t/p/w500/vlXuU10pDonBOFEEQQGf3351zOD.jpg,https://image.tmdb.org/t/p/original/48YtKMVhfQTaUKbr6KgjQ9Zvn4L.jpg,10,Released,RENTAKE BASEKAM
1293913,Journey Through Time by Roftwe Films,Journey Through Time by Roftwe Films,2024-06-01,2024,0.0,0,0.07,Menceritakan tentang adanya kotak rahasia yang membuat geger satu sekolah,"Misteri, Cerita Seru",Tya,https://image.tmdb.org/t/p/w500/b82OTaPZjhBKydCkYgSZGxr4imd.jpg,https://image.tmdb.org/t/p/original/bv1PvoVKRGeaOgOArp25phrFh5t.jpg,20,Released,
1234095,GARA-GARA PAKET,GARA-GARA PAKET,2024-03-13,2024,0.0,0,0.08,2 pemuda yang menempati kos baru mendapati teman kamar baru yang aneh,Komedi,Afiy Ja'far,https://image.tmdb.org/t/p/w500/gPXp2Qzlt0hJzSkru21QupU2dyG.jpg,https://image.tmdb.org/t/p/original/2ZA53Zw3tZYZ5cEm1QZrZtdBb0T.jpg,10,Released,"Moview films, Studio Kotak Rasa"
1401035,The Making Of Manse School Tour Group Two,The Making Of Manse School Tour Group Two,2024-12-12,2024,0.0,0,0.06,Behind the scene atau Rekaman dibalik layar pembuatan video tur sekolah MAN 11 JAKARTA. Berisikan tentang cerita-cerita proses rekaman dan juga kesan pesan terhadap pembuatan video tur sekolah.,Dokumenter,Faizul Dunham,https://image.tmdb.org/t/p/w500/d7FItmkBOtEHA7Zea9xchTDYzUX.jpg,https://image.tmdb.org/t/p/original/u0eCENa0Z5ireklD1Hr3KnOX19T.jpg,4,Released,"Group Two Production, Tomsyel Pictures"
1231853,Lucid Love,Lucid Love,2024-01-16,2024,8.2,4,0.05,Juno dan Trish yang sama-sama mengalami patah hati mencoba untuk melarikan diri dari dunia nyata dengan memasuki lucid dream.,"Drama, Percintaan, Fantasi",Tanzilal Azizie,https://image.tmdb.org/t/p/w500/3enOzx9vvtb2RVFTg6LZJiHqgYe.jpg,https://image.tmdb.org/t/p/original/jpj9JjaLiiV07jkRClPJ9l9vnOB.jpg,70,Released,Degradians Studio
1283007,Cinta dan Nego,Cinta dan Nego,2024-03-13,2024,0.0,0,0.05,"Nia dan Rangga diam-diam sama-sama menyukai teman kelasnya, Rangga",Komedi,Ahdza May,https://image.tmdb.org/t/p/w500/kUYjr75iHBnPCkBvxFTMWlrJXIk.jpg,,0,Released,AGESA Productions
1108251,Jangan banyak bercanda,Jangan banyak bercanda,2024-06-25,2024,0.0,0,0.07,Film pendek ini bersetting pada masa virus covid. Bercerita tentang anak muda yang ingin terus memperjuangkan impiannya.,Drama,Hendi Aja,https://image.tmdb.org/t/p/w500/1rqAudMoxsPffDwcu2c6JHk9LKC.jpg,,8,Released,
1437519,Tanpo Dunung,Tanpo Dunung,2024-05-25,2024,0.0,0,0.06,"Rani ingin tahu di mana ayahnya berada. Ia selalu bertanya kepada ibunya, tetapi ibunya tidak menjawab apa yang ditanyakannya. Saat Rani berusia 17 tahun, ia merasa berhak untuk mengenal ayahnya. Namun yang terjadi hanyalah pertengkaran antara ibu dan anak.","Cerita Fiksi, Drama, Keluarga",Bagus Satrio Pamungkas Endi Syahputra,https://image.tmdb.org/t/p/w500/etp94HOzO6o9L5qrHpRKpoqKjOT.jpg,https://image.tmdb.org/t/p/original/14c3rP4WiTg3WuMCyXHCoIoTANo.jpg,8,Released,OtoFilSeven
1306096,Noda-Noda Seragam,Noda-Noda Seragam,2024-06-12,2024,0.0,0,0.05,"Setelah kabur dari perkelahian, Alvin (15) seorang remaja korban bullying harus menyembunyikan noda darah di seragam SMA-nya dari Ana (40), seorang ibu single parent yang overprotektif. Sesampainya di rumah, Ana merasa janggal dan ketukan pintu misterius membuat Alvin menyadari sesuatu tentang keluarganya.",Keluarga,Duifadia Dissa,https://image.tmdb.org/t/p/w500/i8FAvCuojhQTZR5rQ61IXuzDDw6.jpg,https://image.tmdb.org/t/p/original/zQbb9wX7CMfgJUmQS07xznaq5cO.jpg,18,Released,Pergi Sore Films
1402496,Recorder,Recorder,2024-12-16,2024,10.0,1,0.05,"Indra, seorang detektif muda yang sedang menyelidiki kasus bunuh diri menemukan sesuatu yang janggal dari sebuah rekaman suara pada recorder yang menuntunnya kepada hal yang tidak biasa.","Kejahatan, Misteri, Cerita Seru",Yustus Setiawan,https://image.tmdb.org/t/p/w500/k2hys3gAvj8wiir3p5ofGC9J9li.jpg,https://image.tmdb.org/t/p/original/zpU2Jhuo6YalGiePhAPwLTOt061.jpg,7,Released,HURA Production
1523764,Misi Kejutan,Misi Kejutan,2024-10-01,2024,0.0,0,0.06,"Dihari ulang tahunnya, Sakra (10) kecewa karena tidak ada yang mengingat hari spesialnya. Padahal, ia sudah dijanjikan mobil remote oleh orang tuanya. Ia pun mengambil uang orang tuanya di lemari untuk membeli mobil remote. Akan tetapi, orang tua yang tau perbuatannya memberikan pelajaran berharga dari aksinya tersebut.","Komedi, Keluarga, Drama",M. Raihan Rizki Putra,https://image.tmdb.org/t/p/w500/gOC2hoBYSoX5YLeV1uN0c2OljN1.jpg,https://image.tmdb.org/t/p/original/rKx5nJkiNi2dTESlg9MHrL57U5h.jpg,7,Released,AVISTUDIO
1257412,Staycation,Staycation,2024-03-11,2024,0.0,0,0.04,"Kejahatan masa lalu sang taipan (Tommy Dewa) tiba-tiba viral di sosmed.  Tak lama berselang, Adel (putri tunggal Tommy Dewa) pun diculik saat sedang liburan bersama pacarnya (Anton)  Apa yang sedang terjadi? Benarkah Tommy Dewa dahulu adalah pembunuh berdarah dingin?  Apakah penculik tersebut adalah orang-orang yang dendam dengan Tommy Dewa?  Full movie: https://www.vidio.com/watch/8166137-staycation-cut-version-indonesian-retro-b-movie","Komedi, Percintaan, Kejahatan",Rama DeRanau,https://image.tmdb.org/t/p/w500/3Tn5scbJGInJtt4VdExJ7xGoN2e.jpg,https://image.tmdb.org/t/p/original/c9IMZDqKN2F1PwnhSHh3yFL0QQM.jpg,23,Released,Aura Acting Class
1261434,Buku Terkutuk,Buku Terkutuk,2024-03-29,2024,0.0,0,0.05,Seorang gadis bernama Rosela yang tiba-tiba mempunyai kekuatan supranatural misterius yang membuat kakaknya terganggu oleh sesosok menakutkan.,Kengerian,Tama Pramudya,https://image.tmdb.org/t/p/w500/4BDedJIaF6nvBNJ84n71ZHjKPzz.jpg,https://image.tmdb.org/t/p/original/iEVfApL2BzeqaceX6FjNGYSdJLX.jpg,5,Released,"TMAX Houze, Jupiters Seven"
1361856,Priok Nasi,Priok Nasi,2024-09-24,2024,10.0,1,0.09,"Priok Nasi menceritakan sebuah keluarga nelayan yang keseharian mencari makan di laut, yang memutuskan ingin pergi ke laut pada saat musim sedang tidak baik-baik saja dan banyak bahaya yang menghantui pikiran anaknya selama sang bapak berada di lautan untuk mencari sesuap nasi.",,Indra Sukmana,https://image.tmdb.org/t/p/w500/qqRmRLNEucOcEEZi2z1JdTTuiDw.jpg,https://image.tmdb.org/t/p/original/5nlgPZJz5qKLzjRoNjb62sDOmKl.jpg,10,Released,
1220387,Rahasia Sebelum Kematian,Rahasia Sebelum Kematian,2024-01-02,2024,0.0,0,0.04,"Delapan orang di dalam sebuah ruangan berdebat untuk tetap bertahan di dalam atau keluar dengan resiko kematian.  Sebelum menghadapi kematian di luar ruangan tersebut mereka menceritakan rahasia masing-masing.  Full movie: https://karyakarsa.com/ramaderanau/film-fantasi-rahasia-sebelum-kematian",Fantasi,Rama DeRanau,https://image.tmdb.org/t/p/w500/qPpzlAvkZBgdZUS7acTUeM1rQDX.jpg,https://image.tmdb.org/t/p/original/eimqeaJvTEOVZu1M3gTyymFinkY.jpg,12,Released,Aura Acting Class
1362094,Followers,Followers,2024-10-24,2024,9.0,1,0.02,"Nia (27), seorang influencer yang bermimpi memiliki ribuan pengikut di media social sedang melakukan live streaming kunjungannya ke tempat hidden gem di Jakarta, seketika takut ketika mengetahui dirinya sedang diikuti oleh penggemarnya di dunia nyata. Namun ternyata hal itu membawanya kepada ketercapaian impiannya, dan membuatnya memikirkan kembali konten yang bisa menghantarkannya kepada popularitas.",Cerita Seru,Kevin Rahardjo,https://image.tmdb.org/t/p/w500/bsGA8BUn6P9ix6OO4ZAo9t1KWvK.jpg,,19,Released,89 Films
1407503,Sadrah Poem Of Blood,Sadrah Poem Of Blood,2024-12-15,2024,10.0,1,0.11,"Sepasang suami istri, Salwa dan Dadang, telah lama mendambakan kehadiran seorang anak. Meskipun penghasilan mereka pas-pasan dan privasi mereka terbatas, mereka tetap bertekad untuk berusaha. Mereka telah mencoba berbagai strategi, termasuk meminta nasihat dari dukun online. Namun, ketika mereka mencoba menerapkan strategi terbaru mereka, mereka menemui kendala yang tak terduga.",Drama,Bandera,https://image.tmdb.org/t/p/w500/caTFbBdz5Og5Ie6g0Y9oZXy6Exp.jpg,https://image.tmdb.org/t/p/original/fJxJMNAedLrtizLZC3C1TakK6TF.jpg,17,Released,Studio Kotak Rasa
1290884,Days Together,Days Together,2024-05-04,2024,0.0,0,0.03,"Hari pertama sebagai mahasiswa adalah waktu yang paling di nanti-nantikan. Salah satunya Arya. Arya menyimpan banyak angan-angan menyenangkan tentang dunia perkuliahan. Namun, semua berjalan sebaliknya. Berbagai rintangan dihadapi oleh Arya, pukulan dan hantaman ia rasakan setiap hari dari senior yang tidak punya hati. Dengan tekanan dan rasa sakit, Arya berpikir untuk keluar dari zona perpeloncoan yang ia rasakan.",Drama,Muhammad Husain Fadhullah,https://image.tmdb.org/t/p/w500/igAdVSPXfWQYxOCQ8jEuPcs343m.jpg,https://image.tmdb.org/t/p/original/2yvAR8RuSqM3P0mxY4ueBwmpwC1.jpg,12,Released,
1430776,Lovebirds: Ai愛,Lovebirds: Ai愛,2024-05-20,2024,10.0,1,0.03,"Sky dan VI-990 adalah dua produk humanoid AI buatan Ai Tech, salah satu perusahaan AI terbesar yang sedang diteliti sebab tragedi ""The Blast"" yang mengakibatkan sistem operasi mereka terganggu. Mereka berusaha meneliti tentang hal besar apa yang terjadi di antara Sky dan VI-990.","Percintaan, Cerita Fiksi",Muhammad Abyndra,https://image.tmdb.org/t/p/w500/zix2kWCfwbuIzlLNGkAi3hfoDc5.jpg,https://image.tmdb.org/t/p/original/sJGGwn1HrHXMEcz8R4LLsxWIpeS.jpg,9,Released,W/ Their Gratitude
1354828,The Fish That Lives in Water,The Fish That Lives in Water,2024-08-25,2024,0.0,0,0.01,"Menjelang peringatan hari kematian Ayahnya, seorang laki-laki yang putus asa ingin memberikan sedikit manfaat di tengah konflik keluarga sebelum akhirnya la pergi meninggalkan semuanya.",Drama,Agung Jarkasih,https://image.tmdb.org/t/p/w500/jZm2ye96gocZXRuXprtSVYskNqO.jpg,,30,Released,Bale Films
1375298,My Half Plate is Yours,My Half Plate is Yours,2024-10-01,2024,0.0,0,0.01,"Galuh adalah mahasiswi perantau semester satu asal sumatera barat, ini pengalaman pertamanya makan di restoran padang di Yogyakarta . Dia merasa asing sekaligus akrab dengan tempat itu. Tak lama kemudian, ia bertemu dengan Zulkarnaen, dari situlah mereka saling berbagi cerita",Drama,Galih Pramudito,https://image.tmdb.org/t/p/w500/gstCQJa9b4mUoaDA0aci7i3l1Nz.jpg,,24,Released,JAVANIAFILMS INDONESIA
1418386,Nyla,Nyla,2024-12-05,2024,8.0,1,0.02,"Berkisah tentang Nyla, gadis penenun asal Sumba yang mengejar mimpinya untuk menjadi pemain sepak bola profesional. Perjalanan Nyla tidaklah mudah, ia harus berlari dari benang ke lapangan, dari tradisi ke ambisi. Tapi dengan akar yang kuat dan keberanian dalam melangkah, Nyla percaya bahwa mimpinya adalah harapan bagi banyak perempuan muda lainnya.","Drama, Animasi",Sigit Hermawan,https://image.tmdb.org/t/p/w500/knyEyMNpLC9PHnUNWw8175ySJsD.jpg,https://image.tmdb.org/t/p/original/gNQ5pzI51yRmN6fRm8t20u6VWzA.jpg,17,Released,"SMK Raden Umar Said Kudus, RUS Animation Studio"
1407319,Lost Boy,Lost Boy,2024-09-12,2024,7.0,1,0.04,"Setelah kehilangan pekerjaan saat pandemi, Gilang anak 18 tahun terus berusaha bertahan di kehidupannya yang penuh kesendirian. Krisis hidup, trauma atas pekerjaan, dan kehilangan orang - orang terdekat memaksa Gilang untuk berdamai dengan dirinya. Sampai akhirnya Gilang berani mencari pekerjaan kembali, namun yang didapat hanyalah rasa trauma yang membuat dirinya semakin depresi.",Drama,Rafi Eka,https://image.tmdb.org/t/p/w500/h6YPe6Aw2EYYwSkmrp9GcGtSvmt.jpg,https://image.tmdb.org/t/p/original/KKd0jbyZSswfPzuSVUO1qJmV8g.jpg,29,Released,Kangoo Studios
1436632,Pejuang,Atirath,2024-10-05,2024,0.0,0,0.03,"Film ini menggambarkan perjuangan seseorang yang kehilangan arah, karena banyaknya pilihan di depan matanya. Ia mencoba mencari jawaban atas apa yang dilihatnya di depannya, tetapi ia selalu ditarik oleh tali yang mengikatnya. Orang tersebut merasa bingung, takut, tertekan, semua bercampur aduk hingga membuatnya hampir menyerah.",Cerita Fiksi,Maulana Latif Hanafi,https://image.tmdb.org/t/p/w500/e0EW2FYKMkK8anwfHdGMBYP9wIz.jpg,https://image.tmdb.org/t/p/original/mF3KAQz9mm5xcUETqtF70o7yynn.jpg,3,Released,OtoFilSeven
1405470,Folklore,Folklore,2024-11-21,2024,0.0,0,0.01,Seorang Penulis Skenario dan Sutradara muda sedang membaca bersama skenario yang akan mereka filmkan. Mereka sepakat untuk mengangkat cerita tentang sifat perilaku manusia namun lupa bahwa mereka juga manusia.,Drama,Faishol Rikza,https://image.tmdb.org/t/p/w500/EK9fBX2CeIUdArTzz8xXWuF7EL.jpg,https://image.tmdb.org/t/p/original/1V13btw7YhHlYRyZgTQTpZhmFq5.jpg,10,Released,Cineframe
1395549,Tak Pernah Mati,Tak Pernah Mati,2024-10-24,2024,10.0,2,0.02,seorang Ibu yang mengenang kejadian  bersama anaknya yang menghilang karena diculik,Drama,Muhammad Daiyan Al Rasyad,https://image.tmdb.org/t/p/w500/yeQK3hmFuzL4lORyTe3rfy3HPlr.jpg,https://image.tmdb.org/t/p/original/d9GQOgpz8piltmA3MzaMm3wsCQR.jpg,2,Released,
1417545,ROKOK,ROKOK,2024-03-28,2024,0.0,0,0.02,"ROKOK - FILM PENDEK  Film pendek berdurasi 4 menit tentang seorang pemuda yang kecanduan merokok, menghabiskan semua uangnya hingga menghadapi masalah kesehatan seperti batuk terus-menerus dan sayangnya, menemui ajalnya.","Drama, Kengerian",Rd Panca Juliansyah Putra,https://image.tmdb.org/t/p/w500/6TFBMqVZeD0249jqkL5CEZSf4tQ.jpg,,4,Released,Million mind production
1399536,Berhenti Berjalan,Berhenti Berjalan,2024-12-11,2024,10.0,1,0.01,"Adriel, seorang ayah yang berusaha menyampaikan kebenaran dibalik keberadaan istrinya kepada anak perempuannya.","Drama, Keluarga",Mahesa Dinar Violinando Budiarto,https://image.tmdb.org/t/p/w500/l4HzTNroC7oGAWzSDqF05QRHkOx.jpg,https://image.tmdb.org/t/p/original/aGeViVPDkcsDvo4RtFv2yTl0Eqh.jpg,8,Released,Alterslate
1304904,Saru Latar Biru,Saru Latar Biru,2024-12-01,2024,0.0,0,0.02,Seorang remaja yang mencari orang tua nya di kota berakhir terdampar dihalte pinggir kota.,"Drama, Keluarga",Ayyub Basya,https://image.tmdb.org/t/p/w500/1KbzoiiVpiThqTi9XfDV8Cx1SMR.jpg,https://image.tmdb.org/t/p/original/h6I6060eB8t7Nl94XweCOmxcUyZ.jpg,7,Released,"Pesimu Pictures, Ayyub Basya Studio"
1303233,Mungkin Esok Lusa Atau Nanti,Mungkin Esok Lusa Atau Nanti,2024-07-11,2024,6.0,1,0.28,"Bermimpi memiliki masa depan indah dengan orang terkasih memang tidak salah, namun pada nyatanya memang tak seindah harapannya. Bagaimana kisah kasih Raditya, Kemuning dan Dewo? Apakah mereka bisa mewujudkan mimpinya? Atau terjebak dalam penantian panjang dan perlahan hancur?",Drama,Iwan Kurniawan,https://image.tmdb.org/t/p/w500/rP8tQuiLF7t2DcYUYl7zjm6lS0o.jpg,https://image.tmdb.org/t/p/original/zUpcEQZcPyLajdpgrDRlGIWkTGV.jpg,117,Released,Kolam Ikan Pictures
1230538,Legacy,Warisan,2024-01-18,2024,9.0,1,0.25,"Dalam rumah penuh duka setelah kematian sang Ibu, Hati Arianti mengganjal sesuatu, berupa tanggung jawab menjaga Bapak yang dibebankan kepadanya dan Satria. Arianti yang sudah lelah menjaga Bapak sedangkan Satria yang selalu berada diluar rumah membuat mereka mengobrol panjang setelah tahlilan. Lewat obrolan satu malam, mencoba berdiskusi atas perasaan dan ambisi. Sehingga terjadi perselisihan diantara mereka. Arianti yang ingin melanjutkan pendidikannya dan Satria yang ingin melanjutkan pekerjaannya, yang mengharuskan mereka terpaksa meninggalkan Bapak. Lalu bagaimana cara Arianti dan Satria memikul tanggung jawab yang telah mereka emban?","Drama, Keluarga",Richard Natan Oktavianus,https://image.tmdb.org/t/p/w500/eC7gnMeROXK4tVNZPP6r9CvTYB1.jpg,https://image.tmdb.org/t/p/original/7rIiPdL2FxdWpkHwcTugroNEQXN.jpg,15,Released,Rumah Plato
1151949,The Shadow Strays,The Shadow Strays,2024-09-10,2024,7.2,267,4.53,Si pembunuh belia yang terampil menentang mentornya demi menyelamatkan bocah lelaki dari sindikat kejahatan kejam. Ia akan menghancurkan siapa pun yang menghalanginya.,"Aksi, Kejahatan, Cerita Seru",Timo Tjahjanto,https://image.tmdb.org/t/p/w500/pwD9rQJimSaRuYoYdgwgacrNCOY.jpg,https://image.tmdb.org/t/p/original/3R96c2rQp6Jt1xQYX4LYdY6ETdS.jpg,145,Released,"Frontier Pictures, XYZ Films"
1246992,Kuyang: Sekutu Iblis Yang Selalu Mengintai,Kuyang: Sekutu Iblis Yang Selalu Mengintai,2024-03-07,2024,5.7,15,0.7,"Bimo harus segera mengambil keputusan untuk mengubah nasibnya di Desa Muara Tapah atau ia akan menyesal seumur hidup. Kini, ia harus menghadapi kenyataan, sesosok makhluk yang bersekutu dengan iblis tengah mengincar istri dan calon anaknya. Banyak penyesalan yang menumpuk di hatinya. Ia pun tak bisa lagi memutuskan siapa yang layak dipercaya. Pak Kasno dan Pak Tingen, teman-teman gurunya? Pak Kepala Desa dan istrinya? Atau bidan yang selama ini membantu istrinya?","Kengerian, Drama, Cerita Seru",Yongki Ongestu,https://image.tmdb.org/t/p/w500/mAMfS79U9tJOtEIJVaxiWlHQ8u8.jpg,https://image.tmdb.org/t/p/original/tXTkGVVekp5B4VsCDH2Wn3o5jZr.jpg,98,Released,Aenigma Pictures
1126357,Kabut Berduri,Kabut Berduri,2024-07-31,2024,6.3,65,0.85,Seorang detektif kota besar menyelidiki serangkaian pembunuhan mengerikan di sepanjang perbatasan Indonesia-Malaysia—memaksanya menghadapi hantu-hantu masa lalunya.,"Cerita Seru, Kejahatan, Misteri, Drama",Edwin,https://image.tmdb.org/t/p/w500/jS7bzVw3u7ydK0o5WwH9qIH2V8K.jpg,https://image.tmdb.org/t/p/original/yG6jTXH4HObQIi9ghFoo9eLt4k4.jpg,112,Released,Palari Films
1440533,First Step,First Step,2024-08-25,2024,8.0,1,0.16,"""First Step"" mengisahkan perjalanan seorang siswa pemalu bernama Aldi, yang diam-diam memiliki bakat menggambar tetapi meragukan dirinya sendiri. Ketika sekolah mengadakan lomba menggambar, ia dihadapkan pada ketidakpercayaan diri dan kurangnya dukungan dari keluarganya. Dengan bimbingan guru seni dan guru BK yang penuh perhatian, Aldi berusaha melawan rasa takutnya dan membuktikan bahwa ia mampu. Film ini menggambarkan perjalanan emosional seorang anak dalam menemukan keberanian, percaya diri, dan arti dari langkah pertama menuju impian.",Drama,Marshel Prass,https://image.tmdb.org/t/p/w500/dni4hwATxREDgvdfawhrnfI4oDC.jpg,https://image.tmdb.org/t/p/original/gdCdKozNpJ7n7V0uYMpHkc1cJM6.jpg,10,Released,
1259935,PENCOERIAN BALIK!,PENCOERIAN BALIK!,2024-07-13,2024,0.0,0,0.21,"Tiga orang pelajar SMA, Saras ""The Mastermind"", Cale ""The Influence"" dan Malaka ""The Hack & Driver"" merencanakan pencurian balik setelah menemukan artefak dalam video tugasnya di sebuah rumah tua Belanda. Dengan intrik dan rintangan yang tak terduga, mereka harus menghadapi tantangan yang menguji keberanian dan kecerdasan mereka.","Aksi, Petualangan, Sejarah",Gilang Anugrah Ramadhan,https://image.tmdb.org/t/p/w500/k7N9jzlOK8Scz5S9VS2THtdF2e4.jpg,https://image.tmdb.org/t/p/original/2XGhoHdN5g3rqngdmWfTcROkRtY.jpg,15,Released,"CINEMAYOW.id, PT MIN GLOBAL INDO"
1267366,How to Survive a Marriage?,Catatan Harian Menantu Sinting,2024-07-18,2024,7.2,2,0.66,"Aku Minar. Ini cerita cintaku dan Sahat (dan Mamak Mertua).  Ditambah latar belakang keluarga besar Batak yang penuh drama. Seru. Ngeselin. Gemesin. Bikin pengen nyakar aspal.  Aku dan Mama Mertua punya kepercayaan berbeda, tentang cinta. Buatku cinta adalah quality time dan komunikasi. Sedangkan buat Mamak Mertua ,cinta adalah kehadiran anak laki-laki di tengah pernikahan sebagai penerus marga.","Komedi, Drama",Sunil Soraya,https://image.tmdb.org/t/p/w500/toEX8onpu6pfGpLeptUEYrAaRxy.jpg,https://image.tmdb.org/t/p/original/mL6CyO4CDeNq6qvwTJhOEdSMeHk.jpg,122,Released,Soraya Intercine Films
1263992,Sakaratul Maut,Sakaratul Maut,2024-08-01,2024,7.0,1,0.57,"Pak Wiryo dan istri pertamanya mengalami kecelakaan maut. Istrinya tewas di tempat, sedangkan Pak Wiryo jatuh koma dan sulit meregang nyawa karena punya ‘pegangan’. Saat Pak Wiryo menghadapi sakaratul maut, anak-anaknya dari istri pertama dan istri kedua malah sibuk berebut harta warisan. Bersamaan dengan konflik itu, rentetan teror menyerang anak-anak Pak Wiryo. Satu per satu dari mereka diteror Jin mengerikan yang bersemayam di tubuh Bapaknya.","Kengerian, Cerita Seru",Sidharta Tata,https://image.tmdb.org/t/p/w500/evTO0vxxGo4kLkZ7aLFAW3Lnr4X.jpg,https://image.tmdb.org/t/p/original/mm2fEHN7noGAjjCdP317X9u4tDK.jpg,107,Released,"Rapi Films, Legacy Pictures, Rhaya Flicks, Sky Media"
1260594,Sumala,Sumala,2024-09-26,2024,7.4,29,1.99,"Tanpa sepengetahuan Soedjiman suaminya, Sulastri melakukan perjanjian dengan iblis supaya ia bisa memiliki anak. Ia melahirkan anak kembar, Kumala yang bertahan hidup dan Sumala yang meninggal. Kumala tumbuh menjadi anak yang baik hati tapi cacat fisik dan mental. Ia sering mendapat perlakuan buruk dari orang-orang sekitarnya. Suatu hari Sumala datang dari dunia kematian dan membuat perhitungan kepada mereka yang telah menyakiti Kumala.","Kengerian, Cerita Seru",Rizal Mantovani,https://image.tmdb.org/t/p/w500/jCOac0WEpCz8KyQYV0MTQ5oSwmf.jpg,https://image.tmdb.org/t/p/original/q4sUaE27mE07aGVlM2u9l0TgN4c.jpg,113,Released,"Hitmaker Studios, Legacy Pictures, Masih Belajar Pictures, Role Entertainment"
1264429,Temurun,Temurun,2024-05-30,2024,6.3,19,1.09,"Setelah meninggalnya sang Ibu akibat sebuah kelalaian anak pertama, Dewi (Yasamin Jasem) dan Sena (Bryan Domani) dijemput oleh sang Ayah (Kiki Narendra) untuk tinggal bersama di kota dan mewariskan perusahaan produksi daging milik keluarga. Namun saat tiba disana, keduanya mesti menghadapi segala teror, trauma, serta sosok nenek kandung mereka, Gayatri (Jajang C. Noer), yang mulai menunjukan wujud aslinya.","Kengerian, Cerita Seru",Inarah Syarafina,https://image.tmdb.org/t/p/w500/mfZmaNJonng2yv6ZynxI1ZEhYtW.jpg,https://image.tmdb.org/t/p/original/6xHXziwAHr6n2g70Xjt6LCKIteV.jpg,86,Released,"Rhaya Flicks, Amadeus Sinemagna, Masih Belajar Pictures, Legacy Pictures, Sinemaku Pictures"
1269108,Santet Segoro Pitu,Santet Segoro Pitu,2024-11-07,2024,6.1,12,1.06,"Sejak ayahnya menemukan sebuah bungkusan misterius dan mendengar suara sekawanan suku pedalaman yang menyeramkan, ARDI dan keluarganya mengalami kejadian aneh. SUCIPTO (ayahnya), MARNI (ibunya), dan ARIF (adik laki-lakinya) satu-persatu jatuh sakit. Ardi dan adik perempuannya, SYIFA meyakini bahwa ini adalah serangan santet dan selanjutnya mereka berdua lah yang akan bernasib sama. Sebuah santet tingkat tinggi dari luar tanah Jawa yang disebut Santet Segoro Pitu.","Kengerian, Cerita Seru",Tommy Dewo,https://image.tmdb.org/t/p/w500/Aocg0wAqM3XEwRPpL4L4rjkOYJJ.jpg,https://image.tmdb.org/t/p/original/AorubnsLNfPEx136uxxFQAqrF0g.jpg,94,Released,"Hitmaker Studios, Legacy Pictures, Masih Belajar Pictures, Role Entertainment"
1276703,Cinta Tak Seindah Drama Korea,Cinta Tak Seindah Drama Korea,2024-12-05,2024,6.4,6,0.77,"Seorang perempuan (Lutesha) mendapatkan kejutan manis dari kekasihnya (Ganindra Bimo), yaitu berlibur ke Seoul bersama dua sahabatnya sesama pecinta drama Korea (Anya Geraldine & Dea Panendra). Tak disangka, di sana ia justru bertemu dengan cinta pertamanya ketika SMA (Jerome Kurnia). Apakah ini akan lebih dramatis dari drama Korea?","Drama, Percintaan",Meira Anastasia,https://image.tmdb.org/t/p/w500/c9zVLJU7R53K8V5WtpNXt7J0Y1X.jpg,https://image.tmdb.org/t/p/original/dHk9ZvV12Rr7STgwEpeEYKGFGZM.jpg,118,Released,"Imajinari, Legacy Pictures, Jagartha, A&Z Films, Trinity Entertainment Network, Navvaros, Rhaya Flicks"
1282448,Kemah Terlarang: Kesurupan Massal,Kemah Terlarang: Kesurupan Massal,2024-10-10,2024,6.1,6,0.9,"Rini, siswi SMA Pandega ikut pementasan drama, memerankan tokoh Roro Putri yang telah meninggal ratusan tahun lalu, tiba-tiba kesurupan arwah Roro Putri dan memantik kesurupan massal ke seluruh peserta lainnya. Banyak korban terluka hingga ada yang terancam nyawa. Mampukah panitia/dewan ambalan membawa semua peserta pulang dengan selamat?",Kengerian,Ginanti Rona Tembang Asri,https://image.tmdb.org/t/p/w500/xsKvu7FPLcYUulsBPhBDYknlnRX.jpg,https://image.tmdb.org/t/p/original/jKZSi2z0zbASvPG1N32MNROZ8Bd.jpg,110,Released,"Rapi Films, Rhaya Flicks, Legacy Pictures, Sky Media"
1321326,"Panggonan Wingit 2: ""Miss K""","Panggonan Wingit 2: ""Miss K""",2024-12-25,2024,5.5,14,0.74,"Setelah ibunya meninggal, ALMA dan adiknya, MIA pindah dari Jakarta ke Surabaya karena Alma mendapat pekerjaan sebagai manajer di Apartemen Sasmaya. Anehnya, lantai 6 di apartemen itu ditutup. Tetapi karena ada hal mendesak, Alma dan Mia terpaksa masuk ke lantai tersebut dan masuk ke unit nomor 610. Mereka melihat sosok seorang wanita dan anak kecil perempuan misterius di sana yang berkata, “Papat dina, maghrib…” Sejak itu Alma dan Mia mulai mengalami teror mengerikan. Ternyata unit 610 itu adalah sebuah tempat angker. Siapapun yang membukanya akan mati dalam empat hari di waktu maghrib.","Kengerian, Cerita Seru, Misteri",Guntur Soeharjanto,https://image.tmdb.org/t/p/w500/g0ZQ348AfZ3YEhz7N43AICjFlvM.jpg,https://image.tmdb.org/t/p/original/zmaytJXQgaoDZcFH2Z0EqRhuTS3.jpg,103,Released,"Hitmaker Studios, Legacy Pictures, Masih Belajar Pictures, DT Films"
1164355,Lembayung,Lembayung,2024-09-19,2024,7.2,10,11.59,"Pica (Taskya Namya) dan Arum (Yasamin Jasem), mahasiswi keperawatan, menjalani masa PKL di Klinik Lembayung yang baru dibuka kembali setelah lama ditutup karena kasus bunuh diri. Suatu malam, pasien misterius yang menyeramkan, berambut panjang muncul di poli gigi, membuat Pica dan Arum sangat ketakutan. Sosok itu terus menghantui mereka hingga terbawa ke mimpi Arum. Peristiwa janggal mulai terjadi, diikuti dengan runutan kejadian tragis di Klinik Lembayung. Saat Arum kerasukan, Pica berusaha mengungkap misteri Klinik Lembayung sebelum sahabatnya menjadi korban berikutnya.","Kengerian, Cerita Seru",Baim Wong,https://image.tmdb.org/t/p/w500/5x9LrW0yvtt6S3XovIQHgXfYvLL.jpg,https://image.tmdb.org/t/p/original/1LSMstNHwJnJD7tpnb8gZcgGNQR.jpg,123,Released,"MNC Pictures, Tiger Wong Entertainment, Prime Eagle Studios (ID)"
1148817,Vina: Sebelum 7 Hari,Vina: Sebelum 7 Hari,2024-05-08,2024,6.1,7,10.47,"Jenazah Almarhumah Vina (Nayla Purnama) yang ditemukan di flyover Cirebon dianggap mengalami kecelakaan motor tunggal. Nenek Vina (Lydia Kandou) curiga karena tubuh Vina remuk tak wajar namun tak punya cukup bukti untuk menolak berita acara. Vina merasuki tubuh sahabatnya Linda (Gisellma Firmansyah), Ia hanya punya waktu sebelum 7 hari usai kematiannya untuk mengungkap kebenaran yang menyakitkan. Alfatihah.","Kejahatan, Kengerian, Drama, Misteri, Cerita Seru",Anggy Umbara,https://image.tmdb.org/t/p/w500/j1xUlKVa8rS1c2mi0cZsjUSJ6G4.jpg,https://image.tmdb.org/t/p/original/1V3nxNu6xwxOFQdMsCM699OsJCK.jpg,100,Released,"Umbara Brothers Film, Legacy Pictures, Dee Company"
1088469,Layangan Putus: The Movie,Layangan Putus: The Movie,2023-12-21,2023,7.2,2,0.6,"Setelah resmi berpisah dari Aris, Kinan memulai perjalanan penemuan jati diri, menghadapi tantangan menjadi single parent sambil melanjutkan perannya sebagai dokter yang berdedikasi. Di sampingnya adalah Raya yang tangguh—mereka pun menjalin kehidupan baru bersama. Ketenangan hidup mereka tiba-tiba terganggu ketika Aris, mantan suami Kinan, kembali bersama Lidya, selingkuhannya, di belakangnya.  Lidya, tidak puas dengan statusnya sebagai kekasih belaka, mendambakan lebih dari Aris. Cita-citanya mencapai puncak tertinggi saat ia menuntut pernikahan, keinginan untuk menjadi ratu di dunia Aris yang penuh gejolak. Menghadapi tawaran tak terduga ini, Aris meminta bimbingan Kinan dengan mengungkapkan keinginan yang masih ada untuk mendapatkan kasih sayang kedua wanita di hidupnya, Kinan dan Lidya.","Drama, Percintaan",Benni Setiawan,https://image.tmdb.org/t/p/w500/kxhqebpoVDye8XDrWsLUpItucv5.jpg,https://image.tmdb.org/t/p/original/gx2s3Tc44V8LBQsF5OkObZjbXMp.jpg,91,Released,MD Pictures
1358200,Pemburu Hibah,Pemburu Hibah,2023-12-01,2023,10.0,1,0.03,"Tiga orang filmmaker  Santosa, Bayu, dan Budi ditangkap polisi karena mencurangi judi togel online untuk membuat film. Di tempat interogasi mereka menceritakan proses perjuangan mereka untuk memburu dana hibah.  Dengan aplikasi AI buatan kawan-kawan Anarko, Santosa dan krunya yang gagal mendapat dana hibah kementerian nekat untuk mengakali judi togel online demi mendapatkan uang produksi dan mengikutkan film mereka di festival.  Setelah selesai syuting mereka ditangkap polisi dan dihukum. Dua bulan kemudian, atas usaha editor mereka Asep yang tidak ditangkap, film mereka menang festival.",Komedi,Naufal Firdaus,https://image.tmdb.org/t/p/w500/cGaCyqn1sfYKVjDuHkAKl73pgGa.jpg,,20,Released,"Mondiblanc Film Workshop, 13 Scene Productions"
1059377,Srimulat: Hidup Memang Komedi,Srimulat: Hidup Memang Komedi,2023-11-23,2023,5.0,2,0.25,"After Gepeng's indiscipline, Srimulat's life in the capital suddenly turned upside down. The story of love, career and generations of legendary comedians continues!","Komedi, Drama",Fajar Nugros,https://image.tmdb.org/t/p/w500/4SRHjFrLd5cTjk7Ih8dlgBEZ5oi.jpg,https://image.tmdb.org/t/p/original/mdtnZT8xHPgcatuA4GaDxXmpQho.jpg,105,Released,"MNC Pictures, IDN Pictures"
1138508,Pamali: Dusun Pocong,Pamali: Dusun Pocong,2023-10-12,2023,6.8,8,0.56,A group of medical volunteers who are sent to a remote village to help residents affected by a deadly epidemic while keeping many secrets related to Pamali.,"Kengerian, Misteri",Bobby Prasetyo,https://image.tmdb.org/t/p/w500/9ntCelhVPzeGON49IvlECWvA87I.jpg,https://image.tmdb.org/t/p/original/5SSJHyOELbzbiFtProbaee0tOhJ.jpg,97,Released,Lyto Pictures
1057016,"Jalan yang Jauh, Jangan Lupa Pulang","Jalan yang Jauh, Jangan Lupa Pulang",2023-02-02,2023,6.1,7,0.25,"Aurora's life, who migrated to London, England to achieve her dream and had to struggle with the harshness of life in a country where people are far from family.","Drama, Keluarga",Angga Dwimas Sasongko,https://image.tmdb.org/t/p/w500/3QbeaEyfHglizHrL7dI8BDCvblT.jpg,https://image.tmdb.org/t/p/original/xTXHv1dftqmQAB6GhphvmTBL70R.jpg,109,Released,"Visinema Pictures, XRM Media, Legacy Pictures"
1059372,Dear David,Dear David,2023-02-09,2023,6.2,37,5.67,Kehidupan seorang murid SMA pintar berubah total ketika blog fantasinya yang provokatif tentang orang yang ia sukai bocor ke semua orang di sekolah.,"Drama, Percintaan, Fantasi",Lucky Kuswandi,https://image.tmdb.org/t/p/w500/cLxylsx9Xj08733qVWzuZ1Ua7R8.jpg,https://image.tmdb.org/t/p/original/d1YxrmqIzS30haejpT7DcJMz3Md.jpg,118,Released,Palari Films
1146166,Kucing Liar Part 2,Kucing Liar Part 2,2023-08-06,2023,0.0,0,2.0,Bos Sinema kembali hadir dengan drama berjudul Kucing Liar Part 2,Drama,Tidak Diketahui,https://image.tmdb.org/t/p/w500/f1wIJ8VrBbveXooGd13TzJ60C4l.jpg,,37,Released,"Kelas Bintang, Karya Bintang Bersama"
1120221,Nonok 2023,Nonok,2023-02-01,2023,0.0,0,1.67,Kelas Bintang kembali hadir dengan paket drama berjudul Nonok,"Drama, Misteri, Percintaan",Jefri Dara,https://image.tmdb.org/t/p/w500/wjQne5nmqVtkeFCA458hchEfENy.jpg,,21,Released,"Kelas Bintang, Karya Bintang Bersama"
1144196,Serigala Betina Part 2,Serigala Betina Part 2,2023-02-13,2023,0.0,0,1.29,Kelas Bintang kembali hadir dengan paket drama berjudul Serigala Betina Part 2.,"Drama, Percintaan",Tidak Diketahui,https://image.tmdb.org/t/p/w500/zb40SlO1fRalPbqHddiWRWiCBRt.jpg,,66,Released,Kelas Bintang
1013240,24 Jam Bersama Gaspar,24 Jam Bersama Gaspar,2023-10-06,2023,6.6,79,1.24,"Dengan sisa hidup hanya 24 jam, seorang detektif swasta mengikuti berbagai petunjuk membingungkan untuk menguak misteri hilangnya seorang kawan masa kecilnya.","Aksi, Kejahatan, Drama, Misteri, Cerita Fiksi, Cerita Seru",Yosep Anggi Noen,https://image.tmdb.org/t/p/w500/uQCHm9ruA5ZiVGKhVY45HHkW5kE.jpg,https://image.tmdb.org/t/p/original/oFS0DgInCdvYRwaPkl3BLpmIuq5.jpg,98,Released,"Visinema Pictures, KawanKawan Media, Legacy Pictures"
1154696,STW Part 2,STW Part 2,2023-04-30,2023,0.0,0,1.17,Kelas Bintang kembali hadir dengan paket drama berjudul STW Part 2,"Drama, Percintaan",Tidak Diketahui,https://image.tmdb.org/t/p/w500/4I7AgIcN6INa6t45Qf4IOgQSZlJ.jpg,,23,Released,Kelas Bintang
1164763,Kelas Bintang - Threesome,Kelas Bintang - Threesome,2023-06-22,2023,7.0,1,1.32,Kelas Bintang kembali hadir dengan paket drama berjudul Threesome,"Drama, Percintaan",Tidak Diketahui,https://image.tmdb.org/t/p/w500/9s80kdczR8vHJpQI1xYvdqvj7pi.jpg,,30,Released,Kelas Bintang
1141588,Kelas Bintang - Staycation Part 2,Kelas Bintang - Staycation Part 2,2023-06-16,2023,8.0,1,0.98,Kelas Bintang kembali hadir dengan paket drama berjudul Staycation Part 2.,"Drama, Percintaan",Tidak Diketahui,https://image.tmdb.org/t/p/w500/3LtNnTPBAyre5xeht7C3d4oLKEg.jpg,,35,Released,Kelas Bintang
1157945,Inem Part 4,Inem Part 4,2023-07-29,2023,0.0,0,1.12,Kelas Bintang kembali hadir dengan paket drama berjudul Inem Part 4.,"Drama, Percintaan",Tidak Diketahui,https://image.tmdb.org/t/p/w500/vH2fFppfjHu1eTBgzJbzecWyH7A.jpg,,28,Released,Kelas Bintang
1146174,Mimpi Basah,Mimpi Basah,2023-05-26,2023,0.0,0,1.03,Kelas Bintang kembali hadir dengan drama berjudul Mimpi Basah,"Drama, Percintaan",Tidak Diketahui,https://image.tmdb.org/t/p/w500/a7Dt4EYsgenANwoudgdlifJAvRR.jpg,,0,Released,Kelas Bintang
1149818,Kelas Bintang - Staycation Part 3,Kelas Bintang - Staycation Part 3,2023-07-08,2023,0.0,0,1.03,Kelas Bintang kembali hadir dengan paket drama berjudul Staycation Part 3,"Drama, Percintaan",Tidak Diketahui,https://image.tmdb.org/t/p/w500/xeNpa7gHCRORE5FAP6cOfzWOEFG.jpg,,40,Released,Kelas Bintang
1164756,Kucing Liar Part 3,Kucing Liar Part 3,2023-05-07,2023,0.0,0,0.91,Kelas Bintang kembali hadir dengan paket drama berjudul Kucing Liar Part 3,"Drama, Percintaan",Tidak Diketahui,https://image.tmdb.org/t/p/w500/tBvGoUyodqLulwSF5kv00wJIJRJ.jpg,,50,Released,"Kelas Bintang, Karya Bintang Bersama"
1141864,Istri Boss,Istri Boss,2023-06-12,2023,0.0,0,0.56,TogeFilm kembali hadir dengan paket drama berjudul Istri Boss.,"Drama, Percintaan",Tidak Diketahui,https://image.tmdb.org/t/p/w500/4JYCweGi2fD0t5aBk0Kokcx60UC.jpg,,0,Released,TOGEFILM
1144236,Serabi Lempit,Serabi Lempit,2023-05-22,2023,0.0,0,0.48,Kelas Bintang kembali hadir dengan paket drama berjudul Serabi Lempit.,"Drama, Percintaan",Tidak Diketahui,https://image.tmdb.org/t/p/w500/kpyLd7LcWYq8igEmKmY0gK9kpBp.jpg,https://image.tmdb.org/t/p/original/nuNXXqZfiBm2Vw8X7ifXVfZDEpn.jpg,10,Released,Kelas Bintang
1154690,Pamali,Pamali,2023-01-23,2023,0.0,0,0.25,"Seorang mahasiswa baru saja pulang dari kampusnya menjelang waktu Maghrib, Ia secara sadar melakukan pantangan yang ada di masyarakat dan secara tiba-tiba terjebak dalam anomali yang membuatnya kebingungan.",Misteri,Adi Febrianto,https://image.tmdb.org/t/p/w500/lvQK5NltXXfPHLzZWoASCEWwBNI.jpg,https://image.tmdb.org/t/p/original/scsSnwyVPWHqNOmFSvUqlL4ojdy.jpg,10,Released,Oengoe Cinema Club
1155072,BDSM,BDSM,2023-07-23,2023,0.0,0,0.32,Kelas Bintang kembali hadir dengan paket drama berjudul BDSM,"Drama, Percintaan",Tidak Diketahui,https://image.tmdb.org/t/p/w500/hQy1Y0ry6FBdjmjgnGyMNUOi7Zb.jpg,,35,Released,Kelas Bintang
1082381,Air Mata di Ujung Sajadah,Air Mata di Ujung Sajadah,2023-09-07,2023,5.9,4,0.28,"Filmnya menceritakan tentang Aqilla (@titi _kamall) yang dibohongi oleh ibunya sendiri, Halimah, bahwa bayinya meninggal. Halimah menyerahkan bayi Aqilla untuk diasuh oleh pasangan Arif (@fedinuril) dan Yumna (@citraciki) yang sudah lama mendambakan seorang anak. Tujuh tahun kemudian, Aqilla mengetahui bahwa anakya, Baskara (@faqih_alaydruss), masih hidup. Agilla berusaha mendapatkan anakya kembali, namun di sisi lain dia tidak tega merenggut kebahagiaan kecil keluarga Arif dan Yumna. Sementara itu Arif dan Yumna juga tidak sanggup kehilangan Baskara, namun mereka juga merasa bersalah telah merebut satu-satunya kebahagiaan Aqilla.",Drama,Key Mangunsong,https://image.tmdb.org/t/p/w500/dKEOoh66hKXPUirgL5FGmAIpxiY.jpg,https://image.tmdb.org/t/p/original/3GExA1eGVd8lvZYOpkJCmgVrN5R.jpg,105,Released,"Beehave Entertainment, Multi Buana Kreasindo"
1149628,Crot,Crot,2023-06-22,2023,0.0,0,0.27,TogeFilm kembali hadir dengan paket drama berjudul Crot,"Drama, Percintaan",Tidak Diketahui,https://image.tmdb.org/t/p/w500/5UPXu6ciqhN7XafN8h7PKwBCnq.jpg,,22,Released,TOGEFILM
1141872,Tante Siska Part 2,Tante Siska Part 2,2023-06-11,2023,0.0,0,0.23,Kelas Bintang kembali hadir dengan paket drama berjudul Tante Siska Part 2.,"Drama, Percintaan",Tidak Diketahui,https://image.tmdb.org/t/p/w500/cddxxuw1E4pM310EDmRcks7D2ZB.jpg,,0,Released,Kelas Bintang
1154997,Tua Tua Keladi,Tua Tua Keladi,2023-06-08,2023,0.0,0,0.24,Kelas Bintang kembali hadir dengan paket drama berjudul Tua Tua Keladi,"Drama, Percintaan",Tidak Diketahui,https://image.tmdb.org/t/p/w500/yCPckNbSjFTw4mNBQbVXiI46rhv.jpg,,40,Released,Kelas Bintang
1172948,Starting From A Road Then Comes The Memories,Starting From A Road Then Comes The Memories,2023-01-18,2023,0.0,0,0.15,Sebuah problematika mahasiswa baru yang harus merasakan keresahannya atas kisah cinta dejavu,"Cerita Fiksi, Percintaan",Irfan Maulana Pradana (Tongli),https://image.tmdb.org/t/p/w500/wdGddzfa8UuhO9l4D69BzU34vt0.jpg,,15,Released,"Frame Banua Pictures, Odama Wibisono Grup, Dunia Imajinasi Odama"
1154901,Inem Part 3,Inem Part 3,2023-07-21,2023,0.0,0,0.23,Kelas Bintang kembali hadir dengan paket drama berjudul Inem Part 3,"Drama, Percintaan",Tidak Diketahui,https://image.tmdb.org/t/p/w500/yYqAR1wXY2wBtRedWElRCjeYsOW.jpg,,30,Released,Kelas Bintang
1152323,Bunga Desa,Bunga Desa,2023-04-21,2023,0.0,0,0.31,Kelas Bintang kembali hadir dengan paket drama berjudul Bunga Desa.,"Drama, Percintaan",Tidak Diketahui,https://image.tmdb.org/t/p/w500/2Kq8AqIrOodgf7HyrKbYgPrXOoT.jpg,https://image.tmdb.org/t/p/original/e3r1hyWBR0t0pc0xTKY6LjWLovt.jpg,29,Released,Kelas Bintang
1258977,Kado Terakhir,Kado Terakhir,2023-02-18,2023,0.0,0,0.23,"Una si gadis kecil yang merajuk, lalu kakak perempuannya dengan tulus merayunya dengan membacakan sebuah cerita. lalu mereka membacanya bersama dan mereka menemukan keajaiban, pengetahuan serta pesan moral dalam cerita tersebut.",Drama,Yuniar Diansyah Putra,https://image.tmdb.org/t/p/w500/mzT3vBu6EoCwgEd9EGc8iLCASdz.jpg,https://image.tmdb.org/t/p/original/q2LF0dmKlan4D4WOgtGFgGELmpW.jpg,41,Released,Nadamaker Cinema
1149634,Impotent - Jack Separow,Impotent - Jack Separow,2023-07-07,2023,0.0,0,0.21,Kelas Bintang kembali hadir dengan paket drama berjudul Impotent - Jack Separow,"Drama, Percintaan",Tidak Diketahui,https://image.tmdb.org/t/p/w500/kiWyvvpV7sOMsjHG0fXFoiOFetl.jpg,,22,Released,Kelas Bintang
1258764,Behind You,Behind You,2023-01-22,2023,6.0,1,0.21,"Dua orang anak perempuan remaja bersaudara bernama mitta dan mikha, mereka berdua terpaksa pindah kerumah lamanya dimana tempat mereka dibesarkan.  Namun, saat mereka tiba dirumah itu banyak hal-hal mengerikan yang terjadi kepada mereka dirumah lama mereka tersebut.","Kengerian, Misteri",Tama Pramudya,https://image.tmdb.org/t/p/w500/1clXrGAFO3rLZRm88qUXPqf8gTO.jpg,https://image.tmdb.org/t/p/original/tJvoYiGF1uLT5wMhYMDDtTpKGxz.jpg,10,Released,"TMAX Houze, Nadamaker Cinema"
1128854,Sugar Baby,Sugar Baby,2023-05-22,2023,0.0,0,0.22,"Rifa seorang mahasiswi, mengajak temannya (Lorin) ke rumahnya untuk mengerjakan tugas kuliah. Saat itulah papanya Rifa berkenalan dengan Lorin. Tanpa diketahui oleh Rifa, papanya bertukar nomor handphone dengan Lorin.  Hubungan papanya Rifa dan Lorin pun berlanjut ke tahap yang lebih intim. Hal tersebut tercium oleh Rifa. Diam-diam Rifa melakukan penyelidikan. Sampai suatu ketika Rifa berhasil mendapatkan bukti perselingkuhan papanya dengan Lorin.  Full movie: https://genflix.co.id/movie/e5b3ec41-142b-44ba-9381-9cc0d26cfcb8",Komedi,Azzahra Ramadhani,https://image.tmdb.org/t/p/w500/hiXft8L3zEGfEGkSAg8lCjAFdSX.jpg,https://image.tmdb.org/t/p/original/r3njUEYUN52lnVaPkNzvzjj2zUu.jpg,14,Released,Aura Acting Class
1146930,Howexplainit,Howexplainit,2023-06-16,2023,0.0,0,0.13,"Seorang ayah yang kebingungan menjelaskan definisi seks kepada putrinya yang masih duduk di bangku kelas satu SD, karena merasa belum saatnya putrinya memahami seks.","Komedi, Keluarga",Fayiz Akbar,https://image.tmdb.org/t/p/w500/hQD9m0eY2rRDJhgv7xHqIpPvbI3.jpg,https://image.tmdb.org/t/p/original/sJ6etkmCKgOz9RjZrqBm8ZR1i43.jpg,7,Released,Kologi Production
1368660,Rima,Rima,2023-02-23,2023,0.0,0,0.18,Di sebuah taman terlihat seorang gadis tengah menulis sesuatu di buku diary dengan ditemani semilir angin dan seorang lelaki dengan paras teduh dan tatapan mata menenangkan. Mereka terlihat duduk bersama di bangku taman.,Drama,Duta Nendra,https://image.tmdb.org/t/p/w500/mlkMSkhxVXrP1AC9vWHUepEafpP.jpg,https://image.tmdb.org/t/p/original/hNGB64YjLjrlqBaEbRTnAX9Ea4A.jpg,20,Released,Atmajiwa
1187586,2024,2024,2023-10-02,2023,0.0,0,0.16,"Seorang anak bernama Ferdinand bertemu dengan dirinya sendiri dari Universe lain. Ferdinand dari Universe lain tersebut mengatakan bahwa 14 Februari 2024 bumi akan hancur. Apakah ramalan terbukti benar?  Full movie: https://karyakarsa.com/ramaderanau/2024-bumi-hancur-indonesian-sci-fi-b-movie",Fantasi,Rama DeRanau,https://image.tmdb.org/t/p/w500/zguUYLhs0E8bIHAQwTHF8UtaW1F.jpg,https://image.tmdb.org/t/p/original/14gjfrW5tD3lGHihXJGZsZCwZtw.jpg,7,Released,Aura Acting Class
1291587,On Air,On Air,2023-12-14,2023,10.0,1,0.16,"Ema, seorang announcer radio kampus, menghadapi skandal ketika video-nya disebarkan oleh pacarnya, Bima, yang ingin berpisah.","Drama, Kejahatan",Fidelius Wisesa,https://image.tmdb.org/t/p/w500/qtnBiRKkKDOMiJzwyJBr2EYXUxy.jpg,https://image.tmdb.org/t/p/original/mMxQCMKLDbntvTzR3AxzWOmJQhZ.jpg,15,Released,Pukul Tujuh Pictures
1258921,Klonphobia,Klonphobia,2023-10-24,2023,8.0,1,0.17,"Bercerita tentang makhluk kloning dari dimensi lain yang merupakan kelainan phobia pada salah satu karakter laki-laki dalam film pendek ini. tokoh kembaran kloningnya yang berwujud menakutkan dan terus menghantuinya, dengan wajah yang sama seperti dirinya. walaupun wajah nya sama, wujudnya jauh lebih mengerikan daripada dirinya.",Kengerian,Yuniar Diansyah Putra,https://image.tmdb.org/t/p/w500/tCirLNmdRUsbzxe4n7aCpVuAq3C.jpg,https://image.tmdb.org/t/p/original/9jPFHSB5Z8lswxwpRvQgrGqHxGi.jpg,7,Released,Nadamaker Cinema
1149909,Wik Wik,Wik Wik,2023-04-09,2023,0.0,0,0.15,Kelas Bintang kembali hadir dengan paket drama berjudul Wik Wik,"Drama, Percintaan",Tidak Diketahui,https://image.tmdb.org/t/p/w500/pyWCpkvI1Riro0vg3pIl5kRHyZa.jpg,,44,Released,Kelas Bintang
1434595,Kinanthi,Kinanthi,2023-11-09,2023,0.0,0,0.24,"Kamu bisa lebih dari apa yang orang tuamu dapatkan. Namun, apa yang akan kamu dapatkan tidak jauh dari apa yang dari kamu pelajari sebelumnya. Mugi, seorang anak laki-laki yang memiliki cita-cita menjadi seperti sang ayahnya. Namun, sang ibu menentang keras cita-cita Mugi karena sebuah alasan.","Keluarga, Drama",Ardiansyah Adi Saputra,https://image.tmdb.org/t/p/w500/52COA80QKbLZp200Ynnvfjd23GC.jpg,https://image.tmdb.org/t/p/original/3khxlkonNVmhec4W2LcVOr8rmFj.jpg,9,Released,Angkasa Pictures
1135877,Spong Part 2,Spong Part 2,2023-05-23,2023,0.0,0,0.14,TOGEFILM kembali hadir dengan paket drama berjudul Spong Part 2,"Drama, Percintaan",Tidak Diketahui,https://image.tmdb.org/t/p/w500/eYvWyYlKFx4KaE49rmrnY4hkIN1.jpg,,18,Released,TOGEFILM
1154257,Inem,Inem,2023-07-16,2023,0.0,0,0.14,Kelas Bintang kembali hadir dengan paket drama berjudul Inem,"Drama, Percintaan",Tidak Diketahui,https://image.tmdb.org/t/p/w500/lUePHqrCv9NzuCbB19VKDuug2X7.jpg,,32,Released,Kelas Bintang
1226587,eRror,eRror,2023-10-04,2023,0.0,0,0.15,"'Tak tergantikan' merupakan kata yang tepat untuk menggambarkan pengalaman COP di Sumba yang diadakan pada 13 Juli 2023 sampai 03 Agustus 2023. Tentu tidak mudah menyatukan sejumlah mahasiswa dari Universitas Kristen Petra dengan berbagai universitas dari dalam dan luar negeri, untuk bekerjasama membangun desa yang ada di Sumba. Perbedaan budaya dan kepribadian menjadi suatu tantangan yang perlu dihadapi dengan terus bergandeng tangan. Simak lebih lanjut cerita perjalanan mereka, para peserta COP yang akhirnya menemukan pesan dan kesan istimewa dari Sumba.",Dokumenter,Tidak Diketahui,https://image.tmdb.org/t/p/w500/6mkefLUEkdipBxI46EvT1JF6qhr.jpg,,0,Released,CrARTive
1144193,Serigala Betina,Serigala Betina,2023-02-06,2023,0.0,0,0.12,Kelas Bintang kembali hadir dengan paket drama berjudul Serigala Betina.,"Drama, Percintaan",Tidak Diketahui,https://image.tmdb.org/t/p/w500/b9AvRdXULD6XGPMhj3EJkNy7jRX.jpg,,50,Released,Kelas Bintang
1154496,Inem Part 2,Inem Part 2,2023-07-20,2023,0.0,0,0.12,Kelas Bintang kembali hadir dengan paket drama berjudul Inem Part 2,"Drama, Percintaan",Tidak Diketahui,https://image.tmdb.org/t/p/w500/gRF81PZBTymuOVV5LRimwJx9LbP.jpg,,32,Released,Kelas Bintang
1194619,Merangkai Ratna Asmara,Merangkai Ratna Asmara,2023-10-22,2023,0.0,0,0.11,"Sebuah dokumenter tentang perjalanan Kelas Liarsip (kolektif periset dan arsiparis film) yang menelusuri jejak-jejak keberadaan Ratna Asmara (sutradara perempuan pertama di Indonesia) yang terlupakan, melalui dokumen, reparasi dan digitisasi puing film terakhir yang masih tersisa “dr. Samsi” (1952), hingga mempresentasikannya ke Eye Film Museum di Belanda.",Dokumenter,Ersya Ruswandono,https://image.tmdb.org/t/p/w500/9Q8vhCwVEdPsCd3briPnhPOlcCt.jpg,,66,Released,
1155050,Mucikari,Mucikari,2023-04-10,2023,0.0,0,0.11,Kelas Bintang kembali hadir dengan paket drama berjudul Mucikari,"Drama, Percintaan",Tidak Diketahui,https://image.tmdb.org/t/p/w500/xKQFzWqvuCrzsa77fLCX5ryjjF7.jpg,,55,Released,Kelas Bintang
1223381,Tumbas,Tumbas,2023-12-28,2023,0.0,0,0.11,"Suatu hari Banyu (10) dan Saka (10) secara bersamaan mendapatkan tugas dari ibu mereka masing-masing untuk membeli minyak dan garam. Warung langganan mereka tutup. Banyu dan Saka tidak punya pilihan selain ""tumbas"" ke warung Mbah Warno (60) yang terkenal galak. Akankah perjalanan ""tumbas"" Banyu dan Saka akan baik-baik saja?","Komedi, Drama",Riza Pahlevi,https://image.tmdb.org/t/p/w500/2Cp4fzxfXk5lzAji09O3BCtrFQL.jpg,,11,Released,"Relive Pictures, 2359 Artwork"
1289445,Lintas Imaji,Lintas Imaji,2023-02-08,2023,0.0,0,0.1,"Dalam keterbatasan penglihatannya, Aulia Rachmi, salah satu anggota SAT Adhirajasa (enam penyandang disabilitas netra yang hobi menonton dan membuat film) memulai perjalanan membuat film pertamanya dengan dukungan orang-orang disekitarnya.",Dokumenter,Tri Yuni Aulia,https://image.tmdb.org/t/p/w500/hmRyxoUPf5KrPS8xVgJvFnzVv4T.jpg,https://image.tmdb.org/t/p/original/o2BfsTIB0MIO4mAldui0NfeRwki.jpg,14,Released,Kanal Pictures
1127582,Pahlawan di Jalan Sepi,Pahlawan di Jalan Sepi,2023-04-26,2023,0.0,0,0.11,"Seorang wanita mengalami kekerasan oleh suaminya sendiri di sebuah jalan terpencil. Seorang pria yang melintas berhasil menyelamatkanya. Namun, ada kejanggalan dengan wanita tersebut yang tidak disadari oleh sang pahlawan.  Full movie: https://www.dens.tv/movie/watch/7776/the-hero-on-a-quiet-street-rated-pg-13/g/3477/thriller","Kejahatan, Kengerian, Misteri, Percintaan",Rama DeRanau,https://image.tmdb.org/t/p/w500/usydGLZRTGXSe0SgX1q9Le5Qtur.jpg,https://image.tmdb.org/t/p/original/xUdkh2YNz2124vCMpoR0FDFhYSg.jpg,19,Released,Moestopo Productions
1434155,Reject,Reject,2023-04-28,2023,0.0,0,0.13,"Pemuda kesepian bernama Edward yang baru saja diputuskan pacarnya menjadikannya depresi. Hingga perempuan bernama Matahari datang ke hidupnya seperti membawakan sebuah cahaya terang untuknya. Lucunya, hanya dia yang bisa melihat Matahari.","Drama, Percintaan",Ardiansyah Adi Saputra,https://image.tmdb.org/t/p/w500/8D282uygqRYJ6g8qWwguLS64Fzy.jpg,https://image.tmdb.org/t/p/original/ayo51NF6v3q61emIJHZBa5J2b0.jpg,8,Released,Angkasa Pictures
1144211,"Halo, ini cerita tentang kehidupan","Halo, ini cerita tentang kehidupan",2023-06-26,2023,0.0,0,0.13,"Soni seorang remaja dengan mental terbelakang, sering diganggu oleh pemuda-pemuda berandalan di kampungnya. Para pemuda tersebut juga telah memperkosa Karin (adiknya Andre)  Andre yang merupakan tetangga Soni, menemukan ide untuk membalaskan dendamnya kepada para pemuda berandalan  tersebut.  Full movie: https://karyakarsa.com/ramaderanau/film-thriller-halo-ini-cerita-tentang-kehidupan","Kengerian, Kejahatan",Bayu Rusdianto,https://image.tmdb.org/t/p/w500/6oYsLSb7mply72sTZTgAk0Ne3pt.jpg,https://image.tmdb.org/t/p/original/4QPTuTL3iQxbQJsHAN9TGSAY3UN.jpg,16,Released,Aura Acting Class
1242373,Wewaler Remastered,Wewaler Remastered,2023-11-11,2023,7.0,1,0.1,Mengisahkan 5 cerita mengenai beberapa pemuda yang melanggar Wewaler (Pamali) dalam kehidupan sehari-hari mereka,"Komedi, Misteri",Dafa Ramadan,https://image.tmdb.org/t/p/w500/a2uxywSaZ9bnulcFkFMl1cjkm4H.jpg,https://image.tmdb.org/t/p/original/brkg4rVIbVpzuVEAdsgMZODjgNm.jpg,24,Released,Cinephile Kota Ukir
1175540,The True Story of Young Angler,The True Story of Young Angler,2023-07-19,2023,8.0,1,0.12,Seorang perempuan yang berprofesi sebagai peneliti melakukan wawancara dengan seorang pemancing yang mengaku terseret arus saat terjadi banjir bandang.,Drama,Hasan Faizal,https://image.tmdb.org/t/p/w500/pzxCVCLvepFJYJ428wElkTafIDV.jpg,https://image.tmdb.org/t/p/original/53o0H0dIOscBiWqQ0p1tLMACGNh.jpg,5,Released,Sumber Makmur Cinema
1128861,Ludah Petaka,Ludah Petaka,2023-06-15,2023,0.0,0,0.12,"Jessica dengan kasar meludah kepada seorang cowok saat makan bakso di depan kampusnya. Cinta (sahabat Jessica) merekam kejadian tersebut dengan kameranya. Cinta memang biasa membuat vlog. Kejadian Jessica meludahi cowok tersebut ternyata berujung petaka. Si cowok yang diludahi dendam. Cowok tersebut meneror Jessica, Cinta dan teman-temannya saat mereka malam-malam mengambil revisian tugas di kampus.  Full movie: https://karyakarsa.com/ramaderanau/spit-of-catastrophe-ludah-petaka-indonesian-thriller-short-film-experimental",Kengerian,Obed Richard Alexander,https://image.tmdb.org/t/p/w500/cmmg1rFWqavd93ZpV9Z9Vk1uHgJ.jpg,https://image.tmdb.org/t/p/original/iiNWN4lae38Kv979fEfbeJwlc3w.jpg,11,Released,Aura Acting Class
1162343,Kok Penasaran Sama Setan? (KoPe SaSet) Eps 2. Charlie Are You Here?,Kok Penasaran Sama Setan? (KoPe SaSet) Eps 2. Charlie Are You Here?,2023-08-09,2023,0.0,0,0.11,"Projek pembuktian urband legend Hantu Mr. Gepeng berbuntut panjang. Gita, Helmi dan Bobby dihukum dengan diberi tugas oleh Dosen (Pak Marwan) dengan menyelidiki hilangnya seorang mahasiswi yaitu Sifa.  Mereka bertiga mencoba mencari tahu hilangnya Sifa dengan menggunakan ritual urband legend yaitu: Charlie Are You Here?  Full movie: https://tiptip.id/content/585b12fa-bb67-40a6-9e0c-83b1dbf44215","Kengerian, Komedi",Bayu Rusdianto,https://image.tmdb.org/t/p/w500/wdkefhB2i90BLEri2VMvDnmNCfp.jpg,https://image.tmdb.org/t/p/original/7jvPre7rrM6vz4Q8HqbHigKPZ1T.jpg,12,Released,Aura Acting Class
1133778,Pengangguran vs Begal,Pengangguran vs Begal,2023-05-07,2023,0.0,0,0.07,"Rendy yang baru lulus SMK, hampir setiap malam keluyuran untuk menghindari tekanan bapaknya yang menyalahkannya karena masih menganggur. Selain itu bapaknya suka memukulinya ketika sedang marah.  Suatu malam Rendy mengajak dua temannya nongkrong di sebuah kafe. Sesaat kesedihan hatinya terobati saat mengobrol dan bercanda dengan kedua temannya tersebut. Namun, kesedihannya muncul lagi saat kedua temannya pulang duluan karena terlalu lama menunggu Rendy membeli rokok di warung. Tak lama muncul dua orang begal masuk ke kafe tersebut meminta uang kepadanya. Hal tersebut membuat kemarahan Rendy meledak.  Full movie: https://karyakarsa.com/IndonesianIndieMovie/film-thriller-pengangguran-vs-begal","Komedi, Kengerian",Carlos Manarisip,https://image.tmdb.org/t/p/w500/7C6p1sz6NdhBCrveBjxsp3yr5xl.jpg,https://image.tmdb.org/t/p/original/6MK9yXtAEi1NnssXzhMi1QsakPW.jpg,10,Released,Aura Acting Class
1226275,The silent sound of tarawangsa,The silent sound of tarawangsa,2023-12-20,2023,10.0,1,0.1,Tentang seorang pemuda yang mencari lagu untuk musik tradisional di kampung adatnya,Dokumenter,Bandera,https://image.tmdb.org/t/p/w500/96zGni6RWO8S93lvr7LSHvxsMv8.jpg,https://image.tmdb.org/t/p/original/z3lHdQKmU81FZQoHNV5dMcaAwpC.jpg,12,Released,Studio Kotak Rasa
1168256,Loenpia Asri,Loenpia Asri,2023-08-10,2023,0.0,0,0.2,"Dengan menjual lumpia menggunakan resep ciptaannya, seorang remaja perempuan justru meningkatkan hasil penjualan toko lumpia keluarganya tapi ditentang oleh ibu yang ingin mempertahankan cita rasa resep warisan keluarga.",Drama,Mauliya Maila,https://image.tmdb.org/t/p/w500/hHWBwjSDBNGjkR1xGj9ecnpdYxA.jpg,https://image.tmdb.org/t/p/original/3rgtOHAgM80pzWhuHGNBCxaCl6C.jpg,12,Released,"Lanyah Films, Brociz Entertainment"
1431626,Thanks For Today,Thanks For Today,2023-12-14,2023,0.0,0,0.07,"Reza dan Neisha, 2 remaja dengan latar belakang berbeda dipertemukan di perjalanan dan menghabiskan waktu mereka di Bandung.",Drama,M. Hisyam Atha,https://image.tmdb.org/t/p/w500/flgUyYpu1d8xDp6hcPUElghxGyM.jpg,https://image.tmdb.org/t/p/original/bSr8tq2GPeQAxlkRv5EvwXXDaKe.jpg,19,Released,Loba Kahayang
1368444,Welas Asih,Welas Asih,2023-05-29,2023,7.0,1,0.08,"Galuh, seorang pemuda yang sedang  menghadapi dilema hidup. Ia ingin menikahi kekasihnya, namun terjebak antara cinta dan tanggung jawabnya pada sang ibu, ia harus membuat keputusan penting yang akan mengubah hidupnya.","Drama, Keluarga",Redika Yumandwita Budiman,https://image.tmdb.org/t/p/w500/25Ov1S9JyLM8F7S8qQqR22eyxmT.jpg,https://image.tmdb.org/t/p/original/2V8Zc5knYreB3sy7Wi5kqRT2PUC.jpg,25,Released,Renjana Pictures
1224171,Feel tika’s feeling in seven minutes,Feel tika’s feeling in seven minutes,2023-03-22,2023,0.0,0,0.12,"Tika, seorang perempuan buta yang sedang merekam dirinya untuk video pertamanya di youtube, Namun ia lupa membuka tutup lensa dan hanya merekam suara dan gambar gelap saja.",Drama,AkmalPalah,https://image.tmdb.org/t/p/w500/ah0TDycDl2gSmY8QKPYidGsdbed.jpg,https://image.tmdb.org/t/p/original/rXUjcwSBjbrtUnTv8bV3jakIe0N.jpg,7,Released,Bla collective
1090893,Orang Gila Juga Manusia,Orang Gila Juga Manusia,2023-01-01,2023,0.0,0,0.08,"Orang Gila Juga Manusia adalah film pendek indonesia tahun 2023 karya sutradara Nuri Harianti, yang di produksi oleh Rintik Cinema sebuah studio pegiat film di provinsi Kepulauan Riau",,Nuri Harianti,https://image.tmdb.org/t/p/w500/jXSyLs3ZJCsuSy95wo7hha4tGXP.jpg,https://image.tmdb.org/t/p/original/gdUgWwNbKLOFjUsSf8bZ0ZWmZph.jpg,4,Released,Rintik Cinema
1083705,Diponegoro 1830,Diponegoro 1830,2023-10-09,2023,0.0,0,0.11,"Film Animasi pendek ini adalah kisah perjalanan Pangeran Diponegoro (1785-1855) setelah penangkapannya yang licik di Magelang pada hari Minggu, 28 Maret 1830. la dibawa ke Batavia melalui Semarang, perjalanan diatas laut yang tidak pernah ia lakukan sebelumnya. Lalu selama 26 hari di Balai Kota Batavia (Stadhuis), Sang Pangeran harus menunggu keputusan pemerintah Hindia-Belanda tentang nasibnya sebagai tahanan politik. Film ini berdasarkan catatan Mayor Ajudan De Stuers dan rekannya Kapten Roeps selama perjalanan mengawal Pangeran Diponegoro dari Magelang ke Batavia.","Animasi, Sejarah",Subiyanto,https://image.tmdb.org/t/p/w500/nrCwLqIySFkmk8Z1l2lNW9mUOVu.jpg,,16,Released,
1213513,Terror & Shadow,Terror & Shadow,2023-12-05,2023,0.0,0,0.11,"Mitha dan kekasihnya (Adit) pindah ke Jakarta untuk kuliah di kampus yang sama.  Di kampus tersebut Mitha berkenalan dengan seorang pemuda Bernama Rafael.  Hal tersebut membuat Adit cemburu.  Tidak hanya itu, Adit melakukan kekerasan fisik bahkan mau membunuh Mitha.  Namun, apakah itu realita atau hanya halusinasi Mitha?  Full movie:  https://karyakarsa.com/ramaderanau/terror-and-shadow-indonesian-thriller-short-film-576073","Kengerian, Percintaan",Rama DeRanau,https://image.tmdb.org/t/p/w500/zQDtt5knKBwol5rUTd8TG1NvzLr.jpg,https://image.tmdb.org/t/p/original/mPuTglC26aC7KaYz2Xig7bbZY5.jpg,14,Released,Aura Acting Class
1152324,Open VCS Part 2,Open VCS Part 2,2023-07-12,2023,0.0,0,0.11,TOGEFILM kembali hadir dengan paket drama berjudul Open VCS Part 2,"Drama, Percintaan",Tidak Diketahui,https://image.tmdb.org/t/p/w500/vfZnxHkExSkdVQtMqlxivZ2ZHHQ.jpg,,20,Released,TOGEFILM
1241143,Demi Masa (In The Name of Time),Demi Masa (In The Name of Time),2023-07-17,2023,0.0,0,0.08,"Firman menjumpai seorang dukun untuk kembali ke masa lalu dan melihat istrinya, namun firman melanggar syarat dari dukun tersebut.",Drama,Shohipul Ma'ruf,https://image.tmdb.org/t/p/w500/5H7aMfo3yct9ocFraNJu0ZKz7iF.jpg,https://image.tmdb.org/t/p/original/og7UegEqlRKhKwxNzZEu1FgIK9x.jpg,6,Released,Team Creative Multimedia
1219307,PKI Madiun,PKI Madiun,2023-11-23,2023,0.0,0,0.11,PKI Madiun adalah film pendek karya sutradara Nuri Harianti yang menceritakan tentang pemberontakan PKI di madiun pada 1948,,Nuri Harianti,,,12,Released,"Rintik Cinema, Official Class MIPA"
1084818,Facticity,Facticity,2023-02-02,2023,0.0,0,0.1,"Di tepian sungai, seorang fotografer bertemu dengan seorang gadis yang gemar pergi kesana. Diskursus di hari itu menjadi ajang kontemplasi dan pelepasan dari kejadian di masa lalu.",Drama,Iqbal Keane Kembaren,https://image.tmdb.org/t/p/w500/f0KFa4Fs2kxanklxNZlZQHze35G.jpg,https://image.tmdb.org/t/p/original/i0tIrHw7DhUheWxo8vxLItG7Qun.jpg,24,Released,"JAVANIAFILMS INDONESIA, Rupa Rupa Films"
1154654,Bait Berbelit,Verse Chorus Verse,2023-01-22,2023,0.0,0,0.09,Kegagalan demi kegagalan dalam pencarian arti apa itu kebahagiaan membuat David kebingungan dan memutuskan mengurung diri. Di saat sudah menemukan jawaban yang Ia cari justru di waktu bersamaan Ia sudah berpikiran untuk menyanyikan lagu yang sulit diselesaikannya.,"Drama, Musik",Adi Febrianto,https://image.tmdb.org/t/p/w500/vVq8RUYCge0cbRqihaDAOxVkk2L.jpg,https://image.tmdb.org/t/p/original/mbBIxqhnWbEMPUtWpmthMA7gtxZ.jpg,13,Released,Oengoe Cinema Club
1135879,Dia Oh Dia,Dia Oh Dia,2023-05-22,2023,0.0,0,0.11,TOGEFILM kembali hadir dengan paket drama berjudul Dia Oh Dia,"Drama, Percintaan",Tidak Diketahui,https://image.tmdb.org/t/p/w500/xLj89AJsrgKh7TZn9THc9c3Wceu.jpg,,23,Released,TOGEFILM
1231250,Looking for Europe,Looking for Europe,2023-12-15,2023,0.0,0,0.11,"Alang (19), seorang pemain Timnas sepak bola Indonesia memutuskan untuk mengikuti seleksi di klub bola Eropa namun ia kemudian menemukan fakta yang mengejutkan. Ketika ia ingin kembali bermain dengan Timnas Indonesia, ia ternyata sudah diganti oleh pemain naturalisasi.","Cerita Fiksi, Drama",Maarij Reka,https://image.tmdb.org/t/p/w500/74dbqrrbL6ojMJcq18wOYNOMCFD.jpg,,19,Released,"Veneirs Film, Januari House"
1481569,ReReReverse,ReReReverse,2023-01-01,2023,0.0,0,0.09,Seorang pria berusaha menyelamatkan hubungannya dengan memutar balikkan waktu,"Komedi, Percintaan",M. Faishal Rijal,https://image.tmdb.org/t/p/w500/ioHQIF39krBWZ7JiNMEDZsDUzCi.jpg,https://image.tmdb.org/t/p/original/5yt7TPrkicfIg2bDe1ZrdEFflT1.jpg,3,Released,
1132785,Kehidupan Kematian,The Deadly Love,2023-05-29,2023,0.0,0,0.13,"Lukman, seorang laki-laki yang baru saja meninggal mencoba mencari pacarnya di alam baka.","Komedi, Drama",Maarij Reka,https://image.tmdb.org/t/p/w500/92ZcB2ImEYCecM1fc0znMZWAJtI.jpg,https://image.tmdb.org/t/p/original/oldZ3FsUbYsSyYn9v7QMop1v3Ob.jpg,17,Released,Cinelogic Pictures
1152325,TOGEFILM - Scandal,TOGEFILM - Scandal,2023-04-21,2023,0.0,0,0.09,TOGEFILM kembali hadir dengan paket drama berjudul Scandal,"Drama, Percintaan",Tidak Diketahui,https://image.tmdb.org/t/p/w500/pAINLJrA6uCc3K0TB1Bk99DfX27.jpg,,23,Released,TOGEFILM
1433770,"1, 2, 3 Senyum!","1, 2, 3 Senyum!",2023-10-04,2023,0.0,0,0.09,"Saat ini, sedikit lapangan pekerjaan yang menerima fresh graduate SMA. Abim adalah salah satu anak lelaki yang tengah mengalami hal tersebut.  Hingga akhirnya ia teringat barang peninggalan ayahnya yang bisa ia manfaatkan untuk mencari lapangan pekerjaan sendiri dalam bidang ekonomi kreatif",Drama,Ardiansyah Adi Saputra,https://image.tmdb.org/t/p/w500/PMz7xQVvcIMLql4b35wl4ZV3YC.jpg,https://image.tmdb.org/t/p/original/2qZfXkBkX0ROyP6rlCCfFt0Qjv3.jpg,10,Released,Angkasa Pictures
1079405,Supresi,Supresi,2023-01-19,2023,0.0,0,0.08,Seorang gadis berorang tua tunggal yang harus menolong ayahnya yang mengalami kecelakaan di rumah.,Drama,Bryan Kristhoporus Gondo,https://image.tmdb.org/t/p/w500/ot5nhalx1Twx0h0XHYmIS7s8Obn.jpg,https://image.tmdb.org/t/p/original/abrqQCu1kv3MfguM5OpRggjWsFp.jpg,7,Released,Kologi Production
1156426,Terlarang,Terlarang,2023-07-25,2023,0.0,0,0.1,TOGEFILM kembali hadir dengan paket drama berjudul Terlarang.,"Drama, Percintaan",Tidak Diketahui,https://image.tmdb.org/t/p/w500/m8KigmPgNzn2pR02vU6kOrHG6Dq.jpg,,37,Released,TOGEFILM
1154263,Model Dewasa,Model Dewasa,2023-05-14,2023,0.0,0,0.1,TOGEFILM kembali hadir dengan paket drama berjudul Model Dewasa,"Drama, Percintaan",Tidak Diketahui,https://image.tmdb.org/t/p/w500/djaLAaFDLovaGK6hgQLQyuj2URq.jpg,,27,Released,TOGEFILM
1217826,Basuki and The People He Met,Basuki and The People He Met,2023-12-06,2023,0.0,0,0.08,"Basuki (22) seorang fresh graduate dengan logat  Jawa Semarang  merantau ke kota metropolitan. Lewat online video conversation, ia  mencoba melancarkan Bahasa Indonesianya untuk interview kerja.","Komedi, Drama",Bagas Asri Ramadhan,https://image.tmdb.org/t/p/w500/h6y5bvWAGEu8TNIMu2XbsYYQwyz.jpg,,12,Released,"Brociz Entertainment, Sykil Pictures"
1057989,Jomblo Fi Sabilillah,Jomblo Fi Sabilillah,2023-09-14,2023,0.0,0,0.09,"Ali (30th) belum pernah pacaran dan tidak punya temen dekat perempuan. Babe Hasan (55th) yang khawatir  maraknya isu LGBT cemas,  kalau anak semata wayangnya disorientasi dan tidak tertarik dengan lawan jenis. Ia  memaksa Ali segera menikah dalam waktu satu bulan. Ali yang mengidap venustraphobia dan sering pingsan jika bertemu perempuan cantik, menjadi panik. Ali pun meminta bantuan pada ketiga sahabatnya Anton, Yusuf, dan Imron untuk mencarikan solusi, padahal ketiga sahabat Ali tersebut juga jomblo, alias jomblo fi sabilillah. Atas nama solidaritas, Yusuf  berusaha membujuk Anton dan Imron agar mau membantu Ali dengan berbagai cara untuk menemukan jodohnya. Padahal Yusuf sendiri sedang berjuang mendapatkan pasangan impiannya, seorang gadis manis yang telah ia kagumi dan cintai dalam diam. Lalu, bagaimana akhir nasib Ali, Yusuf, dan sahabatnya? Berhasilkah mereka mengakhiri status jomblo dan menemukan pasangan halal mereka?","Komedi, Percintaan",Jastis Arimba,https://image.tmdb.org/t/p/w500/8b1W1IllCTohkH33DFkAGK9SULL.jpg,https://image.tmdb.org/t/p/original/q0JAEOBa7DlwDu98sArh4Bb8s7x.jpg,122,Released,Warna Pictures
1100209,Kuncup Harapan,Kuncup Harapan,2023-01-27,2023,0.0,0,0.09,"Sujinem, mendedikasikan dirinya sebagai pengajar sejak tahun 1987, di sebuah Taman kanak-kanak. Dedikasinya menjadi harapan baru dalam sebuah institusi pendidikan anak dengan pembelajaran melalui pendekatan seni. Ia menceritakan dedikasinya dan hubungan timbal balik antara seorang guru TK dengan guru TK lain, murid-murid, dan lingkungan sekitar.",Dokumenter,Candhika Dhanuwijaya,https://image.tmdb.org/t/p/w500/pskhU3sCbo9uEbf8u7t2nsIQx8K.jpg,,15,Released,Cinelogic Pictures
1154674,Surti,Surti,2023-03-03,2023,0.0,0,0.09,TOGEFILM kembali hadir dengan paket drama berjudul Surti,"Drama, Percintaan",Tidak Diketahui,https://image.tmdb.org/t/p/w500/sjIviIsbMYvpXCLdueUxT9Dq89p.jpg,,21,Released,TOGEFILM
1133780,Bapak Dimana?,Bapak Dimana?,2023-04-23,2023,0.0,0,0.04,"Sampai usia dua puluh tahun, Alea tetap tidak diberitahu oleh ibunya dimana  ayahnya berada. Suatu malam Alea menemukan foto seorang pria di gudang rumahnya. Alea yakin itu foto bapaknya. Alea pun mencari ayahnya di internet melalui foto tersebut.  Sampai akhirnya Alea bisa bertemu dengan teman ayahnya. Namun, teman ayahnya pun keberatan memberitahu dimana keberadaan ayahnya.  Apakah gerangan yang terjadi dengan ayahnya sehingga ibu dan teman  ayahnya merahasiakan hal tersebut?  Full movie: https://karyakarsa.com/IndonesianIndieMovie/film-drama-bapak-dimana",Drama,Sabrina Anggraini,https://image.tmdb.org/t/p/w500/cwgQQfXQd8yyajuc7oMx4aXcZlK.jpg,https://image.tmdb.org/t/p/original/dEpzx0bERjX495gPC9w9IWOhMdc.jpg,12,Released,Aura Acting Class
1140123,Perawan di Sarang Penculik,Perawan di Sarang Penculik,2023-06-14,2023,0.0,0,0.09,"Anai seorang pemuda tuna rungu adalah salah satu anggota geng penculik.  Suatu ketika korban penculikan adalah seorang pemudi bernama Muli yang juga  tuna rungu.  Anai bersama dua orang anggota penculik lainnya ditugaskan untuk menjaga Muli. Anai melindungi Muli dari tindakan tidak senonoh Amir dan Rizal. Anai pun melaporkan kejadian tersebut ke Raja.  Raja akhirnya mempercayakan Anai untuk menjaga Muli. Sementara Amir dan Rizal ditugaskan melakukan penyelidikan untuk korban yang baru. Seiring waktu Anai dan Muli akrab berkomunikasi dengan bahasa mereka.  Mereka berdua pun jatuh cinta.  Full movie: https://www.vidio.com/watch/8298711-finalist-coliffe-2023-ficsor-2023-perawan-di-sarang-penculik","Kejahatan, Kengerian",Rama DeRanau,https://image.tmdb.org/t/p/w500/8cYZx1E6tw0tJ3LkA7ZtZnjQ8ks.jpg,https://image.tmdb.org/t/p/original/jyx1c5F1ndjVcMfN53oBwcquSTR.jpg,0,Released,"Infids, Aura Acting Class"
1260755,Patgulipat,Patgulipat,2023-09-10,2023,0.0,0,0.07,"Andine (7) siswi berprestasi yang culas memiliki keinginan untuk mendapatkan sesuatu sesuai dengan keinginannya. Namun, akibat keculasannya, Ia tidak bertanggung jawab atas perbuatannya di kantin kejujuran. Lalu, apakah keinginan Andine dapat tercapai atau justru sebaliknya?",Drama,Jesica Nindita Wirawan,https://image.tmdb.org/t/p/w500/aYZx7rJpADH8HPVYfbI5rTzSgXl.jpg,https://image.tmdb.org/t/p/original/beMpHXdgvBM1jiK29vHG47Rk1gf.jpg,15,Released,Avikom Films
1156423,Adik Ipar,Adik Ipar,2023-07-25,2023,0.0,0,0.09,TOGEFILM kembali hadir dengan paket drama berjudul Adik Ipar.,"Drama, Percintaan",Tidak Diketahui,https://image.tmdb.org/t/p/w500/bIC8zD1d44sT6QRSwocjjJZMs5e.jpg,,26,Released,TOGEFILM
1272475,"Rindu, Apa Kabar?","Rindu, Apa Kabar?",2023-10-28,2023,0.0,0,0.09,Waluyo dan Soeparni tinggal di sebuah desa kecil di pulau Jawa. Mereka mencoba segala yang mereka bisa untuk menemukan putra mereka yang hilang.,"Drama, Keluarga",Ayyub Basya,https://image.tmdb.org/t/p/w500/1ae4Tm1dNhAT8mCRjpjhb7TPVAn.jpg,https://image.tmdb.org/t/p/original/kyGen8Q4KVRQVRSUm2HO6r6GHcc.jpg,24,Released,Ayyub Basya Studio
1443942,Eyesight,Eyesight,2023-10-14,2023,0.0,0,0.07,"Vina (21), seorang mahasiswa geografi yang telah kehilangan ayahnya secara  misterius. Pada suatu hari Vina mendatangi kantor dosennya untuk mengurus  beasiswanya. Namun, secara tidak sengaja ia mendengarkan percakapan sang  dosen tentang ayahnya. Karena penasaran yang besar, Vina mengambil buku dosen  tersebut. Ternyata buku itu mengungkap hal aneh tentang sebuah wilayah misterius  di kampusnya.","Drama, Misteri",M. Hisyam Atha,https://image.tmdb.org/t/p/w500/tbzDf1wp4e5YcbocBBAQftSLrb2.jpg,https://image.tmdb.org/t/p/original/4x1uAj5WvqCRujBXD8Ca2ddIKiq.jpg,22,Released,Frekuensi Production
1431746,Layar Sentuh,Layar Sentuh,2023-10-15,2023,10.0,1,0.1,"Baskara, seorang remaja populer di kalangan teman seumurannya dan sangat aktif di media sosial. Dia dikenal sebagai seorang anak yang cukup sporty dan gemar membagikan kegiatannya secara online. Namun, popularitasnya membawa Baskara ke dunia yang penuh dengan komentar dan pesan yang merendahkan, bahkan melecehkan.",Drama,Muhammad Abyndra,https://image.tmdb.org/t/p/w500/Xpv4NQo58avNx9gWxB5zQOURnL.jpg,,5,Released,Capture 5
1221616,The Boy And The Three Rituals He Goes Through,The Boy And The Three Rituals He Goes Through,2023-03-19,2023,0.0,0,0.11,When a strange date ends in penance.  Ketika sebuah kencan aneh berakhir dengan penebusan dosa.,"Cerita Fiksi, Percintaan, Kejahatan, Komedi",Dimas Wahyu Abdillah,https://image.tmdb.org/t/p/w500/8JOR37H91Bb9KJxXf3HoZFpngpU.jpg,https://image.tmdb.org/t/p/original/litH3RRGgxIzgzDkfJsPiQ14jBo.jpg,15,Released,Menes Film
1192497,DUKA,DUKA,2023-11-01,2023,0.0,0,0.04,"Di bawah bayang-bayang ketua geng organisasi pembunuh bayaran yang melegenda, empat pembunuh terampil terbiasa bekerja bersama sebagai tim yang efisien. Namun, segalanya berubah ketika sang ketua tiba-tiba meninggal dunia secara misterius. Di dalam Koper yang diwariskannya, terdapat akses ke aset digital dengan jumlah besar di Indodax, pertempuran untuk memegang kendali atas warisan mematikan dimulai. Di dunia di mana nyawa dihargai sebanyak kode-kode digital, setiap langkah dan keputusan menjadi kunci bagi nasib masing-masing. Insting membunuh mereka diuji hingga batas maksimal.","Aksi, Kejahatan",Bambang Kriswanto,https://image.tmdb.org/t/p/w500/xJBW7Dj8SnRi4lkbeC1ckQ2xJgX.jpg,https://image.tmdb.org/t/p/original/bdLYScHqEcFvv2sa4Q7aVfSLp2i.jpg,8,Released,"Studio Amarana, Mondiblanc Film Workshop, Passe Production, Java Stunt Team, 13 Scene Productions"
1052801,Kesting Oh Kesting,Kesting Oh Kesting,2023-05-17,2023,0.0,0,0.04,"Vio mempunyai mimpi untuk menjadi aktris. Vio pun mengikuti casting-casting dan shooting menjadi pemeran numpang lewat. Akan tetapi Rio, pacarnya tidak setuju dengan hal itu. Situasi pun mejadi pelik, ketika Herman sang produser berusaha merayu Vio. Untunglah ada Bagus seorang pemuda yang mempunyai mimpi yang sama dengan Vio yang selalu menemani Vio menjalani mimpinya. Apakah Vio dan Bagus akan lolos casting dan sukses menjadi aktris?  Full movie: https://karyakarsa.com/IndonesianIndieMovie/film-komedi-kesting-oh-kesting",Komedi,Zaid Adiwidiya,https://image.tmdb.org/t/p/w500/5FmuQv0YyaiNmn1jGSHEWjtMCvb.jpg,https://image.tmdb.org/t/p/original/7LL1HlIXFl8kz3N4mRwjb1fzxw8.jpg,60,Released,"Aura Entertainment (ID), Aura Acting Class"
1137208,Let's Hangout!,Nongkrong Yuk!,2023-06-10,2023,0.0,0,0.04,"Angga selalu ingin bermain bersama Satrio, tetapi Satrio selalu sibuk dengan kegiatan organisasinya.","Komedi, Drama",Muhammad Dawud Romadhony,https://image.tmdb.org/t/p/w500/xVbWxxRnQYMvKOtEALgtR92TXfy.jpg,,10,Released,Nol Derajat Film
1216225,Kronik Puriwicara,Kronik Puriwicara,2023-12-09,2023,0.0,0,0.02,"Dewi Kirana (P/27), anak kedua dari Raja Puriwicara ke XI (L/58), yang akan bertanding melawan adik kandungnya, Panji Wiratama (L/24), dalam sebuah pemilihan walikota di Kerajaan Puriwicara. Reza Mahardika (L/34), anak pertama raja, akan segera meninggalkan jabatan walikota, karena akan dilantik menjadi Putra Mahkota, dan sedang dipersiapkan untuk menjadi raja selanjutnya. Dewi mendapatkan tekanan dari Panji, yang membuatnya ragu untuk melanjutkan pencalonannya. Raja dan Reza pun juga berbeda pendapat terkait siapa yang pantas menjadi walikota. Apakah Dewi berhasil mengalahkan Panji dalam pemilihan walikota di Puriwicara?","Komedi, Musik",Riza Pahlevi,https://image.tmdb.org/t/p/w500/c5zRuta2N7LWR2hlW1se6jV9bJU.jpg,https://image.tmdb.org/t/p/original/q2Xne5D8CBunmpgmPEcdsAMvcbi.jpg,14,Released,HRV Production
1154499,Bintang Jatuh,Bintang Jatuh,2023-07-19,2023,0.0,0,0.04,TOGEFILM kembali hadir dengan paket drama berjudul Bintang Jatuh,"Drama, Percintaan",Tidak Diketahui,https://image.tmdb.org/t/p/w500/5uqU4deTc3MtsByoxqBgvN4eY4a.jpg,,30,Released,TOGEFILM
1401381,Jalan Prestasi,Jalan Prestasi,2023-11-30,2023,9.0,1,0.01,"Kisah 3 pelajar yang bersahabat dan menyukai matematika dan mereka bersaing secara sehat, namun Abraham sering mengalami bullying tanpa alasan yang jelas, Ia memiliki impian untuk berprestasi di sekolah dan masih banyak yang harus ia lalui di masa depan.","Cerita Fiksi, Drama",Bintang Rizky Atalla Raffi,https://image.tmdb.org/t/p/w500/p94aizKFTPKIyNmAQU5P8N3hoJn.jpg,https://image.tmdb.org/t/p/original/vbR25z7VDd5EZJaCA4NXLqf8Pup.jpg,10,Released,"INIAJA FILMS (ID), One Multimedia Team"
1355235,Trauffea,Trauffea,2023-12-16,2023,0.0,0,0.01,"Iqdun (19), seorang remaja temperamental yang sedang berusaha keluar dari imajinasi surreal yang telah ia ciptakan, namun pikiran tersebut semakin berubah menjadi kenyataan tatkala masa lalunya hadir kembali","Misteri, Kengerian",Muhammad Aribbillah,https://image.tmdb.org/t/p/w500/lVnb1JmyK1I7wNuSPHu9BQsj15o.jpg,https://image.tmdb.org/t/p/original/s7VUSj4VCsyFDeSFLFU2WXyEKCv.jpg,17,Released,"Commnivora Films, NKRB HOUSE"
1353879,Under The Idhum Tree,Under The Idhum Tree,2023-02-01,2023,10.0,1,0.01,[ID] Mbah Muji bercerita tentang apa yang ia lalui untuk menemukan kedamaian ketika mengabdi di Makam Para Raja di Imogiri.  [EN] Mbah Muji told about what he went through to find peace to serve at the Tomb of the Kings in Imogiri.,Dokumenter,Raka Satria Anugrah,https://image.tmdb.org/t/p/w500/x7wkrX3SZHEgnWE8HIAFnrCBUb7.jpg,https://image.tmdb.org/t/p/original/9OcJZXA8REIE5P4LXUzG23Bxwyu.jpg,12,Released,Idhum Tree Film
1496315,Sulung,Sulung,2023-12-25,2023,10.0,1,0.01,"Ali, seorang anak SMK yang berjuang untuk keluarga dikarenakan ia anak sulung.","Drama, Keluarga",Lula Janatin Alfafa,https://image.tmdb.org/t/p/w500/AfnqJKbRhR7IU71tQ2VlxUrkzAR.jpg,https://image.tmdb.org/t/p/original/knmlqX8a4tw3cRYEXW2zrJCXzyY.jpg,19,Released,THREESPIRE STUDIOS
1355004,Melaboeh,Melaboeh,2023-12-10,2023,0.0,0,0.01,"Minah (42/P), seorang janda, pekerja serabutan yang telah kehilangan anak pertama dan suaminya akibat dibatalkannya perjanjian turun temurun keluarga suaminya dengan datu buaya kuning. Pada suatu sore, Minah mendapat kabar bahwa Fajar (15), anak keduanya menghilang di sungai ketika lagi bermain bersama temannya. Minah menggunakan kulit buaya peninggalan almarhum suaminya untuk menemukan anaknya tanpa harus membuat perjanjian itu berlangsung kembali.","Drama, Keluarga, Misteri",Noor Asiyah,https://image.tmdb.org/t/p/w500/zldLDv3lxYvLrV0egyhEVRHaFPT.jpg,https://image.tmdb.org/t/p/original/qhIvWLw8ohU1m2FHRokFSirckxI.jpg,18,Released,"Badingsanak Production, NKRB HOUSE"
1188092,Takabur,Takabur,2023-10-03,2023,0.0,0,0.07,seorang pelajar yang akan menghadapi ujiannya,Drama,Muhammad Hanif Faththan Priyono,https://image.tmdb.org/t/p/w500/pCsOuy8gStWcvyEMe8CsfMEWf9i.jpg,https://image.tmdb.org/t/p/original/22Whe4M6IPxv4KQiAcQlaKZDQZc.jpg,4,Released,RectoVerso
1128786,Ibu,Ibu,2023-01-14,2023,0.0,0,0.06,"Azrul curiga pemuda yang kos di rumahnya adalah seorang pembunuh yang masih buron. Azrul menyampaikan hal tersebut ke ibunya. Namun, ibunya tidak mempercayai kecurigaan Azrul.  Full movie: https://karyakarsa.com/ramaderanau/film-thriller-ibu-527739","Kejahatan, Kengerian, Keluarga",Zaid Adiwidiya,https://image.tmdb.org/t/p/w500/5FvxyMKPzmdMRqmSIOFPnz7WdbS.jpg,https://image.tmdb.org/t/p/original/kjEg7YjrdpbXYYb9naOqdc1z1YE.jpg,15,Released,Aura Acting Class
1177965,Ada apa dengan Cici?,Ada apa dengan Cici?,2023-09-17,2023,10.0,3,0.07,Film ini menceritakan tentang seseorang yang kecanduan gadgetnya. tanpa disadari gadgetnya pun menimbulkan dampak negatif bagi dirinya dan orang sekitarnya.,"Drama, Komedi",Emil Subarkah,https://image.tmdb.org/t/p/w500/y8UH5uCb2dkyLnVTxxjZD6xJN25.jpg,https://image.tmdb.org/t/p/original/rIIhdBIUz1iDNOUg6BsGraHbx9i.jpg,10,Released,WAVE Studio
1119460,Bertingkah,Ngendah,2023-04-29,2023,0.0,0,0.07,Menceritakan tentang 2 wisatawan asing yang hendak mengunjungi Bali untuk berlibur namun menemui kejanggalan dalam perjalanan mereka.,Kengerian,Cakra Dewantara,https://image.tmdb.org/t/p/w500/4iyjrXpxBypAhXNBd2agAT651La.jpg,,24,Released,"ANGKAS Production, Angkas Folks, Cryvic Prod."
1144217,Tumbal Hantu Lover,Tumbal Hantu Lover,2023-06-26,2023,0.0,0,0.06,"Hubungan asmara Rafi dan Sarah mendapat rintangan dari kakaknya Sarah (Kevin)  Kevin memberitahu Rafi bahwa syarat untuk bisa berpacaran dengan Sarah adalah jika Rafi bisa memburu hantu.  Rafi pun menyetujui persyaratan tersebut.  Full movie: https://karyakarsa.com/ramaderanau/film-horor-b-movie-tumbal-hantu-lover","Komedi, Kengerian, Percintaan",Bayu Rusdianto,https://image.tmdb.org/t/p/w500/bquQZP37AryuxFaXE516pFAe789.jpg,https://image.tmdb.org/t/p/original/l0X0JjTdFdBXyCpEREJfz18egYh.jpg,0,Released,Aura Acting Class
1088765,Jagal Rahayu,Jagal Rahayu,2023-02-27,2023,9.0,1,0.1,5 remaja memutuskan untuk merayakan malam tahun baru di sebuah villa di desa yang ternyata memiliki ritual tahun baru yang mengerikan.,"Kejahatan, Cerita Seru",Dandiansyah,https://image.tmdb.org/t/p/w500/f12zS6Fm3xg7N7lP7Qtih0dmGWM.jpg,https://image.tmdb.org/t/p/original/rmehJUxET0HONKEVgX9KoFjuwx6.jpg,19,Released,Fivers Production
1094664,Melius Vivere: Ucup's Ideal Planet,Melius Vivere: Ucup's Ideal Planet,2023-01-16,2023,0.0,1,0.06,"Bermimpi menjadi astronot dan menjelajahi Planet Melius Vivere, Ucup harus kembali ke kehidupan nyatanya sebagai anak dari keluarga miskin.","Fantasi, Drama, Cerita Fiksi",Ocak CSA,https://image.tmdb.org/t/p/w500/34XqhiuQAXaxeMmGDxqtgFtZ3md.jpg,,11,Released,
1294442,Barang Panas,Barang Panas,2023-12-23,2023,0.0,0,0.06,Menelisik dampak buruk dari pengelolaan batubara yang tidak teratur menjadikannya ancaman serius bagi lingkungan dan masyarakat sekitar di Pulau Jawa.,Dokumenter,Dandhy Laksono,,,82,Released,
1179741,Nasida Ria: Sun Stage,Nasida Ria: Sun Stage,2023-11-28,2023,0.0,0,0.05,"Tahun 1975, di sebuah asrama perempuan di Kota Semarang. H. Muhammad Zain (Alm) dan 9 santriwatinya berlatih memainkan alat musik untuk berdakwah, dalam sebuah grub bernama Nasida Ria. Ajaibnya, Nasida Ria menjadi grup kasidah internasional tahun 1980. Saat ini, melalui cara berfikir, cara bersikap dan cara menyikapi era digital yang dilakukan oleh Choliq Zain sebagai manajer, Nasida Ria telah berusia hampir setengah abad lamanya, dengan total 4 kali regenerasi. Sempat mengalami pergolakan dengan label rekaman dan personil yang berpindah grup. Choliq tidak ambil pusing. Ia menyelesaikan semuanya bermodal kesabaran selama hampir tiga tahun. Alih-alih ingin menjadi inspirator dalam musik arus utama, Nasida Ria memilih setia membawakan dakwah melalui musik kasidah dan ingin menjadikan kasidah sebagai bagian dari Nusantara.","Dokumenter, Musik",Wisnu Candra,https://image.tmdb.org/t/p/w500/6mHVWjMKDg7PjHRIDR0GOmK9Z6F.jpg,https://image.tmdb.org/t/p/original/o8oeHqGshu695H2wPpqAHMC4mXv.jpg,18,Released,Pixpopuli Film Club
1189382,Jangan Bilang Siapa-siapa,Jangan Bilang Siapa-siapa,2023-10-10,2023,0.0,0,0.05,"Di dalam toilet, Suci tanpa sengaja mendengar sahabat dekatnya membocorkan rahasia kehamilannya.  Tak hanya itu video hubungan intimnya dengan sang pacar pun tersebar di kampus. Hal tersebut memicu Suci untuk melakukan bunuh diri.  Full movie: https://karyakarsa.com/ramaderanau/jangan-bilang-siapa-siapa-your-secrets-safe-with-us",Drama,Rama DeRanau,https://image.tmdb.org/t/p/w500/q2hp880YCDRghGpGfHoF5cVtYCM.jpg,https://image.tmdb.org/t/p/original/htlx2sBRcPKkc1JgYZIjACX1gbG.jpg,6,Released,Aura Acting Class
1135876,Spong,Spong,2023-05-23,2023,0.0,0,0.04,TOGEFILM kembali hadir dengan paket drama berjudul Spong,"Drama, Percintaan",Tidak Diketahui,https://image.tmdb.org/t/p/w500/bJxOvAH8pCQYgSrLDDG5AyuuMev.jpg,,18,Released,TOGEFILM
1225935,Arkian(Sebelum itu-Setelah itu-Kemudian dari pada itu),Arkian,2023-12-26,2023,10.0,1,0.05,Bagaimana jika dua anak(13Th) broken home dengan latar sosial yang berbeda sedang bersama-sama mencari identitasnya sendiri,Drama,Salman Alvares,https://image.tmdb.org/t/p/w500/649DyDfMjj0HcDDyNpTAmwsrC9X.jpg,https://image.tmdb.org/t/p/original/shX5kZV6HvnzqwZ3VuinnkHDtmL.jpg,14,Released,"Studio Kotak Rasa, Ak Founddations Films"
1223057,Memorium,Memorium,2023-12-27,2023,0.0,0,0.08,"Seorang mahasiswa baru lulusan homeschooling untuk pertama kalinya  bersosialisasi, mencoba menyembunyikan foto polaroid lamanya untuk mendapatkan  pertemanan.","Drama, Cerita Fiksi",Wilsen Kie,https://image.tmdb.org/t/p/w500/pIKRosZeHSHVBnB7eVkMlZGSRyW.jpg,https://image.tmdb.org/t/p/original/bWQSuRVMhZjd3BkGsaQhUwrkrSd.jpg,10,Released,"Kurawon Studio, UMN (Universitas Multimedia Nusantara)"
1128847,Sohib,Sohib,2023-04-15,2023,0.0,0,0.08,"Alvaro seorang anak SMA dari keluarga kaya dan tumbuh menjadi remaja yang suka pamer. Sementara Johan berasal dari keluarga miskin tetapi pintar dan bisa masuk sekolah elit karena mendapat bea siswa. Alvaro dan Johan pun akhirnya berteman. Tanpa sadar sikap suka pamer dan perkataan Alvaro yang suka merendahkan membuat Johan sakit hati dan dendam.  Full movie: https://karyakarsa.com/IndonesianIndieMovie/film-thriller-sohib",Kengerian,Imam Satria Aji,https://image.tmdb.org/t/p/w500/ucx5eJZQZ9DlKjipMbLBImp4Qmt.jpg,https://image.tmdb.org/t/p/original/w2w1aewYr7H6oZKRLYIeWO4qjOv.jpg,14,Released,Aura Acting Class
1149638,Tanteku,Tanteku,2023-07-06,2023,0.0,0,0.05,TOGEFILM kembali hadir dengan paket drama berjudul Tanteku,"Drama, Percintaan",Tidak Diketahui,https://image.tmdb.org/t/p/w500/kIQJLCwgDWJQsPK65XqRx146o8N.jpg,,21,Released,TOGEFILM
1173328,Pick Me,Pick Me,2023-09-12,2023,3.0,1,0.06,Perempuan berparas cantik yang selalu ingin menjadi pusat perhatian dan atensi. Memperlakukan banyak lelaki yang mendekatinya sesuka hati. Lalu dihadapkan dengan situasi sulit yang asing baginya.,"Komedi, Percintaan, Drama",Ammar Gusti,https://image.tmdb.org/t/p/w500/dazRTyk1uHfAiXggdCXIkpHcvXA.jpg,https://image.tmdb.org/t/p/original/oFRMbrjJJKBBNdNwRkFng4eHqKz.jpg,20,Released,Absurd Production
1154245,Bloody Podcast,Bloody Podcast,2023-07-20,2023,0.0,0,0.09,"Caroline seorang aktris film pendatang baru menjadi bintang tamu di sebuah podcast. Karena honor yang besar Caroline  tergiur datang ke podcast tersebut. Namun, Caroline tidak menyadari bahwa podcast tersebut dibuat oleh orang-orang  sakit jiwa alias psikopat.  Full movie: https://karyakarsa.com/ramaderanau/film-thriller-bloody-podcast","Kengerian, Kejahatan",Rama DeRanau,https://image.tmdb.org/t/p/w500/oMkGRwtrxI9cVKpEfLAfzsxhZ34.jpg,https://image.tmdb.org/t/p/original/91OT9wuhOP3lszYe7LcAgpAW32M.jpg,15,Released,Aura Acting Class
1226821,Kediaman,Kediaman,2023-05-10,2023,0.0,0,0.1,"Linda (P/23) kembali menemui Dewa (P/24), mantan kekasihnya yang telah menjalin hubungan bertahun-tahun. Linda hanya ingin mengembalikan buku yang bahkan belum selesai ia baca, membuat Dewa kembali teringat akan perpisahan mereka yang menyakitkan. Sama seperti buku yang belum selesai Linda baca, Dewa juga memiliki banyak pertanyaan di kepala mengapa hubungannya dengan Linda selesai begitu saja. Akankah Dewa mendapatkan jawabannya setelah bertemu kembali dengan Linda?","Drama, Percintaan",Riza Pahlevi,https://image.tmdb.org/t/p/w500/zMmIe28IRUgLuwWu0NI6VaoImTY.jpg,https://image.tmdb.org/t/p/original/949V9n29JEqqEDSZqp3Jtg99loQ.jpg,10,Released,Relive Pictures
1068831,"Little League: From Ambition, I Learned","Little League: From Ambition, I Learned",2023-02-24,2023,9.0,1,0.07,"GUNTUR (12 Tahun) berambisi untuk memenangkan perlombaan kerajinan tangan di sekolahnya, ketika mulai mengerjakan karyanya Guntur mendapat banyak sekali hambatan yang mengakibatkan action figure buatannya tidak kunjung selesai. Apakah Guntur dapat menyelesaikan karya action figure nya dengan tepat waktu?","Drama, Komedi",Daru Satrioadi Wiguna,https://image.tmdb.org/t/p/w500/zPvq6BrFRDFJc3elzWKYin11dIt.jpg,https://image.tmdb.org/t/p/original/g2CCWgDKcmQTNjZ8YVimKvPFCNJ.jpg,10,Released,PiHappy Production
1135885,Pecun,Pecun,2023-05-20,2023,0.0,0,0.11,TOGEFILM kembali hadir dengan paket drama berjudul Pecun.,"Drama, Percintaan",Tidak Diketahui,https://image.tmdb.org/t/p/w500/99Kh0T1pVvey1MWEEQtzVX1egoT.jpg,,40,Released,TOGEFILM
1186466,Lamaran Berdarah,Lamaran Berdarah,2023-10-25,2023,0.0,0,0.07,"Siang itu perdebatan berakhir manis antara Puan dan Pria tatkala Pria berjanji pada malam hari saat bulan purnama ia akandatang melamar sang Puan. Malam yang dinanti tiba, makan malam yang seharusnya menjadi makan malam terindah bagi Puantak seindah angan, berakhir berdarah ketika Pria berubah wujud dan menghabisi keluarga dan harapan Puan.","Drama, Kengerian, Misteri",Ardian Parasto,https://image.tmdb.org/t/p/w500/7tldnaIhFMk5HnDIbTF3PtCv2QS.jpg,,11,Released,Sure Pictures
1179311,Mira Sudah Tidur,Mira Sudah Tidur,2023-09-21,2023,0.0,0,0.08,Mira seorang perawat yang mencari pengganti suara dengkuran mendiang suaminya untuk mendapatkan kenyamanan tidur,"Fantasi, Drama",Haris Yuliyanto,https://image.tmdb.org/t/p/w500/7oeMKXKGYXOuNG6wqwsls7a7dca.jpg,,5,Released,Kura Kura Terbang
1269381,Five Minutes of Love,Five Minutes of Love,2023-12-15,2023,0.0,0,0.07,"Film “5 Minutes of Love” ini menceritakan tentang seorang wanita lanjut usia (Ratna, 60 Tahun) yang hidup sendiri, dan menyukai bunga. Di dalam ketidaksengajaan, Ratna bertemu dengan seorang pria lanjut usia (Jati, 70 Tahun) di penyebrangan Zebra Cross. Ratna merasa ada yang berbeda dalam rasa yang ada di dalam hatinya. Ratna jatuh suka terhadap Jati. Lalu Ratna membayangkan bagaimana jika Ratna dan Jati hidup bersama.",Percintaan,Daffa Putra Ramadhan,https://image.tmdb.org/t/p/w500/mdAxrrEEttC5DYdSMn0gX5VVwj6.jpg,https://image.tmdb.org/t/p/original/pTLak7IQOQnPYkkR5Lwh7kRSEBE.jpg,13,Released,Cusinema
1165248,Lakuna,"Lakuna: Left Body, Lost Soul",2023-08-07,2023,10.0,1,0.08,Tentang tekanan mental seorang korban kekerasan seksual,Drama,M. Iskandar Pratama,https://image.tmdb.org/t/p/w500/cROhBJc4IQ9iCl5mp6FVlcQQe4U.jpg,https://image.tmdb.org/t/p/original/tUsjba8aTFI0pfBjKJywsz5XK6O.jpg,12,Released,Alir Pictures
1128802,Prostilitikus,Prostilitikus,2023-06-09,2023,0.0,0,0.06,"Boy, manager sekaligus kekasih Carol mendapat kabar kalau job Carol membintangi sebuah film dicancel karena digantikan oleh Gina yang sedang viral. Hal tersebut membuat Carol dan Boy kebingungan untuk membayar sewa rumah mewah dan tagihan kartu kredit mereka.  Sehari kemudian Ben, teman lama Boy menelepon mangajak Boy untuk bertemu di kafe. Di kafe tersebut Ben menjelaskan kalau Rama Prasetya, seorang taipan yang sedang mencalonkan diri menjadi gubernur sangat mengidolakan Carol. Rama bersedia membayar lima ratus juta rupiah jika Carol bersedia tidur dengannya.  Akankah Carol menerima tawaran dari Rama Prasetya?  Full movie: https://www.vidio.com/watch/7383316-film-khusus-18-prostilitikus",Drama,Zaid Adiwidiya,https://image.tmdb.org/t/p/w500/A3gPtYhL3BBbl5DVAiOvCUNh1yB.jpg,https://image.tmdb.org/t/p/original/2Qiw8e5HGLhF4z1uwyuWMXCwtz7.jpg,20,Released,Mr. Jaya Pictures
1140108,Kok Penasaran Sama Setan? (KoPe SaSet) Eps 1. Misteri Hantu Gepeng,Kok Penasaran Sama Setan? (KoPe SaSet) Eps 1. Misteri Hantu Gepeng,2023-06-14,2023,0.0,0,0.07,"Helmi yang tidak percaya dengan makhluk halus seperti hantu, sering bertengkar dengan Gita yang indigo. Bobby teman kampus Helmi dan Gita, memberikan ide supaya membuat team pengungkap misteri untuk membuktikan siapa yang benar.  Kasus pertama yang mereka selidiki adalah urban legend tentang hantu Mr. Gepeng. Mereka bertiga akhirnya melakukan ritual pemanggilan arwah hantu Mr. Gepeng di toilet wanita di kampus mereka saat tengah malam.  Apakah hantu Mr. Gepeng akan muncul? Apakah itu hanya mitos belaka?  Full movie: https://tiptip.id/content/d7748d22-f9f5-4fab-bff7-724055106401","Cerita Seru, Komedi, Kengerian",Bayu Rusdianto,https://image.tmdb.org/t/p/w500/tL8bw7Ih4lcaDlSymOJq4XrnJmX.jpg,https://image.tmdb.org/t/p/original/iLdWCIku3ZMZDSc9TGGbtMRhUfP.jpg,17,Released,Aura Acting Class
1339535,Anahita,Anahita,2023-12-20,2023,0.0,0,0.06,"Anahita dipeluk kecemasan, doanya tak kunjung sampai. Apakah mungkin jalan yang ia ambil salah? Lantas, apa yang akan dilakukan Anahita setelah doanya terkabul?",Drama,Hielmy Aditya Permana,https://image.tmdb.org/t/p/w500/sDfH7r23TMLvIVJg1DXHWvSxs4u.jpg,https://image.tmdb.org/t/p/original/xIbGVnC751bjqVNjHzNS5aB8kpg.jpg,7,Released,
1128801,Teror: Darah Dibalas Darah,Teror: Darah Dibalas Darah,2023-03-17,2023,0.0,0,0.07,"Joko menjelang bulan puasa kehilangan pekerjaan. Dalam kegalauan Joko memutuskan keluar kosannya dan melihat Rani yang sedang diikuti oleh tiga orang begal. Joko menyelamatkan Rani dari ketiga begal tersebut.  Joko akhirnya jatuh cinta dengan Rani. Namun, Rani hanya memanfaatkan Joko sampai uangnya habis. Joko pun terlilit hutang dan nekat mencuri handphone milik Krisna di warung Asri. Namun sial, Joko tewas dihakimi warga.  Arwah Joko pun bergentayangan membalas dendam ke orang-orang yang telah membunuhnya.  Full movie: https://www.movihub.id/","Kejahatan, Komedi, Kengerian, Percintaan",Rama DeRanau,https://image.tmdb.org/t/p/w500/exU9EcTjSshdXm3oTfcwOMVdsNP.jpg,https://image.tmdb.org/t/p/original/86GSP2ZxxIhTWkNnwTXZFbVO9Gi.jpg,41,Released,"Movihub.id, Moestopo Productions"
1188508,Kok Penasaran Sama Setan? (KoPe SaSet) Eps 3. Dunia Lain,Kok Penasaran Sama Setan? (KoPe SaSet) Eps 3. Dunia Lain,2023-10-07,2023,9.0,1,0.08,"Setelah kejadian penyelidikan Misteri Hantu Gepeng dan Misteri Papan Charlie. Syifa dan Jasmine menghilang. Gita, Helmy, Amel, Bobby, Mike berdebat untuk memutuskan apakah akan melanjutkan projek pembuktian kebenaran Urban Legend tersebut atau tidak? Namun, mereka tidak menyadari kalau mereka sudah berada di dunia lain!  Full movie: https://tiptip.id/content/0f91dba7-0ef7-4e72-9eaf-210a6b46f1be","Kengerian, Komedi",Bayu Rusdianto,https://image.tmdb.org/t/p/w500/nS0lYWH7bC2vAfQehjj929vjYq0.jpg,https://image.tmdb.org/t/p/original/9Ve4rtQgKlMeeH8lVB0bIgZ00o1.jpg,11,Released,Aura Acting Class
1175497,We Need More Fans in Summer !,We Need More Fans in Summer !,2023-09-26,2023,0.0,0,0.06,"Suatu hari, Kucing yang kesepian karena selalu ditinggal oleh pemiliknya, bersama Anjing tetangganya bermain bersama di Kamar Losmen milik Kucing. Karena panasnya kota Semarang yang semakin ekstrim, daripada mereka kehilangan bulunya secara perlahan. Mereka pun memesan Kipas Angin secara delivery memakai hp milik majikan kucing sambil memainkan barang-barang di kamar si Kucing yang canggih.","Cerita Fiksi, Fantasi",Faizal Kusuma,https://image.tmdb.org/t/p/w500/fVeSb1bsHoNTeAshhmd7rcbLcFE.jpg,https://image.tmdb.org/t/p/original/aRUDhWKwPgK0QsWdrlrhM9SO5J7.jpg,6,Released,Lanyah Films
1130377,Kala,Kala,2023-06-04,2023,0.0,0,0.07,Mengisahkan tentang sepasang kekasih yang berpisah sembari mendengarkan urutan lagu di kaset,"Drama, Percintaan",Giannina Trixie Lapian,https://image.tmdb.org/t/p/w500/y4DPokCx1IXFgi3Nd2lqtvs2bFF.jpg,,18,Released,
1243662,Semangat anak bangsa,The spirit of the nation's youth,2023-08-24,2023,0.0,0,0.07,"Di 17 Agustus, Seorang remaja yang ingin mengubah hidupnya untuk selamanya.","Petualangan, Drama, Cerita Seru",Al Fairuz,https://image.tmdb.org/t/p/w500/kUfpTabHUakZiHYW6Wqs0cO8zZO.jpg,,3,Released,SMA 7 BANDUNG
1374857,Hitler Mati di Surabaya,Hitler Mati di Surabaya,2023-12-16,2023,0.0,0,0.14,"One afternoon, the public was shocked by the news of the discovery of the grave of Adolf Hitler, a Nazi leader, at the Ngagel cemetery, Surabaya. Mitro (40), a grave guard was interviewed by TV journalists regarding the discovery. Mitro answered simply because he didn't know about Hitler. Mitro is considered an artist by his family and neighbors, not a few of whom want to take selfies with Mitro. One day, his wife said that she really wanted to go on holiday. Mitro, whose life is barely possible, is only promising. He then got the idea to create a paid ride at the tomb. Visitors can enter the cloth booths that surround the tomb and take photos with Hitler inside, with Mitro dressed up as Hitler. He then found out who Hitler was via the internet.","Drama, Komedi",Dhamar Jagad Gautama,https://image.tmdb.org/t/p/w500/zq9II5Gr2keGiJRYEoSdVS4qmz1.jpg,https://image.tmdb.org/t/p/original/iDuh2egaVeQh1wtARNuYLK6gYIH.jpg,15,Released,Sinematografi Universitas Airlangga
1126131,Galaksi,Galaksi,2023-08-24,2023,0.0,0,0.61,"Di tengah persaingan geng, cinta tak terduga Galaksi pada Kejora memicu empati, memicu konflik yang melibatkan Paskibra dan geng motor Ravispa dan Avegar.","Aksi, Drama, Percintaan",Kuntz Agus,https://image.tmdb.org/t/p/w500/yxoXjs4RrGloesXFihpqWq3tEL2.jpg,https://image.tmdb.org/t/p/original/2zuBOg2VC1kgEva8DD2JZb3GzwG.jpg,118,Released,"Rapi Films, Screenplay Films"
1052865,Sewu Dino,Sewu Dino,2023-04-19,2023,6.9,29,0.56,"Diangkat dari Twitter thread dan novel populer Simple Man yang sebelumnya menceritakan KKN di Desa Penari, kini dia membawa cerita baru berjudul Sewu Dino. Kisah horor ini dikabarkan lebih mencekam dari KKN di Desa Penari!","Kengerian, Misteri, Cerita Seru",Kimo Stamboel,https://image.tmdb.org/t/p/w500/kSjkuebiNcHyJpIdLka3zD4Z7cM.jpg,https://image.tmdb.org/t/p/original/tDcCX1rSJZomkMKi8CfwcZUy0Tx.jpg,121,Released,MD Pictures
1082213,Sleep Call,Sleep Call,2023-09-07,2023,6.7,9,0.42,"Dina, terjerat dalam utang dan dipaksa untuk bekerja di perusahaan pinjaman ilegal, mencari kedamaian dalam aktivitas 'sleep call' dengan Rama, seorang asing yang karismatik dari situs kencan. Tetapi seiring hubungan adiktif mereka semakin dalam, serangkaian kematian yang tak dapat dijelaskan menghantui dirinya, mengubah kedamaian menjadi obsesi yang mematikan.","Cerita Seru, Drama, Percintaan",Fajar Nugros,https://image.tmdb.org/t/p/w500/gIUd4ZU2xakeKx5NFPdaEa45oPY.jpg,https://image.tmdb.org/t/p/original/uSleSZ3FE4msSCfbufF7zIoKh4F.jpg,100,Released,IDN Pictures
1017338,Hidayah,Hidayah,2023-01-12,2023,5.8,4,0.42,"Di tengah imannya yang goyah, ustadz muda yang mantan narapidana bernama Bahri (Ajil Ditto) berusaha mengubur masa lalunya dengan bekerja di kota. Suatu ketika, sahabat Bahri bernama Hasan (Alif Joerg), datang dari desa untuk meminta tolong kepadanya. Desa kelahiran mereka sedang mengalami gangguan gaib yang mengusik kedamaian. Warga yakin semua itu disebabkan oleh Ratna (Givina) teman lama Bahri dan Hasan. Ratna sakit keras namun tak kunjung menemui ajal, dan mengundang kemunculan suatu makhluk gaib yang meneror desa itu. Setiba di desa, bahaya yang harus dihadapi Bahri ternyata lebih besar dari dugaannya. Ia pun tidak punya pilihan selain meraih kembali hidayah dan memperteguh imannya.","Kengerian, Drama",Monty Tiwa,https://image.tmdb.org/t/p/w500/4WN1JVADjNBMBpphTU0jE8mp8PN.jpg,https://image.tmdb.org/t/p/original/wrM6Ew7GjatE0JQwysvn2Hk4W7I.jpg,92,Released,"Pichouse Films, MD Pictures, Clock Work Films"
1058629,Mohon Doa Restu,Mohon Doa Restu,2023-10-26,2023,6.0,2,0.37,"Mel dan Satya, teman kecil yang saling jatuh cinta. Bertemu kembali saat dewasa, meyakinkan mereka untuk menghabiskan masa tua bersama melalui sebuah pernikahan idaman mereka berdua. Namun mimpi indah berubah buruk, ketika Widi dan Ira, ibu dari Mel dan Satya, mulai mengganggu masuk ke rencana-rencana indah dua anaknya itu. Satya berusaha bertahan, tapi Mel ragu. Apakah situasi ini yang benar-benar dia inginkan? Terjebak dengan mertua yang tak beda jauh dengan ibunya? Bagi Mel, apakah Satya laki-laki yang tepat untuk dia?","Komedi, Drama, Keluarga",Ody C. Harahap,https://image.tmdb.org/t/p/w500/y1hjQfLbsh5U3tVrOfDJYrZAfmh.jpg,https://image.tmdb.org/t/p/original/3kqTrU8K5uO4Qht1HPY1VtEP4Ng.jpg,106,Released,"Screenplay Films, Rapi Films, Investasi Film Indonesia"
662728,Kisah Tanah Jawa: Pocong Gundul,Kisah Tanah Jawa: Pocong Gundul,2023-09-21,2023,7.2,8,1.15,"Hao, dengan retrokognisi, menyelamatkan Sari dari murka Pocong Gundul, seorang penyihir jahat dalam bentuk hantu, mempertaruhkan nyawanya untuk menghentikan rencana jahatnya.",Kengerian,Awi Suryadi,https://image.tmdb.org/t/p/w500/pzREo2uh5jyxKoUR8TizxKZ7n3b.jpg,https://image.tmdb.org/t/p/original/4fTW4N1CdnyRr2EjKJUx3eYuXiS.jpg,107,Released,MD Pictures
1138474,Primbon,Primbon,2023-08-10,2023,5.2,10,0.35,"Di tengah perjalanan mendaki gunung, Rana hilang, tetapi secara ajaib kembali ke rumah, menyebabkan konflik antara keyakinan ibunya akan kelangsungan hidupnya dan keluarga besar yang percaya takhayul.","Drama, Kengerian",Rudi Soedjarwo,https://image.tmdb.org/t/p/w500/7JF4Z1wCKt0NeRicyQzs4zD5Zv0.jpg,https://image.tmdb.org/t/p/original/dSNTIeu7qpM1H1YlOdEu0awVPo.jpg,88,Released,"Cakra Film, Maxima Pictures, MAXStream Studios"
1074299,Di Ambang Kematian,Di Ambang Kematian,2023-09-28,2023,5.9,16,0.32,"Nadia, satu-satunya yang selamat dari nasib tragis keluarganya, bergulat dengan ancaman pengorbanan ayahnya saat dia menghadapi kehidupan di ujung tanduk.","Kengerian, Cerita Seru, Drama, Misteri",Azhar Kinoi Lubis,https://image.tmdb.org/t/p/w500/zWFqAAGqF5iCHPq4YJSuoRw1F8l.jpg,https://image.tmdb.org/t/p/original/h8y2huTFx6lc7ElzMhFv2Ax9DnA.jpg,97,Released,MVP Pictures
1052867,Catatan si Boy,Catatan si Boy,2023-08-17,2023,6.1,4,0.32,"Boy, seorang siswa yang sempurna, menghadapi patah hati dan kebingungan ketika pacar tercintanya menghilang, yang mengarah ke romansa baru yang terancam oleh kembalinya mantan pacarnya.","Drama, Percintaan",Hanung Bramantyo,https://image.tmdb.org/t/p/w500/9yZWVwo9NJOnvBwY1w705hhOKDB.jpg,https://image.tmdb.org/t/p/original/5moY1YuSkcuOCXsfhyCAd0OkcpA.jpg,126,Released,"MD Pictures, MVP Pictures, Dapur Film"
970209,Star Syndrome,Star Syndrome,2023-06-08,2023,7.0,1,0.2,Seorang penyanyi yang sudah tidak lagi terkenal ingin come back dengan merilis sebuah singel. Akan tetapi industri musik telah berubah dari masa kejayaannya,"Komedi, Drama, Musik",Soleh Solihun,https://image.tmdb.org/t/p/w500/xoVWsOC2r78XjZDNgRbxo5uc8eQ.jpg,https://image.tmdb.org/t/p/original/ammBxGSh3zouf0zRjmO9r5cY4Cg.jpg,113,Released,Mahakarya Pictures
996867,Saranjana: Kota Ghaib,Saranjana: Kota Ghaib,2023-10-26,2023,2.7,3,0.25,"Sebuah band ternama asal Jakarta tengah menggelar konser di Kotabaru, Kalimantan Selatan. Vokalis mereka, Shita (Dinda Azani) menghilang secara misterius. Para personel band lainnya pun berusaha mencari sang vokalis. Setelah mencari dan menemukan informasi, ternyata Shita berada di Saranjana, sebuah kota gaib yang diyakini oleh warga setempat sebagai kota misterius yang modern dan maju. Demi mengembalikan sang vokalis ke dunia nyata, mereka harus berpetualang melewati berbagai kejadian mengerikan dan mistis untuk menemukan portal ke Saranjana.","Kengerian, Petualangan, Cerita Fiksi",Johansyah Jumberan,https://image.tmdb.org/t/p/w500/gQGNKqk4vNG7xY6qItN5ASXm9i7.jpg,https://image.tmdb.org/t/p/original/2Kn8L7K1AC3EpVEK462MQ7IRr34.jpg,100,Released,DHF Entertainment
1052843,Anak Titipan Setan,Anak Titipan Setan,2023-01-12,2023,5.0,1,0.22,"Anak Titipan Setan bercerita tentang Putri (Gisella Anastasia) yang harus kembali ke desanya dari Australia karena keluarganya di desa Meloyo Kidul, Surakarta sedang kena masalah besar. Eyang Susana (Ingrid Widjanarko), Ibu dari Putri memaksa Putri pulang membawa anak laki-lakinya, yang diyakini bisa jadi solusi dari masalah yang dihadapi. Masalah yang mengancam keselamatan seluruh keluarga itu berawal ketika Eyang Susana ikut ritual pesugihan dan mengikat perjanjian dengan iblis Jaran Penoleh. Bagaimana Putri mengungkap misteri keluarga dan menyelesaikan perjanjian dengan Jaran Penoleh menjadi gagasan utama film ini.",Kengerian,Erwin Arnada,https://image.tmdb.org/t/p/w500/8rGONJnuGOnxy6dgTxgGBg02Tub.jpg,https://image.tmdb.org/t/p/original/wJ3kRthiSut4PHt49cTVyMmNDRx.jpg,108,Released,"Jaman Studio, Produksi Film Negara"
1098252,Aku Tahu Kapan Kamu Mati: Desa Bunuh Diri,Aku Tahu Kapan Kamu Mati: Desa Bunuh Diri,2023-09-14,2023,4.6,5,0.14,"Dimana Siena mengalami depresi akibat bisa melihat tanda kematian seseorang. Bahkan dalam situasi ini, ia mencoba membantu masyarakat Desa Remetuk yang diselimuti misteri bunuh diri.","Kengerian, Misteri, Cerita Seru",Anggy Umbara,https://image.tmdb.org/t/p/w500/zoEa7rP7M9vx1ogLudwPwTjyXKX.jpg,https://image.tmdb.org/t/p/original/n2NpmK3AyHb9ZDmoKem8IROJJh6.jpg,105,Released,"Unlimited Production, Umbara Brothers Film, Dwi Abisatya Persada"
1186003,"Ludruk Dahulu, Kini, dan Nanti","Ludruk Dahulu, Kini, dan Nanti",2023-09-29,2023,8.0,1,0.07,Para seniwati Ludruk Tobong berjuang keras untuk mempertahankan kesenian yang menghidupinya sejak dahulu. Mereka juga berupaya manghalau stigma negatif dari transpuan melalui media kebudayaan.,Dokumenter,Reni Apriliana,https://image.tmdb.org/t/p/w500/fzxfEmrOrZbDo2ofd5L2zlwh9mE.jpg,,24,Released,"Krida Film, Kementerian Pendidikan, Kebudayaan, Riset dan Teknologi RI"
1058063,Siksa Neraka,Siksa Neraka,2023-12-14,2023,6.9,20,0.67,"Empat kakak beradik, Saleh, Fajar, Tyas, dan Azizah, sejak kecil telah mendengar kisah-kisah mengenai surga dan neraka. Mereka dididik dengan keras oleh bapak mereka, seorang ustad muda yang terpandang di desa.  Suatu malam, dalam perjalanan menuju desa seberang tanpa sepengetahuan orang tua mereka, Saleh dan adik-adiknya terseret arus sungai yang deras dan menghilang. Saleh kemudian terbangun di alam yang lain, neraka yang selalu dikisahkan bapaknya.  Pencarian dilakukan di dunia untuk menemukan anak-anak bapak, entah hidup atau mati. Satu per satu rahasia terungkap, membuat bapak dan ibu mempertanyakan apakah mereka sudah cukup membekali anak-anaknya. Di neraka, Saleh dan yang lain juga saling mencari, sambil menghadapi siksaan yang kian besar atas dosa-dosa yang selama ini mereka sembunyikan.  Di bioskop 14 Desember 2023.","Kengerian, Cerita Seru",Anggy Umbara,https://image.tmdb.org/t/p/w500/gt0zaEuYDgr5AbgHkLKmTfliBdd.jpg,https://image.tmdb.org/t/p/original/ljW26r8uuJs8zvdjFW3mnKmSN51.jpg,98,Released,"Dee Company, Umbara Brothers Film"
1064312,Waktu Maghrib,Waktu Maghrib,2023-02-09,2023,6.0,21,1.64,"Adi, Saman dan Ayu tinggal di Desa Jatijajar, sebuah desa terpencil di Jawa Tengah. Karena harus membantu keluarga mereka di ladang, Adi dan Saman jadi sering terlambat masuk sekolah. Akibatnya, keduanya sering dihukum oleh Bu Woro, guru mereka yang disiplin dan galak. Suatu hari, kekesalan Adi dan Saman terhadap Bu Woro memuncak. Mereka menyumpahi Bu Woro, bahkan berharap agar guru itu mati saja. Sumpah ini terucap bersamaan dengan berkumandangnya adzan Maghrib. Tak lama sesudahnya, Bu Woro meninggal secara mengenaskan.",Kengerian,Sidharta Tata,https://image.tmdb.org/t/p/w500/tLkviJkau1cRMCoAa06R1gkH2Hn.jpg,https://image.tmdb.org/t/p/original/3g2GKCM0og3MPnffWSuEEFQsQfH.jpg,104,Released,"Rapi Films, Sky Media"
1126128,13 Bom di Jakarta,13 Bom di Jakarta,2023-12-28,2023,7.1,25,0.94,Badan kontraterorisme harus berpacu melawan waktu demi menghentikan gelombang serangan bom fatal di berbagai penjuru ibu kota Indonesia.,"Aksi, Kejahatan, Cerita Seru",Angga Dwimas Sasongko,https://image.tmdb.org/t/p/w500/wfmlt4KKn96GvdJloB0iIjMVWfQ.jpg,https://image.tmdb.org/t/p/original/bB8av9j4BideDSLuDeAreqMJJil.jpg,143,Released,"Visinema Pictures, INDODAX, Legacy Pictures, Volix Pictures, Folkative, INFIA, Barunson E&A"
1237748,Sekali Semustawa (A Tale of Loneliness),Sekali Semustawa (A Tale of Loneliness),2022-09-08,2022,0.0,0,0.11,"Rafli yang ingin berziarah ke makam neneknya, namun ada hal aneh yang terjadi",Drama,Shohipul Ma'ruf,https://image.tmdb.org/t/p/w500/j8jilo20eyWSgulGN5SsRi3QWYa.jpg,https://image.tmdb.org/t/p/original/pNIoQPBAJYuVjAJ3O5wmOUv0GsZ.jpg,6,Released,Team Creative Multimedia
1134761,LOMA,LOMA,2022-12-14,2022,0.0,0,0.11,"Loma, siswi SMP yang ingin mencalonkan diri sebagai ketua dewan penggalang, namun banyak orang yang menghina dan tidak mempercayainya sebab dirinya adalah anak seorang koruptor","Petualangan, Drama, Keluarga",Della Kartika,https://image.tmdb.org/t/p/w500/cjpCvZDrW8SM1u7zkR683isMEiY.jpg,,14,Released,Relung Production
1213112,Pakai Ja,Pakai Ja,2022-08-12,2022,0.0,0,0.11,"Ica seorang bandahara kelas yang sedang kebingungan bagaimana caranya agar ia bisa membayar barang pesanannya, disamping rasa kegelisahannya itu ada seorang iblis yang menggodanya untuk melakukan hal yang tidak seharusnya dilakukan oleh ica agar memenuhi hasrat kegengsiannya.","Drama, Komedi",Muhammad Hilal Azmi,https://image.tmdb.org/t/p/w500/fBjUHvRYzuR8h9a3DA811yjFD9u.jpg,https://image.tmdb.org/t/p/original/c56aOu13ogF9px42kHP3nugIF5.jpg,13,Released,"Kukuruyuk Project, NKRB HOUSE"
683328,The Big 4,The Big 4,2022-12-19,2022,6.8,205,1.45,Seorang detektif wanita bekerja sama dengan empat pembunuh bayaran untuk menyelidiki pembunuhan ayahnya.,"Aksi, Komedi, Kejahatan, Cerita Seru",Timo Tjahjanto,https://image.tmdb.org/t/p/w500/8Q7Zxnxdn64nGrA1qklKNnFJ7QB.jpg,https://image.tmdb.org/t/p/original/ecaB1LUoQE1ylZJVF5KLRTkewt8.jpg,141,Released,Frontier Pictures
1263663,H Untuk Hantu,H Untuk Hantu,2022-06-25,2022,0.0,0,0.13,"Maman, Bayu dan Lisa merupakan sosok hantu yang ingin membuat manusia takut kembali pada hantu. Namun usaha 2 hantu lainnya malah membuat mereka berhubungan semakin dekat dengan manusia dan gagal membuat manusia takut lagi dengan hantu.","Komedi, Kengerian",Adith Dudit,https://image.tmdb.org/t/p/w500/TIhPAjt3zlFBVl4FvVGpf7ofxP.jpg,https://image.tmdb.org/t/p/original/mgpXSltRCCzZwshkodbX1rGM7qO.jpg,29,Released,Pixelmount Production
942012,Menjelang Magrib,Menjelang Magrib,2022-03-31,2022,5.5,8,0.79,"Seorang reporter dan juru kameranya menyelidiki Nina, seorang wanita muda yang dipasung karena dia memiliki gangguan jiwa yang ternyata menjadi sesuatu yang mistis.","Kengerian, Drama, Misteri",Helfi C.H. Kardit,https://image.tmdb.org/t/p/w500/pvUoGZ72pZoR2SSEqNap9HneTpc.jpg,https://image.tmdb.org/t/p/original/ulhFLDyHUvCsJpJHf1CvqMayv8b.jpg,102,Released,"Silent D Pictures, Helroad Films"
682367,Ashiap Man,Ashiap Man,2022-11-17,2022,2.7,6,0.93,"Sejak kecil, Zulkarnaen terobsesi dengan pahlawan yang selalu diceritakan oleh ayahnya, Pak Ibrahim. Aisyah adalah satu-satunya orang yang selalu mendukung Zul untuk menjadi ksatria mempertahankan desanya. Suatu hari Zul bertemu dengan gadis misterius bernama Kiara yang membuat Zul takjub. Namun setelah Zul gagal menyelamatkan ayahnya, Zul patah semangat. Apakah Zul sebagai Ashap Man bisa menjadi pahlawan? Dan siapa yang akan dipilih Zul, Aisyah atau Kiara?","Aksi, Komedi, Drama, Petualangan, Cerita Fiksi",Atta Halilintar,https://image.tmdb.org/t/p/w500/mh7IA9Rld4Pa0WhsmRPsdd0mc6S.jpg,https://image.tmdb.org/t/p/original/pXRggAbfIlZAYvANE686C99IPtU.jpg,102,Released,Starvision Plus
1057077,Tidak Ada Lagi Kesempatan Kedua,No More Second Chances,2022-12-09,2022,0.0,0,0.16,SAMIN (21) seorang laki-laki pemabuk berharap mendapatkan kesempatan kedua pada hari pengadilan dengan mengajukan banding kepada hakim.,"Drama, Fantasi",Yossenda Venus,https://image.tmdb.org/t/p/w500/7MQSG2q0qH8GXtpDh0GSBuC1dDn.jpg,,8,Released,Cinelogic Pictures
1218188,Money Laundry,Money Laundry,2022-11-24,2022,0.0,0,0.22,"Masli adalah pemilik jasa laundry kelas menengah yang narsis. Di tengah kondisi ekonomi yang memprihatinkan, seorang pelanggan datang meninggalkan setumpuk uang di laundrynya. Perjuangan batin dan keinginan manusia juga hadir untuk alat pertukaran nilai ini.",,Fowaz Dirja,https://image.tmdb.org/t/p/w500/5rWLaZOAKD2Z5pOz42qEz0BplNB.jpg,,18,Released,
724080,Cinta Subuh,Cinta Subuh,2022-05-19,2022,6.5,3,0.23,"Angga yang jatuh cinta dengan teman kuliahnya, Ratih. Angga merupakan sosok laki-laki yang sedang mencari jati diri dan sering bergonta-ganti pasangan, sedangkan Ratih adalah sosok wanita yang taat agama.","Drama, Percintaan",Indra Gunawan,https://image.tmdb.org/t/p/w500/yvVu4yjMQ0GIcblYUonT678bDQW.jpg,https://image.tmdb.org/t/p/original/7hju87MgcATWLHMQfTD4yEeCdov.jpg,112,Released,Falcon Pictures
1055459,Ayo Putus,Ayo Putus,2022-12-15,2022,6.5,1,0.22,Selatan memiliki prinsip mendapatkan seorang gadis dan kemudian putus setelah tiga hari berpacaran. Namun prinsip itu goyah ketika dia mengincar Alma. Bisakah Selatan putus dengan Alma?,"Komedi, Drama, Percintaan",Rizal Mantovani,https://image.tmdb.org/t/p/w500/nSqToocgoDABPTTZsyL2gOyPOzi.jpg,https://image.tmdb.org/t/p/original/zPG05tGqnLQiK76TmYpsGW5ItAA.jpg,90,Released,MD Pictures
942908,The Guest,The Guest,2022-01-29,2022,0.0,0,0.08,"Yogi, seorang karyawan yang hidup sendirian di rumahnya. Suatu saat, seorang anak yang tidak dikenal masuk ke dalam rumahnya dan mengubah hidupnya.","Drama, Keluarga, Cerita Seru, Komedi",Jeshua Hamasya Christian Maloring,https://image.tmdb.org/t/p/w500/ghVry1XoS5KCTEkv92EWgWbv9Sk.jpg,https://image.tmdb.org/t/p/original/9iyueItksS9oDnF2CqqfRKWghBJ.jpg,10,Released,Senada Films
1095896,Days To Forget,Days To Forget,2022-10-04,2022,0.0,0,0.22,"Setelah mengalami perpisahan yang sulit, Noah menemukan dirinya tersesat dalam kesepiannya. Dia menyaksikan teman-temannya menjauh membuat pemulihan perpisahannya menjadi salah satu momen terberat dalam hidupnya. Sejak itu, dia melewati 4 tahap kesedihan, mengetahui bahwa segala sesuatu memiliki proses dan segala sesuatunya benar-benar menjadi lebih baik. Pada akhirnya, Noah menerima semuanya apa adanya dan menemukan awal yang baru.",Drama,Kevin Navarro Cakrawangsa,https://image.tmdb.org/t/p/w500/8dLLZA1nyUTwXdvmwlmUQU7b3xc.jpg,,6,Released,"ANGKAS Production, Vineon Creative"
1299640,REWIND INDONESIA 2022,REWIND INDONESIA 2022,2022-12-30,2022,7.5,1,0.16,"Rewind indonesia, sebuah perayaan kreatifitas generasi muda yang merangkum berbagai macam fenomena dan trend satu tahun terakhir dan disajikan dalam sebuah video yang berisi Kompilasi peristiwa populer di Indonesia baik di dalam maupun luar negeri yang dihadirkan dari kolaborasi para konten kreator  & figure lintas platform tanah air.","Musik, Drama",Cianicolay,https://image.tmdb.org/t/p/w500/wy1le9bnwLJIaU3wD1Kq4UUkUig.jpg,https://image.tmdb.org/t/p/original/rQcuUzSIEvXdoMbnoMuBZ1In4Rj.jpg,15,Released,
1179488,Rencang,Rencang,2022-12-01,2022,9.0,1,0.05,Kelereng Doni dirampas oleh komplotan Mamat karena ia bermain di Lapangan kekuasaanya. Doni yang tidak terima menantang Mamat untuk mempertaruhkan seluruh kelerengnya dalam sebuah pertandingan kelereng dan Doni memepertaruhkan kelereng emas andalannya.,"Drama, Komedi",Novita Sari,https://image.tmdb.org/t/p/w500/jnLcwwKhKasVDXXuXqgD51pdL6K.jpg,https://image.tmdb.org/t/p/original/ampxrl2xHjRMBOA5s1tu530JX0c.jpg,15,Released,xixinema production
1098829,Dua Bulan Berakhir Di Penjara,Dua Bulan Berakhir Di Penjara,2022-04-17,2022,0.0,0,0.07,"Hartono, seorang kepala Desa yang baru saja di lantik sekitar bulan lalu, mengalami perubahan dalam masa pemimpinannya. Halimah, sosok istri yang dikenal ramah, menjadi sebagai pemberi masukan dan nasehat untuk suaminya, Hartono.","Drama, Kejahatan",Leonard Louis Paais,https://image.tmdb.org/t/p/w500/wIW6lxn0I77QjUmLoUOwrMXPyLN.jpg,,6,Released,"Taman Rama Jimbaran Community, ANGKAS Production"
1036858,Bukan Anak Meriam,Bukan Anak Meriam,2022-10-14,2022,6.0,1,0.05,Sepasang suami istri bernama Mer dan Ian sudah lama menantikan kehadiran buah hati. Mereka melancong ke Jakarta – Kota Tua untuk melakukan sebuah ritual yang diyakini akan mendatangkan hal baik yaitu mendapatkan momongan.,"Drama, Komedi",Nehemia Pareang,https://image.tmdb.org/t/p/w500/zSXcOgefaoq2pGoIhuDVEQzSoY3.jpg,https://image.tmdb.org/t/p/original/5TvYjh7HKeZwONKWr8mC9sEHV82.jpg,11,Released,Studio Teluk Tolo
1140460,Agustusan,Pitulasan,2022-08-29,2022,0.0,0,0.06,"Sebuah pencarian jati diri seorang siswa bernama Fathiyah tentang memaknai kembali nilai-nilai nasionalisme di hari kemerdekaan. Dalam perjalanannya, ia menemui banyak tantangan yang tak sependapat dengan jalan pikirannya, mampukah ia?",Drama,Zakariya Soekarno,https://image.tmdb.org/t/p/w500/x3lJIEYavZMSxMOxHF4hYqVmbRH.jpg,https://image.tmdb.org/t/p/original/9w56BxX3shMLh036ItBBX6Seccq.jpg,8,Released,Journexix
1033125,Rumah Kaliurang,Rumah Kaliurang,2022-10-25,2022,2.7,3,0.16,"Rencana berlibur lima sahabat berubah menjadi petaka ketika terjebak di sebuah rumah misterius di Kaliurang, yang terletak di kaki Gunung Merapi. Rumah yang seharusnya jadi tempat singgah justru menyimpan dendam dan amarah. Apakah mereka bisa pulang dengan selamat?",Cerita Seru,Dwi Sasono,https://image.tmdb.org/t/p/w500/8nG7t1rxaD4nhrLqADQGXeX645p.jpg,,64,Released,"Bioskop Online, im-a-gin-e"
1272485,Janji,Janji,2022-04-10,2022,0.0,0,0.29,Kedua sahabat berusaha menjaga janji dikala diterpa oleh masalah.,Drama,Ayyub Basya,https://image.tmdb.org/t/p/w500/fgEgRGSmeRUbGsNZLAmTELl2Q2k.jpg,https://image.tmdb.org/t/p/original/uv5abGQCKAo7d6E3Ke4aUSohk5m.jpg,10,Released,Ayyub Basya Studio
987269,Encounter,Encounter,2022-06-15,2022,4.0,1,0.22,"Sepulang kuliah, Via yang sedang sakit bertemu dengan seorang pria yang mengantarnya pulang. Namun Via tidak mengetahui siapa pria tersebut, sehingga keesokan harinya ia bersama teman-temannya memutuskan untuk mencari tahu siapa pria tersebut.","Percintaan, Komedi",Ratu Dewi Hendriantika,https://image.tmdb.org/t/p/w500/j2CBUOa7fVcdUq57xUdmdjfckrh.jpg,https://image.tmdb.org/t/p/original/bGaeRiZygfrHNAclLkmfNbGbK1d.jpg,15,Released,"E3 Encounter Production, Satu Layar"
1431631,Monokrom,Monochrome,2022-05-12,2022,10.0,1,0.11,"Ken, diam dan sunyi bergelut dengan kepalanya yang abu nan penuh kegilaan.","Kengerian, Kejahatan",Muhammad Abyndra,https://image.tmdb.org/t/p/w500/5oXm6QpzBmss07l6jItPzcgGzBb.jpg,https://image.tmdb.org/t/p/original/mJ4ab3dsenXW6uWvJbOULdB2PTQ.jpg,9,Released,W/ Their Gratitude
1130378,Prolog,Prolog,2022-02-16,2022,0.0,0,0.13,"Sepasang kekasih sedang berdiskusi perihal acara pernikahan, namun mereka dihadapkan oleh perdebatan besar yang memunculkan keraguan akan kesiapan setelah menikah.",,Randiek Akbar,,,20,Released,
1131886,"Memoirs About Sea, You","Memoirs About Sea, You",2022-02-16,2022,0.0,0,0.15,Sebuah kolase perjalanan Raff dalam menghadapi kisah romansanya,"Drama, Percintaan",Indigo Gabriel,https://image.tmdb.org/t/p/w500/hpYnIm2AHELHBvqp2yeFjiIJHQe.jpg,https://image.tmdb.org/t/p/original/Af6Kr1kT41HRhq1IAIuRrtKAwby.jpg,27,Released,Meneer Inc.
1140495,Kacamata Kala Nanti,Kacamata Kala Nanti,2022-12-07,2022,0.0,0,0.14,Seorang remaja yang bertafakur merelungi bilik-bilik masa depan. Satu saja pilihan keliru akan mengubah jalan hidupnya. Hidup dan mati ditentukan oleh iktikad pilihannya. Sanggupkah ia?,"Cerita Fiksi, Drama",Zakariya Soekarno,https://image.tmdb.org/t/p/w500/fEmPA8dWLo18jNWgcvTWBr2kmtp.jpg,https://image.tmdb.org/t/p/original/6mUjtJTtYVLOYkh1UopzyEH4VpE.jpg,5,Released,Journexix
1186115,Disania,Disania,2022-10-29,2022,9.0,1,0.15,Disania selalu setia menunggu bapak datang menjemputnya sepulang sekolah.,Drama,Hielmy Aditya Permana,https://image.tmdb.org/t/p/w500/6DHP7xTkIkL15lEWnO6REBQ1CsA.jpg,https://image.tmdb.org/t/p/original/mQ0f5XdN1fL7Fv67vrAf6BZ4rwM.jpg,8,Released,ByFilms - Production
1057499,Bisik-Bisik Sayur,Bisik-Bisik Sayur,2022-12-09,2022,0.0,0,0.11,Bu Ria yang dikenal suka menggosip apa saja yang ia ketahui. suatu hari membeli sayur dan mulai menghibah di gerobak sayur tersebut,"Drama, Komedi",Candhika Dhanuwijaya,https://image.tmdb.org/t/p/w500/2IjCOv6Nx03Yipa0TwheUpdPNvQ.jpg,,9,Released,
1128758,Poverty Porn,Poverty Porn,2022-11-17,2022,0.0,0,0.07,"Bambang yang putus sekolah harus bekerja menjadi kuli agar bisa bertahan hidup. Bambang mempunyai adik bernama Joko yang sedang sakit. Mereka berdua yatim piatu. Adalah Jeje, tetangganya Bambang dan Joko yang tanpa mempunyai tepo seliro sedikit pun setiap hari menyanyi dan bermain tiktok dengan suara gaduh. Hal itu membuat Karim seorang driver ojol (pacar Jeje) menjadi kesal karena Jeje tidak ada sedikut pun kepedulian kepada tetangga yang sedang sakit. Karim dan Jeje pun bertengkar dimana tanpa mereka sadari dalam kondisi video live. Video itu pun viral. Akhirnya bantuan dan donasi ke Joko pun mengalir. Tentu saja hal tersebut tak luput dari pandangan mata para orang-orang yang mau pansos (panjat sosial)  Full movie: https://karyakarsa.com/ramaderanau/poverty-porn",Komedi,Rama DeRanau,https://image.tmdb.org/t/p/w500/wKmyWPpFcq2Z1smVxkZmtWihnV1.jpg,https://image.tmdb.org/t/p/original/r9uMUQS5Pktzyl1cIc5Y9w6gae4.jpg,0,Released,Aura Acting Class
1090534,Bertepatan,Bertepatan,2022-08-03,2022,0.0,0,0.07,"Seorang polisi yang sedang menyelidiki suatu kasus pembunuhan hanya memiliki dua saksi yang juga merupakan tersangka utama, namun mereka memiliki narasi yang berbeda tentang peristiwa tersebut.","Cerita Seru, Misteri",Dennis Kumar,https://image.tmdb.org/t/p/w500/ssqN4hyLW04oWzN4l5on9CrXvoM.jpg,https://image.tmdb.org/t/p/original/3WDSMugR7OWFZU8HZTrSdYUDt5Y.jpg,38,Released,"New Wave Kids Club, Bina Nusantara University"
956864,Labirin Lembusora,Labirin Lembusora,2022-03-31,2022,0.0,0,0.07,"Minotaur Lembusora adalah sesosok kaiju yang suka memangsa manusia. Untuk menghalanginya, Raja Minos memerintahkan pembangunan penjara raksasa. Maka ditugaskanlah dua arsitek Daedalus dan Ikarus sebagai pelaksana proyek tersebut. Raja Minos menurunkan sejumlah dana namun tak pernah sampai utuh karena dikorupsi orang-orang di sekitarnya. Akibatnya pembangunan penjara terhambat dan sebagai gantinya dibangunlah sebuah labirin sesuai dengan anggaran yang ultra mepet. Suatu ketika Minotaur Lembusora mengamuk menghancurkan labirin karena jatah makannya juga dikorupsi. Ikarus lalu merekrut seorang tahanan di tanah Jawa yakni Timun Mas. Timun Mas tidak dibayar namun dijanjikan bahwa hutangnya kepada Buto Ijo lunas. Timun Mas lalu memperbesar diri seukuran kaiju lalu menghajar Minotaur Lembusora sampai nyungsep masuk kawah Gunung Kelud.","Animasi, Fantasi, Petualangan, Komedi",Gugun Arief,https://image.tmdb.org/t/p/w500/ysDi4dZbcPhkgtdPPOc5PGc0vBo.jpg,,6,Released,Javora Film
1199906,Misteri Villa Kayangan,Misteri Villa Kayangan,2022-01-05,2022,0.0,0,0.1,"Film ini ber-nostalgia dengan gaya film panas di era 80-90an. Bercerita tentang seorang pengelana yang terpaksa menginap di sebuah villa terpencil.  Villa tersebut dihuni oleh dua orang Wanita cantik yang mengalami terror dari saudara tiri mereka karena memperebutkan harta warisan. Lalu kejadian seram mulai terjadi. Mulai dari terror pembunuhan sampai ke penampakan setan bergentayangan.  Full movie: https://karyakarsa.com/ramaderanau/the-mystery-of-kayangan-villa-indonesian-horror-b-movie",Kengerian,Rama DeRanau,https://image.tmdb.org/t/p/w500/xBSbcIXvSDdn8RATDkzOvk5B4z8.jpg,https://image.tmdb.org/t/p/original/oBQXiFLWcQrHVrA48xlUGykpIcU.jpg,20,Released,Aura Acting Class
1061555,Amatir,Amatir,2022-12-15,2022,0.0,0,0.09,"Amatir , adalah Film Dokumenter Pendek, proses pembuatan sebuah film oleh sekelompok orang yang masih amatiran, mulai dari proses pra produksi, proses syuting hingga sedikit hiburan oleh pemerannya.",Dokumenter,Kemal Andra Ibrahim,https://image.tmdb.org/t/p/w500/9exe2orErfrZjrWOiGKTN65gO3r.jpg,,13,Released,KLTRA Production
1071725,Kiamat Sampah,Kiamat Sampah,2022-07-25,2022,0.0,0,0.08,"Pandemi telah mengubah banyak hal. Termasuk Alfia, ia adalah seorang guru yang mendapatkan banyak pembelajaran dari fenomena yang ia lihat. Baginya, sampah sudah tidak pantas lagi dibuang pada tempatnya.",Dokumenter,Enggar Asfinsani,https://image.tmdb.org/t/p/w500/oaHO0J1799XA77ShAb69v9Bi38L.jpg,https://image.tmdb.org/t/p/original/vdLQiFiQ2oh3wTAlKiXN9PufcQS.jpg,18,Released,Sisa Tanah Films
1128781,Juxtaposition,Juxtaposition,2022-04-16,2022,0.0,0,0.08,"Bercerita tentang kehidupan penghuni Jakarta yang indah dan makmur,  benarkah?  Full movie: https://karyakarsa.com/IndonesianIndieMovie/film-komedi",Komedi,Rama DeRanau,https://image.tmdb.org/t/p/w500/iUjyYs69ovccXbohxHik7SabzOc.jpg,https://image.tmdb.org/t/p/original/mIrR1u7XIEalGyNxzn2LlbSt4xA.jpg,6,Released,Aura Acting Class
1155328,Anglocita,Anglocita,2022-05-11,2022,0.0,0,0.14,"Yono ( 52 ) seorang seniman ketoprak yang ingin tetap berkesenian namun dihadapkan dengan teman – teman yang telah pergi, akhirnya ia melakukan ritual sesajen dengan mannequin buatannya untuk berketoprak meski sendiran.",Cerita Fiksi,Taufik Nabilla,https://image.tmdb.org/t/p/w500/uN0110cA0751BGI3Ak0kNuBHeMj.jpg,,7,Released,Lanyah Films
1201475,Neangan,Neangan,2022-10-20,2022,0.0,0,0.08,"Mimpi yang hadir di setiap tidurnya membawa Rengganis ke perjalanan ""magis"" tanpa  ujung yang jelas demi mengetahui maksud dari mimpi dan keberadaan kekasihnya yang tak kunjung kembali. Diadaptasi dari Cerita Rakyat Situ Patenggang.","Drama, Fantasi",Zhilal Farras Dzikra,https://image.tmdb.org/t/p/w500/192GOQQyA0A2bZaKhwbIa62sOik.jpg,https://image.tmdb.org/t/p/original/8WmQGa38xYb63LDihWA4YpRjLy6.jpg,18,Released,Repertoire Films
1036871,Pesan(an) Terakhir,Last Order,2022-10-14,2022,0.0,0,0.05,"Marzuki, menggunakan hoaks tentang restorannya yang angker untuk menarik pengunjung, tetapi jalan yang dia pilih ini ditentang oleh ayahnya, Ismail. Apa yang harus dilakukan Marzuki?",Drama,Hariz Soe'oed,https://image.tmdb.org/t/p/w500/vPBWnj6IbwjpZKP3NMAx7ABK9Vf.jpg,,14,Released,Future Play
1072173,Kopi Stigma,Kopi Stigma,2022-11-06,2022,0.0,0,0.05,"Bennip merupakan seorang penyandang disabilitas intelektual yang mampu menjadi seorang barista di sebuah Café milik Sentra Terpadu Kartini Temanggung. Namun, menjadi barista yang sekarang ini tidaklah mudah bagi bennip karena ia harus melawan stigma negatif masyarakat yang beranggapan bahwa para disabilitas tidak mampu bekerja dengan baik. Oleh karena itu, Bennip berusaha membuktikan kepada masyarakat bahwa para disabilitas mampu untuk bekerja dengan baik.",Dokumenter,Eduardus Kristyadi,https://image.tmdb.org/t/p/w500/7GFXLVi3VcoOOMPjKkgeL8foZeN.jpg,https://image.tmdb.org/t/p/original/skxeBTQRPpMU92dPor4rI1ny93t.jpg,17,Released,ACT Production
1128785,Dua Jiwa,Dua Jiwa,2022-04-20,2022,0.0,0,0.07,"Tanpa sadar Wira mengucapkan kata-kata yang membuat trauma Anya muncul lagi. Hal tersebut membuat kepribadian ganda Anya kambuh lagi.  Full movie: https://karyakarsa.com/IndonesianIndieMovie/film-thriller-dua-j","Kengerian, Percintaan",Rama DeRanau,https://image.tmdb.org/t/p/w500/66bbZmkyScHt3pBRpmsbB8dKjc4.jpg,https://image.tmdb.org/t/p/original/bfVPXbUd8Z4EI6IR2DM6FGjSbfh.jpg,18,Released,Aura Acting Class
925786,Pengabdi Setan 2: Communion,Pengabdi Setan 2: Communion,2022-07-30,2022,6.9,67,0.98,"Beberapa tahun setelah berhasil menyelamatkan diri dari kejadian mengerikan yang membuat mereka kehilangan ibu dan si bungsu Ian, Rini dan adik-adiknya, Toni dan Bondi, serta Bapak tinggal di rumah susun karena percaya tinggal di rumah susun aman jika terjadi sesuatu karena ada banyak orang. Namun, mereka segera menyadari bahwa tinggal bersama banyak orang mungkin juga sangat berbahaya, jika mereka tidak sangat mengenali siapa saja yang menjadi tetangga mereka. Pada sebuah malam penuh teror, Rini dan Keluarganya harus kembali menyelamatkan diri. Tapi kali ini, mungkin sudah terlambat untuk lari.","Drama, Kengerian, Misteri",Joko Anwar,https://image.tmdb.org/t/p/w500/zzpxuEXS1azwhqfvtacLtScixbS.jpg,https://image.tmdb.org/t/p/original/nXpJpNqMZLVTl8e6HYzD3Fe5glQ.jpg,119,Released,"Rapi Films, Sky Media, Brown Entertainment, Come and See Pictures"
894693,My Sassy Girl,My Sassy Girl,2022-06-23,2022,6.4,5,0.18,Buat ulang dari film Korea Selatan tahun 2001 berjudul sama karya sutradara Kwak Jae-Yong.,"Komedi, Drama, Percintaan",Fajar Bustomi,https://image.tmdb.org/t/p/w500/khenn7JJ9vxF34i3xqXIpDWI1aO.jpg,https://image.tmdb.org/t/p/original/3WLkhfbE0AGks7GlNTBjKe9uyRf.jpg,117,Released,Falcon Pictures
950236,Sayap Sayap Patah,Sayap Sayap Patah,2022-08-18,2022,6.8,6,0.21,"Pada tahun 2018, Markas Komando Brimob di Kelapa Dua, Depok diserang oleh teroris yang mencoba masuk ke Rutan dan menewaskan 5 anggota Densus 88.","Drama, Cerita Seru",Rudi Soedjarwo,https://image.tmdb.org/t/p/w500/1r1vp678jbvsOwgCIW0hc4JQeHA.jpg,https://image.tmdb.org/t/p/original/aTkGKWi78hEDlnLJr3ksxPo2r0z.jpg,110,Released,"Maxima Pictures, Denny Siregar Productions"
799571,Garis Waktu,Garis Waktu,2022-02-24,2022,5.0,2,0.33,"April yang hobi menulis puisi bertemu dengan Senandika, musisi yang berhasil mencuri perhatian dengan filosofi dan prinsipnya. April, melihat potensi di Sena, memperkenalkannya kepada Sanya, produser muda sahabatnya. Konflik bermula saat April dan Sena saling jatuh cinta, namun dihalangi oleh restu ayah April, Halim.",Drama,Jeihan Angga,https://image.tmdb.org/t/p/w500/o1Ro2KhIYERPXTQHyXymGlO7ZzT.jpg,https://image.tmdb.org/t/p/original/gqIisalI7NeuHaoS0p8GDbG0pIF.jpg,100,Released,"MD Pictures, Dapur Film"
786535,Ivanna,Ivanna,2022-07-14,2022,5.0,23,0.45,"Ketika Ambar & Dika pindah setelah kematian orang tua mereka, tidak pernah terpikirkan apa yang seharusnya menjadi awal baru berubah menjadi awal kesengsaraan terbesar dalam hidup mereka. Semua akibat kemampuan Ambar merasakan yang tak terlihat, yang didapatkan setelah mengalami gangguan penglihatan. Berbeda dengan sambutan didapat di Panti Jompo Masa Toea, Ambar mendapatkan bayangan masa lalu yang menakutkan. Dia menemukan bahwa telah terjadi pembantaian di rumah yang sama bertahun-tahun yang lalu. Sebuah entitas wanita Belanda, Ivanna, muncul dalam visi Ambar, memberinya sekilas tragedi di mana dia dipenggal oleh imperialis keji. Pada hari Idul Fitri, Nenek Ani ditemukan tewas dalam genangan darah, dipenggal. Ambar menduga tragedi itu mungkin terkait dengan penemuan peti yang berisi pernak-pernik dan patung tanpa kepala di ruang bawah tanah paviliun panti jompo. Sekarang, Ambar harus menyelesaikan dendam makhluk yang perlahan merayap ke dalam hidup mereka, bahkan untuk kepala mereka.","Kengerian, Cerita Seru",Kimo Stamboel,https://image.tmdb.org/t/p/w500/rL43aerd6hBYUvgBj0dE1kYMcgt.jpg,https://image.tmdb.org/t/p/original/4DDKUnw63RXdz9MOm3bTkbaMwV5.jpg,103,Released,"MD Pictures, Pichouse Films"
667062,Satria Dewa: Gatotkaca,Satria Dewa: Gatotkaca,2022-06-09,2022,6.4,11,0.39,"Menyadari bahwa dia adalah keturunan gatotkaca dari keluarga Pandawa, Satrio harus berjuang untuk membuka kekuatan yang ada di dalam dirinya dan menghadapi Aswatama, prajurit Kurawa yang tersisa yang hidup untuk menghancurkan dunia dengan mengubah sejarah Bharatayudha.","Aksi, Petualangan, Drama, Fantasi, Cerita Fiksi",Hanung Bramantyo,https://image.tmdb.org/t/p/w500/2gKXkrcks45pNc8AjiuT9NBxrQ7.jpg,https://image.tmdb.org/t/p/original/uMObsizFuj15a6fipOS8h6usVCq.jpg,129,Released,"Satria Dewa Studio, Caravan Studio, Magma Entertainment, Lumine Studio"
707933,Mendarat Darurat,Mendarat Darurat,2022-09-08,2022,6.1,8,0.31,"Glenn menikahi Maya. Suatu hari, Glen meminta izin Maya untuk pergi ke luar kota dengan pesawat. Namun, Glen sebenarnya tidur dengan kekasihnya, Kania, di sebuah hotel.","Komedi, Percintaan",Pandji Pragiwaksono,https://image.tmdb.org/t/p/w500/51jw5DPqvSYLm2IcFK7tf9mah8w.jpg,https://image.tmdb.org/t/p/original/kWFab60QLV5X8FrqoSfxHKvdCDz.jpg,113,Released,MD Pictures
832544,Mencuri Raden Saleh,Mencuri Raden Saleh,2022-08-25,2022,7.5,32,0.48,Mengisahkan tentang pencurian lukisan karya Raden Saleh.,"Kejahatan, Drama",Angga Dwimas Sasongko,https://image.tmdb.org/t/p/w500/1fdqRcgEYNkXCnnKAzz2JtFnUv7.jpg,https://image.tmdb.org/t/p/original/wOjkbUL4tPioHwAIzDZaJsWkO8V.jpg,154,Released,"Visinema Pictures, Jagartha, Astro Shaw, blibli.com"
883232,Kukira Kau Rumah,Kukira Kau Rumah,2022-02-03,2022,6.5,4,0.43,"Niskala yang sejak kecil sangat diasuh oleh keluarga dan teman-temannya karena memiliki gangguan kesehatan jiwa atau bipolar. Niskala berteman dekat dengan Dinda dan Anus dari kecil hingga kuliah. Di bangku kuliah, seorang pemuda bernama Pram terlihat mengagumi Niskala dari jauh. Usaha Pram untuk menarik perhatian Niskala membuahkan hasil. Saat itu Pram menantang Niskala untuk mendapatkan nilai A dalam tugas kuliahnya.","Drama, Percintaan",Umay Shahab,https://image.tmdb.org/t/p/w500/6Obg6ak3KImtgVC5AYqVddof5bh.jpg,https://image.tmdb.org/t/p/original/zEy001OEVPi4bzE739VgMHlcfUS.jpg,90,Released,Sinemaku Pictures
846094,Inang,Inang,2022-10-13,2022,6.0,12,0.33,"Karena kekurangan uang dan tempat tinggal, seorang wanita setuju untuk membiarkan pasangan tua yang kaya raya untuk merawat dia dan bayinya yang belum lahir, tanpa mengetahui bahwa mereka memiliki rencana jahat yang melibatkan putra satu-satunya mereka.","Drama, Kengerian, Misteri",Fajar Nugros,https://image.tmdb.org/t/p/w500/A9iIzMGfTHSnKGRtFHzz6Zv0WCs.jpg,https://image.tmdb.org/t/p/original/f0BRN5aIqDHh6igJlfk2gmUnHQN.jpg,115,Released,IDN Pictures
1028740,Tegar,Tegar,2022-11-24,2022,0.0,0,0.24,"Tegar (10), seorang anak berkebutuhan khusus yang menginginkan bisa seperti anak pada umumnya, berteman dan bersekolah. Di hari ulang tahunnya yang ke-10, Tegar mengutarakan impiannya kepada sang Kakek. Namun, keputusan Kakek untuk mewujudkan impian Tegar justru membuat Kakek dan Ibu berselisih. Akhirnya, Tegar memutuskan untuk pergi dari rumah demi mengejar mimpinya.",Drama,Anggi Frisca,https://image.tmdb.org/t/p/w500/OgJVIF04nUFoNatp4CSoT6USTM.jpg,https://image.tmdb.org/t/p/original/8K35ANpk2Cuo4UgH2wzl2HYTKUy.jpg,79,Released,"Aksa Bumi Langit, Citra Sinema"
638985,KKN di Desa Penari,KKN di Desa Penari,2022-04-30,2022,5.8,32,0.47,"Enam mahasiswa yang sedang melakukan kuliah kerja nyata di desa terpencil mendapatkan terror dari penaris mistis. Ternyata, salah satu dari mereka melanggar aturan paling fatal di desa tersebut.","Kengerian, Misteri, Cerita Seru",Awi Suryadi,https://image.tmdb.org/t/p/w500/63InZxeGgfNQCoWkImR14fB99AY.jpg,https://image.tmdb.org/t/p/original/zUATenHdRhv0cnkAyAhv9fqxVUh.jpg,130,Released,"MD Pictures, Pichouse Films"
1217715,Kisah Seram untuk Diceritakan,Kisah Seram untuk Diceritakan,2022-08-31,2022,0.0,0,0.06,"Leli (25 tahun), sedang mempersiapkan film panjang perdananya sebagai seorang penulis naskah. Leli diundang ke salah satu podcast misteri untuk mempromosikan film dan prosesnya menjadi seorang  penulis naskah. Film panjang perdananya ditulis sesuai dengan pengalaman mistis yang ia alami selama ini. Sejak kecil, Leli sudah harus menghadapi rasa takutnya ketika diganggu berbagai makhluk ghaib dan  menuangkan kegelisahannya ke buku harian miliknya. Hingga suatu hari, Leli bertekad merubah rasa takutnya menjadi sesuatu yang lebih bermanfaat. Leli berhasil mengolah ketakutannya menjadi inspirasi untuk menulis film horor yang akhirnya mengantarkannya ke jalan kesuksesan. Namun, apakah Leli  benar-benar sudah lepas dari ketakutannya?",Misteri,Riza Pahlevi,https://image.tmdb.org/t/p/w500/g8uFaBU0yvwk6VV1kKBBmASB8yp.jpg,https://image.tmdb.org/t/p/original/xm8IqjfuwTb3w9oXI9qjTbeu1B1.jpg,10,Released,"HRV Production, Relive Pictures"
989905,Aral Melintang,Aral Melintang,2022-06-01,2022,10.0,1,0.05,"Andien, seorang tukang pijat berjuang untuk mempertahankan harga dirinya dengan melawan kasus pelecehan seksual yang telah ia alami. Namun, sudut pandang dari orang-orang sekitarnya membuat ia mempertanyakan keyakinannya sendiri.",Drama,Iqbal Mustaqiem,https://image.tmdb.org/t/p/w500/1ku80KnoF9CjxKlBmDXE1gJTS3d.jpg,,19,Released,Hompimpa Production
1057010,Lunar Light,Lunar Light,2022-06-20,2022,0.0,0,0.05,"ANDRE (22), seorang remaja dewasa akhirnya memutuskan untuk resign dari kafe tempatnya bekerja karena beberapa masalah pribadi yang terus mengganggunya. Sang pemilik kafe adalah orang yang tidak pernah ditemui Andre sebelumnya. Namun, pada akhirnya, sang pemilik kafe, LILY (42), muncul ketika Andre hendak pulang dari kafenya. Kemunculan Lily tidak hanya memberikan waktu bagi Andre untuk bertemu dengannya secara langsung, tetapi juga memberikan kesempatan baginya untuk mengulik masa lalunya yang tragis. Lily akhirnya menguji Andre dan mempertemukan Andre dengan mantannya, RAKA (22). Lily yang misterius menghilang dan membiarkan Andre menyelesaikan masa lalunya dengan Raka. Raka datang dengan memberikan sebuah undangan pernikahan. Dengan cara itulah, Andre akhirnya memutuskan untuk melupakan dan mengikhlaskan hubungannya dengan Raka di masa lalu.",Fantasi,Nafa Faruq Adani,https://image.tmdb.org/t/p/w500/vL3s2OhLO0NGKvPNKqBvLEJ4tIL.jpg,,13,Released,426 Hz
1067923,"Pray, Begin","Berdoa, Mulai",2022-03-26,2022,0.0,0,0.06,"Ruth remaja Katholik yang hidup di tengah kaum muslim. Sebagai minoritas di tempat menuntut ilmu, ia harus beradaptasi dengan kebiasaan teman-teman muslimnya. Ia harus berpindah tempat untuk mengikuti pelajaran agama Katholik, karena sekolah tidak memfasilitasinya. Hal ini membuat Ruth terbawa pada kebiasaan kaum mayoritas bahkan saat ia sedang bersama keluarganya.",Drama,Tanzilal Azizie,https://image.tmdb.org/t/p/w500/wrekuHQcSwue7rUkGPtKsLsxUyf.jpg,https://image.tmdb.org/t/p/original/996GcFHECjq1ieoSqbEwCIUxLh6.jpg,10,Released,Degradians Studio
1056903,Menjamah Cahaya,Menjamah Cahaya,2022-12-11,2022,0.0,0,0.05,"Cakra sedang ada diambang antara membunuh dirinya atau bertahan hidup, setelah kegagalannya meraih mimpinya menjadi seorang penyanyi. Ian, sahabatnya, datang untuk menenangkan Cakra. Sempat ditolak, Ian akhirnya berhasil membujuk Cakra. Mereka pun pergi ke tempat dimana mereka biasanya banyak menghabiskan waktu. Tak disangka, perjalanan menuju tempat itu telah membuka apa yang selama ini Ian tak ketahui tentang Cakra. Hingga akhirnya mereka sampai di tempat itu, semua kebenaran yang tabu bagi Ian pun terungkap. Cakra dan Ian sama-sama terlahir kembali. Semua kebenaran yang terungkap itu justru telah memperkuat persahabatan mereka.",Drama,Nafa Faruq Adani,https://image.tmdb.org/t/p/w500/wt3Q0CcjyqSZTN2aPj8tbtrK2yb.jpg,,17,Released,426 Hz
1398058,Flintstones Digital Rimba Bulungan,Flintstones Digital Rimba Bulungan,2022-01-01,2022,0.0,0,0.03,"Sandi (25), seorang pemuda sekaligus ketua RT dari suku perantau di pedalaman Kalimantan, memutuskan untuk menetap dan beradaptasi dengan teknologi meski akses jaringan di hutan terbatas. Seiring menyusutnya hutan dan makin sulitnya berburu, Sandi berupaya agar masyarakat yang masih tinggal di hutan tetap bisa mengakses layanan kesehatan dan pendidikan. Tren ini bermula saat Sandi kehilangan dua orang anaknya. Namun, tidak semua masyarakat Punan Batu di hutan menyambut baik niatnya. Akhirnya, Sandi memutuskan untuk mengundurkan diri dari jabatan ketua RT. Sandi, sebagai pemuda suku Punan Batu yang sudah berdamai dengan kondisi lama dan modern, bercita-cita agar anak-anaknya bisa sekolah di kota, tetapi keluarganya menolak karena jarak yang jauh. Sandi yang khawatir dengan masa depan Punan Batu hanya bisa berharap agar masyarakat yang masih tinggal di hutan Sajau Benau bisa mendapatkan perhatian yang layak dan tidak mengganggu hutan.",Dokumenter,Rohil Fidiawan Mokmin,https://image.tmdb.org/t/p/w500/vMxjRGqC8TACD4zkzBW4Voh6kgv.jpg,,23,Released,Eagle Institute
1061562,"Aku , Kamu & Kurir Napza","Aku , Kamu & Kurir Napza",2022-12-15,2022,0.0,0,0.04,"Menceritakan Raihan merupakan kurir barang terlarang , Raihan harus bisa melewati tantangan serta geng sebelah yang mencoba mengambil alih wilayah yang ditugaskan oleh atasan nya.",,Tidak Diketahui,https://image.tmdb.org/t/p/w500/eVLzTDFcQDysKUAk3j0gNm2Khou.jpg,,0,Released,
972839,Kopi Pahit,Kopi Pahit,2022-05-20,2022,6.5,1,0.04,"Gendis dan Joel, pengantin baru, kembali dari bulan madu mereka. Mereka tinggal di hotel selama tujuh hari. Gendis sensitif karena menstruasi. Tasya, mantan kekasih Joel, mengucapkan selamat atas pernikahan mereka melalui DM, meski niatnya untuk merayu Joel. Hal itu membuat Gendis cemburu sampai-sampai ribut. Selama tujuh hari di kamar hotel mereka menghadapi masalah demi masalah yang bertolak belakang dengan suasana bulan madu mereka di Swiss.","Drama, Percintaan",Herwin Novianto,https://image.tmdb.org/t/p/w500/lc1GobJAfYgFYD0YYbcXS73R3us.jpg,https://image.tmdb.org/t/p/original/nOiP2GIrAFDu7JNm3BGd4iEXDLL.jpg,80,Released,"KlikFilm Studios, Falcon Pictures"
839829,Ben & Jody,Ben & Jody,2022-01-27,2022,5.9,15,0.59,"Sejak memutuskan keluar dari Filosofi Kopi, Ben tinggal di kampung halamannya dan aktif membela kelompok tani yang tanahnya diambil alih Perusahaan. Pada saat yang sama, Jody sedang mempersiapkan konsep baru untuk Filosofi Kopi yang akan segera diluncurkan. Menjelang acara peluncuran, Ben yang dijadwalkan hadir tiba-tiba menghilang. Jody mulai mencari Ben. Untuk menyelamatkan Ben, mereka menghadapi petualangan hidup dan mati melawan gerombolan penebang liar yang dipimpin oleh Tubir, hingga pertemuan mereka dengan kelompok desa tradisional yang mengubah peta perlawanan mereka.","Aksi, Petualangan, Cerita Seru",Angga Dwimas Sasongko,https://image.tmdb.org/t/p/w500/klEycDI8ciKP9Kb6T1ed8FzXyDw.jpg,https://image.tmdb.org/t/p/original/tHnTQgr8Yu03zELx64Ddd8W5iTA.jpg,114,Released,"Visinema Pictures, Jagartha, blibli.com, Astro Shaw"
949909,Kuntilanak 3,Kuntilanak 3,2022-04-30,2022,5.2,9,0.94,"Dinda yang ingin bisa mengendalikan kekuatannya pergi ke Sekolah Mata Hati. Tempat di mana seorang anak dengan kekuatan khusus belajar mengendalikan kekuatannya, tetapi bahaya tak terduga mengikutinya ke mana pun dia pergi. Bisakah Dinda bertahan di sana?",Kengerian,Rizal Mantovani,https://image.tmdb.org/t/p/w500/s0MJ12Lf412G3KD3VkNGplHtK48.jpg,https://image.tmdb.org/t/p/original/hMr0e9YLgUbwEYIi1LMT6WNiEF3.jpg,105,Released,MVP Pictures
904689,Ngeri-Ngeri Sedap,Ngeri-Ngeri Sedap,2022-06-02,2022,7.8,16,0.54,Orang tua asal suku Batak yang pura-pura bertengkar agar anak-anaknya pulang dari perantauan.,"Drama, Komedi, Keluarga",Bene Dion Rajagukguk,https://image.tmdb.org/t/p/w500/pJA0ncjV9J9mSokynAQP9O9m2lV.jpg,https://image.tmdb.org/t/p/original/7TSUdHm1XMkUCccaLuhgI2CL3pg.jpg,114,Released,"Imajinari, Visionari Capital"
956102,What It Takes to Get a Shot,What It Takes to Get a Shot,2022-03-11,2022,0.0,0,0.09,"Damar, seorang aktor dalam suatu produksi shooting komersial, mengalami kesulitan dalam memerankan adegan, hingga membuat kru produksi tersebut kesal. Lawan mainnya, Kika, membantu Damar agar shooting dapat berjalan lancar.",Komedi,Dito Prasetyo,https://image.tmdb.org/t/p/w500/1HLBIlwXjXJn2OjeMYjqCbcz8SH.jpg,,5,Released,Mondiblanc Film Workshop
1046980,Joki,Joki,2022-11-17,2022,0.0,0,0.07,"Akbar seorang Joki Skripsi, bertemu dengan Amir seorang mahasiswa yang menggunakan jasanya untuk menyelesaikan skripsi tersebut, saat proses pengerjaan berlangsung mereka berbagi cerita mengenai kehidupan masing masing",Drama,Aaron Pratama,https://image.tmdb.org/t/p/w500/nVKyRU7BEqUxv8Pl9PX2FATVon6.jpg,https://image.tmdb.org/t/p/original/k5Hn0SyeISbIh799LS3pWwQzpbP.jpg,13,Released,"Monday Club Studio, FFTV IKJ"
1051926,Sejarah Kisah Kisah yang Musnah,Sejarah Kisah Kisah yang Musnah,2022-12-01,2022,0.0,0,0.17,"A grandmother decided to become a hermit in the middle of the forest. One day, his children and grandchildren came to visit. The 3.5-year-old granddaughter doesn’t want to go home and wants to stay with his grandmother to live and play in the forest. Day after day they spent together, until finally the granddaughter entered a forbidden area in the forest, making it difficult for her to find her way home. The grandmother failed to find her granddaughter and she decided to continue her meditation. After meeting the forest spirit guard who was carrying out a rite, the granddaughter managed to find her way home by following a puppy who led her to meet her grandmother again. Unfortunately, this time her grandmother never woke up again from samadi.",Drama,B.W. Purbanegara,https://image.tmdb.org/t/p/w500/xGnfwac5XHnyDnz60gCqkKUfMAk.jpg,,79,Released,Purbanegara Films
1031559,Air Rebusan Kuntilanak,Air Rebusan Kuntilanak,2022-03-30,2022,0.0,0,0.19,A woman applies for a job as an editor at the Magical Water MLM office.,Komedi,Tidak Diketahui,https://image.tmdb.org/t/p/w500/2BRBaJUcUOJWtUVfoQhIvy8d9BS.jpg,,20,Released,Mondiblanc Film Workshop
725870,Dear Nathan: Thank You Salma,Dear Nathan: Thank You Salma,2022-01-13,2022,6.5,3,0.33,"Nathan and Salma enter the world of social activism. Salma chose to express himself digitally while Nathan chose to take to the streets. This difference sparked a big fight when Nathan was involved in a big riot at a demonstration. Their romance ended. Nathan tries to fight for Salma to continue his relationship. Unfortunately, Nathan's time is torn apart after Rebecca asks him to help Zanna, who is sexually assaulted. Nathan is in a difficult position, because he has to protect Zanna's privacy and keep this matter a secret from everyone including Salma. The problem is compounded when Salma is close to Afkar, a musician who has long idolized Salma. Nathan never stopped fighting for justice for Zanna, but at the same time he was also not willing to lose Salma.","Drama, Percintaan",Kuntz Agus,https://image.tmdb.org/t/p/w500/yA6Pg5QWHPC3Np5JiI0zQnSQD48.jpg,https://image.tmdb.org/t/p/original/xiwvlK7njiH7As2qIwDE4sUYIQL.jpg,112,Released,"Rapi Films, Screenplay Films"
655830,Layla Majnun,Layla Majnun,2021-02-11,2021,7.5,2,1.21,"Layla, seorang wanita religius, cantik dan cerdas yang bekerja sebagai dosen. Layla memiliki impian dapat mengajar di luar negeri. Suatu ketika impiannya ini terwujud, Layla diterima mengajar sebagai dosen tamu di Azerbaijan.","Drama, Percintaan",Monty Tiwa,https://image.tmdb.org/t/p/w500/cYpL6ewMXU3V4SQdYHsKTdZSYC8.jpg,https://image.tmdb.org/t/p/original/lmOPKP0RysjI9FNiOHBNdNGURoG.jpg,119,Released,Starvision Plus
800669,A Perfect Fit,A Perfect Fit,2021-07-15,2021,7.3,71,0.88,"Saat pergi bersama temannya ke satu tempat, Saski (Nadya Arina) diramal oleh seseorang yang membawanya ke sebuah toko sepatu. Saski kemudian memasuki toko itu untuk memilih sepatu yang cocok. Tanpa ia sadari kunjungannya ke toko sepatu itu memicu sederet kejadian yang akan mengubah hidupnya.","Percintaan, Komedi, Drama",Hadrah Daeng Ratu,https://image.tmdb.org/t/p/w500/dXAVrQQi0PR4eptYvppdJUk3SAk.jpg,https://image.tmdb.org/t/p/original/mfRGScUMc88E83bEY12gLTXm2AL.jpg,112,Released,Starvision Plus
681784,Adit Sopo Jarwo: The Movie,Adit Sopo Jarwo: The Movie,2021-04-30,2021,7.9,4,0.35,"Adit bersama Ayah dan Bundanya pergi berlibur ke Yogyakarta menggunakan kereta api. Di tengah perjalanannya, kereta berhenti sejenak di Stasiun Cirebon. Bundanya yang tengah hamil mendadak sakit perut, ia pun berniat membelikan biskuit untuk bundanya tanpa izin terlebih dahulu. Saat Adit ingin kembali, keretanya telah berangkat dan membuat Adit tertinggal seorang diri di stasiun. Sopo yang saat itu bekerja sebagai porter menghampiri Adit karena merasa iba. Namun, alih-alih mengantarkan Adit ke Jogja, ia malah mengantarkannya ke rumah makan Gudeg Jogja. Melihat Adit kebingungan, Jarwo yang saat itu diturunkan dari kereta menawarkan Adit untuk mengantarkannya ke Yogyakarta. Perjalanan panjang mereka ke Yogyakarta pun dimulai.","Animasi, Keluarga",Hanung Bramantyo,https://image.tmdb.org/t/p/w500/aBNUBd1tT6ONyRft5tXqdRvPy2g.jpg,,82,Released,"MD Pictures, MD Animation"
783529,Bangkitnya Mayit: The Dark Soul,Bangkitnya Mayit: The Dark Soul,2021-01-14,2021,0.0,0,0.26,Sebuah dusun diteror oleh iblis bernama Nyai Danan Wati (Alda Augustine) akibat dari pasangan suami istri bernama Koswara (Clift Sangra) dan Sumi (Endah Pitasari) yang merupakan warga dusun tersebut yang melakukan pesugihan di Ringin lawang. Imas (Rachel ex JKT48) adalah anak dari pasangan suami istri tersebut yang merupakan anak dari hasil pesugihan.,Kengerian,Brama Yudha Prawira,https://image.tmdb.org/t/p/w500/kYNujYXMbZiQL7KOTN3BkSQbMvk.jpg,https://image.tmdb.org/t/p/original/624RX6b5Au5ttwN1ppRYQyIWUia.jpg,86,Released,TGS Pictures
1128553,Casting Terakhir,Casting Terakhir,2021-08-18,2021,10.0,1,0.04,"Yuli yang bekerja sebagai bagian casting di sebuah production house sedang lembur menyelesaikan data casting. Lalu saat malam datang empat anak perempuan berpenampilan seram untuk mengikuti casting.  Full movie: https://karyakarsa.com/ramaderanau/film-horror-casting-terakhir",Kengerian,Rama DeRanau,https://image.tmdb.org/t/p/w500/gxSCsDPCJs550lILXrIQ1bgo1cn.jpg,https://image.tmdb.org/t/p/original/zlS5CP8SK23YziRs10A2tR3OnRA.jpg,9,Released,"Moestopo Productions, Kalap Sinema"
1108857,Copet,Copet,2021-01-04,2021,0.0,0,0.05,"Sekelompok pencopet bernama pian, farhan, danang, dan dendi sedang menyusun strategi untuk mencopet di halte bus pada siang hari.","Komedi, Aksi",Christofer Erlangga,https://image.tmdb.org/t/p/w500/9UrdIk2NfwhWxACnJbsNd7AWbaH.jpg,,5,Released,
912877,Rotasi,Rotasi,2021-09-11,2021,0.0,0,0.07,"Pada suatu sore, di suatu tempat, seorang anak basket yang bosan memasuki tanah kosong di tengah kota. Setiap tanah kosong adalah 'milik mereka'. Dia memutar tubuhnya, tetapi kemudian dia tidak sendirian.",,Taufiqurrahman Kifu,https://image.tmdb.org/t/p/w500/x7omaldnCme0ybrXQ7zo3bnu6Qh.jpg,https://image.tmdb.org/t/p/original/qlFwWRyCyRa62pJdozl8cYQx5gX.jpg,9,Released,Milisifilem
1018540,20AN,20AN,2021-10-08,2021,10.0,1,0.07,"Dimas ( 20 tahun ) baru saja mengalami duka karena pandemi dan menjadi sebatang kara dirumah. Dimas menaruh banyak harapan diusia 20 tahun. Namun Dimas seringkali merasa tidak percaya lagi dengan adanya harapan, karena semua yang pernah dekat, menghilang begitu saja. Terlepas dari semuanya itu, Dimas mencoba untuk hidup dengan sebaik-baiknya dimasa pandemi ini.","Drama, Cerita Fiksi",Fajarudin Ajitama,https://image.tmdb.org/t/p/w500/edrYP3yQDCzuLJEpuvbY9fDA365.jpg,,5,Released,Passe Production
939796,Sarikat,Sarikat,2021-07-10,2021,0.0,0,0.04,"Tan Kian Djien (72) dan Ruth Suryani (70) adalah sepasang suami istri asal Kudus, Jawa Tengah. Di masa lansianya mereka menceritakan kembali momen-momen penting dalam hidupnya, seperti momen bagaimana pertama kali mereka bertemu.","Dokumenter, Keluarga, Percintaan",Ezra Cecio,https://image.tmdb.org/t/p/w500/u7xe6uDWcnmyITAYuRvDVXLy0Wb.jpg,https://image.tmdb.org/t/p/original/vsY6ziMe0nxcCLhI2oATV4WMdev.jpg,17,Released,"Agterplaas Production, UMN (Universitas Multimedia Nusantara)"
1187207,Salim & His Noodle Family,Salim & His Noodle Family,2021-11-10,2021,0.0,0,0.05,"Keluarga Salim yang ditinggal sosok istri sekaligus ibu bagi anak - anaknya membuat kecang-gungan antara Salim dan Yusuf yang berbeda pendapat soal akan diapakan jenazah ibunya, hingga akan dibawa kemana masa depan keluarga mereka.",Drama,Ardian Parasto,https://image.tmdb.org/t/p/w500/vN5DjmLho21OfroAz2V7zD61urQ.jpg,,15,Released,Sure Pictures
1462022,One Day Trip,One Day Trip,2021-05-23,2021,0.0,0,0.01,"Tantri (32) yang baru saja cerai memutuskan untuk pergi ke Yogyakarta untuk menemui  sahabat lamanya, Puspa (32). Obrolan mereka tentang masa lalu membuat mereka pulang dari  pantai larut malam. Dalam perjalanan pulang, mobil mereka yang tiba-tiba mogok menjadi  awal dari rentetan malapetaka yang mengubah hidup mereka.",Drama,Bunga Chairunnisa,,,20,Released,Avikom Films
1405710,Gaptek,Gaptek,2021-05-21,2021,0.0,0,0.05,Seorang siswa bernama Andhra menghadapi tantangan besar saat ia harus menyesuaikan diri dengan cara belajar baru yang berbasis teknologi. Apakah Andhra mau beradaptasi?,"Drama, Cerita Fiksi, Komedi",Jason Pratama,https://image.tmdb.org/t/p/w500/hA8LMEt8WTiselnNNHIjJNoVs1q.jpg,https://image.tmdb.org/t/p/original/v4TRy3YUFbn65zutPLfmUZRoPaS.jpg,8,Released,Surat Studio
800377,Devil on Top,Devil on Top,2021-06-25,2021,4.3,3,0.26,"Perusahaan digital marketing Facade kedatangan bos baru bernama Sarah. Sarah membuat Angga dan rekan kerjanya Richard, Boni, dan Rudi, merasa sepertî bekerja di bawah pengawasan setan di neraka. Suatu hari, Angga menemukan selembar kertas yang berisi data para pegawai Facade. Khawatir akan kemungkiran bahwa para pegawai yang ditandai itu akan dipecat, Angga beserta para rekan kerjanya pun berencana untuk menggulingkan Sarah dari jabatannya sebelum pemecatan terjadi.","Komedi, Percintaan",Anggy Umbara,https://image.tmdb.org/t/p/w500/ghbfCjRQEd6iRJBnBKhdcxGNFk6.jpg,https://image.tmdb.org/t/p/original/gLrqp8ciUfjx42X8TrDLzvjAJCY.jpg,104,Released,"MD Pictures, Umbara Brothers Film"
943719,Bawa Aku Pulang,Bawa Aku Pulang,2021-12-07,2021,5.0,1,0.1,"Dalam perjalanan pulang ke rumah, seorang perempuan bertemu seorang gadis bergaun putih yang meminta padanya untuk diantarkan pulang.",Kengerian,Alifa Lubis,https://image.tmdb.org/t/p/w500/wEX072SEmairswqBUtPynm8PsxZ.jpg,https://image.tmdb.org/t/p/original/2L0lr0F4ooNpaI1RzLjmB4EmxsM.jpg,13,Released,Alifa TV
664825,Ghibah,Ghibah,2021-07-30,2021,6.3,3,0.26,"Firly dan teman-teman satu kosnya, Dina dan Ulfa, memiliki kebiasaan untuk membicarakan orang. Hingga Firly menyadari ada sesuatu yang tidak beres pada dirinya, ketika ia menjadi suka mengkonsumsi daging mentah padahal ia seorang vegetarian. Bahkan bau tubuh mereka seperti bangkai, karena orang ghibah sama seperti makan bangkai saudaranya sendiri. Hubungan Firly dengan teman kampus pun merenggang. Cuma Arga yang tak pernah menjauhinya. Mereka mencoba mencari jalan keluar bersama.","Komedi, Kengerian",Monty Tiwa,https://image.tmdb.org/t/p/w500/neO0c69wGECyhx7XSUyDFXGgvAX.jpg,https://image.tmdb.org/t/p/original/1ljkbjbu6QnkXfPN8lhJCwXOmrO.jpg,93,Released,"Blue Water Films, Dee Company"
1461988,Nyigar,Nyigar,2021-05-23,2021,0.0,0,0.01,"Ari (28) merupakan anak pertama dari dua bersaudara, ia tinggal bersama ibu dan  istrinya. Semenjak ayahnya meninggal, ia melanjutkan usaha ayahnya sebagai tuan tanah  untuk membiayai adiknya, Teguh untuk melanjutkan pendidikan. Tepat seribu hari setelah  wafat ayahnya, sang ibu menyampaikan wasiat berupa warisan tanah kepada kedua  anaknya. Akan tetapi, pembagian warisan tidak berjalan dengan baik. Ari dan Teguh  terlibat konflik dalam memperebutkan warisan tersebut yang dilatarbelakangi oleh  kepentingan masing-masing.",Drama,Maria Adela,,,12,Released,Avikom Films
1456095,Lelaki,Lelaki,2021-05-23,2021,0.0,0,0.01,"Reza (14) adalah anak laki – laki yang berbeda dari anak lainnya. Reza menyukai hal yang berbau kecantikan seperti make up. Ibunya merupakan seorang ibu rumah tangga dan ayahnya adalah TNI. Karena kesukaan Reza itu lah, ayahnya ingin mengubah Reza menjadi seperti laki – laki sesuai dengan definisi maskulin menurut ayahnya. Ayahnya menuntut Reza untuk mengikuti jejaknya sebagai tentara. Karena hal itulah ayahnya memasukan Reza untuk berlatih Taekwondo. Namun, Reza tidak menyukai hal tersebut. Karena penampilannya dan gerak geriknya Reza juga menjadi bahan olokan oleh teman lelaki sebayanya yang membuat Reza tidak nyaman. Hal ini membuat ia ingin mengubah dirinya menjadi seperti keinginan orang disekitarnya.",Drama,Inge Maharani,,,15,Released,Avikom Films
1456084,Liku,Liku,2021-11-06,2021,0.0,0,0.0,"Rudi (35) merupakan seorang office boy yang harus di PHK oleh perusahaan karena mengalami kerugian terus-menerus. Saat ini ia bingung harus mencari uang dari mana, Rudi pun cukup banyak memiliki utang yang harus dibayar secepatnya. Rudi memberitahu kepada istrinya, Yulia. Yulia akhirnya mendesak Rudi untuk kembali menjadi calo SIM. Setelah berpikir panjang, Ia akhirnya menerima permintaan istrinya karena ia sudah putus asa mencari uang. Suatu ketika, ia mendapatkan pelanggan yang menerima jasanya. Namun, ternyata pelanggan itu adalah seorang polisi yang menyamar menjadi pemohon SIM.",,Vidyadari Anjelita,,,15,Released,Avikom Films
1462027,Soekma,Soekma,2021-11-06,2021,0.0,0,0.01,"Sukma (40), seorang janda yang berprofesi sebagai ART, ingin membuktikan bahwa ia  tidak mencuri cincin milik Tutik (48), tetapi ia tidak dipercaya karena keadaan  ekonominya yang kurang dan kejadian di masa lalunya.",Drama,Andre Febrian Prastowo,,,18,Released,Avikom Films
1241621,Seraoet Wadjah Dibalik Tjermin,Seraoet Wadjah Dibalik Tjermin,2021-10-17,2021,0.0,0,0.04,"Idah memutuskan pulang setelah menerima luka yang lebam. Kemudian, pada perjalanan pulang Idah bertemu orang-orang yang menguapkan ingatan mereka masing-masing.",Drama,Shohipul Ma'ruf,https://image.tmdb.org/t/p/w500/5jAU1U2LH6CCnTYlhhmyxHF2ryj.jpg,,23,Released,Team Creative Multimedia
1226253,"Antara You, Me & Bakmie","Antara You, Me & Bakmie",2021-12-28,2021,0.0,0,0.12,Belum tersedia,"Komedi, Percintaan, Film TV",Christ Helweldery,https://image.tmdb.org/t/p/w500/gcuFbO62x4pZaOsaZC1LvRW7lqA.jpg,,77,Released,Starvision Plus
1094628,Rita dan Kebun Absurd,Rita dan Kebun Absurd,2021-03-30,2021,0.0,0,0.12,"Beni sedang ngedate dengan kekasihnya yang bernama Rita di sebuah kebun tebu. Kebun tersebut memiliki sebuah mitos yang mengatakan, jika ada sepasang kekasih yang berpacaran di kebun ini, maka salah satu dari mereka akan menghilang. Rita tiba-tiba menghilang secara misterius sehingga Beni panik dan harus mencari Rita.","Komedi, Drama",Adam Winter Sardlee,https://image.tmdb.org/t/p/w500/cbRAzHN5TCTyT7wtt3qRVoKyrPO.jpg,,18,Released,Indramayu Bikin Film
1068010,!Boomer,!Boomer,2021-03-04,2021,3.5,2,0.13,"Ketika hantu pengetuk pintu misterius mengetuk rumah warga kampung,  Gino justru mengajak hantu itu bermain.","Komedi, Kengerian",Rafi Adam Pangestu,https://image.tmdb.org/t/p/w500/lxHAgO3xkwabq6gIXAnzs6sibyF.jpg,https://image.tmdb.org/t/p/original/fEUCCqCWAXNPmCs9UI6vxsEM5qm.jpg,4,Released,Aerosol Memories
650129,Ali & Ratu Ratu Queens,Ali & Ratu Ratu Queens,2021-06-17,2021,6.2,14,0.52,"Ali yang pergi ke New York demi mencari ibunya, Mia yang telah lama menghilang dari kehidupannya. Film yang disutradarai oleh Lucky Kuswandi ini terinspirasi dari kisah nyata.","Komedi, Drama",Lucky Kuswandi,https://image.tmdb.org/t/p/w500/e8Cl3INZDciQMEhEkZtFOQvc37t.jpg,https://image.tmdb.org/t/p/original/5skgUurpxWAmCUVcbt4Iy897Wm5.jpg,100,Released,Palari Films
1261404,Pamali,Pamali,2021-01-16,2021,0.0,0,0.19,Dua anak laki-laki bernama Dimas dan Wingky menghilang secara misterius karena melanggar pantangan didaerah itu yang biasa disebut Pamali.  Mereka mempermainkan sholat yang bersifat sakral dan akibatnya iman mereka pun lemah dan mereka mudah tergoda oleh jin dan setan.,"Kengerian, Misteri",Yuniar Diansyah Putra,https://image.tmdb.org/t/p/w500/4noDVgw1L9bg2fmkAKveaw3LQqp.jpg,https://image.tmdb.org/t/p/original/lKjod3lW4E0UsIIxAr8zqB9yajW.jpg,14,Released,Nadamaker Cinema
1427480,Elegi Untuk Nada,Elegi Untuk Nada,2021-01-09,2021,0.0,0,0.11,"Dimas yang memendam rasa kepada Nada lewat sebuah lagu ciptaannya, ia mengungkapkan perasaannya kepada Nada.","Drama, Percintaan",Teguh Rahardika,https://image.tmdb.org/t/p/w500/FdjiFrqRIZV3ZZf8G44QcRnMhb.jpg,https://image.tmdb.org/t/p/original/uD0QfGesQJYGPWPQnTkl0TDeVJa.jpg,20,Released,DHK Productions
1258935,Janji Dari Iblis,Janji Dari Iblis,2021-10-25,2021,7.0,1,0.15,"Pada tahun 1998, Devi adalah gadis lugu yang memiliki asal muasal kelam dan mengerikan. cerita-cerita kelam dalam dirinya disembunyikan oleh keluarga nya terutama kakak kandung nya sendiri.  Devi bukan seorang anak biasa, di dalam jiwa raganya terdapat benih tabur sang Iblis.","Misteri, Kengerian",Tama Pramudya,https://image.tmdb.org/t/p/w500/uvBzIGAo2G4urPVepJAIyES66qG.jpg,https://image.tmdb.org/t/p/original/hO8ikSEWSEuby2N8jW3ZsDoxCbd.jpg,15,Released,Nadamaker Cinema
788285,Nikah Duluan,Nikah Duluan,2021-01-21,2021,0.0,0,0.1,"Sebagai sepasang kekasih yang sudah berjalan selama setahun lebih DARA (22) merasakan moment bahagia ketika ALIF (25) sang pujaan hati tiba-tiba melamarnya. Namun ibu Dara MARNI (58) belum merestui hubungan mereka sebelum Dara mencarikan jodoh untuk kedua kakaknya, ANGGI (27) yang tomboy, cuek dan galak terhadap semua lelaki dan NINA (25) yang gemuk dan jerawatan.","Drama, Percintaan",Danial Rifki,https://image.tmdb.org/t/p/w500/oiCcvmwIZyNxuOhtdNQmLu2kwgw.jpg,,83,Released,"MNC Pictures, RCTI+ Original"
912891,DOLO,DOLO,2021-11-23,2021,0.0,0,0.15,"Ia adalah guru. Ia adalah seorang ibu bagi seniman-seniman muda, ibu bagi para aktivis pergerakan sosial dan kebudayaan. Indonesia memiliki luka sejarah yang panjang dan tak terselesaikan, mulai dari peristiwa 1965, pembungkaman para aktivis demokrasi dan hak asasi manusia, dan merebaknya politik identitas. Di tengah itu semua, DOLO, seorang pematung perempuan membuka luka-luka sejarah tersebut melalui karya-karya patungnya.","Sejarah, Dokumenter",Hafiz Rancajale,https://image.tmdb.org/t/p/w500/bFonhmtogLSUkdOJQjPr7Hq5C5u.jpg,https://image.tmdb.org/t/p/original/lR4RnNu8vJOMEREgv9X0YQL4puw.jpg,150,Released,Milisifilem
1258817,Pengikut Jahanam,Pengikut Jahanam,2021-07-23,2021,6.0,2,0.16,kisah perjalanan hidup seorang anak laki-laki bernama Verick yang lahir dari keluarga keturunan Mangkujiwo yang darah suci nya banyak diincar oleh para penyihir.,"Misteri, Kengerian, Cerita Seru",Yuniar Diansyah Putra,https://image.tmdb.org/t/p/w500/ypyeswwnphusTYr1l0vpDhgWYUm.jpg,https://image.tmdb.org/t/p/original/kXCglJ3wkcpy6eaoihylzWY5Wbh.jpg,31,Released,Nadamaker Cinema
779805,Probabilitas,Probabilitas,2021-01-19,2021,0.0,0,0.18,"Reza dan Ayu, sepasang kekasih memutuskan untuk membuktikan apakah mereka masing-masing cinta sejati merema dengan membuktikannya melalui teori probabilitas koin.","Drama, Percintaan",Tidak Diketahui,https://image.tmdb.org/t/p/w500/2z5K31xJl4xCZH2MK3J6upxWXEC.jpg,https://image.tmdb.org/t/p/original/uRr7sZSYEkGD5eCGQ0efP9cKcpP.jpg,12,Released,Anch Production
666649,Tersanjung: The Movie,Tersanjung: The Movie,2021-04-01,2021,8.2,3,0.24,"Di tahun 90-an, masa di saat tokoh-tokoh di ujung transisi menuju milenium baru. Yura (Clara Bernadeth) gadis malang yang tinggal dengan orang tua angkat, dibuai oleh harapan jatuh ke pelukan keluarga kaya. Tapi malang tak bisa ditolak, Yura yang sempat tersanjung, mengecap harapan sesaat, mesti dicampakkan.","Drama, Percintaan",Hanung Bramantyo,https://image.tmdb.org/t/p/w500/n3PGPguXN7Z8BsXFEmCmnPsvHYD.jpg,https://image.tmdb.org/t/p/original/xKC6u2KjEF7hBLjh05a3bBZ9Dkl.jpg,114,Released,"MVP Pictures, Dapur Film"
820589,Perempuan dari planet lain,Perempuan Dari Planet Lain,2021-07-01,2021,0.0,0,0.15,Bagaimana jika kamu bertemu seseorang perempuan misterius yang bisa melupakan semua sakit hati mu,Drama,Tidak Diketahui,https://image.tmdb.org/t/p/w500/xcEWKagVzpFX881GUKgLHNwXQ2l.jpg,https://image.tmdb.org/t/p/original/lZTcAOuwv1bF9aiH62OSsusa4F2.jpg,25,Released,"Anch Production, Atlantic Studios, Big media"
876514,Rompis: Tentang Sahabat,Rompis: Tentang Sahabat,2021-06-26,2021,0.0,0,0.12,"Liburan kuliah telah tiba, Sam (Umay Shahab) dan Roman (Arbani Yasiz) pulang ke Jakarta. Namun di sela liburannya, Roman diminta menghadiri undangan sebagai alumni pembicara di SMA mereka dulu untuk sharing tentang beasiswa di luar negeri. Namun, pikiran Roman sedang kacau karena memikirkan Wulan (Adinda Azani) dan curhat pada Sam. Sam justru bertemu Yola (Ersya Aurelia), seorang musisi yang memikat hatinya, tapi kebersamaan mereka diganggu oleh Radit (Debo Andryos), orang yang posesif terhadap Yola.","Percintaan, Drama",Rudi Aryanto,https://image.tmdb.org/t/p/w500/58LcBhJtUZwFGuSJanokx1Uu3Sc.jpg,,77,Released,MNC Pictures
1298936,REWIND INDONESIA 2021,REWIND INDONESIA 2021,2021-12-30,2021,9.5,1,0.13,"Rewind Indonesia 2021 tidak hanya menampilkan sederet peristiwa viral di tahun 2021, tetapi juga menjadi pengingat atas kreativitas dan pencapaian para content creator.","Drama, Musik",Chandra Liow,https://image.tmdb.org/t/p/w500/h6NhGXyLEmKIO7prtfWgM4tcMMH.jpg,https://image.tmdb.org/t/p/original/yAT6mubOwIiem63fqFOhigtqVPz.jpg,21,Released,
811626,Lentera,Lentera,2021-02-12,2021,0.0,0,0.1,Sekelompok remaja yang meragukan keberadaan hal-hal astral hingga salah satu dari mereka membuktikannya.,"Misteri, Kengerian",Hafidz Rafli,https://image.tmdb.org/t/p/w500/6CCI5ZC9g0Jh2MLDNPZpBlaNzcm.jpg,https://image.tmdb.org/t/p/original/nNU0GejL3KQdLAyYHTD5ZQwqpde.jpg,9,Released,Anch Production
1186033,NAFSI (Monachopsis),NAFSI (Monachopsis),2021-12-19,2021,10.0,1,0.11,"""Nafsi"" merupakan film pendek drama yang disutradarai oleh Hielmy Aditya Permana. Film ini diproduksi pada tahun 2021, menceritakan tentang seorang kepala keluarga yang tengah mencari jalan keluar dari himpitan ekonomi.",Drama,Hielmy Aditya Permana,https://image.tmdb.org/t/p/w500/m0z7U5eMMziO4zM2YH4PouDVDAT.jpg,https://image.tmdb.org/t/p/original/xCLwGAidSZOx21tTvPtUNuBDJrO.jpg,6,Released,ByFilms - Production
920184,Ayah Ikhlas,Ayah Ikhlas,2021-05-31,2021,0.0,0,0.05,"Ayah Ikhlas merupakan sebuah Stand-Up Comedy Special dari komika betawi kita, David Nurbianto. Disini David menceritakan seluruh perjalanan dan curahan hati seputar rumah tangganya. Tidak hanya cerita mengenai hidupnya setelah menjadi Ayah Ikhlas, namun juga pengalamannya jauh sebelum menjadi seorang Ayah. David berhasil memecah tawa tiap penontonnya dan mengakhiri pertunjukannya dengan isak tangis yang mengharukan.",Komedi,Tidak Diketahui,https://image.tmdb.org/t/p/w500/fwXQe54kcfN9Eqs0B632zfUaSTi.jpg,,113,Released,Comika
892595,Satu Hari Menebus Luka,Satu Hari Menebus Luka,2021-12-31,2021,0.0,0,0.06,"Ardi, pria yang merasa bosan dan stres karna terjebak di rutinitas hari-hari nya, di tambah peristiwa yang baru terjadi membuat hati nya sakit, memutuskan untuk pergi menyendiri ke sebuah pantai yang sepi untuk mengobati luka-luka nya.",Drama,Ade Rahman H.,https://image.tmdb.org/t/p/w500/ofz5vT9EZJen0YLB2QfwqKktFCJ.jpg,,12,Released,Atlantic Studios
797490,Menyesal,Menyesal,2021-02-13,2021,4.0,1,0.07,"""Menyesal"" adalah sebuah film pendek karya anak-anak sekolah di dumai yaitu sekolah SMP IT PLUS BAZMA BRILLIANT",Drama,Tidak Diketahui,,,21,Released,
1241201,Bayangan yang Tak Hendak Kau Lihat,Bayangan yang Tak Hendak Kau Lihat,2021-07-08,2021,0.0,0,0.11,"Madnur seorang yatim yang ingin mengikuti lomba menyanyi lagu daerah, orang-orang mengenal ayah Madnur adalah seorang seniman, dan Madnur kini memiliki satu peninggalan berharga ayahnya, yaitu cincin.",Drama,Muhammad Bakti Akbar,https://image.tmdb.org/t/p/w500/zdIlgeFuaJpoWjjFDdQjBOfQTBj.jpg,https://image.tmdb.org/t/p/original/mHCQDAS5KLuCdH93MpWz3Rns75p.jpg,8,Released,Team Creative Multimedia
1071071,Kabar Buruk,Kabar Buruk,2021-09-12,2021,8.0,1,0.11,"Di masa pandemi, Satria yang tinggal jauh dari keluarganya tiba-tiba mendapat telepon dari ayahnya yang membawa kabar buruk.",Drama,Fauzan Musyafa,https://image.tmdb.org/t/p/w500/zRv9BldvFqKSkHUib079utFKi0N.jpg,https://image.tmdb.org/t/p/original/qTpVtRUILTAVW2D5l03kTJe4K6l.jpg,8,Released,
1186799,Supardi & The Myth in His Head,Supardi & The Myth in His Head,2021-11-30,2021,0.0,0,0.07,"Supardi sebagai karyawan di rumah jagal ayam yang gusar saat kehamilan istrinya karena mitos apabila istri sedang hamil maka suami tidak boleh menyakiti apalagi membunuh hewan, jika tidak akan terjadi sesuatu yang buruk pada anaknya.",Drama,Ardian Parasto,https://image.tmdb.org/t/p/w500/vlagYhakWPAVu5gRmTKBbP78lDi.jpg,,15,Released,Sure Pictures
805989,"Tawa, tangis, canda, dan haru… Mari membuat kenangan bersama dalam penerbangan terakhir setlist “Fly! Team T” oleh Team T.",Fly! Team T! Last Show,2021-03-12,2021,0.0,0,0.09,"Tawa, tangis, canda, dan haru… Mari membuat kenangan bersama dalam penerbangan terakhir setlist “Fly! Team T” oleh Team T.",Musik,Tidak Diketahui,https://image.tmdb.org/t/p/w500/jo2Kx9b2t6Nonyo3HDTmJiAS6pQ.jpg,,150,Released,PT. Dentsu Inter Admark Media Group Indonesia
895606,Please Be Quiet,Please Be Quiet,2021-11-18,2021,7.3,3,0.06,Seorang karyawan wanita tanpa sengaja menyaksikan insiden yang tidak pantas di tempat kerjanya dan dia memikirkan apa yang harus dia lakukan dengan rahasia tersebut.,"Drama, Cerita Seru",William Adiguna,https://image.tmdb.org/t/p/w500/2Ygu3kTS0ROIxczF71xN85DfsD0.jpg,,20,Released,
1230976,La Tukad'djib,La Tukad'djib,2021-05-12,2021,0.0,0,0.07,"Mustaqiem seorang anak soleh yang penurut, Saat mengaji dia diajarkan Untuk tidak berbohong. Suatu ketika Abah meminta Mustaqiem untuk mengangkat telpon dan berbohong dengan memberitahu jika tidak ada Abah dirumah, Mustaqiem pun bimbang harus menuruti yang diajarkan Guru Mengajinya atau yang diperintahkan Abahnya, Mampukah Ia mempertahankan ajaran dari Guru Mengajinya tanpa mengecewakan Ayahnya?","Drama, Keluarga",David Richard,https://image.tmdb.org/t/p/w500/5rxuHiSWs1dptjDFPhm66sUZMNs.jpg,https://image.tmdb.org/t/p/original/bjeTl6bjKfWc8gdUCYl3Ht1bKPd.jpg,10,Released,East Borneo Film
918379,Urban Clown,Urban Clown,2021-09-17,2021,0.0,0,0.07,"Dika, seorang pelayan rumah makan yang memiliki jerawat di pipinya. Sebelum berangkat kerja, Ia bercermin lalu mencabut jerawatnya yang telah matang. Atasannya menyinggung penampilan Dika yang bekerja melayani pelanggan. Atasan menyarankannya untuk memakai topeng logo rumah makan. Penampakan Dika yang memakai topeng menyebabkan rumah makan semakin ramai pelanggan. Atasan kemudian menyuruhnya untuk tetap memakai topeng, namunn kali ini dilengkapi dengan kostum badut.",Drama,Christo Desanes,https://image.tmdb.org/t/p/w500/jb5cW1xFm3GD5SJCrTDw1F4R1so.jpg,,9,Released,Vultura Films
918377,Kecelik,Kecelik,2021-01-05,2021,0.0,0,0.11,Rian yang takut pada air dihadapkan pada ramalan bahwa Indonesia akan tenggelam. Ia memutuskan untuk belajar berenang walaupun berat dan sulit rasanya.,Cerita Fiksi,Taufik Nabilla,https://image.tmdb.org/t/p/w500/fzJQRWv6At4YGL2fuUGZJHmrPTU.jpg,,4,Released,Lanyah Films
1175488,Ngutil,Steal Express,2021-12-15,2021,0.0,0,0.08,"Di masa Isolasi Pandemi yang berkepanjangan, salah satu mahasiswa IT yang memiliki usaha jasa laptop yaitu Juki harus merasakan dampak buruknya. Tak hanya itu, kebutuhan hidup dan tunggakan biaya sewa membuatnya berbuat curang. Dengan cara menukarkan spare part RAM pada salah satu si kecil yang bernama Audi. Hingga akhirnya Juki dipanggil oleh akun media sosial misterius untuk datang ke rumah guna memperbaiki laptopnya.","Misteri, Cerita Seru, Cerita Fiksi",Faizal Kusuma,https://image.tmdb.org/t/p/w500/jswE3e5q4empK5jGz3h4Rhulocp.jpg,https://image.tmdb.org/t/p/original/aReHZyi3rmhEpvaV5lrZq8x8zzL.jpg,19,Released,Lanyah Films
725867,Makmum 2,Makmum 2,2021-12-30,2021,4.3,8,0.33,"Baru saja kehilangan suaminya, kesedihan Rini bertambah ketika Bibi yang membesarkannya meninggal. Saat kembali ke desa untuk berkabung, anak tunggal Rini, Hafiz, hilang dan ditemukan tak sadarkan diri di tengah hutan.",Kengerian,Guntur Soeharjanto,https://image.tmdb.org/t/p/w500/rhAlFq5LbNEG6YN60NXmWrFWnAr.jpg,https://image.tmdb.org/t/p/original/aUBGA4Jm2sMP4yqerl7DHcVJZjX.jpg,92,Released,"Dee Company, Blue Water Studios"
904129,KNK: Santa Claus Dari Jakarta?,KNK: Santa Claus Dari Jakarta?,2021-12-10,2021,0.0,0,0.16,"Daniel is a father who loves his family but decides to move to Jakarta and leaves his wife and children with the intention that the welfare of the family will be better. However, Daniel is stuck in the habit of gambling and likes to cheat to make a profit in order to live in Jakarta, besides working as a Santa Klaus clown in a mall during the Christmas season, his life is always disturbed by debt collectors day and night, moreover he has a very large gambling debt to him. one of the most violent mafia families in Jakarta.","Drama, Komedi",Jay Sukmo,https://image.tmdb.org/t/p/w500/32nWvUdySfV2uVY9RZQ0qgv7A8E.jpg,,0,Released,PIM Pictures
666123,Roh Mati Paksa,Roh Mati Paksa,2021-10-21,2021,5.0,1,0.1,"Ketika Sepasang Muda Mudi yang terjebak dalam manisnya cinta, harus menerima akibat dari perbuatanya, keangkuhan Boy (Arnold Leonard) mempermainkan perasaan Lastry (Dea Annisa) menjadi penyebab segala teror yang terjadi pada teman-temannya kecuali Vina (Gabriella Larasati) di sebuah villa terpencil milik kakek Boy.",Kengerian,Adi Garin,https://image.tmdb.org/t/p/w500/lBUf2iJJBh2MqAamvYUZa2eQwWJ.jpg,https://image.tmdb.org/t/p/original/oTwSl7j5jbOw3sFz08NPDMabuVL.jpg,90,Released,Super Media Pictures
1237091,Suara Pengusir Hama (Sound of Kuriding),Suara Pengusir Hama (Sound of Kuriding),2021-02-09,2021,0.0,0,0.07,"Seorang pemuda yang sedang memainkan Kuriding, pada zaman dahulu Kuriding digunakan oleh masyarakat Banjar Hulu Sungai sebagai alat pengusir hama di sawah.",,Muhammad Bakti Akbar,https://image.tmdb.org/t/p/w500/9szWVVVgSYDzVc3TDJrwDw3bH0F.jpg,https://image.tmdb.org/t/p/original/7HVfiuq0suRtXkiays3cNtUFDNe.jpg,6,Released,Team Creative Multimedia
1128791,Camcorder,Camcorder,2021-11-11,2021,0.0,0,0.09,"Geraldine tanpa sengaja menemukan camcorder tua di gudang kantornya. Hal itu membuat Geraldine masuk ke alam lain.  Full movie: https://karyakarsa.com/ramaderanau/film-horror-camcorder-84124","Kengerian, Komedi",Rama DeRanau,https://image.tmdb.org/t/p/w500/5xMg7E904j9vXP2XkASSf2gzdCY.jpg,https://image.tmdb.org/t/p/original/yF8D9Cy6S2wbly04ociSsR4TVLJ.jpg,17,Released,Aura Acting Class
848487,Sound Of Unheared Knock,Sound Of Unheared Knock,2021-05-25,2021,0.0,0,0.11,"Dua Gadis, Ami dan Kania tumbuh besar di sebuah ruang sepanjang usia mereka. Akibatnya mereka tidak mengenal konsep “luar” dan “dalam” ruang. Bagi mereka dunia ini hanyalah dapur dan kamar. Mereka tidak pernah tahu apa itu langit, halaman, bahkan, matahari. Namun ada perbedaan sikap antara Ami dan Kania. Kania selalu patuh dan mengiyakan apa yang ibu ucapkan. Namun Ami mudah penasaran. Jika dilarang sesuatu ia malah melakukannya.","Kengerian, Fantasi",Yeremia Kevin,https://image.tmdb.org/t/p/w500/7wGnb6jjsm47QeYTP2I2mk5nB8n.jpg,https://image.tmdb.org/t/p/original/ybAgsrv3W1xsHYB75byYfhe0Naq.jpg,10,Released,Javora Film
877114,4 Sekawan Sebelum Dunia Terbalik,4 Sekawan Sebelum Dunia Terbalik,2021-02-14,2021,0.0,0,0.11,"Kisah ini menceritakan tentang kisah 4 laki-laki rantau dalam menjalani kehidupannya di Jakarta. Idoy, Dadang, Aceng, Akum mereka sangatlah berbeda karakter. Perbedaan karakter lah yang membuat mereka menjadi bersahabat. Namun, sebuah kejadian membuat persahabatan mereka harus terpecah.",Drama,Lip Sariful Hanan,https://image.tmdb.org/t/p/w500/mEclNYIuyrVCwL87Jb6SrBFwrb5.jpg,,102,Released,MNC Pictures
551478,Jakarta vs Everybody,Jakarta vs Everybody,2020-11-26,2020,5.1,7,0.54,"Dom, seorang remaja yang sedang mencari jati diri, mencoba segala cara untuk mencapai mimpinya sebagai seorang aktor di Jakarta. Setelah serangkaian audisi yang gagal, Dom bertemu Radit dan Pinkan, seorang pasangan muda yang memberikannya pekerjaan. Menggunakan keterampilan aktingnya untuk berperan sebagai karakter yang berbeda, Dom terjemus dalam dunia hitam.","Drama, Kejahatan",Razka Robby Ertanto,https://image.tmdb.org/t/p/w500/9RC0TnP2lGNynDYxBqutjsDTyE0.jpg,https://image.tmdb.org/t/p/original/cDeVOtWlRYQ8lHfGyOtaiDi5Yg0.jpg,101,Released,PT Pratama Pradana Picture
648723,Bucin,Bucin,2020-09-18,2020,5.9,9,0.41,"Merasa bahwa mereka bucin, Jovial mendaftarkan adiknya, Andovi, dan teman- temannya , Tommy dan Chandra, untuk mengikuti kursus anti-bucin. Tujuan kursus ini adalah untuk mengajarkan cara memiliki hubungan yang sehat dan tidak hanya menguntungkan satu pihak. Kursus ini dibuat oleh Vania, seorang lulusan S2 psikologi dengan spesialisasi cinta. Ternyata metode yang digunakan oleh Vania tidak konvensional dan lumayan ekstrim, dia menggunakan konsep ESCAPE ROOM untuk menjelaskan konsep cinta. Sering kali mereka ingin berhenti karena tidak sanggup.","Komedi, Drama, Percintaan",Chandra Liow,https://image.tmdb.org/t/p/w500/vfEMqm6iWczRQNoxnjMt4VzieCS.jpg,https://image.tmdb.org/t/p/original/9ulXOYbqD7pu5vLKPsqIm9xivqf.jpg,97,Released,Rapi Films
664277,Toko Barang Mantan,Toko Barang Mantan,2020-02-20,2020,5.8,4,0.29,"Toko Barang Mantan adalah toko jual-beli barang-barang mantan bagi orang-orang yang ingin move-on dari mantannya. Sebagai pencetus ide, pendiri dan pemiliknya, Tristan rela meninggalkan kuliah hukumnya demi bisa fokus mengembangkan toko ini bersama sahabatnya, Amel dan Rio. Berbagai macam kisah-kisah sedih, lucu dan absurd tentang barang-barang tersebut menjadi makanan mereka sehari-hari.","Komedi, Drama, Percintaan",Viva Westi,https://image.tmdb.org/t/p/w500/yPF0B2cMDEPNdgt8sCxmMAzQ4oB.jpg,https://image.tmdb.org/t/p/original/u2gZKm5okmwAxW6MykqRsLHSTh3.jpg,98,Released,MNC Pictures
655832,Guru-Guru Gokil,Guru-Guru Gokil,2020-08-17,2020,5.3,7,0.38,"Saat gaji-gaji staf dicuri di sekolahnya, seorang guru baru yang ogah-ogahan bertekad mengembalikan uang itu dan tak lama kemudian menemukan kebahagiaan dalam mengajar.","Komedi, Drama",Sammaria Simanjuntak,https://image.tmdb.org/t/p/w500/pwnZ24ODfAxMGzCzZET7GnxgtmI.jpg,https://image.tmdb.org/t/p/original/d70ATRsBYuBaEauXgsHmfwGUnxg.jpg,101,Released,BASE Entertainment
655831,Tarung Sarung,Tarung Sarung,2020-12-31,2020,7.4,5,1.76,"DENI RUSO terlahir dari salah satu keluarga terkaya di Indonesia. Bagi Deni uang adalah segalanya, ia bahkan kehilangan kepercayaan terhadap Tuhan. Semuanya berubah ketika ia ke Makassar mengurus bisnis keluarga, dan bertemu TENRI gadis Makassar aktivis yang membenci RUSO CORP sebagai kapitalis perusak lingkungan. Deni pun menyembunyikan identitas demi mendapatkan cinta Tenri.","Aksi, Drama",Archie Hekagery,https://image.tmdb.org/t/p/w500/5YeF5rz8XFdwqa6gsmKDb3EWW5q.jpg,https://image.tmdb.org/t/p/original/sBX11tyEPrJ5nFCizG441yYBvvO.jpg,115,Released,Starvision Plus
668390,Pemburu di Manchester Biru,Pemburu di Manchester Biru,2020-02-06,2020,0.0,0,0.25,"Sebagai penghormatan kepada sang ayah, seorang sarjana yang tekun mengambil keputusan menantang untuk menjadi reporter sebuah klub sepak bola Liga Premier Inggris.",Drama,Rako Prijanto,https://image.tmdb.org/t/p/w500/z3pmETBdWQNxjQADaobGUFxyluh.jpg,https://image.tmdb.org/t/p/original/p8Hwj3IUtO8O4HmfiEuoj7ZxnbG.jpg,89,Released,"Inti Makmur Internasional, Oreima Films"
669369,Tenripada,Tenripada,2020-03-12,2020,0.0,0,0.13,"""Hari Lamaran"" yang seharusnya menjadi hari pembuktian cinta antara Syamsir dan Melati justru menjadi hari penghianatan. Melati pergi dengan laki-laki lain di hari itu. Kehadiran Kayla yang bermaksud menolong, malah memperkeruh keadaan. Maka terjadilah duel antara Syamsir dan Melati, duel untuk saling menghabisi namun tetap saling mencintai.",Drama,Syahrir Arsyad Dini,https://image.tmdb.org/t/p/w500/zaKBoCbXlrH5H6CFITVPC5HasEI.jpg,,83,Released,"Paramedia, SKV Movie Entertainment, FTI UMI"
671046,Sabar Ini Ujian,Sabar Ini Ujian,2020-09-05,2020,8.0,10,0.24,"Sudah 4 tahun berlalu sejak Sabar memilih tidak hadir di hari pernikahannya dengan Astrid karena trauma masa kecilnya. Kini, Sabar harus menelan rasa pahit ketika dirinya mendapatkan undangan pernikahan Astrid dengan teman SMA Sabar yang bernama Dimas.","Komedi, Drama, Fantasi, Percintaan",Anggy Umbara,https://image.tmdb.org/t/p/w500/7JsOrZqRdmskTyxr52qf9qy43O.jpg,https://image.tmdb.org/t/p/original/kbMTclb5rmCUhLgjfGCLqvMoD3n.jpg,126,Released,"MD Pictures, Umbara Brothers Film"
773893,Anugerah Terindah,Anugerah Terindah,2020-12-05,2020,0.0,0,0.18,"Berkisah tentang persahabatan dan cinta antara Bianca, Tie, Abidari, juga Arya dan Hed. Bila cinta dan persahabatan adalah anugerah terindah dalam hidup mereka, apa yang akan mereka pilih, bila harus memilih cinta dan persahabatan?","Drama, Musik, Percintaan",Kamila Andini,https://image.tmdb.org/t/p/w500/zxDtzJWza3E0t3ep0XFE3H29y3P.jpg,,94,Released,"Mola TV, Titimangsa Foundation, Forka Films"
669368,Buku Harianku,Buku Harianku,2020-03-12,2020,6.5,1,0.17,"Kila anak yang ceria, cerdas, kritis, tapi juga keras kepala. Dia senang mencurahkan isi hati dengan menulis di buku harian. Suatu ketika, oleh ibunya Kila dititipkan sementara sekaligus mengisi masa liburan ke rumah kakeknya, Prapto, di Desa Goalpara, Sukabumi. Di desa yang asri tersebut Kila bertemu kembali dengan kawan lamanya, Rintik, yang diproteksi oleh ibunya karena menyandang disabilitas. Kila menganggap Rintik sebagai teman baiknya. Keceriaan Kila semakin bertambah karena mendapatkan teman-teman baru yang sebaya di desa tersebut. Mereka menghabiskan waktu dengan bermain, bernyanyi riang, bahkan ikut latihan baris-berbaris dengan Kakek Prapto, pensiunan tentara. Berbekal rasa keingintahuannya terhadap berbagai masalah dan kepedulian terhadap sekelilingnya, Kila ikut membantu warga desa keluar dari jeratan perangkap seorang pengusaha properti.","Drama, Keluarga",Angling Sagaran,https://image.tmdb.org/t/p/w500/7wEjhB1qKyeYgeycA0aXMWmXAUp.jpg,,94,Released,"Bro's Studio, Blue Sheep Entertainment"
671042,Pelukis Hantu,Pelukis Hantu,2020-10-16,2020,7.3,3,0.21,Bergenre horor-komedi film ini berkisah tentang seorang pelukis bernama Tutur yang sedang mengalami kesulitan finansial sedangkan ibunya membutuhkan biaya pengobatan penyakit parunya. Tutur yang memegang idealisme tinggi terhadap karya lukisnya malah kesusahan menjual karya-karya miliknya.,"Komedi, Kengerian",Arie Kriting,https://image.tmdb.org/t/p/w500/4OMzS6NTss4uyZJjW5rB4aLXWRa.jpg,https://image.tmdb.org/t/p/original/3GjgubCmWSl3oSTfMAdcLN6e9Rc.jpg,97,Released,MD Pictures
779260,Putri Salju,Snow White Cookies,2020-12-25,2020,4.0,1,0.11,"Di hari sebelum hari Natal, di tengah pandemi, Noel demi sebuah hati, mencoba membuat sesuatu untuk merayakannya.",Drama,Pieter Andas Parinatha,https://image.tmdb.org/t/p/w500/8nvT8UHhRV5a6MkSZB9Rye6bbnR.jpg,,0,Released,Anganangan
789091,Domio Instano,Domio Instano,2020-10-13,2020,0.0,0,0.15,"Di negara yang memuja mie instan ini, tidak ada yang diperbolehkan memasak mie instan di luar yang telah ditentukan oleh aliran tersebut. Anda bahkan tidak bisa memasak dengan menggunakan cara lain selain yang sudah diuraikan di kemasan. Lalu datanglah seorang penantang, membawa cita rasa baru dan cara memasak baru.","Aksi, Animasi, Komedi",Gugun Arief,https://image.tmdb.org/t/p/w500/jCArmmslwsmMKhPs4ZLkYf9moFr.jpg,,5,Released,Javora Film
781109,Terciduk!,Terciduk!,2020-12-31,2020,0.0,0,0.15,9 perampok eksentrik dalam sebuah misi.,"Animasi, Komedi",Alan Dharmasaputra,https://image.tmdb.org/t/p/w500/xJH6sQL21OErSqsUtijT7of1KFq.jpg,,4,Released,JAP HD OFFICE
1241613,Kemboja,Kemboja,2020-02-21,2020,0.0,0,0.12,Percakapan kecil seorang narapidana sebelum ditembak mati,Drama,Shohipul Ma'ruf,https://image.tmdb.org/t/p/w500/3m6dN7drE0KS8zm2RWRZmXpYT4H.jpg,,8,Released,Team Creative Multimedia
1298998,REWIND INDONESIA 2020,REWIND INDONESIA 2020,2020-12-28,2020,7.5,1,0.15,"Rewind ini dibuat oleh para kreator Indonesia, dari kreator Indonesia, untuk masyarakat Indonesia dengan tujuan menyatukan komunitas kita dan menutup tahun 2020 dengan sesuatu yang penuh harapan dan positif.",Musik,Chandra Liow,https://image.tmdb.org/t/p/w500/oMYZsM0Ce3mO0cuCWJZprjCTeWW.jpg,https://image.tmdb.org/t/p/original/3075gcaQiuylg83qh8ypGv8eKt5.jpg,14,Released,
744608,Berlabuh,Berlabuh,2020-11-27,2020,0.0,0,0.12,"Tirta (27) berprofesi sebagai awak kapal di sebuah penyeberangan feri domestik, mengalami kesulitan keuangan, ia juga harus menghadapi kenyataan bahwa kontrak karyanya akan segera berakhir. Usahanya memperpanjang kontrak di perusahaan angkutan itu terhalang oleh sistem pemerintah. Situasi ini membuatnya mempertanyakan masa depan karir pelautnya.",Drama,Haris Yuliyanto,https://image.tmdb.org/t/p/w500/iJg17aZYkHOQRtTrPHYDRDt6tEs.jpg,https://image.tmdb.org/t/p/original/34fzEgPGA4KhPPDhOHOrbqLHT1F.jpg,14,Released,"Aranck Project, Kura Kura Terbang"
672943,Djoerig Salawe,Djoerig Salawe,2020-03-07,2020,0.0,0,0.12,"Dua jawara desa - Adang dan Asep, bersaing menjadi calon lurah. Meskipun Adang menang, ia malah bangkrut dan ditinggal istri. Sementara Asep justru makin kaya raya. Bahkan mampu melunasi utang Adang.","Komedi, Kengerian",Sahrul Gibran,https://image.tmdb.org/t/p/w500/eJnOQiMtt5By0e4kCgXWDDpzmjV.jpg,,0,Released,Multi Buana Kreasindo
696641,Contrast,Contrast,2020-02-07,2020,0.0,0,0.12,"Sebuah kasus pembunuhan terjadi di sebuah kamar di apartemen, dua orang detektif berusaha menyelesaikan kasus ini",Misteri,Je Yatmoko,https://image.tmdb.org/t/p/w500/a2TwGub3QVFt8snnDixOPJMyPvE.jpg,,6,Released,"Zettamind Studios, Labs Pictures"
743103,Setelah Dia Pergi,Setelah Dia Pergi,2020-10-02,2020,0.0,0,0.09,"Inilah kisah Dea dan Nico, pasangan muda yang diterpa ujian ketika Nico meninggal. Apakah Dea bisa kuat tanpa kehadiran Nico disisi nya?",Drama,Ridho Ivander Rama,https://image.tmdb.org/t/p/w500/a7Ki91mljG5nTfZleAXfid3DQCb.jpg,https://image.tmdb.org/t/p/original/arg8inUa7qaAryQODvLGvKymsK4.jpg,12,Released,"Shady Shady People Production, Zettamind Studios"
1241617,Sematawayang,Sematawayang,2020-02-07,2020,0.0,0,0.09,Memahami bahasa gerak dari seseorang yang lahir sematawayang,Drama,Shohipul Ma'ruf,https://image.tmdb.org/t/p/w500/D6j9MqaUv7iWQrKn367ZoMtjPY.jpg,,9,Released,Team Creative Multimedia
869557,Paranoia,Paranoid,2020-08-24,2020,0.0,0,0.09,Seorang gadis yang memiliki Masalah Paranoid,Drama,Ferry Irwandi,https://image.tmdb.org/t/p/w500/mvkQulQwgeHzmmZdGr18e7CMu2F.jpg,https://image.tmdb.org/t/p/original/bPxl8w5uOCLWot31h4yB2gAtN1Y.jpg,3,Released,
781105,Thank GOD! to give this pandemic,Thank GOD! to give this pandemic,2020-12-31,2020,0.0,0,0.1,"Masa-masa yang penuh ketidakpastian ini sudah hampir berlangsung satu tahun, semua pola hidup manusia tiba-tiba harus bertransformasi secara cepat. Thank GOD! to give this pandemic merupakan film dokumenter pendek yang mengikuti perjalanan hidup seorang anak berusia enam tahun menghadapi tranformasi yang sangat cepat mengenai pola belajar dan pola kehidupan di masa yang penuh dengan ketidakpastian dan sangat membosankan.",Dokumenter,Petrus Kristianto,https://image.tmdb.org/t/p/w500/yaAM9eRKjwimV2cCG659Iqp2DPs.jpg,,9,Released,JAP HD OFFICE
744960,Hari Ke-40,Hari Ke-40,2020-09-27,2020,0.0,0,0.08,Menceritakan seorang  suami dan istri yang resah karena anaknya yang merupakan seorang mahasiswa tak kunjung pulang-pulang,Drama,Ichwan Persada,https://image.tmdb.org/t/p/w500/po7CdHlUHcwRvTnQAO2vn1veUp6.jpg,,22,Released,"Indonesia Sinema Persada, PIM Pictures"
1241173,Tuntung Pandang Ruhui Rahayu (The Wedding Proposal),Tuntung Pandang Ruhui Rahayu (The Wedding Proposal),2020-12-03,2020,0.0,0,0.08,"Sepasang kekasih Bella (P/23) dan Diki (L/20) yang sedang melakukan prewedding untuk pernikahan mereka. Mereka baru bertemu 3 bulan, namun Diki memutuskan untuk menikahinya. Bella merupakan anak yatim piatu yang memiliki 2 adik yang ingin masuk sekolah. Karena mereka baru saja bertemu, Bella lebih mempertanyakan hubungan mereka di hujung hubungan, apakah melanjutkan atau bagaimana.",Drama,Shohipul Ma'ruf,https://image.tmdb.org/t/p/w500/iMl5V68ARZpZNbdfiMri1EhOBAe.jpg,https://image.tmdb.org/t/p/original/sJPbBObmt4di4Flt5vL2FeIZxuh.jpg,10,Released,Team Creative Multimedia
744951,Family Room,Family Room,2020-09-20,2020,0.0,0,0.06,"Mengisahkan sebuah keluarga yang duduk di meja makan dan ternyata, ada sebuah pengumuman besar yang tak terduga akan segera diumumkan di meja makan besar itu.",Drama,Ichwan Persada,https://image.tmdb.org/t/p/w500/irqrplPMOowuz1SdHxCSKWPBUsi.jpg,https://image.tmdb.org/t/p/original/ucxV1kEouw3Rf4uV5Q20vqubXkP.jpg,15,Released,"Indonesia Sinema Persada, PIM Pictures"
1128767,Poniah,Poniah,2020-02-12,2020,0.0,0,0.05,"Poniah kehilangan pekerjaannya akibat pandemic covid-19. Poniah tidak  ada pilihan harus menjadi pelacur. Poniah tenggalam dalam kehidupan  mewah yang semu.  Full movie: https://karyakarsa.com/ramaderanau/film-khusus-18-poniah",Drama,Rama DeRanau,https://image.tmdb.org/t/p/w500/3UonLsVdtD4tdpEv3byFMCwilgy.jpg,https://image.tmdb.org/t/p/original/pn9rpkNJbZZfyVh6qo7Y8ZHZ2PW.jpg,15,Released,Aura Acting Class
818728,Wave of Cinema: Nanti Kita Cerita Tentang Hari Ini,Wave of Cinema: Nanti Kita Cerita Tentang Hari Ini,2020-09-25,2020,0.0,0,2.13,"Delve into a musical concert and relive moments from ""One Day We'll Talk About Today,"" a film about family and intergenerational trauma.","Dokumenter, Musik",Adriano Rudiman,https://image.tmdb.org/t/p/w500/c9grWXUSQRPHU35FA7bvVRmY2e2.jpg,,71,Released,Visinema Music
613710,Nanti Kita Cerita tentang Hari Ini,Nanti Kita Cerita tentang Hari Ini,2020-01-02,2020,7.3,23,0.36,"Harboring a deep secret, a seemingly happy family confronts the trauma of years past as a clash between generations threatens to separate them.",Drama,Angga Dwimas Sasongko,https://image.tmdb.org/t/p/w500/DYNrFIkd5F4ZPkaUwaceyYR3H9.jpg,https://image.tmdb.org/t/p/original/xkSxIf8vBYQ8lhoiasKppljuv6i.jpg,120,Released,"Visinema Pictures, IDN Media, blibli.com, XRM Media"
731676,Warkop DKI Reborn 4,Warkop DKI Reborn 4,2020-09-25,2020,7.2,2,0.17,"Dono, Kasino, and Indro are sentenced in the city's center, but manage to escape to Marrakesh where they meet Yosef, who controls the children spy network.","Aksi, Petualangan, Komedi",Rako Prijanto,https://image.tmdb.org/t/p/w500/uSaaCp44SrcLIrpIhaWyRsYKtOm.jpg,,103,Released,Falcon Pictures
651189,Akhir Kisah Cinta Si Doel,Akhir Kisah Cinta Si Doel,2020-01-23,2020,6.3,6,0.28,"Kepulangan SARAH bersama DUL ke Jakarta, disambut bahagia oleh keluarga DOEL. Namun hal tersebut juga membuat ZAENAB, SARAH, dan DOEL dihadapkan pada pilihan besar. ZAENAB yang positif hamil dan masih trauma pernah kehilangan buah hati di masa lalu, kini harus memilih antara tetap berada di sisi DOEL, atau merelakannya demi menyatukan kembali sebuah keluarga.","Drama, Komedi, Keluarga, Percintaan",Rano Karno,https://image.tmdb.org/t/p/w500/u83rPC8nQQ1QtELfAqw3OR1ccLs.jpg,,92,Released,"Karnos Film, Falcon Pictures"
741871,Milea: Suara dari Dilan Extended,Milea: Suara dari Dilan Extended,2020-12-31,2020,9.0,1,0.53,"Milea: Suara dari Dilan Extended adalah sebuah film percintaan Indonesia tahun 2020 yang disutradarai oleh Fajar Bustomi dan Pidi Baiq, serta ditulis oleh Pidi dan Titien Wattimena. Film tersebut dialih wahana dari novel berjudul sama karya Pidi dan merupakan sekuel dari Dilan 1991. Kisah film tersebut diambil dari sudut pandang Dilan dengan menampilkan hal-hal yang tak diceritakan di dua film sebelumnya. Tayang di bioskop mulai 31 Desember 2020.",Drama,Fajar Bustomi,https://image.tmdb.org/t/p/w500/6j1VhORcZkTY4gepEeu0G3gHU7V.jpg,https://image.tmdb.org/t/p/original/iYLVNMEpR6FxIVqfDq0vVU9J5Z5.jpg,117,Released,Max Pictures
1097889,Gombal From Home,Gombal From Home,2020-11-29,2020,0.0,0,0.14,"Menganggur dan kesepian akibat pandemi, Eka membuat profil di aplikasi kencan menggunakan foto dan deskripsi palsu.",Drama,Egi M. Ginanjar,https://image.tmdb.org/t/p/w500/rNPFF4AIbtk8DOCvYTaCDZQqpJP.jpg,https://image.tmdb.org/t/p/original/7BNK2VkTwefIoaXuEZXINpibKya.jpg,15,Released,"Anti-Corruption Fund, Danlainlain Production"
655836,Titus: Mystery of the Enygma,Titus: Mystery of the Enygma,2020-01-09,2020,0.0,0,0.18,"TITUS (Arbani Yasiz) adalah tikus detektif pecinta puzzle yang tinggal di kota Steamburg. Dalam petualangannya sebagai detektif, ia ditemani kelinci pesulap bernama BOBIT (Lukman Sardi) serta FYRA (Ranty Maria) si kadal cantik yang juga seorang pilot amatir dan gemar bertualang.","Animasi, Komedi, Keluarga",Dineshkumar Subashchandra,https://image.tmdb.org/t/p/w500/5tbxWBzIt4GB6E4PJJcs1lZvknG.jpg,https://image.tmdb.org/t/p/original/zJGYWlYJ5uhAmL9eCRWG8pftjHd.jpg,95,Released,"MNC Animation, MNC Pictures"
1032013,Awang-Awang (In Their Mind),Awang-Awang (In Their Mind),2020-01-05,2020,0.0,0,0.08,"Pak Jito (49 tahun) & Ibu Suminah (45 tahun), pasangan suami istri yang sedang menonton berita perampokan di TV dengan cemas. Keduanya ingin menebus semua hutang mereka dan menghabiskan semua uang mereka secepat mungkin. Di tengah percakapan mereka, tiba-tiba suara seorang pria mengagetkan mereka berdua.","Drama, Komedi",Rio Akbar Jalu Pandita,https://image.tmdb.org/t/p/w500/e2xkgJosxWNsIBC3zkukCybSC3Y.jpg,,7,Released,Coklat Studio
662726,Aku Tahu Kapan Kamu Mati,Aku Tahu Kapan Kamu Mati,2020-03-05,2020,4.2,4,0.18,"Setelah mengalami mati suri, Siena mendapatkan kemampuan untuk melihat tanda-tanda kematian pada orang yang akan segera meninggal. Namun, teman-temannya tidak percaya dengan kemampuannya itu. Hingga akhirnya, tanda tersebut mulai muncul pada orang-orang terdekatnya.","Drama, Kengerian, Cerita Seru",Hadrah Daeng Ratu,https://image.tmdb.org/t/p/w500/3X8PkI1cXpnqSlx6uJY3A0XypWt.jpg,https://image.tmdb.org/t/p/original/fze8GevBOY8FjsTzpp6JYXmxNvy.jpg,92,Released,"Unlimited Production, Maxima Pictures, Dwi Abisatya Persada, Imperial Pictures"
657375,Temen Kondangan,Temen Kondangan,2020-01-30,2020,7.0,1,0.17,"Ketakutan terbesar Putri (Prisia Nasution) akhirnya datang ketika menerima undangan resepsi pernikahan mantan pacar terindahnya, Dheni (Samuel Rizal). Untuk membuktikan kalau dirinya sudah move-on, Putri ditantang oleh sahabat-sahabatnya untuk hadir ke pesta tersebut, dengan syarat tidak datang sendirian.","Komedi, Drama, Percintaan",Lip Sariful Hanan,https://image.tmdb.org/t/p/w500/rldyYMvpzgiJGQJlQItbX9HHsxc.jpg,https://image.tmdb.org/t/p/original/eEwxja7KBDXQN0rUczjDueg6oW.jpg,86,Released,MNC Pictures
646705,Mekah I'm Coming,Mekah I'm Coming,2020-03-05,2020,8.5,2,0.21,"Hubungan Eddy, pemilik usaha bengkel desa, dan Eni bisa kandas lantaran Eni akan dijodohkan dengan saudagar kaya dari kota, Pietoyo. Berkat saran Ibunya, Eddy berhasil merayu orangtua Eni dengan mengatakan akan berangkat Haji tahun ini. Faktanya, untuk mendapatkan kuota visa Haji resmi harus mengantri selama 10 tahun. Eddy memutuskan menjual bengkel tempat usahanya, dan mengambil jalur kilat. Sesampainya di Jakarta, Eddy baru sadar kalau ia ditipu. Dalam kebimbangan, Eddy harus menyembunyikan hal tersebut dari siapapun. Ia menunggu waktu yang tepat untuk pulang kampung, agar seolah-olah ia benar-benar naik Haji dan bisa segera menikahi Eni.","Komedi, Drama",Jeihan Angga,https://image.tmdb.org/t/p/w500/yRyyrtg53gXiAnZSpni1h0jKFCK.jpg,https://image.tmdb.org/t/p/original/krlfEfZIChCkX6hLNW2yQwayEbv.jpg,96,Released,"MD Pictures, Dapur Film"
756528,Hampir Jadi,Hampir Jadi,2020-10-14,2020,0.0,0,0.06,Sebuah kisah Ajo dan Tanya yang selalu membuat geregetan dan menimbulkan banyak tanda tanya.  Apakah usaha Ajo hari ini membuahkan hasil?,Drama,Ardhito Pramono,https://image.tmdb.org/t/p/w500/9rHlEWWwtHHmjyrV9E1kzzSJEQF.jpg,,6,Released,
789096,Mancoro,Mancoro,2020-12-05,2020,0.0,0,0.07,"Mas Bejo yang terlalu banyak menunggak hutang disandera debt collector kejam. Saat hendak disiksa, Mancoro muncul sebagai penyelamat.","Aksi, Fantasi, Animasi, Komedi",Gugun Arief,https://image.tmdb.org/t/p/w500/hPyeLIcKPDQya0R84z0HelQJ1p7.jpg,,5,Released,Javora Film
642657,Milea: Suara dari Dilan,Milea: Suara dari Dilan,2020-02-13,2020,6.2,28,0.49,"Tidak ada kisah yang lebih Indah dari kisah cinta di SMA.Sama halnya dengan kisah cinta Dilan dan Milea.Dari yang awalnya benci hingga saling mencintai. Dari yang awalnya manis hingga menjadi rumit.Menjelang reuni akbar,Dilan memutuskan untuk menceritakan kembali masa masa itu.","Drama, Percintaan",Fajar Bustomi,https://image.tmdb.org/t/p/w500/pihwEdQV7sHlSU2sFj5miwiENPd.jpg,https://image.tmdb.org/t/p/original/g4mzpgaQGVJ8XhymZLs32RMTkiX.jpg,99,Released,Max Pictures
646696,Mariposa,Mariposa,2020-03-12,2020,6.3,8,0.56,"Iqbal Guanna seperti kupu-kupu Mariposa bagi Natasha Kay Loovy atau Acha. Tiap kali didekati ia selalu menghindar. Acha bertekad ingin mendapatkan hati Iqbal, seorang cowok cakep, pintar dan dikenal berhati dingin. Sahabat Acha, Amanda, berusaha mencegah niat Acha untuk mendekati Iqbal. Acha yakin, jika pun hati Iqbal sekeras batu, Acha adalah air yang menetesinya setiap waktu, hingga batu itu akan pecah dan menerima dirinya.","Drama, Percintaan",Fajar Bustomi,https://image.tmdb.org/t/p/w500/8qj4jcx96vhPx64lhI4GQQdsEqu.jpg,https://image.tmdb.org/t/p/original/oQ2I91gV5N4p8DDXcYw3ROrodhJ.jpg,117,Released,"Starvision Plus, Falcon Pictures"
783112,Rangkul,Rangkul,2020-11-15,2020,10.0,1,0.02,"Di tengah pandemi yang sedang melanda, Jaka (18) berniat untuk membantu warga sekitar dengan memberi makanan dari rumahnya sendiri. Hal ini ditentang oleh Ibu (37), yang menekankan bahwa perekonomian keluarga kecil mereka juga sedang tidak stabil. Jaka berpendapat bahwa ia selalu memberi apa yang memang sudah berlebihan untuk mereka. Ibu tidak suka dengan pernyataan ini, dan melarang Jaka untuk memberi lagi. Dengan ketidaksetujuan ibunya sendiri, Jaka ditinggalkan sendiri dengan dilema terbesar dalam hidupnya: Moral atau Keluarga.","Drama, Keluarga",Kenneth Lisungan,https://image.tmdb.org/t/p/w500/pgDQR1rFPfrjsI6ETzSbIDNJywv.jpg,https://image.tmdb.org/t/p/original/j75YR3flr8jV3I62yt0x0qCAFzj.jpg,25,Released,Kalap Sinema
1462011,Narimo,Narimo,2020-03-01,2020,0.0,0,0.01,"Seorang duda yang tinggal sendiri, senang mengisi waktu luangnya dengan  memancing. Disela-sela aktivitasnya, ia selalu mencoba menghubungi anak  perempuannya. Namun, pada akhirnya ia tidak berhasil menemuinya.",Drama,Annajam Islamay Wisyesa,,,20,Released,Avikom Films
1456103,Wani,Wani,2020-03-21,2020,0.0,0,0.01,"Wani (23) yang merupakan perempuan dewasa muda yang terjebak dalam kisah asmaranya  bersama Rita (27) sejak mereka dipertemukan di dalam satu sel penjara yang sama. Namun, kisah  asrama mereka berakhir ironi bagi Wani, ketika hadirnya sosok Gunawan (40) yang diketahui  sudah menjalin hubungan badan dengan Rita. Rasa cemburu dan kecewa akan hal itu membuat  Wani memutuskan untuk pergi meninggalkan Rita.",Drama,Muhammad Andre Kurniawan,,,16,Released,Avikom Films
1462031,Gendaan,Gendaan,2020-03-21,2020,0.0,0,0.01,Eko (37) seorang sopir truk yang sudah lama tidak pulang dan bertemu keluarganya. Susi (35) istri Eko bekerja dengan membuka warung jajanan. Hubungan pasangan suami istri ini tidak berjalan baik karena nafkah lahir & batin yang tidak terpenuhi. Eko dan Susi memiliki pasangan gelap tanpa diketahui satu sama lain bahkan anak mereka sendiri. Buah dari hubungan ini adalah ketidaknyamanan pada Andi (11).,Drama,L.C Tulus Wijayanto M.,,,14,Released,Avikom Films
806474,Another Friendzone,Another Friendzone,2020-12-26,2020,7.5,2,0.07,"Sebuah dokumenter perjalanan 8 teman yang sedang liburan di Yogyakarta, Indonesia disaat pandemi.","Dokumenter, Komedi, Cerita Seru",Bangun Setiawan,https://image.tmdb.org/t/p/w500/gjY2iC2YvNFX3O3eh1t0VpzIofl.jpg,https://image.tmdb.org/t/p/original/x9Zb1FqGPanOkGrwMrGG7y1BZkR.jpg,46,Released,"SFL Pictures, NEON BLASTER2 PRODUCTION"
1461929,Nunut,Nunut,2020-03-01,2020,0.0,0,0.01,"Tutik (35) tidak mampu membayar iuran sampah, maka dari itu ia membuang sampah ke  tempat sampah milik Ningsih. Ia melakukannya secara berulang-ulang. Saat Ningsih dan  tetangganya berbelanja sayuran, mereka membicarakan tempat sampah Ningsih yang sudah  menumpuk. Suatu hari, Tutik dan Ningsih berkonflik karena kecurigaan Ningsih terhadap  sampah popok yang ada di tempat sampahnya. Ningsih dan tetangganya menyudutkan Tutik dan  akhirnya membuat Tutik mengakui perbuatannya. Ia pun mempertanyakan kemana ia dapat  membuang sampah.",Drama,Whira Purnama Rizki,,,12,Released,Avikom Films
848654,Malam Nirwana,A Night of Nirvana,2020-09-08,2020,0.0,0,0.05,"Riza yang sedang dalam ambang kesepian, mencoba mendobrak batasan-batasan dalam hidupnya.",Misteri,Brilian Nanda T.,https://image.tmdb.org/t/p/w500/jNgK6U8ewkvjumhOScHTmj5Ez5n.jpg,https://image.tmdb.org/t/p/original/eZ0pKPkwBr5tU7zgx9p36DJdYnl.jpg,13,Released,Bengsin Production
1461940,Lastini,Lastini,2020-03-01,2020,0.0,0,0.01,"Desi (20) adalah seorang kembang desa yang tidak bisa melangsungkan pernikahannya  dengan Sakti (21), kedua belah keluarga pun sudah sepakat. Namun, karena adanya suatu  accident membuat Desi merayu kedua orang tuanya supaya pernikahannya dengan Sakti dapat  terwujud. Ayahnya mendukung keinginan Desi, namun sang ibu tetap pada pendiriannya.  Konflik yang terjadi di keluarganya membuat Desi frustasi dan mengungkapkan keadaan  sesungguhnya. Setelah terjadi konflik, Desi mencari kepastian jawaban dari Sakti, namun  jawabannya membuat keadaan Desi semakin terpuruk. Desi pun terpaksa menanggung deritanya  seorang diri.",Drama,Adilista Athaya M,,,14,Released,Avikom Films
1286222,VIU SHORTS! Indonesian Urban Legends,VIU SHORTS! Indonesian Urban Legends,2019-01-01,2019,0.0,0,0.09,"VIU SHORTS! contains a collection of short films made by young filmmakers from 17 cities in Indonesia who take the theme ""Urban Legend"".",Kengerian,Tidak Diketahui,,,219,Released,
617275,Susi Susanti: Love All,Susi Susanti: Love All,2019-10-24,2019,7.2,5,0.36,"Susi Susanti rises to become Indonesia’s beloved athlete. In time of turmoil, she showed her country & the world that heroism is measured by one’s sacrifice.","Sejarah, Drama",Sim F.,https://image.tmdb.org/t/p/w500/kjfoVBYxHm98YUVPQooJs2oLdNU.jpg,https://image.tmdb.org/t/p/original/uAPmEPeD9IEqcOfGl0Keo0TnKK5.jpg,96,Released,"Time International Pictures, Damn! I Love Indonesia Pictures, Oreima Films, East West Synergy, Melon Indonesia, Buddy Buddy Pictures, Nara Prayatna Tama"
516700,Gundala,Gundala,2019-08-29,2019,6.2,326,0.65,"Sancaka has lived on the streets since his parents left him. Living a hard life, Sancaka survives by thinking about his own safety. When the condition of the city gets worse and injustice rages throughout the country, Sancaka must decide whether he continues to live to look after himself or rise to become their oppressed hero.","Aksi, Petualangan, Cerita Fiksi, Drama",Joko Anwar,https://image.tmdb.org/t/p/w500/ohONagShzXKYZ7H9wrwnwQcaF3k.jpg,https://image.tmdb.org/t/p/original/9Y7oAd9P4l6TWVmeYD4hydxNJ6v.jpg,123,Released,"Screenplay Films, Legacy Pictures, Bumilangit Studios, Ideosource Entertainment, Screenplay Bumilangit"
611059,Wedding Agreement,Wedding Agreement,2019-08-08,2019,7.2,6,0.32,"Hari pertama tiba di rumah Bian, suaminya, Tari langsung dihadapkan pada perjanjian pernikahan yang isinya mengatakan bahwa mereka akan bercerai dalam waktu satu tahun. Bian berencana menikahi Sarah, kekasihnya. Bian melakukan pernikahan hanya demi bakti kepada orang tua. Tari pun tidak menyerah, ia mencoba mengambil hati Bian. Namun, sekuat apapun Tari mencoba, selalu ada Sarah di antara mereka.","Drama, Percintaan",Archie Hekagery,https://image.tmdb.org/t/p/w500/fJI6OR4M4DelA1cVUFZr0G0Owjm.jpg,https://image.tmdb.org/t/p/original/aUTLn6vHeNuKhopeC2yI4hhqqpK.jpg,100,Released,Starvision Plus
595188,Pariban : Idola Dari Tanah Jawa,Pariban : Idola Dari Tanah Jawa,2019-05-09,2019,4.0,2,0.3,"Moan adalah pemuda Batak yang sudah lama tinggal di Jakarta. Meski usianya sudah menginjak 37 tahun, tetapi ia belum punya pacar. Situasi ini membuat ibunya yang bermukim di Samosir pusing. Ia memaksa Moan mudik dan menikah dengan sepupunya, Uli. Di luar dugaan, Uli yang diceritakan sebagai wanita cantik dan mencintai budaya Batak, sudah memiliki kekasih, Binsar.","Drama, Komedi",Andibachtiar Yusuf,https://image.tmdb.org/t/p/w500/2j2TbBjEVKvOQXXS3U0yj7E2xkP.jpg,https://image.tmdb.org/t/p/original/mhhnyMgZEkIGdBsBEnVdcGUzcy2.jpg,104,Released,"Stay Co Media, Agustinus Sitorus Production"
584175,Hit & Run,Hit & Run,2019-06-04,2019,6.3,5,0.29,"Tegar ditugaskan untuk menangkap Coki, seorang gembong narkoba yang kabur dari penjara. Bersama Lio seorang penipu, Meisa, dan Jefri, justru membuatnya semakin sulit.","Aksi, Komedi, Percintaan",Ody C. Harahap,https://image.tmdb.org/t/p/w500/gD6uPp1FLWrtLFCQLj56tEzemJU.jpg,https://image.tmdb.org/t/p/original/aDfyopgzTvtHwMuEpE2Vvb9K5VW.jpg,114,Released,"CJ Entertainment, Nimpuna Sinema, Bukalapak Pictures, Legacy Pictures, Screenplay Films"
584166,My Stupid Boss 2,My Stupid Boss 2,2019-03-28,2019,6.2,8,0.83,"Having driven away many of his employees, Bossman and three of his long-suffering workers try to find cheap labor in Vietnam but find trouble instead.","Komedi, Drama",Upi Avianto,https://image.tmdb.org/t/p/w500/z2zs4Kv57d9jUFOtL9lyxDGN4y0.jpg,https://image.tmdb.org/t/p/original/9mOrRjAFYbwx8VGLTnZHq0OG3Ki.jpg,94,Released,Falcon Pictures
632899,Senior,Senior,2019-11-21,2019,6.0,1,0.16,"Nakula mengalami sebuah peristiwa yang mengubah dan menghantui hidupnya. Ia lalu menjalin hubungan dengan Aluna, siswi baru di sekolahnya. Hubungannya dengan Aluna pun menyadarkannya agar bisa berdamai dengan masa lalu.",Drama,Indra Gunawan,https://image.tmdb.org/t/p/w500/aYKi1N01z8MGubhYosAZLQujeoE.jpg,https://image.tmdb.org/t/p/original/2QG34iXrIp84rZ3KUfyS2Gwn2QF.jpg,94,Released,"Max Pictures, Bentang Pictures"
611057,Pintu Merah,Pintu Merah,2019-07-18,2019,4.0,1,0.09,"Aya, seorang wartawati muda yang ambisius dan idealis, sedang dalam proses observasi untuk menulis sebuah artikel tentang sebuah kasus pembunuhan. Namun, ada misteri di dalam kasus pembunuhan ini yang menyeretnya masuk ke dalam kengerian.",Kengerian,Noviandra Santosa,https://image.tmdb.org/t/p/w500/6Pp7GNkbGRzdbah1i5f7GDtO2yU.jpg,https://image.tmdb.org/t/p/original/kEjiA7ntbwWQFmSZXuwxyKLsv1X.jpg,77,Released,"PT Kanta Indah Film, Aurora Films"
611739,Jeritan Malam,Jeritan Malam,2019-12-12,2019,6.5,2,0.16,Diangkat dari kisah nyata fenomenal Kaskus karya meta.morfosis,Kengerian,Rocky Soraya,https://image.tmdb.org/t/p/w500/2RYBxVyViYQzZxB2IOzk8o1e8XK.jpg,https://image.tmdb.org/t/p/original/zX0Xt4o2ydO5cqBOMVXjeCkdyJo.jpg,119,Released,Soraya Intercine Films
611084,Perburuan,Perburuan,2019-08-15,2019,5.8,2,0.11,"Kehadiran Hardo di Blora tercium oleh Nippon yang terus melacak dan mengejarnya. Pengkhianatan, perlawananan, dan kekejaman pun turut hadir saat pengejaran Hardo pada malam sebelum kemerdekaan.","Drama, Sejarah, Kejahatan",Richard Oh,https://image.tmdb.org/t/p/w500/wrBPkgK0OHB0nTTFaVMERvdUhAY.jpg,https://image.tmdb.org/t/p/original/jTwT4e4QXkKIkykfsdEn4UaIwei.jpg,98,Released,Falcon Pictures
634830,Bike Boyz,Bike Boyz,2019-11-14,2019,6.8,2,0.15,"Ketika Agus (Aep Bancet) hendak membantu Lilis (Aline Manza) mencari suaminya yang sudah 3 bulan tidak pulang dan tidak berkabar, Vespa Agus hilang diambil orang. Bersama teman-temannya sesama anak Vespa, Agus keliling Bandung mencari Vespa miliknya dan juga suami Lilis, kemudian tanpa sengaja masuk ke dalam kasus yang melibatkan komplotan pencuri, geng motor sampai teroris dan polisi.","Drama, Komedi",Aris Nugraha,https://image.tmdb.org/t/p/w500/RtRYxAP7YSh8RgLb664Ppdlf8g.jpg,https://image.tmdb.org/t/p/original/fXRQGgWSdMw1WKZBuJcprqj9W9F.jpg,95,Released,"Starvision Plus, ANP Films"
609618,Rumah Merah Putih,Rumah Merah Putih,2019-06-20,2019,7.0,1,0.18,"Farel, Oscar, dan kawan-kawannya yang tinggal di perbatasan NTT-Timor Leste mengikuti lomba panjat pinang. Namun, bukannya bersatu, mereka berdebat hadiah mana yang harus diambil lebih dulu. Mereka gagal dan kemudian menyalahkan satu sama lain. Masalah semakin rumit ketika dua kaleng cat merah putih milik Farel hilang. Takut dimarahi ayahnya, Farel, Oscar, dan kawan-kawannya berupaya mengumpulkan uang untuk membeli cat. Mereka mengetahui akan ada lomba panjat pinang lagi berhadiah cat merah putih. Saat lomba, Oscar terjatuh dan sakit. Ini kisah Farel, Oscar, dan kawan-kawannya untuk merayakan 17 Agustus.",Drama,Ari Sihasale,https://image.tmdb.org/t/p/w500/9GUVCjHcYUEbHFawljrlJjVmErx.jpg,https://image.tmdb.org/t/p/original/1ChD0FMDzmSaNXkKuT6fsCUaJjT.jpg,96,Released,Alenia Pictures
613675,Koboy Kampus,Koboy Kampus,2019-07-25,2019,5.3,3,0.1,"Pada masa kuliah tahun 90-an, Pidi dan teman-temannya, Ninu, Deni, Erwin, dan Dikdik mendirikan sebuah negara sendiri yang bernama “Negara Kesatuan Republik The Panasdalam”. Problematika masa kuliah dan kisah cinta pun mereka alami.","Drama, Komedi, Musik",Tubagus Deddy,https://image.tmdb.org/t/p/w500/6dtE8uNBZx8Ao6KaLI5k7aNlmxW.jpg,https://image.tmdb.org/t/p/original/ilcs6wPDfeVxyBsMDqVS8pSU0jU.jpg,92,Released,"MNC Pictures, Enam Sembilan Production"
620571,Suami yang Menangis,Suami yang Menangis,2019-09-05,2019,0.0,0,0.09,Diilhami dari novel 'Suamiku Menangis' karya Wahyuniati Al-Waly,Drama,Faridsyah Zikri,https://image.tmdb.org/t/p/w500/nJV3KTcwJsI0KT1xpDe2DmGkY3c.jpg,https://image.tmdb.org/t/p/original/1A07ppTg9jkOOuhhwZsGsketEMe.jpg,89,Released,"Anak Bangsa Pictures, Majelis Az-Zikra"
609619,Mendadak Kaya,Mendadak Kaya,2019-06-20,2019,5.0,2,0.12,"Karena sejumlah permasalahan, Doyok, Otoy, dan Ali Oncom terpaksa harus menghasilkan uang banyak dalam waktu singkat. Mereka terpaksa melakukan aksi tipu-tipu dan terlibat transaksi misterius antargangster. Peristiwa itu justru membawa keuntungan. Mereka berhasil membawa kabur uang miliyaran rupiah dan impian mereka menjadi orang kaya pun tercapai. Namun, mereka tidak paham jika kekayaan tersebut juga menghadirkan petaka.",Komedi,Anggy Umbara,https://image.tmdb.org/t/p/w500/xmqkOPZY7IpteyIrbbqCYKRkktu.jpg,https://image.tmdb.org/t/p/original/xfCxmeDIq0ssC7s7MRi0oxHXIwW.jpg,92,Released,"MD Pictures, Umbara Brothers Film"
539050,Kucumbu Tubuh Indahku,Kucumbu Tubuh Indahku,2019-04-18,2019,6.5,17,0.21,"Perjalanan penari lengger lanang, Juno, yang mengalami berbagai trauma kekerasan usai bertemu dari petinju hingga maestro penari Reog hingga berupaya menemukan keindahan tubuhnya sendiri.",Drama,Garin Nugroho,https://image.tmdb.org/t/p/w500/z0PzyRDbU8S3xyQfqECWUvYZexE.jpg,https://image.tmdb.org/t/p/original/66mvMsRcTj1zPgAcaeGN9yHetq8.jpg,106,Released,"Forka Films, Go-Studio"
600129,#Malam Jumat The Movie,#MalamJumat the Movie,2019-05-16,2019,2.8,5,0.25,"Untuk memberikan pengalaman berbeda pada penontonnya, Ewing mencoba hal baru dengan menjelajah sebuah taman bermain bernama Wonder Park yang telah lama terbengkalai. Bersama dengan timnya, Agan, Oji, Wingky, dan Lulu, mereka menemukan jaket dan topi berinisial RH di taman tersebut. Diduga benda-benda itu milik pelaku bunuh diri, tapi mereka tidak menemukan mayatnya. Seorang gadis bernama Dinda, mengaku sebagai adik pemilik jaket dan topi tersebut. Dia tidak yakin kakaknya bunuh diri. Untuk membuktikan itu, Dinda mengajak Ewing dan timnya untuk kembali ke Wonder Park. Pada kunjungan yang kedua ini, mereka harus menghadapi kenyataan yang lebih mengerikan.","Kengerian, Cerita Seru",Hadrah Daeng Ratu,https://image.tmdb.org/t/p/w500/11RoR7KwO8cnWucg17OPiHPIK8c.jpg,https://image.tmdb.org/t/p/original/qTBAA7gOvKr0EKlh2a0mKYKx3nz.jpg,91,Released,"Blue Water Films, Dee Company"
594223,Bumi Itu Bulat,Bumi Itu Bulat,2019-04-11,2019,0.0,0,0.31,"Kerap berseteru dengan ayahnya yang banser, Rahabi lebih memilih teman-temannya di kampus, Markus, Hitu, Sayid dan Tiara membentuk grup acapella. Produser musik yang menawari rekaman punya syarat menyertakan Aisha, mantan penyanyi cilik yang punya ideologi berbeda.","Drama, Keluarga",Ron Widodo,https://image.tmdb.org/t/p/w500/d3dCCkqblDONevHA9faBX1ezeXw.jpg,,103,Released,"Inspira Pictures, Ideosource Entertainment, GP Ansor, Astro Shaw"
611080,Lampor: Keranda Terbang,Lampor: Keranda Terbang,2019-10-31,2019,6.4,11,0.32,"Edwin dan Netta bersama kedua anaknya, Adam dan Sekar berangkat ke kampung halaman Netta di Temanggung. Netta diduga sebagai penyebab teror Lampor di kampung halamannya, yaitu setan yang membawa peti mati.","Drama, Kengerian",Guntur Soeharjanto,https://image.tmdb.org/t/p/w500/3v22y85Wv0N84fzFvNZxyBrZKYG.jpg,https://image.tmdb.org/t/p/original/hfUNTtCBPRZ4S52YC4JlwbJ9BXl.jpg,95,Released,Starvision Plus
611740,Danur 3: Sunyaruri,Danur 3: Sunyaruri,2019-09-26,2019,6.6,7,0.37,Berdasarkan novel 'Sunyaruri' karya Risa Saraswati,"Kengerian, Misteri, Cerita Seru",Awi Suryadi,https://image.tmdb.org/t/p/w500/lECusWQxa84IJOeHkfwn1jyvNMw.jpg,https://image.tmdb.org/t/p/original/KskIUwtuENBlyxJXT1tnGnAzyx.jpg,89,Released,"MD Pictures, Pichouse Films"
611370,Uka-Uka The Movie: Nini Tulang,Uka-Uka The Movie: Nini Tulang,2019-07-25,2019,3.0,1,0.22,"Shelly ditemani Rama, Karin, Doni, dan Eja berada di hutan Alas Moyang untuk ikut serta dalam sebuah acara uji keberanian. Begitu acara dimulai, Shelly berteriak menyebut ""tulang"" yang menjadi pantangan di hutan itu. Tak lama, Shelly menghilang, teror dan pencarian pun dimulai.",Kengerian,Ubay Fox,https://image.tmdb.org/t/p/w500/jHX9Y6ggWVuogcxsAe3RENwSHaY.jpg,https://image.tmdb.org/t/p/original/cIbmrEH3uY9dPLkg060SRdCexv.jpg,92,Released,Max Pictures
611369,Habibie & Ainun 3,Habibie & Ainun 3,2019-12-19,2019,7.4,9,0.3,"Menceritakan kisah hidup Ainun, istri B.J. Habibie.","Drama, Percintaan, Sejarah",Hanung Bramantyo,https://image.tmdb.org/t/p/w500/zVelCPiSRwEMsU4ZjZNS7Z2I8el.jpg,https://image.tmdb.org/t/p/original/ezdnxigsgFf0GMrFlPBnK3SEY8K.jpg,121,Released,MD Pictures
585026,Dua Garis Biru,Dua Garis Biru,2019-07-11,2019,7.3,22,0.43,Dara dan Bima berusaha menjalani tanggung jawab yang menyulitkan karena telah melanggar batas. Keluguan mereka pun diuji saat keluarga memaksa masuk ke dalam perjalanan hidup mereka.,Drama,Gina S. Noer,https://image.tmdb.org/t/p/w500/mSkrNJ6xjA8rcrR0hGEJzDl8C5V.jpg,https://image.tmdb.org/t/p/original/oPBa5C23Z7EKhf0gSO5ThvX3xmb.jpg,113,Released,"Starvision Plus, Wahana Kreator"
611060,Love for Sale 2,Love for Sale 2,2019-10-31,2019,6.3,10,0.27,Sekuel dari film 'Love for Sale' karya Andibachtiar Yusuf yang rilis pada 2018.,"Drama, Keluarga, Percintaan",Andibachtiar Yusuf,https://image.tmdb.org/t/p/w500/2PZ8B4g9YbcHXcLoZbsLBefLvTB.jpg,https://image.tmdb.org/t/p/original/18OyanlEOwyoxiV21o3IuY5Ed6f.jpg,92,Released,"Visinema Pictures, TMF Films"
535736,DreadOut,DreadOut,2019-01-03,2019,6.3,34,0.6,"Sekelompok siswa SMA memutuskan untuk membuat siaran langsung aktivitas mereka di dalam gedung apartemen berhantu, tetapi akhirnya mereka malah membuka portal ke neraka.","Kengerian, Cerita Seru",Kimo Stamboel,https://image.tmdb.org/t/p/w500/cakRX3ujz1BchB4PKi1TZGqJh60.jpg,https://image.tmdb.org/t/p/original/1YmHnOsdEiskYgpA6gL5EeBXBQK.jpg,97,Released,"GoodHouse Production (ID), CJ Entertainment, Sky Media, Nimpuna Sinema, Lyto Pictures, MM2 Asia Productions"
610044,Ikut Aku ke Neraka,Ikut Aku ke Neraka,2019-07-11,2019,6.3,7,0.37,"Kebahagiaan Lita dan suaminya, Rama, tidak berlangsung lama karena Lita kerap diteror oleh makhluk halus berwujud wanita menyeramkan. Rama membawa Pak Adam untuk membersihkan rumah mereka dari gangguan hantu tersebut. Pak Adam menjelaskan teror ini bukan dari rumah, melainkan dari dalam diri Lita sendiri. Pak Adam memberikan petunjuk bahwa jawaban dari teror hantu tersebut ada di masa lalu Lita, dengan meminta penjelasan dari Sari, ibu yang dia tinggalkan. Sari dirawat di rumah sakit jiwa.",Kengerian,Azhar Kinoi Lubis,https://image.tmdb.org/t/p/w500/gsCai4acZuoTXZ4XvIzVj71Dlv5.jpg,https://image.tmdb.org/t/p/original/9QQKcvaf2kuWyLkYgGqiQkDQBqd.jpg,90,Released,Rapi Films
609844,Bumi Manusia,Bumi Manusia,2019-08-15,2019,7.2,12,0.6,Kedekatan Minke dengan keluarga Nyai tak pernah disetujui oleh bapaknya. Sampai ketika keangkuhan hukum kolonial mencoba merenggut Annelies dari sisi Minke.,"Drama, Sejarah",Hanung Bramantyo,https://image.tmdb.org/t/p/w500/5WrydiMfgcVTCrF0dmhCKRxOjRz.jpg,https://image.tmdb.org/t/p/original/oZx4iH8jlBihRBZRXt9uLHq1P9t.jpg,181,Released,Falcon Pictures
573106,Mata Batin 2,Mata Batin 2,2019-01-11,2019,5.8,44,0.63,"Setelah adiknya meninggal, ALIA memutuskan untuk memulai hidup baru dengan tinggal di sebuah panti asuhan milik Bu LAKSMI dan Pak FADLI sekaligus kerja sosial di sana. Tapi Alia merasa ada yang janggal dengan panti itu. Apalagi NADIA, salah seorang anak panti yang ternyata juga memiliki mata batin terbuka seperti Alia, bisa mendengar suara misterius yang minta tolong dari seluruh dinding rumah. Alia dan Nadia pun membuka sebuah kamar misterius yang terkunci.","Kengerian, Misteri, Cerita Seru",Rocky Soraya,https://image.tmdb.org/t/p/w500/lDhPdH4BPQYmbmOlcBEmFf3NDsh.jpg,https://image.tmdb.org/t/p/original/gX9URsyUrxaFnZhR6DQrc2edvwK.jpg,115,Released,Hitmaker Studios
599808,Single: Part 2,Single: Part 2,2019-06-04,2019,8.0,2,0.18,Ebi bertekad untuk melepaskan status single-nya sebelum ulang tahunnya yang ke-30 meskipun ia tidak tahu bagaimana caranya.,"Komedi, Percintaan",Raditya Dika,https://image.tmdb.org/t/p/w500/dKbUo9MQKKEhDznnuzWWpxvgrAG.jpg,https://image.tmdb.org/t/p/original/uufIMv6AKDKIfgjccsFEAKe6IQ1.jpg,128,Released,Soraya Intercine Films
638907,99 Nama Cinta,99 Nama Cinta,2019-11-14,2019,7.0,1,0.24,"Saat seorang produser infotainmen mengalami krisis pekerjaan, seorang teman masa kecil yang kini menjadi ustaz datang untuk memenuhi permintaan almarhum ayahnya.","Drama, Percintaan",Danial Rifki,https://image.tmdb.org/t/p/w500/ii52kxtwBHajbvMkQ99fqb9A76.jpg,https://image.tmdb.org/t/p/original/m4J1fBYQuMjEOMxUcD2WdtTtZ3o.jpg,106,Released,MNC Pictures
584562,Rumput Tetangga,Rumput Tetangga,2019-04-18,2019,5.8,4,0.19,"Kirana, ibu rumah tangga, mengalami krisis kepercayaan diri dan ingin jadi perempuan single sukses.","Drama, Komedi",Guntur Soeharjanto,https://image.tmdb.org/t/p/w500/36Tjio7IcS2FokQFH96xgNN5UFV.jpg,https://image.tmdb.org/t/p/original/7txlzPGe4S0rx9Y0D7FZrPPlDYF.jpg,104,Released,RA Pictures
591415,Pocong the Origin,Pocong the Origin,2019-04-18,2019,7.0,5,0.19,"Ananta, pembunuh berdarah dingin telah dieksekusi mati oleh Negara. Sasthi, putri satu-satunya, harus mengantarkan jenazah sang ayah untuk dikuburkan di kampung halamannya. Dengan ditemani Yama, sipir penjara, keduanya berpacu dengan waktu untuk mencapai kampung Ananta. Hal ini menjadi semakin sulit karna berbagai gangguan gaib menghalangi mereka di sepanjang perjalanan.",Kengerian,Monty Tiwa,https://image.tmdb.org/t/p/w500/cv0mml6d0dDE2BEXwVX8rD0dZ1V.jpg,https://image.tmdb.org/t/p/original/aT1D9697nijCJY2FYwYypxL8Eqa.jpg,91,Released,Starvision Plus
632904,Inem Pelayan Sexy New,Inem Pelayan Sexy New,2019-10-03,2019,0.0,0,0.18,"Maromi menemukan sebelah pasang sandal slop. Inem si pemilik sandal slop adalah asisten rumah tangga keluarga Ida dan Moko, karyawan Maromi. Maromi pun bertemu dengan Inem dan melalukan berbagai cara untuk mendapatkan cintanya.","Komedi, Drama",Hasto Broto,https://image.tmdb.org/t/p/w500/arjM86sckf8JIBsrdCVtqVUVOuO.jpg,https://image.tmdb.org/t/p/original/lf9VBUBNXksy2mMaoTI1u4auATR.jpg,0,Released,PT Inem Film
611058,Twivortiare,Twivortiare,2019-08-29,2019,7.5,3,0.22,"Di kesempatan kedua ini, Beno dan Alexandra berjanji akan menjalani pernikahan dengan sikap lebih dewasa, saling mengerti, dan mau mengalah. Mereka yakin mereka bisa karena masih saling cinta.","Drama, Percintaan",Benni Setiawan,https://image.tmdb.org/t/p/w500/4veizArlJrUPmHqP6HnModjYTkw.jpg,https://image.tmdb.org/t/p/original/faiNYphrd28v2sCIM4w0xUUh7og.jpg,103,Released,MD Pictures
599795,Roh Fasik,Roh Fasik,2019-05-09,2019,3.8,3,0.23,"Kematian Zahra, istrinya, membuat Akbar tidak lagi mau mengimani agama dan Tuhannya. Bahkan ketika sudah menikah lagi, kehidupan Akbar bersama istri barunya, Renata, tidak pernah seindah dulu. Hingga suatu ketika, Hasan, sahabat lama Akbar datang untuk menjenguk dan mengajak Akbar kembali ke jalan yang benar, setidaknya demi Amira, buah hati pernikahan Akbar dan Zahra. Meskipun sempat menolak, namun pada akhirnya Akbar mengizinkan Hasan mengajarkan Amira bertadarus. Dan, sejak saat itulah kejadian-kejadian aneh mulai terjadi. Naasnya, Renata lah yang paling sering menjadi korban teror dari Iblis yang bersemayam di rumahnya.",Kengerian,Ubay Fox,https://image.tmdb.org/t/p/w500/v9FcEToFrneYTkXTWy8tqTrLBa0.jpg,https://image.tmdb.org/t/p/original/vEYYjVhutzWnsdsPvTpXsUigs9c.jpg,90,Released,RA Pictures
611368,Imperfect,Imperfect,2019-12-19,2019,7.6,17,0.23,Diadaptasi dari buku berjudul sama karya Meira Anastasia.,"Komedi, Drama",Ernest Prakasa,https://image.tmdb.org/t/p/w500/oAXh1z25tVmm9bOhC0QrZxWUd17.jpg,https://image.tmdb.org/t/p/original/dL3RX75NBkVMQcYU54j0iMlIo4A.jpg,112,Released,Starvision Plus
617200,Warkop DKI Reborn 3,Warkop DKI Reborn 3,2019-09-12,2019,5.3,5,0.25,"Dono, Kasino, dan Indro mendapatkan tugas sebagai polisi rahasia perihal pencucian uang di industri perfilman Indonesia. Mereka pun terlibat dalam pembuatan sebuah film dan tiba-tiba terbangun di padang pasir setelah jatuh pingsan.","Komedi, Aksi, Petualangan",Rako Prijanto,https://image.tmdb.org/t/p/w500/zB6uCpwsTsVT3kLNmV1TtHs7XqV.jpg,https://image.tmdb.org/t/p/original/zyhJ4vWIskxvvMN2feUYAgn6Wfo.jpg,100,Released,Falcon Pictures
591441,MeloDylan,MeloDylan,2019-04-04,2019,5.3,3,0.22,"Melody pindah sekolah karena menghindari masalah, apalagi ia memiliki masa lalu yang buruk dengan David, mantan kekasihnya. Tetapi di sekolah baru, masalah kembali muncul saat Melody mengenal Dylan, cowok yang selama ini terkenal cool, suka bikin masalah namun tetap menjadi idola karena kegantengannya. Rumor tentang Dylan sudah menjadi rahasia umum. Melody dan Dylan tak menemukan titik temu dalam masalah cinta mereka, sehingga mereka sepakat untuk memutuskan hubungan mereka. Melody baru sadar bahwa cintanya pada Dylan begitu besar. Tetapi, terlambat. Dylan dikirim ayahnya kuliah ke luar negeri. Melody hanya bisa sedih melepas kepergian Dylan. Sebelum berangkat, ternyata Dylan memberikan sebuah video romantis pada Melody. Dengan vidio itu, Dylan mengungkapkan semua isi hatinya. Kejujuran Dylan membuat Melody memiliki harapan baru.",Drama,Fajar Nugros,https://image.tmdb.org/t/p/w500/x78YsKDgCoOdj09QRuuvAsJRpQy.jpg,https://image.tmdb.org/t/p/original/mPh7ceNY8zxwAaUipmJmTgbb1AL.jpg,92,Released,Intercept Filmcraft
620570,Kembalinya Anak Iblis,Kembalinya Anak Iblis,2019-09-05,2019,3.5,2,0.28,"Rama, Garin, Farel, Quncy dan Celsi selamat dari terror arwah penasaran di resort Pulau Ayunan yang ternyata menyimpan sejarah mengerikan tentang pembantaian satu keluarga dan karyawan resort. Rama sangat kalut. Kekasihnya masuk rumah sakit jiwa, adiknya, Hana hingga kini jenazahnya belum ditemukan bersama jenazah Fira. Rama memutuskan untuk kembali ke pulau Ayunan untuk mencari jenazah adiknya dan Fira. Dengan panduan sebuah kitab kuno “13 cara menutup Gapuro Tentrem” alias mengembalikan semua arwah penasaran itu pada alamnya hingga tak mengganggu manusia dan memakan korban nyawa lagi, mereka berusaha menemukan jenazah Hana dan Fira, sekaligus menutup terror di Pulau Ayunan selamanya",Kengerian,Rudi Soedjarwo,https://image.tmdb.org/t/p/w500/hMgOGvQqwAHPzukgjmLlb47d58j.jpg,https://image.tmdb.org/t/p/original/comTTVvqw06ijSYqfnn3giMFeiS.jpg,84,Released,RA Pictures
611367,Mahasiswi Baru,Mahasiswi Baru,2019-08-08,2019,6.5,6,0.31,"Di usianya yang sudah lanjut, LASTRI (Widyawati) ingin sekali kuliah di perguruan tinggi. Saat menjadi mahasiswi baru, Lastri bersahabat dengan DANNY (Morgan Oey), SARAH (Mikha Tambayong), ERFAN (Umay Shahab) dan REVA (Sonia Alyssa). Mereka pun membentuk sebuah geng. Geng Lastri sering membuat kehebohan di kampus dan menimbulkan kericuhan hingga anak Lastri, ANNA (Karina Suwandi), pusing menghadapi ibunya yang ikut-ikutan bandel seperti pulang larut malam dan sering keluyuran. Anna jadi sering memarahi tingkah laku Lastri seolah memarahi anaknya sendiri.","Komedi, Drama",Monty Tiwa,https://image.tmdb.org/t/p/w500/9WlIH3LOgkCDbbT6BCcJ9gdMXCZ.jpg,https://image.tmdb.org/t/p/original/4Qih29dPAg4Zo0f1GXFbY9DzDOU.jpg,96,Released,MNC Pictures
554733,Orang Kaya Baru,Orang Kaya Baru,2019-01-24,2019,7.1,14,0.25,"Cerita tentang kaya mendadak yang dialami oleh sebuah keluarga yaitu Ibu (Cut Mini), Ayah (Lukman Sardi) dan tiga anak mereka: Tika (Raline Shah), Duta (Derby Romero), dan Dodi (Fatih Unru). Keluarga ini selalu menjalani kehidupan sehari-sehari mereka dengan serba apa adanya. Ketika sang ayah meninggal, barulah diketahui bahwa selama ini ia ternyata orang yang sangat kaya. Hartanya diwariskan kepada keluarga yang ia tinggalkan  Uang kaget tersebut kemudian digunakan oleh istri dan anak-anaknya. Mereka yang tadinya hidup susah, kini membeli rumah, mobil hingga barang-barang mewah lainnya.","Komedi, Drama",Ody C. Harahap,https://image.tmdb.org/t/p/w500/eY0D2yyRGF2Ah8tanV18xQfkbgO.jpg,https://image.tmdb.org/t/p/original/dgTFp0pkYRmWL7n2XvuAXI9H7An.jpg,96,Released,"Screenplay Films, Legacy Pictures"
568709,Preman Pensiun,Preman Pensiun,2019-01-17,2019,6.4,9,0.33,"Gobang kembali ke Bandung, mengundang teman-temannya, para mantan preman untuk bertemu kembali. Mereka yang diundang adalah Ujang, Murad, Pipit, Cecep, Bohim, Mang Uu, Dikdik dan Joni. Dikdik kemudian tidak jadi datang karena masalah dengan istrinya.  Dalam pertemuan yang disebut “reuni kecil-kecilan” itu, Gobang meminta bantuan teman-temannya untuk melakukan penyelidikan, siapa pelaku pembantaian terhadap adik iparnya hingga tewas. Pelaku pembantaian kemudian diketahui adalah Darman dan kawan-kawan yang hanya sebagai orang suruhan. Dalang di balik kejadian itu ternyata teman mereka sendiri, sesama bekas anak buah Muslihat yang sebenarnya juga sudah pensiun. Muslihat mencoba mencegah terjadinya perang saudara, tapi Gobang sudah terlanjur datang dengan membawa dendam, “darah dibayar darah, nyawa dibayar nyaw.","Komedi, Drama",Aris Nugraha,https://image.tmdb.org/t/p/w500/7xfWyoz4SF5LHZ713eMtC2aZ0lT.jpg,https://image.tmdb.org/t/p/original/uJvzFtCyJS9G8sUMy6KlzE3aonA.jpg,95,Released,"MNC Pictures, ANP Films"
572468,Perempuan Tanah Jahanam,Perempuan Tanah Jahanam,2019-10-17,2019,6.7,222,1.73,"Seorang operator pintu tol pergi ke kampung leluhurnya dengan harapan mendapatkan harta warisan, hingga akhirnya ia menemukan fakta yang meresahkan tentang masa lalunya.","Kengerian, Cerita Seru, Misteri",Joko Anwar,https://image.tmdb.org/t/p/w500/tAYHRuKxNa4arD32YTmDT1j46Mi.jpg,https://image.tmdb.org/t/p/original/4JOCooFc5M8w4EoSn3o8hZcKdyO.jpg,1,Released,"Ivanhoe Pictures, Rapi Films, CJ Entertainment, BASE Entertainment, Lo-Fi Flick"
551027,Ave Maryam,Ave Maryam,2019-04-11,2019,6.2,9,0.75,Seorang suster taat yang merawat para seniornya harus memilih antara memegang sumpahnya atau menuruti perasaan terlarang yang ia simpan untuk seorang pastor menawan.,"Drama, Percintaan",Razka Robby Ertanto,https://image.tmdb.org/t/p/w500/a66a5DaMSeloWEncx9OeXRwwD3d.jpg,https://image.tmdb.org/t/p/original/9o99NhmZTNdD9ih4Cj5OIWLgYLl.jpg,72,Released,"Summerland, Grafent Production, PT Pratama Pradana Picture"
599811,Si Doel the Movie 2,Si Doel the Movie 2,2019-06-04,2019,6.2,6,0.97,"Kabar bahwa suaminya bertemu dengan mantan kekasih dan anak membuat Zaenab bingung memilih: mempertahankan pernikahannya dengan Doel, atau merelakannya. Terlebih saat Doel mengatakan bahwa Sarah dan Dul akan menetap di Jakarta., Zaenab mencoba mencari jawaban atas takdir yang harus ia pilih. Harapan mulai terbuka saat Doel mendapat kabar dari Atun bahwa kemungkinan Zaenab tengah mengandung. Penegasan datang saat Sarah datang berkunjung untuk mengungkapkan penyesalan atas apa yang terjadi di masa lalu kepada Maknyak dan meminta Dul untuk memanggil Zaenab sebagai ibu.","Drama, Komedi, Keluarga, Percintaan",Rano Karno,https://image.tmdb.org/t/p/w500/dKrF1rbdFxxp4FL116Ywjztq9CO.jpg,https://image.tmdb.org/t/p/original/4miTWz7wymQn38VyixQId2tYHAF.jpg,95,Released,"Karnos Film, Falcon Pictures"
599809,Kuntilanak 2,Kuntilanak 2,2019-06-04,2019,5.0,8,0.28,"Dinda yang berhasil lepas dari teror Kuntilanak, tanpa persetujuan Tante Donna, berniat untuk menemui seseorang yang diyakini sebagai ibu kandungnya, Karmila. Bersama adik-adiknya dan ditemani Julia dan Edwin, mereka malah terjebak dalam sebuah rumah di tengah hutan. Banyak kejanggalan terjadi. Dinda kembali harus berhadapan dengan Kuntilanak, tetapi berbeda dengan yang pernah dikalahkannya dengan menggunakan paku atau mantra.",Kengerian,Rizal Mantovani,https://image.tmdb.org/t/p/w500/jll3ab5w5tLNFfJfgDgzsHr4jfo.jpg,https://image.tmdb.org/t/p/original/t4mmfJHLdJf0NvFjugbStg3WIXu.jpg,100,Released,MVP Pictures
584178,Ghost Writer,Ghost Writer,2019-06-04,2019,7.1,19,0.3,"Sebuah buku catatan harian tua berisi rahasia kelam. Bagi Galih, buku ini adalah sebuah pembelaan terhadap prasangka kedua orangtuanya. Bagi Naya, buku ini adalah materi bagus untuk novel terbarunya setelah tiga tahun kering ide. Maka sebuah kerjasama beda alam pun dimulai.","Komedi, Drama, Kengerian",Bene Dion Rajagukguk,https://image.tmdb.org/t/p/w500/yFC2FKvWOmxvBPD9YR0qYxdhWvj.jpg,https://image.tmdb.org/t/p/original/glGLUTwtO4IwuGtqew0iVwCJwFW.jpg,97,Released,Starvision Plus
613689,Makmum,Makmum,2019-08-15,2019,5.5,10,1.72,"Rosa tidak pernah menghiraukan ketakutan Nurul, Nisa, dan Putri, tiga siswinya di asrama. Sampai ketika intensitas kesurupan Putri meningkat dan Rini mencoba menguak misteri tersebut.",Kengerian,Hadrah Daeng Ratu,https://image.tmdb.org/t/p/w500/bCoq0Lvk1Mq7bxyLnEodLkjp2XH.jpg,https://image.tmdb.org/t/p/original/5AaMLtqfXuutmImAxiIYtiCC3i3.jpg,95,Released,"Dee Company, Blue Water Films"
572667,Terlalu Tampan,Terlalu Tampan,2019-01-31,2019,6.5,13,0.68,"Witing Tresno Jalaran Soko Kulino alias Mas Kulin (Ari Irham) yang terlalu tampan selalu menghindari masuk ke sekolah regular dan memilih menghabiskan hampir 100% hidupnya di dalam rumah. Hal itu yang membuat ayahnya, Pak Archewe (Marcelino Lefrandt), ibunya, Bu Suk (Iis Dahlia), dan kakaknya, Mas Okis (Tarra Budiman), khawatir. Mereka menyusun skenario yang berhasil membuat Mas Kulin setuju untuk menghabiskan tahun terakhir masa SMA-nya di sekolah khusus pria, SMA Horridson. Ketampanan Mas Kulin terekspos ke dunia luar hingga hari-harinya berjalan tidak biasa: guru-guru wanita pingsan dan menjadi incaran siswi-siswi SMA BBM. Termasuk seorang gadis terlalu cantik: Amanda (Nikita Willy). Namun, di tengah semua itu, Mas Kulin menemukan Kibo (Calvin Jeremy) dan Rere (Rachel Amanda), yang membuatnya percaya bahwa masih ada orang yang dapat melihat dirinya apa adanya.","Komedi, Drama, Percintaan",Sabrina Rochelle Kalangie,https://image.tmdb.org/t/p/w500/nAervZUh0oosR06cZtNrRWKIGBs.jpg,https://image.tmdb.org/t/p/original/tkrFNe7KPzWQEFDS7jKPZwWXMDj.jpg,106,Released,"Visinema Pictures, Kaskus"
613709,Eggnoid,Eggnoid,2019-12-05,2019,6.6,4,0.7,Berdasarkan LINE Webtoon karya Archie The Red Cat,"Drama, Cerita Fiksi, Percintaan",Naya Anindita,https://image.tmdb.org/t/p/w500/nl9V8vKXto4Ds2M3ZYRp40H3JV2.jpg,https://image.tmdb.org/t/p/original/1QUd7UV6abEH0Yr0sMCt5vypX1r.jpg,102,Released,"Visinema Pictures, Dynamic Pictures"
577970,Dilan 1991,Dilan 1991,2019-02-28,2019,7.0,25,1.09,"22 Desember 1990, Dilan (Iqbaal Ramadhan) dan Milea (Vanesha Prescilla) resmi berpacaran. Ditengah kebahagiaan mereka Dilan terancam dipecat dari sekolah akibat perkelahian dengan Anhar (Giulio Parengkuan). Dilan juga semakin sering berkelahi dan mendapatkan musuh.Milea khawatir dengan masa depan Dilan. Milea merasa berhak melarang Dilan terlibat dalam geng motor. Suatu ketika, Dilan dikeroyok oleh orang tak dikenal. Saat mengetahui siapa yang berbuat, Dilan merencanakan balas dendam. Milea akhirnya meminta Dilan berhenti dari geng motor atau hubungan mereka berakhir. Dilan, seorang panglima tempur dan ketua geng motor, akan selalu terlibat masalah. Di tengah semua masalah itu, hadir Yugo (Jerome Kurnia), anak dari sepupu jauh ayah Milea yang baru pulang dari Belgia. Mereka sering menghabiskan waktu bersama. Yugo menyukai Milea. Dan Milea...hanya mencintai Dilan.","Drama, Percintaan",Fajar Bustomi,https://image.tmdb.org/t/p/w500/cWYFRd4XxB2ZNxIZ9HWMsf3eZjE.jpg,https://image.tmdb.org/t/p/original/p6b37HcXfZhNfQzUHEVtqSrSm8Q.jpg,118,Released,Max Pictures
590593,Ratu Ilmu Hitam,Ratu Ilmu Hitam,2019-11-07,2019,6.6,74,1.88,"Keluarga-keluarga di panti asuhan itu diteror. Seseorang ingin mereka mati, rupanya dengan ilmu hitam yang sangat mematikan. Dia punya dendam dan dia juga lahir karena dosa-dosa anak-anak yatim yang membentuknya menjadi ratu ilmu hitam.","Kengerian, Cerita Seru, Drama, Misteri",Kimo Stamboel,https://image.tmdb.org/t/p/w500/6ccXFawnYknVMYkcCL30QhEm73j.jpg,https://image.tmdb.org/t/p/original/oSIAc6AZMXI8qOeS4mgdruX5lBm.jpg,99,Released,"Rapi Films, Sky Media"
611081,Bridezilla,Bridezilla,2019-08-01,2019,5.2,3,0.73,Sinopsis belum diketahui.,"Drama, Komedi, Percintaan",Andibachtiar Yusuf,https://image.tmdb.org/t/p/w500/2QcShvVCDhs8R3hgQyiqUGWDkUp.jpg,https://image.tmdb.org/t/p/original/3btnpG2FysgnV9JkngOgmtnQj9o.jpg,93,Released,"Visinema Pictures, TMF Films"
620565,Kapal Goyang Kapten,Kapal Goyang Kapten,2019-09-05,2019,7.0,5,0.3,Plot belum diketahui.,"Komedi, Drama",Raymond Handaya,https://image.tmdb.org/t/p/w500/eHAijkn4cNHzdohGNDgrVY3Z18s.jpg,https://image.tmdb.org/t/p/original/jGOUwKfHvVA9fUAGokoHBnd12oK.jpg,110,Released,Mega Pilar Pictures
551024,27 Steps of May,27 Steps of May,2019-04-27,2019,8.4,10,0.8,Seorang remaja perempuan bernama May sedang menghadapi masa trauma karena kekerasan seksual yang ia alami. Ayahnya merasa bersalah dan menyalahkan dirinya karena tidak bisa menjaga anaknya hingga melampiaskannya di ring tinju. Tetangganya yang seorang pesulap mencoba membantu dan memahami keadaan May dengan trik-trik sulapnya.,Drama,Ravi L. Bharwani,https://image.tmdb.org/t/p/w500/2ZnzaxmG45E5bxbaTaWW66BwCHS.jpg,https://image.tmdb.org/t/p/original/sInUwrAX7HOFNdHtTLqusViWIvM.jpg,112,Released,Green Glow Pictures
592298,Sekte,Sekte,2019-05-02,2019,4.2,5,0.19,"Lia sempat mengalami hilang ingatan pasca kecelakaan. Saat terbangun, ia berada di sebuah rumah besar yang terisolasi. Itu tempat sebuah komunitas yang terdiri dari orang-orang yang tak memiliki rumah dan kerabat. Mereka hidup rukun dan saling menjaga. Mereka lah yang menolong Lia saat kecelakaaan. Karena tidak ingat siapa dirinya dan kemana harus pergi, Lia pun tinggal disana untuk mendapatkan perawatan. Hari berlalu, Lia yang mulai sedikit pulih menyadari ada hal yang aneh dengan situasi tempat dirinya tinggal. Ternyata para penghuni rumah terdiri dari para pengikut sekte aliran sesat dan orang-orang yang masuk ke rumah tersebut tidak pernah bisa keluar lagi.","Kengerian, Cerita Seru",William Chandra,https://image.tmdb.org/t/p/w500/bQ383vAoFx7wzpFuo5sv6CPzmz8.jpg,https://image.tmdb.org/t/p/original/s7WooK4eRkzDuM1pOY8ViZxUEbX.jpg,89,Released,"Open Door Films, Silver Bullet Films"
609665,Sabyan Menjemput Mimpi,Sabyan Menjemput Mimpi,2019-06-27,2019,5.0,1,0.19,"Kisah anak-anak muda yang dipimpin Ayus untuk membentuk dan mengembangkan grup musik gambus bernama Sabyan. Banyak kisah menarik di balik perjuangan mereka dalam menggapai sebuah mimpi. Mereka mulai terkenal berkat unggahan video sederhana di YouTube. Sabyan mulai memiliki penggemar. Bahkan, ada penggemar fanatik seperti Ndut Kece yang selalu hadir di mana pun Sabyan ada, juga Bilal yang memiliki keterbatasan fisik dan hanya mampu melihat Sabyan di dunia maya.","Drama, Musik",Amin Ishaq,https://image.tmdb.org/t/p/w500/nmcweDAVrtJiPNkeew9XwuyDE3k.jpg,https://image.tmdb.org/t/p/original/3dEf3ySKMpTtT8sBPZA8mgaQnSK.jpg,94,Released,Millennia Pictures
599798,Ambu,Ambu,2019-05-16,2019,8.0,1,0.18,"Ambu Misnah ditinggal anak perempuannya, Fatma, yang pergi dari rumah mereka di Baduy demi cintanya pada pemuda Jakarta, Nico. Fatma kemudian memiliki anak bernama Nona. Suatu hari, Fatma membawa Nona pulang ke Baduy. Polemik keluarga muncul.",Drama,Farid Dermawan,https://image.tmdb.org/t/p/w500/zldg4AId3P0zUwd9faoHmjrQXXl.jpg,https://image.tmdb.org/t/p/original/z5Vbfx3iUx9L6SUCl1QC0fv4Pqo.jpg,118,Released,Skytree Pictures
618220,Humba Dreams,Humba Dreams,2019-06-17,2019,6.5,2,0.18,"Martin, seorang mahasiswa film di Jakarta, pulang ke kampungnya di Sumba untuk sebuah tugas yang tak mudah. Perjalanan mempertemukan Martin dengan Ana dan berbagai pertanyaan tentang Humba, dan dirinya pun perlahan menemukan jawaban.","Drama, Percintaan",Riri Riza,https://image.tmdb.org/t/p/w500/10QvfyxcLW0sGtbZSJXFkF4nOAt.jpg,https://image.tmdb.org/t/p/original/a7SNeDAiK8L2pLEsITZqf5qbmrs.jpg,75,Released,Miles Films
609615,Doremi & You,Doremi & You,2019-06-20,2019,8.8,2,0.17,"Perjuangan empat sahabat, Putri, Anisa, Imung, dan Markus, berusaha mengganti uang ekstrakurikuler paduan suara yang tidak sengaja mereka hilangkan, dengan mengikuti kompetisi menyanyi ‘Doremi & You’. Perjuangan keempat sahabat untuk memenangkan kompetisi tersebut menjadi berat saat Reno, asisten pelatih paduan suara yang diharapkan menjadi pelatih mereka, ternyata menjadi saingan terberat mereka di kompetisi.",Drama,B.W. Purbanegara,https://image.tmdb.org/t/p/w500/tq57cDFktv8qzzaFTreThpBwdE9.jpg,https://image.tmdb.org/t/p/original/klKQO6e5beC0AtB9In1uAHJUxdq.jpg,99,Released,Goodwork
611056,Kutuk,Kutuk,2019-07-25,2019,5.0,1,0.15,"Maya yang bekerja di sebuah panti jompo, kerap mencium bau busuk di kamarnya dan mendengar suara-suara aneh setiap malam. Meskipun begitu, Maya selalu mendapat dukungan dari sang pemilik panti yang bijaksana. Dukungan ini memang kontras dengan sikap Gendis yang ketus dan tampak tidak suka dengan kehadiran Maya. Maya pun bertemu Reno, pemuda yang sering beramal untuk panti jompo. Reno memperingatkan Maya untuk segera pergi karena sisi kelam panti jompo tersebut sebentar lagi akan membahayakan dirinya.",Kengerian,Rudi Aryanto,https://image.tmdb.org/t/p/w500/fLQUwuo2gobbW0lmhxqAt292NlI.jpg,https://image.tmdb.org/t/p/original/ewhyQBDCpb11krYfIFgGwJaUS1E.jpg,82,Released,"Open Door Films, Scene Avenue Movies"
610046,Anak Muda Palsu,Anak Muda Palsu,2019-07-04,2019,0.0,0,0.15,"Tumming, Abu, Illank, dan Darwis adalah mahasiswa semester akhir di Universitas Hasanuddin yang galau karena memikirkan kuliah mereka yang tak kunjung selesai. Mereka tinggal di tempat kos yang sama dan berjanji untuk wisuda bersama-sama. Tumming, dan kawan-kawannya tersebut juga harus menghadapi ibu kos yang super galak dan desakan dari orang tua agar segera lulus.",,Ihdar Nur,https://image.tmdb.org/t/p/w500/sJf48qyBJSMblHFtUrDsoy8Zjmo.jpg,https://image.tmdb.org/t/p/original/6wqeDgDqh95wOF7wsl3DvcM60k8.jpg,103,Released,
599806,The Lawyers: Pokrol Bambu,The Lawyers: Pokrol Bambu,2019-05-16,2019,0.0,0,0.16,"Johan Nabawi sangat mencintai istrinya Nina Tanjung, tapi Nina menuntut cerai karena Johan mengidap penyakit sadomasochist. Keduanya menyewa pengacara. Johan memakai jasa RM Wicaksono, pengacara papan atas, sedangkan Nina menyewa jasa Supermen, pokrol bambu.","Drama, Komedi",Fanny Azar,https://image.tmdb.org/t/p/w500/xHnhN03LySIbe1aOg5S3R8zDi4Q.jpg,,90,Released,Erwin Kallo Film
646257,Cinta Monyet Never Forget,Cinta Monyet Never Forget,2019-05-01,2019,0.0,0,0.11,"Hendra (Ricky Harun) dan Jennifer (Glenca Chysara) adalah teman dimasa kecil dahulu, namun karena Hendra yang justru dekat dengan cewek lainnya membuat Jenni kecewa dan mulai sejak itu mereka saling berpisah sampai dewasa.","Drama, Komedi, Film TV, Percintaan",Tidak Diketahui,,,0,Released,
610043,Say I Love You,Say I Love You,2019-07-04,2019,0.0,0,0.09,"Terinspirasi dari sekolah SMA Selamat Pagi Indonesia (SPI) di Batu, Malang.",Drama,Faozan Rizal,https://image.tmdb.org/t/p/w500/uadRXe3vyXpjAVS0PPQwZ6a70Qs.jpg,https://image.tmdb.org/t/p/original/yfIUOhqUWIRilLLL1Y8oNCcjjOv.jpg,106,Released,Multi Buana Kreasindo
646259,Hatiku Di Skakmat By You,Hatiku Di Skakmat By You,2019-05-04,2019,0.0,0,0.09,"Ceritanya tentang Bayu (24) nyaris lenyap dikeroyok warga sekampung setelah dituduh mencuri ayam. Dia sakit hati karena keadaan ekonomi yang rendah seringkali mendapatkan diskriminasi dan penghinaan. Dengan segenap tekad, Bayu merantau ke Jakarta untuk mewujudkan mimpinya jadi artis dan berharap warga kampungnya dilanda sesal.","Drama, Film TV, Percintaan",Lakonde,https://image.tmdb.org/t/p/w500/uSU6BNQF7XXTPx6SjEHcA6Of80h.jpg,,0,Released,Starvision Plus
875899,Presence of Mind,Presence of Mind,2019-06-12,2019,0.0,0,0.09,"​​Presence Of Mind menceritakan tentang penghuni kostan dengan berbagai macam karakter unik di dalamnya. Penghuni kost ini sangat tidak akur satu sama lainnya dan memiliki sifat individualis, Ketika mereka semua dihadapkan dengan suatu kejadian, akankah mereka dapat melaluinya?",Drama,M Danindra Surya Prima,https://image.tmdb.org/t/p/w500/zb1LTRBfHa9RP0ZYOoC8FaGmoee.jpg,https://image.tmdb.org/t/p/original/iZFqXXnWAnR6AOkmVJsOGiS8rmz.jpg,10,Released,Anthieves Production
611053,Dilarang Menyanyi di Kamar Mandi,Dilarang Menyanyi di Kamar Mandi,2019-07-18,2019,0.0,0,0.18,Diangkat dari cerita pendek yang berjudul sama karya Seno Gumira Ajidarma.,Komedi,John de Rantau,https://image.tmdb.org/t/p/w500/hAEkIlraGpgZGstQgEqsfV4XZEO.jpg,,96,Released,"Himaya Studio, Jder Syndicate"
599805,Jack (2019),Jack,2019-05-16,2019,0.0,0,0.09,"Jack, keturunan Arab, dipaksa untuk meneruskan usaha toko milik Abinya, Wak Dollah. Demi mengikuti kemauan Abinya, Jack rela kuliah di jurusan yang tidak sejalan dengan dunia seni yang ia cintai. Sudah hampir tujuh tahun kuliahnya tak kunjung usai. Suasana makin memanas ketika Wak Dollah mengetahui kedekatan Jack dengan gadis keturunan Tionghoa, Meyling, anak tunggal Koh Halim, juragan toko obat cina ternama di Surabaya.","Drama, Komedi",Ainun Ridho,https://image.tmdb.org/t/p/w500/mmiZVmoVibSCcaLHe9TNvbbCx7U.jpg,,82,Released,Air Films
646258,From Gadungan Jadi Tunangan,From Gadungan Jadi Tunangan,2019-04-24,2019,0.0,0,0.07,"Hardi Fadillah mengalami hilang ingatan setelah ditabrak oleh Glenca Chysara. Pasca hilang ingatan, anehnya Hardi malah merasa kalau dirinya adalah seorang dokter padahal dirinya hanya seorang tukang bakso.","Drama, Percintaan, Film TV",Rievy Indriasari,https://image.tmdb.org/t/p/w500/27IEZnBGjn0bjRHuUfzWTcaX7OT.jpg,,0,Released,Starvision Plus
1180251,Robot Vampire,Robot Vampire,2019-05-04,2019,0.0,0,0.05,"Acang dan Ghanit sepasang kekasih yang harus menyelesaikan urusan pekerjaan masing masing. Suatu ketika Acang jatuh sakit dan sang Ibu menyuruhnya untuk mencari pekerjaan lain. Akan tetapi pekerjaan tersebut justru menimbulkan permasalahan baru, hingga Acang meminta bantuan Ghanit untuk melancarkan aksi terror di tempat kerja barunya, saat sang ibu berangkat senam mingguan.","Drama, Keluarga",Wisnu Candra,https://image.tmdb.org/t/p/w500/6JmKaojmIwo0HVQFAN43p9eu61j.jpg,,18,Released,Pixpopuli Film Club
790367,Adaptasi,Adaptasi,2019-03-08,2019,10.0,1,0.09,"Seorang remaja mencoba untuk pulih dari masa lalunya yang traumatis, sambil melawan ketakutan batinnya untuk kembali bersosialisasi","Dokumenter, Drama",Rezky Dzikrullah,https://image.tmdb.org/t/p/w500/6dNC4D0i7jpEBG49xoRbAqk1gOX.jpg,,5,Released,
696566,Bunga Tidur,Bunga Tidur,2019-10-27,2019,0.0,0,0.08,Seorang pria yang baru pindah ke rumah baru nya menemukan sebuah pintu yang tak bisa dibuka sama sekali.,"Kengerian, Cerita Seru, Misteri",Ihsan Mahza,https://image.tmdb.org/t/p/w500/6gFyskiy775emndXTTGobnOBgtI.jpg,,5,Released,Embun Muvi 2019
599386,Sukep: The Movie,Sukep: The Movie,2019-05-02,2019,0.0,0,0.08,"Sukep yang sudah menjadi publik figur berkat aksi-aksi lawak-tunggalnya, ingin membalas budi pada Ivan, salah seorang sahabat karib yang telah banyak membantu dalam perjalan kariernya. Namun, Sukep justru terjebak dengan kisah cinta masa lalu dengan Anty, yang ternyata menjadi istri Ivan. Sukep dan Anty intens menjalin komunikasi, hingga suatu hari, Ivan mengetahui masa lalu antara Sukep dan Anty serta menangkap basah komunikasi mereka berdua. Anty akhirnya membongkar rahasia Sukep yang selama ini ditutupi.","Drama, Komedi",Akil Wasa,https://image.tmdb.org/t/p/w500/xp3RgocDtvk33DARiCsmGT3HEGV.jpg,,113,Released,Filosofi Dunia Khayalan
611052,Iqro: My Universe,Iqro: My Universe,2019-07-11,2019,0.0,0,0.1,Aqilla bermimpi untuk menjadi seorang astronaut dan berusaha memenangkan lomba membuat vlog tentang tokoh antariksa dengan hadiah diundang ke Pusat Penelitian Angkasa Luar di Inggris. Kekecewaan karena Opanya yang seorang astronom harus bertugas ke Inggris dan tidak dapat membantunya membuat vlog akhirnya mempertemukan Aqilla dengan seorang astronaut wanita Indonesia yang sedang melakukan penelitian tanaman untuk hidup di luar angkasa.,"Drama, Keluarga",Iqbal Alfajri,https://image.tmdb.org/t/p/w500/lGLNoeGP5pwg6msC06jhwbVAGxk.jpg,https://image.tmdb.org/t/p/original/iABaFqraBEcU4sD3Zg4mb4xeX2Q.jpg,101,Released,"YPM Salman ITB, Salman Film Academy, PT Bumi Prasidhi Bi-Epsi"
696576,Cemetery,Cemetery,2019-10-03,2019,0.0,0,0.07,Sepulang sekolah tiga anak usia Sekolah Dasar berencana berkumpul di sebuah pemakaman umum untuk berkeluh kesah tentang hidupnya dan membicarakan rencana kedepan mereka.,Drama,Je Yatmoko,https://image.tmdb.org/t/p/w500/ypqNkA8iSCIZhLuHiwonknAPS4A.jpg,,8,Released,"Imagin3 Reality Films, Brown Pictures"
1241167,JumAhad,JumAhad,2019-06-27,2019,0.0,0,0.08,"Dua orang sahabat yang berbeda keyakinan dan tinggal dalam satu atap, Juhri yang mengira hari Minggu (Ahad) mencuci semua bajunya pada hari Jumat.",Drama,Andi Risdianto,https://image.tmdb.org/t/p/w500/a2XXBYS0lPWUia4yud4hZgHSoRC.jpg,https://image.tmdb.org/t/p/original/cMxzavMJgSlbpVjx5SoSRGwfH3m.jpg,8,Released,Team Creative Multimedia
601283,Down Swan,Down Swan,2019-05-23,2019,0.0,0,0.14,"Nadia, pengidap sindrom down, memiliki cita-cita menjadi penari balet. Kegigihan Nadia  melibatkan kedua orangtuanya, Bisma dan Mitha. Mitha, mantan penari balet, sempat tertekan dan kecewa setelah tahu janin dalam kandungannya divonis terlahir dengan sindrom down. Padahal, Mitha sangat berharap putrinya bisa menjadi pebalet. Setelah Nadia lahir, bertahun-tahun Mitha memilih sikap penyangkalan. Bisma yang lebih dekat dengan Nadia di tahun-tahun pertama kehidupan gadis kecil itu. Saat berusia sembilan tahun Nadia semakin penasaran dengan balet. Secercah harapan tumbuh di hati Mitha. Dia tergerak untuk lebih dekat dengan Nadia, bahkan mengajari putrinya menari balet.",Drama,Fuad Akbar,,,0,Released,Adiksi Films
591400,Suporter Masuk Pesantren,Suporter Masuk Pesantren,2019-03-28,2019,0.0,0,0.04,"Aso yang punya kegemaran menonton sepakbola ke stadion setiap tim kesayangannya bertanding, dimasukkan ke pesantren oleh orang tuanya. Kondisi pesantren menyebabkan Aso tidak lagi bisa secara leluasa menyalurkan kegemaran menontonnya ke stadion. Aso kemudian bersahabat dengan Dul, Yos dan Sultan, yang berasal dari daerah berbeda. Pesantren kemudian menjadikan persahabatan mereka melebihi kedekatan dengan saudara kandungnya sendiri. Mereka kemudian menjalin persahabatan dengan sebutan ""sahabat kandung"".","Drama, Komedi",Quraisy Mathar,https://image.tmdb.org/t/p/w500/6PDXzFeSJwl7JsKEScpHgU1kJI0.jpg,,84,Released,Rumah Tujuh Langit
808830,Bandung Lautan Api,Bandung Lautan Api,2018-11-01,2018,0.0,0,0.08,"""Bandung Lautan Api"" (Bandung Sea of Fire) is a movie set in a city of Bandung, at the time after World War II ended, more precisely 24 March 1946. Inspired from one of the most critical events in the history of Indonesian independence, the titles citing the name of the event itself.",Animasi,Eko Aji Nugroho,https://image.tmdb.org/t/p/w500/4fLREaBn0ZGBCuHiZM74n67hdZK.jpg,https://image.tmdb.org/t/p/original/8xze2FlCCZBECazdxFD6Qkzw5yP.jpg,13,Released,Canan Pictures
1133125,Olak,Olak,2018-05-02,2018,0.0,0,0.1,"Minem, cowok kribo yang dikenal ramah kepada teman-temannya, mendapati dirinya mengalami perolakan ketika berpapasan dengan Faris - cowok besar yang ditakuti teman-temannya - yang nampak gundah... Bagaimana Minem dapat lepas dari perolakan?",Drama,Wishnu Hazmi,https://image.tmdb.org/t/p/w500/pTYjNY2uAM02dcbzDAXdPyQcmTK.jpg,,4,Released,
577263,Meja-Makan,Meja-Makan,2018-09-28,2018,0.0,0,0.06,"Seorang Ibu yang hendak makan di sebuah meja makan, namun gagal karena lingkungan yang padat.","Drama, Keluarga",Wisnu Candra,https://image.tmdb.org/t/p/w500/6VGO8aHAHm32T2jB7GIXU0bWZir.jpg,,6,Released,"Pixpopuli Film Club, Para-para Dance Films"
544562,Kasinem is Coming,Kasinem is Coming,2018-08-09,2018,0.0,0,0.14,"Kasinem lari ke Singapura demi mencapai kehidupan yang lebih baik. Namun, keputusannya itu tidak mendapat restu dari sang ibu. Kasinem terpukau dengan segala keindahan di sana tanpa sadar terjerat dalam suatu perkara yang bakal disesali seumur hidupnya. Beruntung, ia bertemu dengan Sinta, gadis baik hati yang sedang berlibur dan siap membantunya. Saat kembali ke tanah air, Kasinem beerkenalan dengan Radit, teman Sinta. Keduanya pun saling suka. Dari sanalah latar belakang Kasinem sesungguhnya mulai terbuka.","Komedi, Drama",Hasto Broto,https://image.tmdb.org/t/p/w500/eUbySxrpSqGN4AOBtdDaon5lGS0.jpg,,100,Released,
492897,Rumah Belanda,Rumah Belanda,2018-01-18,2018,0.0,0,0.13,"Raya (KellyTandiono), penulis, mendapatkan pekerjaan dari Hilda, jutawan, untuk menuliskan biografi Aline, ibunya yang berusia 80 tahun. Raya bersama kedua anaknya Rina (Grace Salsabila) dan Icha (Atiyah Shahab) berangkat ke Rumah Belanda seperti dijanjikan Hilda agar Raya lebih konsentrasi terhadap pekerjaanya. Mereka diantar oleh Dani (Agung Udijana), suami Raya. Di rumah itu mereka mendapat gangguan-gangguan mahluk halus, anak kecil bernama Alice. Raya bertemu dengan Suryana, kepala desa yang tahu tentang masa lalu Rumah Belanda itu. Raya akhirnya tahu apa maksud Aline menyuruhnya menulis di Rumah Belanda.",Kengerian,Hedy Suryawan,https://image.tmdb.org/t/p/w500/7JMHKdRxQEUkWN2tlOMinwHi9bv.jpg,,97,Released,
555361,Rumah dan Bunga Matahari,Rumah dan Bunga Matahari,2018-07-19,2018,9.0,1,0.14,"Menceritakan tentang sepasang suami istri yang sibuk mempersiapkan rumah dalam rangka menyambut tamu spesial yang akan datang malam itu. Dalam persiapannya, mereka teringat akan masa lalu, juga berbagi kepedulian satu sama lain.","Drama, Keluarga",I Kadek Jaya Wiguna,https://image.tmdb.org/t/p/w500/dOfSApgGg0VjZwXtMehM3KVPhbD.jpg,https://image.tmdb.org/t/p/original/18j0fVeJQiI4BVIb7tvPGCE75rg.jpg,13,Released,"Jakarta Institute of the Arts, FFTV IKJ"
500207,Ghost,Ghost,2018-01-25,2018,0.0,0,0.14,"Sekelompok remaja iseng melakukan permainan Ouija yang mereka temukan di gudang sebuah rumah angker. Akibatnya, hantu menyeramkan yang menghantui rumah tersebut mulai meneror mereka.",Kengerian,Findo Purwono HW,https://image.tmdb.org/t/p/w500/e0IZxolSRXdMGnfUxfN2dMISFXb.jpg,,89,Released,Golwind Entertainment
1299643,Youtube Rewind INDONESIA 2018 - Rise,Youtube Rewind INDONESIA 2018 - Rise,2018-12-14,2018,0.0,0,0.07,Youtube Rewind Indonesia 2018 - Rise. Kita buat youtube rewind ini untuk memperingati banyaknya musibah di indonesia dan oleh karna itu kita memakai konsep “rise” yaitu Kita harus bangkit! dari kejatuhan kita pemuda pemudi indonesia harus membuat indonesia bangkit dan youtube for Indonesia!,"Musik, Drama",Ericko Lim,https://image.tmdb.org/t/p/w500/9UpZo9JDXGUHj0NDuKjO83ljaph.jpg,,10,Released,
547311,Moonrise Over Egypt,Moonrise Over Egypt,2018-03-22,2018,0.0,0,0.1,"April 1947, empat utusan diplomatik Indonesia tiba di Kairo untuk mengupayakan pengakuan de jure atas kedaulatan Indonesia dari pemerintah Mesir. Mereka adalah Haji Agus Salim yang sekaligus menjadi pemimpin delegasi, Abdurrachman Baswedan, Mohammad Rasjidi, dan Nazir Datuk Sutan Pamuntjak. Ikhtiar Agus Salim dan kawan-kawannya tak semulus rencana. Duta Besar Belanda untuk Mesir, Willem Van Recteren Limpurg, melancarkan serangkaian siasat penggagalan. Didampingi Duta Besar Keliling Belanda Cornelis Adriaanse yang sengaja didatangkan secara khusus ke Kairo, Willem menggertak Pemerintah Mesir. Belanda akan mencabut segala dukungan untuk kepentingan luar negerinya, apabila Mesir mengakui kedaulatan Indonesia.","Drama, Sejarah",Pandu Adiputra,https://image.tmdb.org/t/p/w500/lSnx9PgUw6X5DGAhxmN9UC0j7BF.jpg,,114,Released,TVS Films
497893,Forever Holiday in Bali,Forever Holiday in Bali,2018-01-11,2018,0.0,0,0.24,"Berlatar di Bali, film ini bercerita tentang dua anak muda: Kay (Thunder), seniman K-Pop, mengalami kesulitan menghadapi stres dan kehilangan ibunya. Putri (Caitlin Halderman), gadis Bali, dibebani kondisi keuangan keluarganya dan ketiadaan kedua orang tuanya. Ketika mereka bertemu di Bali, cinta mulai bermekaran. Tetapi, masalah muncul di antara mereka dan orang-orang yang mencoba memisahkan mereka.","Percintaan, Drama, Komedi",Ody C. Harahap,https://image.tmdb.org/t/p/w500/td4LSYJ1y1mOXhVWJWcmRHvfBTE.jpg,https://image.tmdb.org/t/p/original/osVfU1H1BwfeT1XN1BsLxAaEYAP.jpg,93,Released,
744600,What Times Mosquitos Are Sleeping?,What Times Mosquitos Are Sleeping?,2018-08-31,2018,0.0,0,0.05,"Kevin Seorang mahasiswa yang merangkap menjadi driver Taksi Online hanya untuk mendapatkan tujuannya membeli barang action figure iron man, tetapi ia hanya bisa membeli produk tiruan yang dijual secara terpisah. Kevin tinggal bersama orang tua yang berkecupan tetapi kebutuhan sekunder adalah kebutuhan yang tidak penting bagi mereka.","Drama, Fantasi",Petrus Kristianto,https://image.tmdb.org/t/p/w500/tCFSjwiOLwY4jQ9og0lIouGiuzy.jpg,https://image.tmdb.org/t/p/original/jL8dN5B148JPyor2OTS92V40USk.jpg,22,Released,JAP HD OFFICE
900044,Agen Resep Rahasia,Agen Resep Rahasia,2018-11-19,2018,6.0,1,0.08,Seorang agen mendapat tugas untuk mendapatkan kembali resep rahasia sebuah restoran yang dicuri.,Aksi,Agung Hapsah,https://image.tmdb.org/t/p/w500/pxNCVhGrNbkEIDK9xY34VnRPxjK.jpg,,13,Released,
1241627,Selembar Mutiara Raranum,Selembar Mutiara Raranum,2018-06-08,2018,0.0,0,0.09,Perjuangan sebuah sekolah kecil yang terletak di hujung kabupaten Balangan,Dokumenter,Jum'atul Fitri,https://image.tmdb.org/t/p/w500/xjvVpoGbeyKiByMUCOvgqCVxxbU.jpg,,9,Released,Team Creative Multimedia
521878,Halo Makassar,Halo Makassar,2018-04-26,2018,0.0,0,0.12,"Film ‘Halo Makassar’ kisahnya bercerita tentang seorang pria bernama Diat, seorang komposer musik yang mendapatkan project dari kliennya di Kota Makassar. Demi mendapatkan hasil yang maksimal, Diat harus melakukan perjalanan ke Makassar untuk menyelesaikan project tersebut.  Diat yang sehari-harinya menggunakan taxi dalam menyelesaikan projectnya, ajtuh cinta pada suara Anggu, operator taksi yang selalu ia dengan ketika menumpangi taksi. Selama di Makassar, Diat diberi pilihan antara menyelesaikan pekerjaan yang menjadi tujuan utamanya atau mengejar cinta dengan segala kemungkinan yang tak bisa ia prediksi,","Drama, Komedi",Ihdar Nur,https://image.tmdb.org/t/p/w500/dcrOElNlQAkStMFOr0deNb3FwVx.jpg,,85,Released,Finisia Production
1375120,TV Hanyar,TV Hanyar,2018-12-14,2018,0.0,0,0.01,Sepasang Suami Istri sedang berkelahi memperebutkan channel tontonan mereka masing-  masing hanya dengan satu buah televisi. Sang suami menyukai tontonan berita sedangkan si istri  menyukai sinetron india.,"Drama, Komedi, Percintaan",Syarwani Muhammad,https://image.tmdb.org/t/p/w500/oZWSV0WinTixivAqvYdwErwvfSe.jpg,https://image.tmdb.org/t/p/original/14YOw4IrP4VqMHmjRZg2EqTBuF9.jpg,12,Released,Gelang Merah
503624,Bunda: Kisah Cinta 2 Kodi,Bunda: Kisah Cinta 2 Kodi,2018-02-08,2018,0.0,0,0.14,"Tika berjuang menyelamatkan kehidupan keluarga dan rumah tangganya. Ia berani memulai bisnis baju muslim anak, yang belum ia pahami sama sekali, serta menerima kenyataan pahit bahwa suaminya memutuskan untuk mengikuti permintaan terakhir ibunya untuk menikah lagi dengan wanita pilihan ibunya. Ia tak hanya mempertahankan kelangsungan hidup keluarga, tapi juga mengembalikan cinta keluarga.",Drama,Bobby Prasetyo,https://image.tmdb.org/t/p/w500/eLUcrvSVujZc2YPQ11dx7paBnjN.jpg,,97,Released,Inspira Pictures
492459,Dilan 1990,Dilan 1990,2018-01-25,2018,7.7,33,0.82,"Milea (Vanesha Prescilla) bertemu dengan Dilan (Iqbaal Ramadhan) di sebuah SMA di Bandung tahun 1990, saat Milea pindah dari Jakarta ke Bandung. Perkenalan yang tidak biasa membawa Milea mengenal keunikan Dilan, pintar, baik hati, romantis. Cara Dilan mendekati Milea tidak sama dengan teman-teman lelaki lain, bahkan Beni (Brandon Salim), pacar Milea di Jakarta. Perjalanan hubungan mereka tak selalu mulus. Beni, Anhar (Giulio Perangkan), Kang Adi (Refal Hadi) mewarnai perjalanan itu. Dilan membuat Milea percaya ia bisa tiba di tujuan dengan selamat.","Drama, Percintaan",Fajar Bustomi,https://image.tmdb.org/t/p/w500/9jvJd0zbN166hA3caTiTTQ61h6G.jpg,https://image.tmdb.org/t/p/original/2YiCk4kN24f29Uy6X7T9JktUmvn.jpg,110,Released,Max Pictures
869548,Ngiring Belasungkawa,Ngiring belasungkawa,2018-07-13,2018,8.0,1,0.13,"Sepeninggal ayahnya, seorang anak tunggal, hanya ingin mendoakan ayahnya dengan damai. Namun keinginannya tidak dapat dipenuhi karena tradisi yang memaksanya untuk mengurus pemakaman ayahnya. Dia dipaksa untuk membayar semua orang yang mengurus pemakaman dengan tarif yang telah ditentukan, termasuk yang mendoakan almarhum. Dia tahu itu salah dan dia menolak untuk mengikuti, tetapi dia terus ditekan oleh bibinya dan beberapa tetangga untuk mengikuti tradisi itu. Ia pun mengalami dilema, harus mengikuti tradisi untuk kelancaran penguburan ayahnya atau tetap pada pendiriannya. Banyak keluarga di Jawa Barat, Indonesia yang ditinggalkan oleh almarhum mengalami kesedihan yang mendalam dan terbebani menghadapi tradisi yang sebenarnya tidak mereka setujui.",Drama,Praditha Blifa,https://image.tmdb.org/t/p/w500/fYdNB2IRg1Dqy7b8npmRuS8AAQ2.jpg,https://image.tmdb.org/t/p/original/nBoRiuLl37jP94nk6sK9Gc17hNp.jpg,19,Released,"Jogja Film Academy, Aranck Project"
572502,Wengi Anak Mayit,Wengi Anak Mayit,2018-11-16,2018,0.0,0,0.27,"Wengi: Anak Mayit bercerita tentang Dewi (Sara Wijayanto) yang memutuskan untuk pindah ke rumah warisan orang tuanya, namun suaminya (Demian Aditya) tidak sepenuhnya yakin dengan keputusan tersebut. Pada akhirnya Dewi pindah ke...",Kengerian,Nayato Fio Nuala,https://image.tmdb.org/t/p/w500/w6ZztwbptY56dw7yr1KBbDqEGzb.jpg,,76,Released,Prized Productions
522116,Ananta,Ananta,2018-05-03,2018,7.5,4,0.27,"Tania (Michelle Ziudith), bersifat antisosial dan dipenuhi khayalan yang selalu ia tuangkan ke dalam kanvas lukisnya. Ia juga tipe pemberontak. Ananta ( Fero Walandouw), udik, lugu dan polos, sering dihina dan diperlakukan tidak selayaknya oleh Tania. Namun, Ananta tetap bertahan menemani Tania dalam kesehariannya. Ananta memperkenalkan Pierre (Nino Fernandez) ke Tania. Cowok berdarah indo-perancis, tampan, diharap bisa membuat Tania bahagia. Kehadiran Piere membuat perubahan pada Tania. Saat Tania menyadari Ananta menghilang, ia pun berubah. Tania stress berat. Ia sangat merindukan sosok pria udik yang kerap dicaci makinya.","Drama, Percintaan",Rizki Balki,https://image.tmdb.org/t/p/w500/gN7OEaShJIJ0hsLtLPlqarnCD6u.jpg,,91,Released,MD Pictures
566097,Sesuai Aplikasi,Sesuai Aplikasi,2018-12-06,2018,5.7,5,0.21,"Dua pengemudi ojek daring, Pras dan Duras, dipaksa oleh Sakti si pencuri ulung untuk mengambil kembali berlian curiannya yang tak sengaja terbawa oleh diva dangdut Sofiyah.",Komedi,Adink Liwutang,https://image.tmdb.org/t/p/w500/tkvxOY9kAvFBIbzb3UNdV3UqioE.jpg,https://image.tmdb.org/t/p/original/wdva2kb8cG4Q6R0zhv4xh6e3it7.jpg,89,Released,TBS Films
583606,Loz Jogjakartoz,Loz Jogjakartoz,2018-11-28,2018,7.0,2,0.12,"Artos successfully get the expensive bird everybody wants. Unfortunately, the said bird is the one who drags him into many problems he is forced to face. Police officers, goons and even politicians share the desire to own the bird. Artos is now in danger. Like it or not, he has to fight them all in order to claim back what is his, even if that means his life is on the stake.","Drama, Kejahatan",Sidharta Tata,https://image.tmdb.org/t/p/w500/gJGfuU7TJh3TweCeBTQg6a5XvsI.jpg,https://image.tmdb.org/t/p/original/fVVkkGPNoNMBusqjVOts1THTYoI.jpg,29,Released,"Dinas Kebudayaan DIY, Kebon Studio"
547914,Dear Nathan: Hello Salma,Dear Nathan: Hello Salma,2018-10-25,2018,7.4,8,0.23,"After a school transfer forces them apart, Nathan and Salma try to adjust but their attempts to move ahead get tested by hard emotions and new faces.","Drama, Percintaan",Indra Gunawan,https://image.tmdb.org/t/p/w500/pFrJFcqmZeqVlpuDe2h9hJ1CxUt.jpg,https://image.tmdb.org/t/p/original/acWhEMxpLkKLd51b1eW7f5VAwbJ.jpg,102,Released,Rapi Films
563683,Liam dan Laila,Liam dan Laila,2018-10-04,2018,8.0,1,0.24,"Laila, gadis berpendidikan tinggi, tumbuh dalam keluarga yang sangat menjunjung tinggi Islam dan menghormati adat Minangkabau. Di usia 31 tahun Laila masih sendiri. Keluarga mencemaskan kesendirian Laila. Pian, adik Laila, didesak oleh kekasihnya untuk segera dinikahi. Pian tidak bisa melangkahi kakaknya yang belum menikah. Keadaan berubah, ketika seorang laki-laki dari Prancis bernama Liam datang untuk mempersunting Laila. Liam yang sedang mempelajari Islam ini bertemu Laila di Facebook tiga tahun lalu. Niat Liam ditolak setelah pertemuan keluarga besar. Jamil, paman Laila mengajak Pian untuk membantu Liam secara diam-diam. Keadaan menjadi rumit ketika Jamil dan Pian mengetahui batas waktu visa yang dimiliki Liam hanya 30 hari. Ditambah datangnya Haris yang baru pulang dari perantauan untuk melamar Laila lagi.",Drama,Arief Malinmudo,https://image.tmdb.org/t/p/w500/mFjJkDYeEHjTSv139QH5Een6zqB.jpg,https://image.tmdb.org/t/p/original/1ZEEJZA8mReCcsebnagJDaLz6bS.jpg,94,Released,"Mahakarya Pictures, Malin Films"
534500,Jaran Goyang,Jaran Goyang,2018-07-03,2018,5.5,1,0.13,"Dirga hanyalah seorang tukang kebun yang jatuh cinta kepada Elena, seorang pedangdut populer. Namun cinta Dirga ditolak oleh Elena yang saat itu sudah memiliki pacar bernama Robert. Kecewa dengan keputusan Elena, Dirga membunuh Robert dan meminta ilmu hitam Jaran Goyang kepada bibinya. Sukses dengan Elena, Dirga tidak berhenti sampai disitu, Ia terus memburu wanita muda demi kepuasaannya. Seperti apa kisah percintaan yang di dasari oleh sakit hati dan ilmu hitam ini? Apakah akan berakhir tragis atau bahkan hidup bahagia?",Kengerian,Findo Purwono HW,https://image.tmdb.org/t/p/w500/zg6SlPLlcAZnng4x9vTxl0riczl.jpg,https://image.tmdb.org/t/p/original/gSYfdMYe1qm6ijqKSc4CgV4q5WQ.jpg,91,Released,Intercept Filmcraft
546290,Dancing in the Rain,Dancing in the Rain,2018-10-18,2018,8.4,5,0.18,"Banyu, mengidap spektrum autis, tinggal bersama neneknya. Ia memiliki dua orang sahabat yang baik, Radin dan Kinara.","Drama, Percintaan, Keluarga",Rudi Aryanto,https://image.tmdb.org/t/p/w500/9jAqM2mxW3hOktYGmJGQIVJtkRm.jpg,https://image.tmdb.org/t/p/original/7idI44ET7rBUSlkKdPkGSKKn4y8.jpg,101,Released,"Screenplay Films, Legacy Pictures"
516706,Bluebell,Bluebell,2018-04-07,2018,0.0,0,0.15,"Seorang peselancar bercita-cita besar dibuat melambung oleh asmara yang bersemi, tetapi kebenaran tentang kenalan barunya menyebabkan hatinya terseret menuju tepi laut.","Drama, Percintaan",Muhammad Yusuf,https://image.tmdb.org/t/p/w500/lpJFNickIDG2Ys3BdV5vpmbe6JG.jpg,https://image.tmdb.org/t/p/original/kTiqslNmW6ZCurqJ7B8Rv5DjJCk.jpg,83,Released,"Ratson Pictures, Triple A Films"
449992,The Night Comes for Us,The Night Comes for Us,2018-10-05,2018,6.9,736,2.58,Seorang tukang pukul bernama Ito (Joe Taslim) kembali ke keluarga kriminalnya di Jakarta setelah bekerja dengan sebuah Triad Asia Tenggara yang kejam. Dia terperangkap dalam sebuah intrik pengkhianatan dan kekacauan saat Triad tersebut memulai sebuah kampanye berdarah untuk ekspansi teritorial mereka.,"Aksi, Kejahatan, Cerita Seru",Timo Tjahjanto,https://image.tmdb.org/t/p/w500/8lI1p5cPqgXN2qrKZrmI3mhKBfs.jpg,https://image.tmdb.org/t/p/original/9uoZrTXUiByDECmWopkIJhZxSzw.jpg,121,Released,"Screenplay Infinite Films, XYZ Films"
438312,Silariang: Cinta Yang (Tak) Direstui,Silariang: Cinta Yang (Tak) Direstui,2018-01-18,2018,8.0,2,0.27,"Yusuf kebingungan. Zulaikha juga patah arang. Zulfi (Cipta Perdana), kakak Zulaikha, juga tak punya kuasa apa-apa melawan titah ibunya. Maka jalan pintas harus ditempuh oleh mereka. Dan kali ini mereka tak hanya melawan keluarganya, namun sekaligus pula melawan adat yang terasa mengungkung mereka.  Tapi benarkah silariang adalah jalan terbaik untuk menyatukan cinta mereka? Ketika sebuah tindakan menghadirkan beragam masalah dalam hidup Yusuf dan Zulaikha, mampukah mereka mengatasinya?","Drama, Percintaan",Wisnu Adi,https://image.tmdb.org/t/p/w500/4O1jjrtR0hZv9gO4lX84N1mfAqF.jpg,,98,Released,"Inipasti Communika, Indonesia Sinema Persada"
497891,Arumi,Arumi,2018-10-30,2018,3.2,2,0.33,"15 tahun setelah pembunuhan ibu dan kakaknya, Rasty (Ardina Rasti) mengajak empat sahabatnya ke villa orangtuanya. Kunjungan yang awalnya hanya untuk liburan,berakhir jauh dari dugaan mereka. Mereka bertemu anak kecil misterius bernama Lily (Rizka Maharani), yang berteman dengan sesosok astral bernama Arumi (Rebecca Tamara). Lily dan Arumi membuka rahasia apa yang sebenarnya terjadi 15 tahun lalu.",Kengerian,Nayato Fio Nuala,https://image.tmdb.org/t/p/w500/j1rhMLbvxV3nXWTLK8XF0T77XQ8.jpg,,84,Released,
544552,Sara & Fei: Stadhuis Schandaal,Sara & Fei: Stadhuis Schandaal,2018-07-26,2018,6.0,1,0.22,"Fei, mahasiswi, yang sedang bertugas di kota tua Batavia, didatangi seorang  gadis Belanda-Jepang bernama Sara, yang pernah hidup pada awal abad ke 17, persisnya tahun 1628 saat Gubernur Jenderal Jan Pieterzoon Coen menjabat. Suatu hari setelah kembali dari Shanghai, Fei meneruskan tugasnya. Di gedung Fatahilah Sara kembali muncul dan tanpa sadar Fei dibawa melalui lorong waktu kembali ke abad 17. Sara menceritakan siapa, apa,dan kenapa. Sara membutuhkan media masa kini untuk menyampaikan bahwa hubungannya dengan Peter Cortenhoof adalah cinta murni, bukan perselingkuhan yang menyebabkan Peter dihukum gantung hingga mati dan Sara dibuang serta dikawinkan dengan orang lain. Fei semakin dekat dengan Danny, seorang pengusaha partner ayahnya, setelah pacarnya Chiko semakin hari semakin tidak terkendali dan ternyata anggota sindikat Abimanyu yang bergerak dalam kegiatan Cyber Crime",Drama,Adisurya Abdy,https://image.tmdb.org/t/p/w500/hINUlEQz4DwcXFTCOMyeXxb7D3x.jpg,,91,Released,XELA Pictures
498912,Flight 555,Flight 555,2018-01-18,2018,3.1,4,0.28,"Putu terpaksa kabur dari Bali ke Jakarta karena tidak setuju dijodohkan. Tapi, dia harus pulang ke Bali karena ayahnya sakit keras. Ia menggunakan Flight Komo 555. Penumpangnya bermacam-macam. Putu duduk di sebelah anak kecil yang membahas hal-hal yang membuat cemas. Kejadian menegangkan dimulai ketika Putu menemukan pistol di toilet. Kemudian pria Papua dan Sunda masuk ke dalam toilet yang berseberangan, Ketika keluar si Papua hanya mengenakan koteka. Penumpang tertawa. Ternyata si  Papua dan Sunda itu ingin menguasai pesawat dan mengubah tujuan penerbangan ke Papua.","Komedi, Drama",Raymond Handaya,https://image.tmdb.org/t/p/w500/561Nymc5ByRSWiuymh2XKLDeexa.jpg,,106,Released,Citra Visual Cinema
510276,Danur 2: Maddah,Danur 2: Maddah,2018-03-28,2018,7.3,12,0.65,"Risa, remaja perempuan yang memiliki 3 sahabat hantu bernama Peter, William, dan Janshen. Risa kini tinggal bersama adiknya Riri, yang sudah mulai jengah dengan kemampuan Risa bisa melihat hantu. Apalagi mereka untuk sementara hanya tinggal berdua karena ibunya menemani bapaknya dinas di luar negeri. Keluarga pamannya, Om Ahmad baru pindah ke Bandung bersama istrinya, Tante Tina dan Angki anaknya. Risa dan Riri sering berkunjung bahkan menginap di rumah Om Ahmad dan Tante Tina. Risa awalnya tidak merasa ada yang aneh dengan rumah Om Ahmad, namun suatu hari Risa memergoki Om Ahmad pergi bersama seorang wanita, Risa hampir tidak percaya bahwa Omnya selingkuh, Risa tidak berani bilang ke Tante Tina dan memilih menyelidiki sendiri. Namun, setelah itu Angki bercerita beberapa hal janggal terjadi dan yang paling aneh adalah sikap Om Ahmad berubah.","Kengerian, Misteri, Cerita Seru",Awi Suryadi,https://image.tmdb.org/t/p/w500/2j3srEVS1DKT0jzkRnxjJZRLdSQ.jpg,https://image.tmdb.org/t/p/original/UBoDsIGgmgpULudU9WQxCuZLyC.jpg,89,Released,"MD Pictures, Pichouse Films"
515875,Target,Target,2018-06-15,2018,4.2,31,0.63,"Sembilan orang hendak shooting film berjudul Target, namun mereka ternyata dijebak di sebuah gedung kosong. Seseorang bernama Game Master muncul, memberitahu dalam 24 jam mereka harus mengikuti permainan-permainan mematikan. Hanya satu yang bisa selamat. Siapa?","Komedi, Kengerian, Aksi",Raditya Dika,https://image.tmdb.org/t/p/w500/t4naCnuDZ4ymwnMvga8etni3wo3.jpg,https://image.tmdb.org/t/p/original/pUizJY7raKdVqogX7Cum2vBRtne.jpg,91,Released,Soraya Intercine Films
506731,Love for Sale,Love for Sale,2018-03-15,2018,7.9,14,0.36,Richard menerima tantangan bahwa ia tak bisa menemukan pasangan saat menghadiri pernikahan seorang teman. Ia tak tahu aplikasi kencannya mencakup kontrak 45 hari.,"Drama, Percintaan",Andibachtiar Yusuf,https://image.tmdb.org/t/p/w500/dpU0VeUKfr4ga8461wfB53IxS74.jpg,https://image.tmdb.org/t/p/original/zcaAhrJ2nKHpAoPT8bZtqp9aXiW.jpg,100,Released,Visinema Pictures
472918,Wiro Sableng: Pendekar Kapak Maut Naga Geni 212,Wiro Sableng: Pendekar Kapak Maut Naga Geni 212,2018-08-30,2018,6.2,14,0.45,"Nusantara, abad ke-16, Wiro Sableng (Vino G Bastian), seorang pemuda, murid dari pendekar misterius bernama Sinto Gendeng (Ruth Marini), mendapat titah dari gurunya untuk meringkus Mahesa Birawa (Yayan Ruhian), mantan murid Sinto Gendeng yang berkhianat. Dalam perjalanannya mencari Mahesa Birawa, Wiro terlibat dalam suatu petualangan seru bersama dua sahabat barunya Anggini (Sherina Munaf) dan Bujang Gila Tapak Sakti (Fariz Alfarazi). Pada akhirnya Wiro bukan hanya menguak rencana keji Mahesa Birawa, tetapi juga menemukan esensi sejati seorang pendekar.","Aksi, Komedi, Petualangan",Angga Dwimas Sasongko,https://image.tmdb.org/t/p/w500/kt4Clr3qq4NIXU6ijhDaoXOQqOn.jpg,https://image.tmdb.org/t/p/original/fiSlTGaaQsktasb5ySYGFe6DpaO.jpg,123,Released,"LifeLike Pictures, 20th Century Fox"
524736,Kuntilanak,Kuntilanak,2018-06-15,2018,5.9,63,0.54,"Sekelompok anak-anak nekat mengeksplor rumah terbengkalai demi memenangkan sayembara reality show untuk membuktikan kebenaran adanya Kuntilanak yang suka menculik anak kecil. Petualangan yang mereka pikir akan membawa keseruan justru menjadi malapetaka saat Kuntilanak, sang makhluk mengerikan yang masuk ke dunia manusia melalui sebuah cermin kuno kini memburu mereka sebagai korban baru.","Kengerian, Komedi",Rizal Mantovani,https://image.tmdb.org/t/p/w500/8uChA7zGYMBk8Xc57LAKzofyaku.jpg,https://image.tmdb.org/t/p/original/hQ86bjGpjBXjCoZ9wpRQyZSplqu.jpg,105,Released,MVP Pictures
510281,The Secret: Suster Ngesot Urban Legend,The Secret: Suster Ngesot Urban Legend,2018-04-26,2018,3.4,9,0.24,"Learning that her father has married a woman her own age, Kanaya leaves home, only to get into an accident that lands her in a haunted hospital.",Kengerian,Arie Azis,https://image.tmdb.org/t/p/w500/tneFTgVYqpqMLGJykCaf3QwK52s.jpg,,102,Released,RA Pictures
534374,Koki-Koki Cilik,Koki-Koki Cilik,2018-07-06,2018,7.0,1,0.15,"Bima (Farras Fatik), anak dari keluarga tidak mampu, berhasil ikut dalam acara Cooking Camp yang sangat bergengsi dan mahal. Bima harus menghadapi tantangan dari Chef Grant (Ringgo Agus Rahman) dan bersaing dengan Audrey (Chloe X), juara tiga kali berturut-turut di Cooking Camp, serta Oliver (Patrick Milligan), anak pemilik restoran ternama yang mendapat dukungan penuh dari kedua sahabatnya, Ben (Cole Gribble) dan Jody (Clay Gribble). Beruntung Bima memiliki teman-teman yang memberinya semangat, seperti Niki (Clarice Cutie), Melly (Alifa Lubis), Key (Romaria Simbolon), Kevin (Marcello), dan Alva (Ali Fikri). Di tengah perjuangannya, Bima bertemu dengan Rama (Morgan Oey), mantan chef terkenal yang mengasingkan diri. Meski awalnya merasa terganggu dengan kehadiran Bima, Rama lambat laun menjadi baik dan bersedia mengajari Bima memasak.","Drama, Keluarga",Ifa Isfansyah,https://image.tmdb.org/t/p/w500/jfHNsq5pg2uc3OgSlrKrUPcAfEs.jpg,https://image.tmdb.org/t/p/original/aAo5tuf7dkilnr3dHDseg3Qg9Fb.jpg,91,Released,MNC Pictures
558228,Kuntilanak Pecah Ketuban,Kuntilanak Pecah Ketuban,2018-10-31,2018,7.0,2,0.24,"Santi must accept this harsh reality. Her husband, Krishna, cheated on her own twin sister, Sinta. Santi's sterility is Krisna's reason for cheating.  Sinta and Krisna worked together to kill Santi. Santi was sent to hell. In the hell's waiting room, Santi meets the hell guarding Devil and sees that the process of her death is used as an ingredient of entertainment and shows for the other inhabitants of hell. Santi also sells her soul to the hell guarding Devil to be able to return to life and take revenge on Sinta and Krishna.","Kengerian, Cerita Seru",Alzein Putra Merdeka,https://image.tmdb.org/t/p/w500/sYsgIw5Jde3kSzasBhz8n5FLT8u.jpg,https://image.tmdb.org/t/p/original/xkkYxOQZhzBfLBsD62JyepRbWsk.jpg,15,Released,"Padepokan Limboto, Kolong Sinema, Mercusuar Production"
536593,22 Menit,22 Menit,2018-07-19,2018,6.8,3,0.26,"22 menit sebelum, selama, dan setelah ledakan bom Thamrin 2016 di Jakarta.","Aksi, Drama, Cerita Seru",Myrna Paramita Pohan,https://image.tmdb.org/t/p/w500/jcfyEr5S1JD1lvJRsGwwUmYxJpI.jpg,https://image.tmdb.org/t/p/original/jRFaVw7GGzVBb4Kmc9CwCsqxn1A.jpg,71,Released,Buttonijo Films
546055,Belok Kanan Barcelona,Belok Kanan Barcelona,2018-09-20,2018,7.3,8,0.28,"Empat teman dekat dari beragam latar belakang keluarga merasakan cinta tak berbalas, saling menjauh, lalu bersatu kembali di Barcelona untuk pernikahan seorang teman.","Drama, Percintaan, Komedi",Guntur Soeharjanto,https://image.tmdb.org/t/p/w500/qRCWmdRyeH3EGJZpZ18my21y1q8.jpg,https://image.tmdb.org/t/p/original/zyrLIysPbj1WO5G51oLFz84b8XO.jpg,107,Released,"CJ Entertainment, Starvision Plus"
547317,"Love Reborn: Komik, Musik & Kisah Masa Lalu","Love Reborn: Komik, Musik & Kisah Masa Lalu",2018-05-31,2018,0.0,0,0.17,"Berawal dari sebuah komik karya Kirei (Nadya Arina) di web Toon, yang inspirasinya didapat dari Wijaya, pria separuh baya langganan laundry milik Ibunya (Ira Wibowo). Dalam jas yang sering di-laundry oleh Wijaya terdapat surat-surat membingungkan yang hanya ibu Kirei dan Wijaya (Donny Damara) itu yang mengerti. Komik berjudul Kisah Masa Lalu itu jadi viral di media online. Kesuksesan komik Kirei menimbulkan masalah. Bagus, vokalis band indie “Keras Kepala Band” yang beranggotakan Rindu (Rani Ramadhany), Jefry (Indra Jegel), dan Sobirin (Jui Purwanto), tidak terima karena karakter di komik itu adalah ayahnya. Bagus menuduh ibu Kirei wanita murahan karena jadi penyebab retaknya rumah tangga keluarganya. Untuk membuktikan itu Kirei dan Bagus bersepakat untuk mengungkap kebenaran antara ibu Kireii dan ayah Bagus. Perjalanan mengungkap rahasia itu ternyata tidak mudah karena selain minimnya informasi, mereka selalu bertemu dengan orang-orang aneh di masa lalu orangtua mereka.","Drama, Percintaan",Jay Sukmo,https://image.tmdb.org/t/p/w500/4p2vReInmdLyXgKrJETOhwC5bHI.jpg,,98,Released,DHF Entertainment
521211,3 Dara 2,3 Dara 2,2018-10-25,2018,2.5,2,0.16,"Usai sebuah kegagalan bisnis, tiga teman hidup bersama dan menjadi bapak rumah tangga. Sementara istri-istri mereka kembali bekerja untuk membangun keuangan mereka.","Komedi, Drama, Percintaan",Monty Tiwa,https://image.tmdb.org/t/p/w500/5Ou0RXd6klTrqDnVjahFOaw15uD.jpg,https://image.tmdb.org/t/p/original/nzreRb7hnyrXVJLDUXfAmpopf09.jpg,90,Released,MNC Pictures
542709,"Sultan Agung: Tahta, Perjuangan, Cinta","Sultan Agung: Tahta, Perjuangan, Cinta",2018-08-23,2018,7.0,2,0.2,"Pada abad ke-17, Sultan Agung Mataram harus mengatasi masalah percintaan dan memimpin rakyatnya menghadapi pergolakan di Bumi Nusantara.",Sejarah,Hanung Bramantyo,https://image.tmdb.org/t/p/w500/bLtRW4Y8EqK0nPMWctCzqNdChBP.jpg,https://image.tmdb.org/t/p/original/A1xXTOx8EXBXLz3p79L0RIcIrOJ.jpg,160,Released,"Mooryati Soedibyo Cinema, Dapur Film"
524738,Sebelum Iblis Menjemput,Sebelum Iblis Menjemput,2018-08-09,2018,6.3,169,2.35,"Alfie dan Nara harus kembali bertempur dengan pasukan iblis. Alih-alih terbebas dari teror, Alfie dan Nara diculik oleh sekumpulan orang tak dikenal. Mereka berpendapat bahwa Alfie merupakan sosok “tangguh” dan hanya dirinyalah yang dapat menjalankan ritual agar mereka terbebas dari teror sosok iblis Ayub. Ayub merupakan bapak angkat sekaligus pengasuh yang mati terbakar di panti asuhan semasa mereka kecil. Ia juga pengikut iblis yang sama seperti ayah Alfie. Alfie pun setuju untuk membantu mereka dan menjalankan ritual. Tak terduga ritual ini justru membangkitkan sosok Ayub secara utuh dan sosok iblis Molokh yang telah mengincarnya sedari dahulu.","Kengerian, Misteri, Cerita Seru",Timo Tjahjanto,https://image.tmdb.org/t/p/w500/dFrSRFRhelwQtNOP3fkzvALEFcN.jpg,https://image.tmdb.org/t/p/original/aJvn6fVHLdfoEoMWw7IsnsoutIr.jpg,110,Released,"Legacy Pictures, Screenplay Films, Sky Media, Ideate Media"
538583,Si Doel the Movie,Si Doel the Movie,2018-08-02,2018,7.2,8,0.67,"14 tahun sudah SARAH (Cornelia Agatha) pergi tanpa kabar dan perpisahan yang jelas, menyimpan kerinduan dalam hati DOEL (H. Rano Karno) yang sudah berumah tangga dengan ZAENAB (Maudy Koesnaedi). Melalui HANS (Adam Jagwani), SARAH meminta DOEL dibawa ke Amsterdam untuk mempertemukannya dengan DUL (Rey Bong), anak hasil pernikahannya dengan DOEL. DOEL ditemani MANDRA (H Mandra YS) terbang ke Amsterdam untuk bertemu dengan SARAH dan anaknya DUL. Tapi, kini DOEL berada didalam pilihan yang sulit. Harapan, kerinduan, keresahan dan keihkhlasan menyelimuti kisah tiga insan yang kerap dipermainkan oleh takdir. Dan pilihan untuk berada dalam jalan terbaik berada di tangan DOEL yang menggalau tanpa mau membohongi dan melukai perasaan siapa pun.","Drama, Komedi, Keluarga, Percintaan",Rano Karno,https://image.tmdb.org/t/p/w500/81K6Fh2GLSTWC74zDwxjmDzhylE.jpg,https://image.tmdb.org/t/p/original/3HnDPab0YdtwVeGMlaz1nqTv4KO.jpg,85,Released,"Karnos Film, Falcon Pictures"
503902,Sabrina,Sabrina,2018-07-12,2018,5.3,189,1.01,"MAIRA hidup bahagia di pernikahan barunya bersama AIDEN, pembuat boneka Sabrina. Tapi kebahagiaan mereka belum sempurna karena VANYA, anak angkat sekaligus keponakan Aiden yang yang piatu belum bisa menerima kehadiran Maira sebagai ibunya karena Vanya masih belum bisa merelakan kepergian ANDINI, bundanya yang sudah meninggal. Suatu hari, Vanya melakukan permainan ‘Pensil Charlie’ untuk memanggil bundanya dan kejanggalan-kejanggalan pun mulai terjadi. Maira dan Aiden Adak percaya, hingga akhirnya Maira mengalami serentetan kejadian menakutkan dan mereka melihat sendiri sosok Andini. Maira pun memanggil BU LARAS, seorang paranormal yang dulu pernah membantunya. Tapi Andini ternyata bukanlah Andini, melainkan iblis keji bernama BAGHIAH yang menetap di boneka Sabrina dan menginginkan tubuh manusia","Kengerian, Cerita Seru",Rocky Soraya,https://image.tmdb.org/t/p/w500/djHPD5qPIKT7m06xPuq4rZ3Slr4.jpg,https://image.tmdb.org/t/p/original/rXA03j9HBzhcmgjJetcVSjkmwQg.jpg,98,Released,"Hitmaker Studios, Hitmaker Studios"
521879,Enak Tho Zamanku: Piye Kabare,Enak Tho Zamanku: Piye Kabare,2018-04-12,2018,0.0,0,0.2,"Film Enak Tho Zamanku, Piye Kabare menceritakan tentang Pinuntun (diperankan oleh Dolly Marten) yang disingkirkan oleh kawanan GatoLoco (diperankan oleh Eko Xamba) secara brutal. Hal ini terjadi akibat tragedi perebutan warisan yang meliputi Restoran, Hotel dan Klub Malam. Akhirnya, Pinuntun pun mengalami gangguan kesehatan akibat insiden tersebut.  Banyak pihak yang mengharapkan kesembuhan Pinuntun, salah satunya Mbah Mangun (diperankan oleh Otig Pakis) yang lihai membuat menu hidangan nasi goreng bagi para pelanggannya. Selain itu, pihak Belanda yang memiliki tradisi napak tilas bagi leluhur Indonesia pun juga mengharapkan hal yang sama pada Pinuntun. Jadi jangan sampeai ketinggalan nonton film Enak Tho Zamanku, Piye Kabare di bioskop terdekat di kota anda.","Komedi, Drama",Akhlis Suryapati,https://image.tmdb.org/t/p/w500/mgRbZNQkgoCqmIAnA2TidKrlQTk.jpg,,90,Released,"Kreativa Art, Midessa Pictures"
569768,NamaMu Kata Pertamaku,NamaMu Kata Pertamaku,2018-11-29,2018,0.0,0,0.16,"Seorang lelaki Bisu (Adipati Dolken) melakukan perjalanan menuju Toraja agar bisa berbicara. Di sana ada ritual Manene, yang orang sudah matipun bisa dibuat berjalan. Di tengah perjalanan si Bisu ketinggalan bis saat singgah di rumah makan. Semua barangnya terbawa oleh bis tersebut. Maka si Bisu hidup gelandangan di pasar desa. Yunus (Bogel Apriansyah), pengurus masjid, menolong si Bisu dan memberinya tempat menginap di masjid. Si Bisu manjadi akrab dengan majelis taklim di masjid tersebut, yang salah satunya anggotanya Nila (Rania Putrisari). Tekad si Bisu yang kuat untuk tetap ke Toraja dan sembuh dari kebisuannya membuat Nila iba dan memberi perhatian lebih. Ini justru membuat si Bisu jatuh cinta.","Drama, Percintaan",Syahrir Arsyad Dini,https://image.tmdb.org/t/p/w500/vB5dj6PUonynqAZ133JD10y9Ip8.jpg,,94,Released,Paramedia
482278,Ayat-Ayat Cinta 2,Ayat-Ayat Cinta 2,2017-12-21,2017,6.9,9,0.37,"Fahri yang kini menjadi dosen di Edinburgh mencoba membuka lembaran baru saat istrinya, Aisha, menjadi sukarelawan di Jalur Gaza. Inikah cara mereka melanjutkan hidup?","Drama, Percintaan",Guntur Soeharjanto,https://image.tmdb.org/t/p/w500/sp95sUW1ZCyyPZMU8YOtJfo6rBK.jpg,https://image.tmdb.org/t/p/original/1wstrElQgIxyrPEdzUtiL19dZF1.jpg,127,Released,MD Pictures
477392,Molulo: Jodoh Tak Bisa Dipaksa,Molulo: Jodoh Tak Bisa Dipaksa,2017-11-02,2017,0.0,0,0.19,"Mengambil latar belakang dari seorang lelaki bugis dan dijodohkan oleh orangtuanya, namun karena tidak menerima dijodohkan, akhirnya dia pergi kabur ke Kendari dan bertemu dengan wanita idaman  pada saat acara Molulo.","Percintaan, Drama, Komedi",Irham Acho Bahtiar,https://image.tmdb.org/t/p/w500/iExSZnx2QKAzS99z9wF6zHB95e2.jpg,,91,Released,"DCU Production, Rumah Semut"
465807,The Underdogs,The Underdogs,2017-08-16,2017,6.0,2,0.21,"Saat berupaya menjadi YouTuber populer, empat sekawan segera menyadari bahwa perjuangan mereka untuk tenar malah menghancurkan persahabatan mereka.",Komedi,Adink Liwutang,https://image.tmdb.org/t/p/w500/gPNyDvba8IMDTIlnbLDW3N0Ju0f.jpg,https://image.tmdb.org/t/p/original/8HXcmJrKNfHspSd2l5NgjU7W05K.jpg,99,Released,Starvision Plus
460574,Insya Allah Sah,Insya Allah Sah,2017-06-25,2017,6.2,5,0.2,Perjuangan seorang gadis menemukan tujuan hidupnya setelah mengalami peristiwa mengejutkan yang menyebabkan ia berjanji untuk mengubah dirinya sendiri.,"Komedi, Drama",Benni Setiawan,https://image.tmdb.org/t/p/w500/jEDcHKSlZxe6P28osly0MgBMF2d.jpg,https://image.tmdb.org/t/p/original/Ar5Y6tSKxLrr3Smc9htUHQwFiKa.jpg,90,Released,MD Pictures
463776,Surat Kecil untuk Tuhan,Surat Kecil untuk Tuhan,2017-06-25,2017,6.1,6,0.22,Seorang pengacara sukses mencari kakak laki-lakinya yang telah lama hilang.,Drama,Fajar Bustomi,https://image.tmdb.org/t/p/w500/kdMw2ml4dBAnuVpet3xtgOyGlGT.jpg,https://image.tmdb.org/t/p/original/3Vv7yGnPyjfWSR6LPpQ7TsQoHjB.jpg,127,Released,Falcon Pictures
476040,Jomblo,Jomblo,2017-10-05,2017,7.5,2,0.17,"Film Jomblo (2017) bercerita tentang empat sahabat yang memiliki satu persamaan, yakni sama-sama jomblo. Keempat sahabat ini adalah Agus (Sunda), Bimo (Jogya), Olip (Aceh) dan Doni (Indo), mereka kuliah di Universitas B, dan mereka memiliki perbedaan alasan kenapa jomblo.","Komedi, Percintaan",Hanung Bramantyo,https://image.tmdb.org/t/p/w500/jJyYzoVn66Wl2nSfIy6s1DyF1Zx.jpg,,92,Released,"Dapur Film, Falcon Pictures"
483964,Keluarga Tak Kasat Mata,Keluarga Tak Kasat Mata,2017-11-23,2017,5.0,1,0.16,"Keluarga Tak Kasat Mata bercerita tentang seorang pemuda bernama Genta, yang kembali bercerita tentang mantan perusahaannya di Yogyakarta. Cerita ini dimulai saat perusahaannya berpindah kantor ke sebuah bangunan baru. Disanalah Genta bersama rekan kerjanya mulai mendapati beberapa kejadian diluar nalar.Malam-malam mereka perlahan menjadi momen penuh ketegangan. Satu persatu karyawan mulai dihadapkan dengan sosok penampakan yang ingin berpesan. Rentetan teror kejadian, seolah menjadi pembuktian akan adanya kehidupan yang sejatinya memang selalu berdampingan.",Kengerian,Hedy Suryawan,https://image.tmdb.org/t/p/w500/nEL808BH6kkFGQJLL87TXBZCyfg.jpg,,113,Released,Max Pictures
482631,After School Horror 2,After School Horror 2,2017-11-16,2017,5.0,1,0.18,Sekelompok remaja sekolah menengah melakukan tindakan yang ceroboh yang mengakibatkan mereka dihantui arwah penasaran.,Kengerian,Nayato Fio Nuala,https://image.tmdb.org/t/p/w500/v9otHUITUvqfG936jaoYAdQnixl.jpg,,111,Released,BIC Pictures
482629,Susah Sinyal,Susah Sinyal,2017-12-21,2017,7.7,16,0.29,Seorang pengacara sukses berjuang untuk menemukan keseimbangan antara karir dan perannya sebagai orangtua dalam membesarkan anak perempuan tunggalnya.,"Komedi, Drama, Keluarga",Ernest Prakasa,https://image.tmdb.org/t/p/w500/cIG3RMeTsBgI6V3lXKeXILjtl2B.jpg,https://image.tmdb.org/t/p/original/hvfl3SEbYF6S15yqKcdixUnJ5QO.jpg,98,Released,Starvision Plus
453064,Stip & Pensil,Stip & Pensil,2017-04-19,2017,6.4,8,0.3,"Toni (Ernest Prakasa), Aghi (Ardit Erwandha), Bubu (Tatjana Saphira) dan Saras (Indah Permatasari) adalah anak anak orang kaya yang dimusuhi anak anak di SMU sekolahnya. Karena dibanding yang lain mereka selalu merasa sok jago dan songong.","Komedi, Drama, Keluarga",Ardy Octaviand,https://image.tmdb.org/t/p/w500/rqFO6veoD3U4dtMvrNtyDwof2s2.jpg,https://image.tmdb.org/t/p/original/ifD04qKfsWEhVZVXTI3aVT6oWGT.jpg,100,Released,MD Pictures
410645,Gerbang Neraka,Gerbang Neraka,2017-09-20,2017,4.2,7,0.29,"Piramida kuno yang penuh misteri menarik perhatian seorang wartawan, seorang paranormal dan seorang arkeolog untuk mempelajarinya. Setelah mengalami beberapa peristiwa yang mengejutkan, akhirnya mereka bahu-membahu untuk mencegah bencana akibat kekuatan dahsyat yang tersembunyi di dalam piramida kuno tsb.","Petualangan, Kengerian",Rizal Mantovani,https://image.tmdb.org/t/p/w500/prQyDWn9gmOm1YEw1LR2PzcwJaM.jpg,https://image.tmdb.org/t/p/original/m5B8Ivtv0740sda2A7Xt1y2Bj0u.jpg,120,Released,Legacy Pictures
456422,Critical Eleven,Critical Eleven,2017-05-10,2017,7.0,15,0.25,"Ale (Reza Rahadian) dan Anya (Adinia Wirasti) pertama kali bertemu dalam penerbangan Jakarta - Sydney. Saat pertemuan terjadi, 3 menit pertama Anya mulai terpikat, 7 jam berikutnya mereka duduk bersebelahan dan saling mengenal lewat percakapan dan tawa satu sama lain, sampailah pada 8 menit sebelum berpisah.","Drama, Percintaan",Robert Ronny,https://image.tmdb.org/t/p/w500/9rFFCia3wCpCFnymu94xTMho9Mu.jpg,https://image.tmdb.org/t/p/original/76XyEWROdAUxJ5i4tNneOwUkdJ8.jpg,135,Released,"Starvision Plus, Legacy Pictures"
470551,Jembatan Pensil,Jembatan Pensil,2017-09-07,2017,0.0,0,0.34,Film ini bercerita tentang kehidupan anak-anak sekolah dasar di sebuah desa terpencil di Sulawesi Tenggara yang tetap semangat dalam mencari ilmu meskipun untuk berangkat ke sekolah harus melewati jembatan rapuh yang sangat berbahaya.,Drama,Hasto Broto,https://image.tmdb.org/t/p/w500/8PTICCHLaU2Acboj9WPb92OgR2M.jpg,,111,Released,Grahandika Visual
478774,Merah Putih Memanggil,Merah Putih Memanggil,2017-10-12,2017,2.0,1,0.22,Sebuah kapal pesiar berbendera Indonesia diserang oleh sekelompok bajak laut di perairan internasional. Pasukan khusus Merah Putih berusaha membebaskannya.,"Aksi, Kejahatan",Mirwan Suwarso,https://image.tmdb.org/t/p/w500/dBwblnpBpiTPZgPdbXoWAKd2x2b.jpg,https://image.tmdb.org/t/p/original/tgEFHMtZfchehO4CDTQJT5C4hxp.jpg,96,Released,TB Silalahi Pictures
483829,Negeri Dongeng,Negeri Dongeng,2017-11-05,2017,8.0,1,0.14,"Sebuah film mengenai perjalanan melihat Indonesia, melihat sahabat dan rekan-rekan seperjalanan, juga melihat diri sendiri. Tujuh sineas muda Indonesia mendaki tujuh puncak gunung tertinggi di Nusantara berbekal tujuh kamera. Perjalanan panjang membuat mereka mengupas cerita setiap tempat yang disinggahi. Setiap potongan kisahnya memperlihatkan betapa Indonesia begitu kaya dan luas untuk dijelajahi bersama-sama. Dan di ujung perjalanan itu mereka menemukan arti sebuah perjalanan.","Petualangan, Dokumenter",Anggi Frisca,https://image.tmdb.org/t/p/w500/8gJRbS98ULHL15MqpMGGxggY9UO.jpg,,104,Released,Aksa Tujuh
480005,Mau Jadi Apa?,Mau Jadi Apa?,2017-11-30,2017,5.6,4,0.26,Seorang mahasiswa mencoba mendirikan majalah kampus yang membahas hal-hal ringan namun menemui tantangan dari majalah kampus yang lebih mapan.,"Drama, Komedi",Monty Tiwa,https://image.tmdb.org/t/p/w500/g8Mea7GAZzCKUkXGrEPb9HEXdka.jpg,https://image.tmdb.org/t/p/original/kHi2Z5mskHUP4o7RPtcBzg1mSMY.jpg,110,Released,"Starvision Plus, Millennia Pictures"
460578,The Doll 2,The Doll 2,2017-07-20,2017,5.3,46,0.39,Sepasang suami isteri kehilangan anak mereka. Tanpa mereka sadari mereka mengundang bahaya yang tak terduga karena obsesi mereka dengan si anak yang telah tiada.,"Kengerian, Cerita Seru",Rocky Soraya,https://image.tmdb.org/t/p/w500/4ZUsdUuEArwvFCpdxiv8w9fWkjf.jpg,https://image.tmdb.org/t/p/original/cRlJaee0mUyaDwGOXrLvTOWPkDH.jpg,117,Released,Hitmaker Studios
450647,Danur,Danur,2017-03-27,2017,5.4,23,0.29,"Film ini bercerita tentang Risa di hari ulang tahunnya ke-8, Risa dengan polosnya meminta seorang teman agar ia tidak kesepian lagi. Namun ternyata ibunya, Elly, mulai curiga mendapati anaknya sering tertawa sendiri dan bermain seolah-olah dengan banyak teman, padahal Elly hanya melihatnya bermain sendiri! Elly mencari jalan untuk memisahkan Risa dari sahabat nya yang ternyata hantu.","Kengerian, Misteri, Cerita Seru",Awi Suryadi,https://image.tmdb.org/t/p/w500/m7E4xlKecZhkqy4ji0BURFSd6v7.jpg,https://image.tmdb.org/t/p/original/ny34w32qXuaqaLCZ1fau0JFnNrN.jpg,74,Released,"MD Pictures, Pichouse Films"
1156145,Pelangi Menjuntai di Langit Muna,Pelangi Menjuntai di Langit Muna,2017-07-25,2017,0.0,0,0.08,"Terinspirasi dari kisah nyata, Seorang anak dari suku Muna yang sukses dalam mengejar mimpinya.",Drama,Tidak Diketahui,,,46,Released,TVRI
480007,Mata Batin,Mata Batin,2017-11-30,2017,5.7,93,0.96,Seorang wanita tersiksa dengan kemampuan mata ketiga.,"Kengerian, Cerita Seru",Rocky Soraya,https://image.tmdb.org/t/p/w500/slZHkFm3S43zquph0Z2d1UmgVRJ.jpg,https://image.tmdb.org/t/p/original/zVITKJxmvzvi5sBECmfDK1i3wA7.jpg,112,Released,Hitmaker Studios
467010,Ruqyah - The Exorcism,Ruqyah - The Exorcism,2017-10-05,2017,3.8,5,0.69,Seorang artis diganggu oleh makhluk halus. Adakah seseorang yang mampu menolongnya?,Kengerian,Jose Poernomo,https://image.tmdb.org/t/p/w500/3AJNcy2VOJFVN20E2UAyNKeCTzz.jpg,https://image.tmdb.org/t/p/original/5ohQwpoNOpTE3kJgoQWG1I8rEM8.jpg,107,Released,"MD Pictures, Pichouse Films"
460516,Filosofi Kopi 2: Ben & Jody,Filosofi Kopi 2: Ben & Jody,2017-07-13,2017,7.0,7,0.39,"Film yang menceritakan dua orang peracik kopi yang menemukan makna kehidupan sesungguhnya dari secangkir kopi, menjadi kisah inspiratif dalam balutan pencarian mereka membuat kopi terbaik.","Drama, Petualangan",Angga Dwimas Sasongko,https://image.tmdb.org/t/p/w500/rSxbE7lpNwVHgyE540igXAMXUrL.jpg,https://image.tmdb.org/t/p/original/3LeSCM2Xm24xVxv1ofpXTmUH8q7.jpg,90,Released,"13 Entertainment, Visinema Pictures"
451899,Kartini,Kartini,2017-04-19,2017,6.6,10,1.31,Biografi Kartini dalam memperjuangkan pendidikan untuk semua kalangan,"Drama, Sejarah",Hanung Bramantyo,https://image.tmdb.org/t/p/w500/pQsRtAbSWNjnCO4saToN60SGojb.jpg,https://image.tmdb.org/t/p/original/6pZHWcLOxYoWo5pc0wLscSZoKgO.jpg,118,Released,"Screenplay Films, Legacy Pictures"
467012,Pengabdi Setan,Pengabdi Setan,2017-09-28,2017,6.7,277,1.76,"Setelah Rini ditinggal mati ibunya, ada sesuatu peristiwa yang terus menganggu keluarga mereka.","Drama, Kengerian, Misteri",Joko Anwar,https://image.tmdb.org/t/p/w500/xTWgncjZOrMmSjaEwA3DLOxaqf0.jpg,https://image.tmdb.org/t/p/original/5PD7GeOq9Npk7wz7QPz1MoK09Mh.jpg,107,Released,"CJ Entertainment, Rapi Films"
441503,Satria Heroes: Revenge of Darkness,Satria Heroes: Revenge of Darkness,2017-05-04,2017,7.5,2,0.35,"Saat membangun ulang peradaban di dunia paralel, seorang pahlawan super harus kembali ke bumi untuk membantu temannya yang juga kuat melindungi planet dari musuh kejam.","Aksi, Cerita Fiksi, Fantasi, Keluarga",Arnandha Wyanto,https://image.tmdb.org/t/p/w500/xIY1XP7OhS9CRVnBOpRl28TAZ42.jpg,https://image.tmdb.org/t/p/original/yrWKKfVk4yLMaeBc0zPeNreAziw.jpg,92,Released,"Satria Heroes Films, MNC Pictures"
477810,Mereka Yang Tak Terlihat,Mereka Yang Tak Terlihat,2017-11-03,2017,6.0,1,0.31,Seorang anak indigo berkomunikasi dengan arwah penasaran yang ingin menjelaskan penyebab kematiannya bukanlah karena bunuh diri.,Kengerian,Billy Christian,https://image.tmdb.org/t/p/w500/3zdckRP04h97MnGPD2aRqitXwRk.jpg,https://image.tmdb.org/t/p/original/rEm4AG3AJiDiwvEnODJgOW7MYPC.jpg,110,Released,Skylar Pictures
452038,The Guys,The Guys,2017-04-13,2017,6.7,7,0.41,"Alfi, seorang karyawan yang bercita-cita jadi bos, ingin mendapatkan cinta Amira, teman sekantornya. Namun, masalah timbul ketika Via, gebetan abadinya, yang tadinya mengabaikan Alfi, mulai menujukkan rasa cinta..","Percintaan, Komedi, Drama",Raditya Dika,https://image.tmdb.org/t/p/w500/7NdSCYiV92Qv62Dzid0HuEiP4HD.jpg,https://image.tmdb.org/t/p/original/k0rfZ8N89qsAZYFuCReW3nuA6d6.jpg,114,Released,Soraya Intercine Films
380764,Valentine,Valentine,2017-11-23,2017,5.6,93,0.68,"Batavia City, kota indah yang tak lagi aman dihuni. Perampokan, kekerasan, dan berbagai kriminalitas semakin hari semakin merajalela. Di tengah kota yang kacau ini, Srimaya, seorang pelayan kafe yang memiliki mimpi menjadi aktris tidak pernah menyangka kalau impiannya akan mengubah jalan hidupnya. Pertemuannya dengan seorang sutradara film dan sahabatnya, Bono dan Wawan, akan membawanya pada petualangan berbahaya penuh aksi mendebarkan dengan nyawa sebagai taruhannya. Mengubahnya dari gadis biasa menjadi pahlawan harapan Batavia City, Valentine. Yang bertugas membasmi kejahatan","Cerita Fiksi, Kejahatan, Cerita Seru, Aksi",Agus H Mawardy,https://image.tmdb.org/t/p/w500/jcoaZNyoN2l8G2RCTgcogaj525G.jpg,https://image.tmdb.org/t/p/original/h0nvoyS3EYP4Kw3E9UnP1DBJcKr.jpg,97,Released,"Skylar Pictures, Aletta Pictures, SAS Films, Skylar Comics"
468929,Rafathar,Rafathar,2017-08-05,2017,2.9,8,0.3,"Jonny Gold bersama rekan kerjanya Popo Palupi adalah sepasang perampok profesional skala kecil dan besar tanpa pandung bulu. Namun kali ini ia mendapatkan pekerjaan untuk menculik seorang bayi yang bernama Rafathar, bayi yang diadopsi oleh keluarga kaya. Yang tidak mereka ketahui, ternyata bayi yang mereka culik itu mempunyai kekuatan super, kekuatan telekinetik yang mampu mengendalikan logam. Kejadian-kejadian lucu terjadi dalam proses penculikan itu, hingga akhirnya kehadiran Rafathar mempunyai arti tersendiri kepada Jonny dan Popo. Perjalanan mereka perlahan mulai membuka sebuah konsipirasi besar dan asal usul kekuatan super yang dimiliki Rafathar.","Komedi, Keluarga",Bounty Umbara,https://image.tmdb.org/t/p/w500/hkSseL5QnUHQTwreulFn5ppujO5.jpg,https://image.tmdb.org/t/p/original/8jltWw6YdSgXagI7hEyL1ElGwCU.jpg,90,Released,"R & R Films, Umbara Brothers Film"
447897,London Love Story 2,London Love Story 2,2017-02-26,2017,4.1,5,0.18,"Caramel sangat bahagia. Betapa tidak, impiannya sejak kecil untuk melihat dan bermain salju akhirnya terwujud karena Dave memberinya hadiah kejutan liburan ke Swiss untuk merayakan ulang tahun Caramel.","Drama, Percintaan",Asep Kusdinar,https://image.tmdb.org/t/p/w500/vRRWvD6WQKWuCJRjog6zBlokuud.jpg,https://image.tmdb.org/t/p/original/5qniLTO2fw63v0zHaGeNCFMAcov.jpg,102,Released,Screenplay Films
461027,Jailangkung,Jailangkung,2017-06-25,2017,4.3,8,0.22,"Ketika ayah mereka koma secara misterius, tiga gadis bertekad untuk menyelidikinya sampai tuntas.","Drama, Kengerian",Rizal Mantovani,https://image.tmdb.org/t/p/w500/yq2pWpeIUlrqbtH4wZNMxGRddTW.jpg,https://image.tmdb.org/t/p/original/6kFCm24tXH6XHmG9b3TYlYnsJqC.jpg,99,Released,"Screenplay Films, Legacy Pictures"
471877,Warkop DKI Reborn: Jangkrik Boss! Part 2,Warkop DKI Reborn: Jangkrik Boss! Part 2,2017-08-31,2017,5.3,9,0.15,"Jangkrik Boss Part 2, meneruskan pertualangan Dono (Abimana Aryasatya), Kasino (Vino G Bastian) dan Indro (Tora Sudiro) dalam mencari harta karun untuk membayar hutang, agar mereka tidak masuk ke dalam penjara. Negri Jiran, Malaysia menjadi destinasi awal perjalanan mereka di film ini.","Komedi, Aksi, Petualangan",Anggy Umbara,https://image.tmdb.org/t/p/w500/qUPiHQqjwqAZu8rt5pG83WhyiFX.jpg,https://image.tmdb.org/t/p/original/oSiDv81jtPNFu2VEujxMupUdmZ5.jpg,100,Released,Falcon Pictures
463969,Ten: The Secret Mission,Ten: The Secret Mission,2017-07-24,2017,3.7,6,0.35,"John, militer berpangkat Kolonel yang bekerja untuk SIS adalah pencetus ide merekrut para model untuk operasi khusus penyelamatan di pulau yang dijaga ketat teroris. Ancaman paling menakutkan adalah eksekusi sandera, bukan hanya Kelly tapi termasuk seluruh penduduk pulau yang dijadikan tameng hidup. Para model yang cantik tapi jago bela diri, akan diberikan latihan dan disusupkan seakan sedang melakukan pemotretan dalam Yatch di lautan yang jaraknya cuma beberapa puluh meter dari pulau.","Aksi, Kejahatan, Drama",Helfi C.H. Kardit,https://image.tmdb.org/t/p/w500/y6N9yCEWUZQhntsx34UUDaQaopn.jpg,https://image.tmdb.org/t/p/original/zYRIdKVjQtxDqivuw5poWeYDQSt.jpg,110,Released,"0708 Films, Jinga Films"
478772,Surga Pun Ikut Menangis,Surga Pun Ikut Menangis,2017-10-26,2017,0.0,0,0.28,Seorang ibu yang harus membesarkan dua putrinya dan harus menghadapi beban karena anaknya menyalahkan dirinya karena kehilangan ayah mereka.,Drama,Hasto Broto,https://image.tmdb.org/t/p/w500/gVnRpXincv676VnxyLmjjmyIx48.jpg,,99,Released,Prashanti Widya Sinema
470404,Total Chaos,Total Chaos,2017-09-14,2017,6.0,1,0.19,Berkisah tentang seorang preman bernama Tiger (Gary Iskak) yang membalas budi pada Rully (Ricky Harun) yang tak sengaja membantu Tiger kabur dari incaran polisi.,"Komedi, Percintaan",Angling Sagaran,https://image.tmdb.org/t/p/w500/5Y9xsBsKwiTPlDexICbfarimeH2.jpg,https://image.tmdb.org/t/p/original/knQ8JO9slexnzGsZPVNpsJrbQXI.jpg,110,Released,De Petalz Pictures
477572,My Stupid Boyfriend,My Stupid Boyfriend,2017-09-28,2017,0.0,0,0.21,Komunitas Lover's Club siap membantu mereka yang mengalami masalah percintaan.,Komedi,Joel Fadly,https://image.tmdb.org/t/p/w500/8qkNWgOlNzKhoBB0DRVWGEhBBQ7.jpg,https://image.tmdb.org/t/p/original/3GTYWAUdW9IAh68XD7kLKF13Obu.jpg,99,Released,GO Productions
462051,Bukan Cinta Malaikat,Bukan Cinta Malaikat,2017-07-13,2017,0.0,0,0.19,Seorang pekerja Muslim Care yang bertugas di daerah konflik Timur Tengah menolong  seorang wanita Malaysia yang dituduh sebagai imigran gelap walau sebenarnya dia bertujuan untuk melaksanakan ibadah umroh.,Drama,Aziz M. Osman,https://image.tmdb.org/t/p/w500/3GaLyhHul8z6u2A5J6L2tNDcNZJ.jpg,https://image.tmdb.org/t/p/original/9CcgN1oV0LjVWvpmBQcHfmklry2.jpg,97,Released,"Ace Motion Pictures, Ganesa Perkasa Films"
502757,"Trinity, the Nekad Traveler","Trinity, the Nekad Traveler",2017-03-16,2017,0.0,0,0.16,"Awalnya TRINITY (Maudy Ayunda) adalah seorang Mbak-mbak kantoran yang hobi traveling sejak kecil. Namun hobinya ini sering terbentur dengan duit pas-pasan dan jatah cuti di kantor. Akibatnya Trinity sering diomeli BOSS (Ayu Dewi). Trinity memiliki sahabat yang punya hobi sama, yakni YASMIN (Rachel Amanda) dan NINA (Anggika Bolsterli), ditambah dengan sepupu Trinity, EZRA (Babe Cabita). Trinity selalu menuliskan pengalamannya dalam sebuah blog berjudul naked-traveler.com.","Komedi, Drama",Rizal Mantovani,https://image.tmdb.org/t/p/w500/1pOXquDg3mpgnsBda8wHaO3DBLM.jpg,,102,Released,Tujuh Bintang Sinema
624030,Ayu Anak Titipan Surga,Ayu Anak Titipan Surga,2017-01-12,2017,0.0,0,0.16,Ayu dan kedua sahabatnya berusaha menyelamatkan Evi yang diculik dan disekap oleh sekelompok mafia perdagangan manusia. Ayu pun mendapatkan simpati dari berbagai pihak atas keberaniannya.,Drama,Guntoro Sulung,https://image.tmdb.org/t/p/w500/ifuQBUCEfUAPG5MMylOs6WiIgOy.jpg,,85,Released,Griya Pelopor Budaya
460857,Mantan,Mantan,2017-06-08,2017,6.0,1,0.14,Seorang kolumnis majalah memutuskan untuk mengunjungi mantan-mantan pacarnya sebelum menikah.,"Drama, Komedi",Svetlana Dea,https://image.tmdb.org/t/p/w500/AnjxjMWk1SmFPJxTvBLk5CE5hOb.jpg,https://image.tmdb.org/t/p/original/7qoK9z9kyKa2nK91CiaSMKgbq0h.jpg,99,Released,Renee Pictures
479462,Syaikh Abubakar,Syaikh Abubakar,2017-10-19,2017,0.0,0,0.12,Pendirian kota pesantren di daerah Jonggol Jawa Barat yang memancing antara pertikaian antara 2 yayasan yang berbeda pandangan.,Drama,Iwan Wahab,https://image.tmdb.org/t/p/w500/mUQj4OeJLj7ibUJsx95kuUpPDQh.jpg,,99,Released,Gita Bhakti Visiotama
476192,Suami Untuk Mak,Suami Untuk Mak,2017-09-20,2017,0.0,0,0.17,"Sarah memiliki 5 orang anak dari suami yang berbeda. Kelimanya sepakat untuk memberikan hadiah istimewa untuk ibu mereka saat ulang tahun nanti, yaitu seorang suami. Akankah mereka berhasil di dalam misinya?","Drama, Komedi",Yosua Rocky,https://image.tmdb.org/t/p/w500/gZ7gbQCetKjbEQUzV6hC34wEwDZ.jpg,,98,Released,CMI Pictures
472621,Hantu Jeruk Purut Reborn,Hantu Jeruk Purut Reborn,2017-09-14,2017,2.5,2,0.21,"Ketika Ayah Jenny meninggal, seluruh keluarga terkejut dengan kabar tersebut. Ayah Jenny dimakamkan di TPU Jeruk Purut dan semuanya berjalan lancar hingga ada hal janggal ketika mereka kembali kerumah.",Kengerian,Nayato Fio Nuala,https://image.tmdb.org/t/p/w500/s33XxUZ6l1xPQM1WUB8rQ7o5udp.jpg,,97,Released,
470550,Nyai Ahmad Dahlan,Nyai Ahmad Dahlan,2017-08-24,2017,0.0,0,0.14,"Menceritakan tentang sebuah kisah perjalanan hidup Siti Walidah ""Nyai Ahmad Dahlan"", dimulai mimpinya dari kecil yang sangat ingin memperoleh pendidikan hingga menikah dengan KH Ahmad Dahlan, Beliau merupakan pendiri 'Aisyiyah' dan pernah memimpin Kongres Muhammadiyah tahun 1926.",,Olla Atta Adonara,https://image.tmdb.org/t/p/w500/xDLoys818jZlvxV768ssOie6830.jpg,,90,Released,Iras Film
477397,Duka Sedalam Cinta,Duka Sedalam Cinta,2017-10-19,2017,0.0,0,0.13,"Gagah (Hamas Syahid) pemuda tampan, cerdas dan idola para gadis, mengalami kecelakaan di suatu daerah di Maluku Utara. Ia ditolong oleh  Kyai Ghufron (Salim A. Fillah) dan tinggal di pesantren milik kyai tersebut. Selama berada di sana Gagah belajar banyak tentang Islam.",Drama,Firman Syah,https://image.tmdb.org/t/p/w500/9cO9SWw87vKNJEWhVTr04KdSB62.jpg,,99,Released,Seru! Production
483305,Knight Kris,Knight Kris,2017-11-23,2017,0.0,0,0.14,Bayu menemukan sebuah keris di sebuah candi kuno. Namun hal tersebut berdampak terbebasnya raksasa yang terkurung oleh kekuatan keris tersebut. Dapatkah Bayu menaklukkan kembali raksasa tsb dan mencegahnya merusak dunia?,"Fantasi, Petualangan, Animasi",William Fajito,https://image.tmdb.org/t/p/w500/27gwSHCD94c0Yt7KyCFgzr4mfJq.jpg,,106,Released,"SSS Pictures, Viva Fantasia Animation"
654636,Psikopat,Psikopat,2017-07-27,2017,0.0,0,0.11,"Exel (Aga Dirgantara), Alisya (Marsya Doeni), Chrissy (Kezia Karamoy), dan Gigih (Idon Juan) diteror ketika berada di villa Randi (Iqbal Perdana). Mereka melihat hantu Lara (Baby Margaretha), yang menuntut penyelesaian kematian tidak wajarnya. Kasus pembunuhan berantai kemudian terungkap secara perlahan. Pertama, Gadis (Mila Cheah), pacar Randi, ditemukan tewas di vila. Berdasarkan penyelidikan polisi, Randi tidak ada di TKP ketika kekasihnya tewas pada 23:59. Di sisi lain, paranormal mengatakan bahwa Lara telah menjadi mayat yang dikumpulkan di bunker bersama mayat lainnya.",Kengerian,Jito Banyu,https://image.tmdb.org/t/p/w500/408aosvq5QLtcG6HDcvYu651Y71.jpg,,78,Released,
481100,Satu Hari Nanti,Satu Hari Nanti,2017-12-07,2017,1.0,1,0.27,Sepasang kekasih memilih menjalani kehidupan mereka di Swiss. Ketika pasangan lain hadir dalam kehidupan mereka perlahan keadaan menjadi tidak terkendali.,"Percintaan, Drama",Salman Aristo,https://image.tmdb.org/t/p/w500/jjqYCOdSiJTHvKvRCmXQaON9Zrf.jpg,https://image.tmdb.org/t/p/original/dYqtENH315zV3fY2TRhWFtu1xNl.jpg,98,Released,"Evergreen Pictures, Rumah Film"
428509,Security Ugal-Ugalan,Security Ugal-Ugalan,2017-01-19,2017,4.2,3,0.14,"Acho, Dana, Lolox pegawai perusahaan Megapolitan Security yang dipimpin oleh Komandan Indro. Berbagai kejadian lucu terjadi dalam keseharian para security. Dana jatuh hati pada cewek cantik bernama Angela.",Komedi,Irham Acho Bahtiar,https://image.tmdb.org/t/p/w500/9bs56STRiLEk0d3Tnjf8NLwiudP.jpg,https://image.tmdb.org/t/p/original/eVq1LMC7wJUKq9J30DFQSYnQCSe.jpg,98,Released,MD Pictures
446156,Galih & Ratna,Galih & Ratna,2017-03-09,2017,6.9,8,0.22,"Cinta pertama. Atau cinta monyet. Atau apalah itu. Semua pasti pernah merasakannya, terutama di masa-masa remaja yang indah. Tetapi ini tidak pernah dirasakan oleh GALIH (Refal Hady), seorang siswa SMA teladan tetapi introvert yang hidup dalam bayang-bayang almarhum ayahnya dan tuntutan ibunya yang harus struggle sebagai single-mother.","Drama, Percintaan",Lucky Kuswandi,https://image.tmdb.org/t/p/w500/xxeQmKUso0Ff8O1Rz6FrGxqEAD7.jpg,https://image.tmdb.org/t/p/original/xIBiJGC7XV0YwejvPO4j5vUfav5.jpg,112,Released,"360 Degrees Synergy, Nant Entertainment, Josh Pictures"
458404,The Curse,The Curse,2017-04-27,2017,0.0,0,0.11,Seorang wanita muda yang berprofesi sebagai pengacara di Melbourne menghadapi salah satu kasus yang rumit dan mungkin saja diluar nalar.,Kengerian,Muhammad Yusuf,https://image.tmdb.org/t/p/w500/hAL5sCcyT747tUXiMVMMzfysvNA.jpg,,92,Released,Triple A Films
477403,Hujan Bulan Juni,Hujan Bulan Juni,2017-11-02,2017,6.5,1,0.14,Mengisahkan hubungan romantis antara Pinkan dan Sarwono dengan latar belakang puisi dan pemandangan alam.,Percintaan,Hestu Saputra,https://image.tmdb.org/t/p/w500/nRlQ09sO08R8IQ7OHuyFvyGoEDl.jpg,,101,Released,"Sinema Imaji, Starvision Plus"
464831,Berangkat!,Berangkat!,2017-08-03,2017,0.0,0,0.17,Tiga orang sahabat berencana untuk melakukan perjalanan liburan bersama dan mengalami hal-hal tak terduga.,"Komedi, Drama, Petualangan",Naya Anindita,https://image.tmdb.org/t/p/w500/eFByhUHccOY9b3VopxOphdZIQHZ.jpg,,110,Released,MVP Pictures
460971,Mars Met Venus,Mars Met Venus,2017-08-03,2017,8.0,1,0.11,Kelvin dan Mira akan segera menikah. Lambat laun menjelang pernikahan mereka tambah sering bertengkar. Akan kah mereka bisa mengatasi perbedaan pada akhirnya?,"Komedi, Drama, Percintaan",Hadrah Daeng Ratu,https://image.tmdb.org/t/p/w500/1HbcMw96Pn5tptJGUZlDh8k1h87.jpg,,90,Released,MNC Pictures
475434,Suhu Beku: The Movie,Suhu Beku: The Movie,2017-09-28,2017,0.0,0,0.12,Empat anak muda membentuk kelompok band dari sebuah kota di sudut Timur dan berusaha untuk eksis tanpa perlu pindah ke kota besar seperti Jakarta.,,Rusmin Nuryadin,https://image.tmdb.org/t/p/w500/cZtuaF2HAEVbgihXeAuPExojkmy.jpg,,111,Released,"Mediatif Films, 786 Production, Vonis Records"
442216,Remember The Flavor,Remember The Flavor,2017-02-15,2017,0.0,0,0.09,"Pernahkan kamu merasa justru bisa terbuka dengan orang asing? Inilah yang terjadi, Arnesti dan Melodi, dua orang yang tidak saling mengenal yang bertemu secara tak sengaja di kereta. Setelah 3 tahun, Melodi pulang kembali ke Jogja, dan kini ia menceritakan kisah cintanya di sepanjang perjalanan.  Melodi dan Dimas, dua sahabat sejak kecil yang sebetulnya saling menyintai. Dimas putra pemilik kedai es krim Mirasa, sedang Melodi adalah gadis yang bercita-cita jadi penyanyi. Apapun yang Melodi inginkan, Dimas menjadi orang pertama yang mendukungnya. Sayangnya Melodi terlalu egois untuk mengakui bahwa ia membutuhkan Dimas, sedang Dimas berusaha terlalu keras meyakinkan Melodi bahwa cintanya pantas diterima.  Melodi yang agresif menggapai mimpinya sebagai penyanyi, telah memecah belah keluarganya sendiri. Ketika ia diusir oleh ibunya, satu-satunya orang yang mau menampung adalah Dimas. Cinta mereka bersemi, tetapi akankah bersatu? Atau hanya tumbuh menjadi sekedar cinta platonis?",Drama,Dyan Sunu Prastowo,https://image.tmdb.org/t/p/w500/bNf1xHtMHmD6Vc7g3wY4iJZc6Ok.jpg,,92,Released,"Limelight Pictures, MP Pro Pictures"
428556,Moammar Emka's Jakarta Undercover,Moammar Emka's Jakarta Undercover,2017-02-23,2017,6.0,1,0.16,"Pras wants to realize his dreams of having a significant life and career as a journalist, but Jakarta changes everything.","Drama, Percintaan",Fajar Nugros,https://image.tmdb.org/t/p/w500/kwmS8bMsnhjKxdEX51KQviaEI9B.jpg,https://image.tmdb.org/t/p/original/hN7QOufpmY5GBtZ9gJq64znO3UB.jpg,105,Released,"Demi Istri Production, Graffent Pictures"
525373,Jomblo Ngenes,Jomblo Ngenes,2017-01-12,2017,6.0,1,0.11,"Noval (Kevin Julio) falls in love when he meets with Astika (Jessica Mila). But, between love and happy there is also pain. He repeatedly mires in a situation where she deceives him. She asks him to do and say strange things in various comical situations. He could have been away, but her charm makes him could not leave her. He plans to declare his love for her. Unexpectedly, in the most important moments she tells that her boyfriend, Nico, will return after 100 days missing. He delays to declare his love until the day when her old boyfriend is back.","Drama, Percintaan, Komedi",Sridhar Jetty,https://image.tmdb.org/t/p/w500/pHnJeGF3AKCd55ZIMYHvN7mjGz9.jpg,https://image.tmdb.org/t/p/original/n9CKhNjwcCNZR5xG9LvDuwOECsG.jpg,79,Released,MVP Pictures
466672,Dear Nathan,Dear Nathan,2017-03-23,2017,7.4,8,0.16,The romance between a teen troublemaker and the girl he adores faces an emotional test when his ex returns to play with his heart.,"Percintaan, Drama",Indra Gunawan,https://image.tmdb.org/t/p/w500/2BeFMH2NV56dKIV8iFEy4Vo17uV.jpg,https://image.tmdb.org/t/p/original/lpfms8uoUSu2umHFgywTd8Ew2uZ.jpg,98,Released,Rapi Films
452366,Labuan Hati,Labuan Hati,2017-04-06,2017,0.0,0,0.2,"Kehidupan tiga wanita bertemu di Labuan Bajo. Mereka langsung berteman saat berada di laut, tetapi ketegangan timbul saat seorang instruktur selam muncul.",Drama,Lola Amaria,https://image.tmdb.org/t/p/w500/wGSutV9ILiAR18MbTFotHTWHCR.jpg,https://image.tmdb.org/t/p/original/85SduHWoKH6kmlZJGNKiO4i2bBO.jpg,98,Released,Lola Amaria Production
428517,Chrisye,Chrisye,2017-02-15,2017,6.0,1,0.24,Biopic perjalanan hidup penyanyi legendaris Indonesia,"Drama, Musik, Sejarah",Rizal Mantovani,https://image.tmdb.org/t/p/w500/h5NAaUYNrq1FIPwenBCJXgVclmZ.jpg,https://image.tmdb.org/t/p/original/A9LQxRYJYc6RCeiy7BrLCCnP6Wh.jpg,99,Released,"MNC Pictures, Vito Global Visi"
460580,Sweet 20,Sweet 20,2017-06-25,2017,7.4,14,0.29,"Berceritera tentang Fatmawati, seorang nenek berusia 70-an, secara ajaib ia mendapati tubuhnya kembali ke usia 20 tahunan setelah melakukan foto di sebuah studio foto yang misterius.","Fantasi, Komedi, Drama",Ody C. Harahap,https://image.tmdb.org/t/p/w500/kAjdvRj0bDN6KlpmQ65C3mVLFf4.jpg,https://image.tmdb.org/t/p/original/29ds9iC91rgdWS77keeHDqmaMtp.jpg,109,Released,"Starvision Plus, CJ Entertainment"
479710,Wage,Wage,2017-11-09,2017,6.0,1,0.11,Sebuah film biografi Wage Rudolf Soepratman yang menciptakan lagu Indonesia Raya.,"Sejarah, Drama",John de Rantau,https://image.tmdb.org/t/p/w500/qhveQL2s4VmPCWqiA9NbvFEfEzf.jpg,,110,Released,
416512,Surga Yang Tak Dirindukan 2,Surga Yang Tak Dirindukan 2,2017-02-09,2017,6.9,4,0.34,"Dalam sekuel film tahun 2015 peraih penghargaan ini, Pras, Arini, dan Meirose menghadapi tantangan baru yang bisa mengubah dinamika cinta segitiga mereka nan unik.","Drama, Percintaan",Hanung Bramantyo,https://image.tmdb.org/t/p/w500/zlxXuLDA0ZtAMOU3Oum5aJFaJgl.jpg,https://image.tmdb.org/t/p/original/5D2tvZjtk5yRuSbNWJr1mXdpA8Z.jpg,118,Released,MD Pictures
404937,London Love Story,London Love Story,2016-02-04,2016,5.5,3,0.24,"Cinta bukanlah cinta, jika menyerah..  Adalah Dave (Dimas anggara), kepopulerannya di kalangan para mahasiswa ternyata tidak dapat menutupi kekosongan hatinya, sejak ditinggalkan oleh satu satunya cewek yang dicintainya. Cewek yang lenyap dari hidupnya justru di saat Dave ingin menjadikannya cinta terakhir. Suatu malam ketika baru pulang dari pesta ulang tahun temannya, dia bertemu dengan seorang cewek yang berusaha bunuh diri yaitu Adelle (Adila Fitri), Dave berusaha meyakinkan apa yang dilakukan sia sia. Awal pertemuan membuat cewek yang ditolongnya justru jatuh cinta hanya dalam waktu dua hari, dari sikap dave yang sangat baik.","Drama, Percintaan",Asep Kusdinar,https://image.tmdb.org/t/p/w500/fx9DKJp3hxDspF2TTxgGY3lmwge.jpg,https://image.tmdb.org/t/p/original/fixDGgQTElZYC1EJWxI94Tfxp1.jpg,90,Released,Screenplay Films
394496,Ada Apa Dengan Cinta? 2,Ada Apa Dengan Cinta? 2,2016-04-28,2016,6.1,32,0.33,"Cinta dan Rangga, dua orang remaja yang saling mencintai terpisahkan 14 tahun yang lalu. Kini, setelah bertahun-tahun, Rangga dan Cinta mendapatkan kesempatan untuk kembali bertemu. Akankah ini menjadi kesempatan kedua untuk mereka kembali bersama? Apalagi hidup mereka tidak lagi sesederhana dulu.","Drama, Percintaan",Riri Riza,https://image.tmdb.org/t/p/w500/nN50NGt2yvIcoklrIzF1UIEF4TH.jpg,https://image.tmdb.org/t/p/original/1dfSBSLopotnislQVbp1dBjdFoR.jpg,123,Released,"Miles Films, Legacy Pictures, Talamedia, Tanakhir Films, Primeworks Studios"
381150,Aach... Aku Jatuh Cinta,Aach... Aku Jatuh Cinta,2016-02-04,2016,6.0,6,0.22,"Kisah percintaan dua manusia, Yulia (Pevita Pearce) dengan Rumi (Chicco Jerikho) yang tumbuh sejak kecil saat mereka bertetangga. Hubungan yang unik, puitis, penuh tragedi dan komedi mewarnai perjalanan mereka melewati masa-masa perubahan zaman. Perubahan gaya hidup dan hadirnya produk-produk konsumsi ikut menjadi saksi cinta Rumi dan Yulia.","Drama, Komedi, Percintaan",Garin Nugroho,https://image.tmdb.org/t/p/w500/6WrCdwWKdF1mWUeimsV5CXpmudl.jpg,https://image.tmdb.org/t/p/original/s6GE2STiuYs3XBGHcgc9TQqXqjE.jpg,85,Released,MVP Pictures
404773,3 Srikandi,3 Srikandi,2016-08-04,2016,6.2,4,0.2,"Indonesia di tahun 1988. Dunia olah raga mempersiapkan diri turun serta di Olimpiade Musim Panas ke 24 di Seoul. Cabang panahan berada di titik kritis, di mana dibutuhkan pelatih yang bisa menyiapkan tim panahan wanita dalam waktu yang singkat. Satu-satunya yang bisa diandalkan menjadi pelatih adalah Donald Pandiangan (Reza Rahardian) yang dikenal sebagai “Robin Hood Indonesia”.","Drama, Sejarah",Iman Brotoseno,https://image.tmdb.org/t/p/w500/etEgKRQJHgVCG5pk4620Hlzi2w6.jpg,https://image.tmdb.org/t/p/original/uUbDQIWODHz7qfsoQdJm9brEvM2.jpg,129,Released,MVP Pictures
416510,Jagoan Instan,Jagoan Instan,2016-02-18,2016,0.0,0,0.17,"Di Amerika ada tiga jagoan yang nganggur karena kondisi negeri mereka yang sudah damai dan makmur. Di Indonesia ada bekas jagoan yang gagal memperbaiki keadaan. Korupsi dan kejahatan tetap merajalela. Om Gun (Dede Yusuf) , bekas jagoan Indonesia itu, mengundang tiga jagoan Amerika yang rindu beraksi itu untuk beraksi di Indonesia dengan syarat membawa apa yang dinamakan serum jagoan.","Aksi, Komedi, Drama",Fajar Bustomi,https://image.tmdb.org/t/p/w500/s8xhZw2ErDGTvlX0GyGxGZtEdqh.jpg,https://image.tmdb.org/t/p/original/61upRFAd63I3mU2kMf566J4LtgX.jpg,96,Released,Starvision Plus
398421,My Stupid Boss,My Stupid Boss,2016-05-19,2016,6.9,17,0.66,Cerita tentang hubungan kerja antara Boss yang absurd dengan karyawannya. “Bossman” (Reza Rahadian) adalah orang Indonesia yang memiliki perusahaan di Kuala Lumpur.,"Komedi, Drama",Upi Avianto,https://image.tmdb.org/t/p/w500/xbw7vkg1prhi3gj2SWqBnYJgxov.jpg,https://image.tmdb.org/t/p/original/jGq97UnTbqOiI5c3r5l0bE7mzFD.jpg,106,Released,"Falcon Pictures, Skop Productions Sdn. Bhd."
498688,Get in Tune: Indonesia Kirana,Get in Tune: Indonesia Kirana,2016-01-15,2016,0.0,0,0.09,"‘Get in Tune’ is a music documentary film that takes you on the journey of the only Asian participant in one of the world’s highest level of choir competitions. For the first time, they are able to get the chance to represent their country, Indonesia, in the Grand Prix stage. The team is under pressure while expected to bring home a victory.","Musik, Dokumenter",Febian Nurrahman Saktinegara,https://image.tmdb.org/t/p/w500/oL5wpQzGMw844hBaWhhI7HkT57o.jpg,,90,Released,Embara Films
428515,Cek Toko Sebelah,Cek Toko Sebelah,2016-12-28,2016,7.8,28,0.28,"Erwin menikmati hidupnya dengan karir gemilang di usia muda, dan kekasih cantik yang tak kalah sukses, Natalie. Tapi semua jadi pelik saat Koh Afuk yang kesehatannya makin memburuk, ingin mewariskan toko sembakonya kepada Erwin, anak kesayangannya.","Komedi, Drama, Keluarga",Ernest Prakasa,https://image.tmdb.org/t/p/w500/ygOPhiygrijDa0E7x2ETWWXE6HP.jpg,https://image.tmdb.org/t/p/original/nLm6UPstlchMseltpUXa2TkTLIG.jpg,104,Released,Starvision Plus
432296,Hangout,Hangout,2016-12-22,2016,7.2,10,0.45,"Raditya Dika, seorang actor, mendapatkan undangan untuk HANGOUT, dari seorang pengirim misterius. Undangan tersebut menjanjikan sejumlah uang yang akan mengatasi kesulitan keuanganya. Syaratnya, dia harus pergi ke sebuah rumah ditengah pulau terpencil. Raditya memenuhi undangan tersebut.","Komedi, Misteri, Cerita Seru",Raditya Dika,https://image.tmdb.org/t/p/w500/3RQchnvJ02NbLDqjM1IFbE58TTP.jpg,https://image.tmdb.org/t/p/original/iFBYEXBToxIArKO8vSv5l0fTXt.jpg,100,Released,Rapi Films
403605,Headshot,Headshot,2016-12-08,2016,6.4,459,2.05,"Pemuda misterius bangun tersentak dari keadaan koma selama berbulan-bulan, dirawat hingga pulih oleh seorang murid kedokteran bernama Ailin ketika ditemukan sekarat dengan sebuah luka tembakan di kepala. Seperti sebuah kelahiran baru dan, menyadari pemuda ini telah kehilangan ingatan dan indentitas dirinya, Ailin menamakan pemuda tersebut Ishmael.","Aksi, Cerita Seru, Drama",Kimo Stamboel,https://image.tmdb.org/t/p/w500/dpdmO3PNKwCOzf68y8J4Gu19i3r.jpg,https://image.tmdb.org/t/p/original/sEyYwNHJ6AO1Wnh0JuRTBmlZ8No.jpg,117,Released,Screenplay Infinite Films
403608,Rudy Habibie,Rudy Habibie,2016-06-30,2016,7.6,9,0.54,"Film biografi ini menelusuri keterpurukan dan kejayaan pada masa awal kehidupan B.J. Habibie, sosok Presiden Indonesia yang transformatif.","Percintaan, Drama, Sejarah",Hanung Bramantyo,https://image.tmdb.org/t/p/w500/9IlenCuDZoRcAfg9Oz1uQubI66W.jpg,https://image.tmdb.org/t/p/original/6hbf5vpgzMRivWSDLPehjoGJ4uK.jpg,142,Released,MD Pictures
416497,The Doll,The Doll,2016-10-27,2016,5.1,55,0.28,"Sepasang suami istri, Anya dan Daniel baru saja pindah ke sebuah rumah di Bandung dan siap menjalani kehidupan baru mereka. Tanpa sengaja, Daniel membawa pulang sebuah boneka dari lokasi proyek tempat ia bekerja yang ada di Jalan Siliwangi. Boneka tersebut ada di atas pohon yang kemudian Daniel tebang untuk keperluan proyek real estatenya.  Anya yang pembuat boneka dengan senang hati meletakkan boneka itu di rumah mereka. Tapi Niken, tetangganya kaget ketika melihat boneka itu. Ternyata boneka itu bernama Ghawiah yang artinya jahat dan mengikuti hawa nafsu. Dulu boneka itu adalah milik seorang anak kecil bernama Uci yang meninggal ketika ia dan seluruh keluarganya dibunuh secara keji dalam perampokan.  Hal-hal aneh mulai terjadi seperti boneka yang pindah tempat sendiri, bel pintu yang bunyi tanpa ada orangnya, dan suara anak kecil pada malam hari. Apa yang sebenarnya terjadi?","Cerita Seru, Kengerian",Rocky Soraya,https://image.tmdb.org/t/p/w500/AvbE67kjH7aeXKMTCdULIfw6U28.jpg,https://image.tmdb.org/t/p/original/hZfGXpg59vCpaUlFe3psQAmXsvw.jpg,104,Released,Hitmaker Studios
428961,Terjebak Nostalgia,Terjebak Nostalgia,2016-12-01,2016,4.0,2,0.38,"Raisa (Raisa Andriana) begitu mencintai Sora (Maruli Tampubolon) dan begitu sebaliknya, Sora juga sangat menyayangi Raisa. Mereka adalah Sepasang kekasih yang memiliki impian sama, demi masa depan mereka, karir maupun cinta. Karena impian itu, Sora pergi ke New York. Impian keduanya semakin hari semakin nyata. Namun yang terjadi sebaliknya, Sora tak pernah kembali ke Jakarta, dan ke Raisa. Impian itu kini tenggelam ke dasar laut.  Di sisi lain ada Reza (Chicco Jerikho), sahabat Raisa, yang ingin menemani Raisa ke New York, ke tempat yang telah merenggut Sora darinya. Sebuah perjalanan pun dimulai. Raisa, Reza dan ; Sora. Perjalanan yang menyeret Raisa ke dalam nostalgia. Nostalgia antara menjebaknya atau justru terbebas dari jebakan.","Percintaan, Drama",Rako Prijanto,https://image.tmdb.org/t/p/w500/3iBdd12gGrJ1C1jSeoPA1YymRUS.jpg,https://image.tmdb.org/t/p/original/zpD7wUfKFlFJhgNjwq4r228oCa3.jpg,95,Released,"Oreima Films, Kaninga Pictures"
405036,ILY from 38.000 Ft,ILY from 38.000 Ft,2016-07-06,2016,6.0,4,0.38,"Aletta (Michelle Ziudith) pergi ke Bali dengan tujuan berlibur. Di sana, ia bertemu dengan Arga (Rizky Nazar), seorang mahasiswa, yang menyebabkan Aletta langsung dekat dengannya. Lambat laun, hubungan Aletta dan Arga semakin dekat sehingga pada saat Aletta hendak kembali ke Jakarta, Agra berjanji akan menyusul Aletta ke Jakarta untuk menikahinya. Akan tetapi, Arga belum juga hadir ke Jakarta untuk memenuhi janjinya tersebut kepada Aletta","Percintaan, Drama",Asep Kusdinar,https://image.tmdb.org/t/p/w500/lODPjqz0mm48nW0nE7tCfBshG7M.jpg,https://image.tmdb.org/t/p/original/amWQEV0RYRzCSB407ijWU9y6lTV.jpg,102,Released,"Screenplay Films, Legacy Pictures"
397859,Surat dari Praha,Surat dari Praha,2016-01-28,2016,6.6,8,0.32,"Larasati (Julie Estelle) atas desakan keadaan terpaksa memenuhi wasiat ibunya, Sulastri (Widyawati Sofyan) untuk menhantarkan sebuah kotak dan sepucuk surat untuk Jaya (Tio Pakusadewo) di Praha.","Percintaan, Drama",Angga Dwimas Sasongko,https://image.tmdb.org/t/p/w500/q5m6sVk08cfPaqTWhfCvnFoGqy1.jpg,https://image.tmdb.org/t/p/original/ir0lEOWsCgQhY4kHYQzZ5KVlcNN.jpg,94,Released,"Visinema Pictures, 13 Entertainment"
608041,Blusukan Jakarta,Blusukan Jakarta,2016-03-24,2016,0.0,0,0.15,"Tony, an American journalist, is assigned to assist the investigation team of Berita Satu. In Jakarta, Tony immediately attracted to cover street children and Acil is his choice. Interviews are initially go smoothly, but it turns into a mess when Acil steals Tony’s camera.  Tony pursue Acil mightily to get into the area of the fishing village. There he meets with Anggun, who is a teacher for street children. Then Marni, a mother who has to be prostitute, and Jampang, the head thug in the fishing village. Through them, Tony goes into marginal lives of the people of Jakarta with all their problems.",Drama,Azhar Kinoi Lubis,https://image.tmdb.org/t/p/w500/4uiC5o5EwQx4jLmtHKXAKy7o2VN.jpg,https://image.tmdb.org/t/p/original/qlSvWaRapAgvQUfjG9JLtgcs4kA.jpg,102,Released,"Javemedia, Work Film Production"
554114,Algojo: Perang Santet,Algojo: Perang Santet,2016-09-08,2016,5.5,1,0.23,"Sinopsis algojo film: perang sihir menceritakan kisah seorang pria bernama desta. Dia memiliki kemampuan yang tidak dimiliki orang lain. Dengan kemampuan itu, dia akan melindungi orang dari kejahatan yang tidak realistis. Algojo: perang santet adalah film drama yang disutradarai oleh rudi soedjarwo dan naskah yang ditulis oleh anggi septianto.","Aksi, Cerita Fiksi",Rudi Soedjarwo,https://image.tmdb.org/t/p/w500/2lrKJJHhpKMWGqXrL89V20SJfDz.jpg,https://image.tmdb.org/t/p/original/7eaYlmyjGHrRuMx7LCFpN4Unxlj.jpg,92,Released,"IFS, Underdog Fightback"
416515,Sang Sekretaris,Sang Sekretaris,2016-09-22,2016,0.0,0,0.13,"RENO adalah pengusaha sukses dan sangat mencintai CLARA istrinya. Suatu hari, ada sekertaris baru, TIARA yang bekerja di kantornya. Hingga suatu malam, RENO sedang merayakan ulang tahun temannya di sebuah club malam, hingga RENO mabuk dan bertemu TIARA di club ini lalu berhubungan intim. Ternyata TIARA merekam kajadian ini lalu memeras RENO. TIARA meminta RENO menceraikan istrinya dan memberikan waktu 1 bulan, jika tidakTIARA mengancam akan memberikan rekama video sex nya kepada CLARA.","Drama, Cerita Seru",Nayato Fio Nuala,https://image.tmdb.org/t/p/w500/qJLLvd86wWoHa1g63wFgf1jlMba.jpg,,80,Released,
438308,Pacarku Anak Koruptor,Pacarku Anak Koruptor,2016-05-26,2016,0.0,0,0.11,"Untuk menjadi koordinator sebuah organisasi bernama GANK alias ""Gerakan Anti Narkoba & Korupsi"" memang membutuhkan kesabaran, kerja keras, keberanian, ketegasan serta kecerdasan lebih.",Drama,Sys NS,,,92,Released,
970214,Wawancara,Wawancara,2016-03-23,2016,5.0,1,0.12,Sarjana yang pernah menjadi pengendara ojek online telah berkali-kali gagal dalam wawancara kerja.,Komedi,Adjis Doaibu,https://image.tmdb.org/t/p/w500/y1yjx8NCJ8qsQRTPBGuWJ22NJU0.jpg,,12,Released,"Lingkar Alumni Indie Movie, Jaga Image Production"
752224,Mars: Mimpi Ananda Raih Semesta,Mars: Mimpi Ananda Raih Semesta,2016-05-04,2016,0.0,0,0.11,"Tupon, wanita tua di kaki Gunung Kidul, tanpa kenal lelah membesarkan Sekar Palupi untuk terus sekolah. Sang ibu yang buta huruf yang selalu membawa Sekar Palupi melihat alam semesta, Tupon selalu menunjukan lintang lantip (bintang yang cerdas), planet Mars. Ia selalu bilang bahwa Sekar bisa ke sana dengan ilmu pengetahuan. Sekar mampu meraih gelar master dalam bidang astronomi di Oxford Univeristy, Inggris","Drama, Sejarah",Sahrul Gibran,https://image.tmdb.org/t/p/w500/oMXzyGPlVkflCo9gNuTbLw8tjie.jpg,,105,Released,"Multi Buana Kreasindo, Leica Production, Harry Global Production, Silent D Pictures"
413508,Komedi Gokil 2,Komedi Gokil 2,2016-05-12,2016,0.0,0,0.15,"Film ""Komedi Gokil 2"" garapan rumah produksi MD Pictures ini bercerita tentang rumah kost milik om Indro (Indro Warkop) yang kedatangan penghuni baru yaitu Acho (Muhadkly Acho), adik Boris (Boris Bokir), Lolox (Lolox), keponakan tanta Maya (Maya W. Sardjono) dan Mia (Senk Lotta). Setelah mengalami sedikit masalah pada awal kedatangannya karena kesalahan paham tentang koper Mia yang tertinggal oleh Acho dan kemudian oleh Lolox saat berada di bandara, ahkirnya semuanya selesan dan Acho pun yang awalnya tidak bertujuan nge-kost disitu akhirnya memutuskan untuk menetap setelah melihat kesempatan untuk mendekati Mia.",Komedi,Cuk FK,https://image.tmdb.org/t/p/w500/3LFvzyFas4MhRaQVHdWPUH1On1p.jpg,https://image.tmdb.org/t/p/original/bhseYb0ElcwW6VLzf1aS3jZ9h78.jpg,95,Released,MD Pictures
421243,Melbourne Rewind,Melbourne Rewind,2016-10-14,2016,4.0,1,0.2,"Gagal move on. Itulah yang dihadapi oleh Laura (Pamela Bowie), penyiar radio yang kini tinggal di Melbourne ketika mendapati, Max (Morgan Oey), cinta pertamanya muncul di hadapannya.  Ingatan masa lalu pun perlahan kembali, membawa setiap rasa cinta, rasa kesal, rasa sakit dan kehilangan. Max bukan hanya sekedar cinta pertama, tapi Max adalah orang yang berhasil membuat Laura pelan-pelan menemukan tujuan hidup.  Max menyusun setiap passion dan cita-cita Laura seperti puzzle, dan akhirnya menjadikan Laura utuh seperti dirinya sekarang. Namun ego masa muda memisahkan mereka. Max harus ke Amerika untuk mewujudkan mimpinya sebagai Lighting Designer. Dan keduanya pun setuju untuk mewujudkan mimpi di jalan masing-masing.","Drama, Percintaan",Danial Rifki,https://image.tmdb.org/t/p/w500/3OXvszfo716tPG3mL8zsomnJESh.jpg,https://image.tmdb.org/t/p/original/sKeKS7IzZTgQ7Vci2UcZZH0hPWh.jpg,96,Released,Rapi Films
504226,Sawadikap,Sawadikap,2016-01-14,2016,0.0,0,0.15,"OCEP (Zaky Zimah) mendapat tiket liburan ke Thailand untuk 3 orang. Bersama sahabatnya BRYAN (Kiki Drajat) dan ARIEL (Lionil Hendrik).  Saat mereka tiba, rupanya sedang ada perayaan Pee Ta Khoon, sebuah perayaan adat Bangkok dimana arwah orang yang sudah meninggal, turun kembali ke bumi.",Kengerian,Andreas Sullivan,https://image.tmdb.org/t/p/w500/2Fd2ISIwvqebyVdH8tWZYyIelMs.jpg,https://image.tmdb.org/t/p/original/dHkvPRxViIvgua3Vf5hGfLOUHrb.jpg,88,Released,Unlimited Production
381148,Comic 8: Casino Kings - Part 2,Comic 8: Casino Kings - Part 2,2016-03-03,2016,5.1,8,0.23,"Ke delapan agen rahasia (Arie Kriting, Babe Cabiita, Bintang Bete, Ernest Prakasa, Fico Fachriza, Ge Pamungkas, Kemal Palevi, Mongol) yang memakai nama samaran “COMIC 8” kembali beraksi.  Mereka yang telah dijebak oleh THE KING (Sophia Latjuba) bersama para pasukannya yang dipimpin oleh Isa (Donny Alamsyah) dan Bella (Hannah Al Rashid), serta seorang konspirator licik bernama Dr. Pandji (Pandji Pragiwaksono) ; terpaksa bertaruh akan kelangsungan hidup mereka, di dalam permainan Judi online yang tersebar ke para Raja Judi di seluruh dunia.","Komedi, Aksi",Anggy Umbara,https://image.tmdb.org/t/p/w500/rQCg2spuSgKwke4swXZPaW5uXJV.jpg,https://image.tmdb.org/t/p/original/bSNYZutKFTjEcn94NZmNkRTBCbA.jpg,95,Released,Falcon Pictures
674600,Sebelum Pagi Datang,Sebelum Pagi Datang,2016-08-27,2016,0.0,0,0.1,A prostitute and a street sweeper meet one night and have a conversation that brings kindness for them.,Drama,Asaf Kharisma,https://image.tmdb.org/t/p/w500/im2yBtnLcFZrmNytffANvxfutvl.jpg,,15,Released,"Faculty Film & Television, Jakarta Institute of Art"
696580,The Stork Who Dropped Me,The Stork Who Dropped Me,2016-05-22,2016,0.0,0,0.2,Ani saat itu mengadakan pesta makan malam dalam rangka ulbg tahunnya. Ulang tahunnya saat itu adalah sekaligus perpisahan dengan ayahnya,Drama,Zhafran Solichin,https://image.tmdb.org/t/p/w500/6SkyHA8MwszsIay4uvZaPZynms9.jpg,,4,Released,"Imagin3 Reality Films, Zettamind Studios"
508039,Pontien: Pontianak Untold Story,Pontien: Pontianak Untold Story,2016-03-23,2016,0.0,0,0.12,"Artha mendapat kabar tentang kehilangan abangnya yang tinggal di Pontianak, Kalimantan Barat. Ia menelusuri kota itu untuk menemui iparnya yang bernama Inur. Pencariannya justru memunculkan cerita tentang lingkungan hidup yang rusak. Artha terseret dalam sebuah dunia lain yang mengungkap misteri di balik kehilangan abang.  Hutan Kalimantan Barat membawanya ke masa lalu tentang kota Pontianak. Ia dibuntuti oleh misteri di balik cerita masyarakat kota Pontianak tentang adanya keterkaitan nama kota Pontianak dengan hantu Pontianak/Kuntilanak.  Lando, aktifis lingkungan, yang juga rekan abangnya dalam sebuah NGO, tiba-tiba meninggal tragis. Kejadian ini semakin menguatkan niat Artha membongkar semua misteri. Di sisi lain, Niar, ibunya Inur yang juga keluarga keturunan kesultanan Pontianak, merasa Artha adalah manusia pilihan.",Kengerian,Agung Trihatmodjo,https://image.tmdb.org/t/p/w500/vsmNSkno8osL9z9JbpU4poWMjDo.jpg,,91,Released,Benua Bukit Nyangko Pictures
572531,Ini Scene Kami Juga!,Ini Scene Kami Juga!,2016-05-12,2016,10.0,1,0.1,"Film dokumenter ini menceritakan tentang perempuan yang terlibat dalam DIY Punk di Indonesia, terutama di Pulau Jawa. Dan telah mewawancarai 14 perempuan yang masih aktif di scene DIY Punk sampai sekarang dari seluruh pulau Jawa. Gender, seksisme, seksualitas dan aktifisme semua dibahas dalam film dokumenter ini. Film ini memberikan gambaran tentang bagaimana perempuan-perempuan ini berpartisipasi dalam scene DIY Punk, dan bagaimana hal itu mempengaruhi kehidupan sehari-hari mereka sampai sekarang.",Dokumenter,Hera Mary,https://image.tmdb.org/t/p/w500/owLRfEYm2sxeSgadwVNnjj3A4nx.jpg,,68,Released,Hungry Heart Project
434114,Juru Bicara,Juru Bicara,2016-12-13,2016,0.0,0,0.09,"JURU BICARA adalah judul pertunjukan stand-up comedy special ke 4 Pandji Pragiwaksono dalam 6 tahun. Pandji memposisikan dirinya sebagai Juru Bicara bagi banyak kalangan di Indonesia yang terlalu lemah untuk melawan, terlalu sedikit suaranya untuk terdengar dan membicarakan isu isu penting di Indonesia. Beberapa di antaranya, adalah pembahasan mengenai Industri televisi, sensor, entrepreneurship, pendidikan, lingkungan, sejarah, dll. Kali ini, Pandji akan membawa lawakannya menjelajahi Bumi dalam tur terbesar sejarah Republik Indonesia, ke 5 benua di dunia.",Komedi,Pandji Pragiwaksono,https://image.tmdb.org/t/p/w500/eqvsGeVs04d626D1KQKouNiLq4q.jpg,https://image.tmdb.org/t/p/original/4lpk3Y9Ahg90L4UEDE80s1rih7X.jpg,170,Released,
441058,Indera Ke Enam,Indera Ke Enam,2016-06-16,2016,0.0,0,0.08,"Merry dan putrinya, Dina, memutuskan untuk mengatur hidup mereka dengan pindah ke rumah kecil. Tetapi situasi yang berjalan dengan baik berubah drastis ketika dia mulai melihat lagi pada okultisme.",Kengerian,Wishnu Kuncoro,https://image.tmdb.org/t/p/w500/fnYf7TtSTdTi8sYWjlqoyApjO6Z.jpg,,77,Released,
752487,Bintang di Langit Belitong,Bintang di Langit Belitong,2016-08-04,2016,0.0,0,0.13,"Dendam masa lalu membuat keluarga Sofyan serta kedua anaknya, Dinda dan Bintang, harus mengalami petualangan berat di pulau Belitung ketika mereka berlibur setelah menghadiri pemakaman kakek mereka. Seorang wanita dari masa lalu tidak bisa melupakan dendamnya pada Sofyan. Melalui anaknya, Leona, ia menculik Bintang agar Sofyan merasakan bagaimana sakitnya kehilangan orang yang dicintai.","Drama, Aksi",Sopian Efendi,https://image.tmdb.org/t/p/w500/42pz8D3DcJgq0c1mZFfAYXxSe18.jpg,,96,Released,Henso Production
405040,Warkop DKI Reborn: Jangkrik Boss! Part 1,Warkop DKI Reborn: Jangkrik Boss! Part 1,2016-10-08,2016,6.5,11,0.39,"Dono (Abimana Aryasatya), Kasino (Vino G. Bastian) dan Indro (Tora Sudiro) kembali beraksi di tengah hiruk pikuknya kota DKI Jakarta. Mereka sekali lagi berperan sebagai personel sebuah Lembaga Swasta yang bernama CHIIPS (Cara Hebat Ikut-Ikutan Penanggulangan Sosial).","Komedi, Aksi, Petualangan",Anggy Umbara,https://image.tmdb.org/t/p/w500/95yweFRAHUzAHTKEFUqoMAeec8u.jpg,https://image.tmdb.org/t/p/original/oAUXBf6JnNlryAcuxCohCVOmHBh.jpg,95,Released,Falcon Pictures
460366,Pesantren Impian,Pesantren Impian,2016-03-03,2016,0.0,0,0.32,Sepuluh orang gadis mendapatkan undangan undangan misterius untuk tinggal di Pesantren Impian. Sebuah tempat di daerah terpencil yang didirikan Gus Budiman untuk menjadi jembatan hidayah. Gadis-gadis muda pun datang membawa masa lalu mereka.,"Drama, Cerita Seru",Ifa Isfansyah,https://image.tmdb.org/t/p/w500/miyKmT3r2KQB7AdRhpp6lNhzmEH.jpg,https://image.tmdb.org/t/p/original/rhlxMOr6Prz9zZnFVBj9oop6n7h.jpg,89,Released,MD Pictures
441129,Raksasa dari Jogja,Raksasa dari Jogja,2016-03-31,2016,6.0,1,0.19,"Bian falls in love with the gentle giant, Gabriel who eventually opens his heart to her. But Bian's past trauma comes back to haunt her.","Percintaan, Drama",Monty Tiwa,https://image.tmdb.org/t/p/w500/isqrn3aoTJO9aCZMhqowUhCqDyj.jpg,https://image.tmdb.org/t/p/original/5VVcNBzbIBhtJCvbP0NSyJzCErD.jpg,99,Released,Starvision Plus
546867,Balik Jakarta,Balik Jakarta,2016-10-27,2016,0.0,0,0.09,A tourist from Germany who grew up in Jakarta as a young boy and wants to take a stroll down memory lane by visiting the house he used to live in with his parents.,Drama,Jason Iskandar,https://image.tmdb.org/t/p/w500/sT3ET33Ii5xHgd6drOmMX4cbcAv.jpg,https://image.tmdb.org/t/p/original/wRaGzc4Lys6i75CwEnr6MSnA71c.jpg,25,Released,Studio Antelope
405045,Winter in Tokyo,Winter in Tokyo,2016-08-11,2016,0.0,0,0.26,"Saat mencoba mengatasi perasaan yang masih tersisa, seorang pustakawan bertemu tetangga baru yang mencoba melupakan romansa lama dan memulai lembaran baru.","Percintaan, Drama",Fajar Bustomi,https://image.tmdb.org/t/p/w500/wclC5RO9U0vvvVMcIYzUKyW0CQC.jpg,https://image.tmdb.org/t/p/original/6hjR4LM6HIanB9NzXRLQzVv1ZiN.jpg,98,Released,"Unlimited Production, Maxima Pictures"
656012,The Window,The Window,2016-05-12,2016,0.0,0,0.09,"Dewi pulang ke kampungnya di Jogjakarta, setelah sepuluh tahun meninggalkan tempat itu.  Sebuah surat dan potongan berita koran yang dikirim ibunya, membuat ia harus kembali ke kampungnya: kehamilan misterius Dee, kakaknya yang cacat mental. Dewi mendapati situasi di rumah orangtuanya yang tak berubah. Yang berubah adalah kehamilan Dee dan pemandangan di balik jendela besar rumahnya yang silih berganti. Dewi  lalu mengenal Priyanto yang baru setahun tinggal di kampung itu.  Priyanto dan Dewi menjalin kisah asmara yang tak biasa. Joko, teman kecil Dewi, cemburu. Kedatangan Dewi menguak masa lalunya yang tak selesai.",Drama,Nurman Hakim,https://image.tmdb.org/t/p/w500/oMmxWV7NBN5SNC5Ei3ihr48GZA.jpg,,122,Released,"Triximages, Dash Pictures"
404772,Sabtu Bersama Bapak,Sabtu Bersama Bapak,2016-07-05,2016,7.7,7,0.31,"Gunawa memiliki seorang istri, Itje, dan dua anak kecil: Satya dan Cakra. Hidup mereka berubah ketika Gunawan tahu hanya memiliki satu tahun lagi untuk hidup. Gunawan memutuskan, kematian tak boleh membatasinya dari menyayangi kedua anak. Ia membuat banyak rekaman berisikan pesan-pesan untuk kedua anaknya. Setelah Gunawan berpulang, Itje, sang istri memutuskan agar kedua anak dapat bertemu sang bapak satu kali seminggu, setiap hari Sabtu.",Drama,Monty Tiwa,https://image.tmdb.org/t/p/w500/7Je0W0p1A1PO1PavQeoYHpUGcQa.jpg,https://image.tmdb.org/t/p/original/gCyHjZWxGHM6G2FWafltnwzDFrf.jpg,90,Released,"Falcon Pictures, Max Pictures, Maxima Pictures"
382162,Talak 3,Talak 3,2016-02-04,2016,0.0,0,0.23,"Setelah resmi beberapa bulan bercerai, rumah kredit bersama Bagas dan Risa terancam akan disita bank. Mereka berdua dengan terpaksa harus bersama - sama mengerjakan sebuah project besar yang hasilnya bisa menyelamatkan kondisi keuangan mereka berdua. Masalahnya, pekerjaan mereka berdua menuntut keduanya harus bersama. Dalam proses pengerjaan project tersebut, muncul kembali benih – benih cinta diantara Bagas dan Risa. Akhirnya mereka memutuskan untuk rujuk kembali.","Komedi, Drama, Percintaan",Hanung Bramantyo,https://image.tmdb.org/t/p/w500/gToQEfj6fYqb6xy610CmE6zuYKi.jpg,https://image.tmdb.org/t/p/original/rqxr0Ft4OQrrTmZaBWv1wS59NTZ.jpg,101,Released,"MD Pictures, Dapur Film"
405035,Koala Kumal,Koala Kumal,2016-07-06,2016,7.4,10,0.09,"Dika (Raditya Dika) adalah seorang cowok yang baru saja batal menikah karena pacarnya, Andrea (Acha Septriasa) selingkuh darinya dengan cowok bernama James (Nino Fernandez). Patah hatinya membuat Dika kesulitan menulis bab terakhir dari bukunya. Suatu hari, Dika bertemu dengan cewek bernama Trisna (Sheryl Sheinafia), cewek yang unik yang membuat sudut pandang Dika terhadap dunia menjadi berbeda.","Drama, Percintaan, Komedi",Raditya Dika,https://image.tmdb.org/t/p/w500/1OgZEiPTCaDPz3jfOvyDBEJBFYy.jpg,https://image.tmdb.org/t/p/original/cGxhmOTDqYGopSOg6QprTmwC8t7.jpg,100,Released,Starvision Plus
441499,Abdullah & Takeshi,Abdullah & Takeshi,2016-03-24,2016,6.4,5,0.12,"Cerita tentang 2 orang bayi laki-laki yang dilahirkan di rumah sakit yang sama di Jepang, Sang bayi keturunan Arab, dibesarkan oleh keluarga dan kebudayaan Jepang diberi nama TAKESHI. Sementara bayi keturunan Jepang, dibesarkan oleh keluarga dan kebudayaan Arab dan diberi nama ABDULLAH.","Komedi, Drama",Kemal Palevi,https://image.tmdb.org/t/p/w500/zvWc7CP1WSqVJi6rIeunkl1wtxo.jpg,https://image.tmdb.org/t/p/original/ki6d0JLrwUAr13EE4k6t1DlPQlS.jpg,87,Released,MVP Pictures
441134,Beauty and the Best,Beauty and the Best,2016-03-31,2016,6.5,1,0.23,"Ira adalah remaja cantik yang juga berprofesi sebagai model. Kelly, teman sekelasnya adalah anak yang berprestasi. Suatu kali Ira mendapat nilai lebih tinggi dari Kelly. Kelly tidak terima dan menuduh Ira mencontek. Ira menyangkal. Kelly kemudian menantang Ira, jika Ira bisa mengalahkan nilai-nilainya pada saat UAS maka Kelly percaya kalau Ira tidak mencontek. Ira menerima tantangan Tersebut walaupun teman-teman dekatnya ragu.","Drama, Percintaan",Andri Sofyansyah,https://image.tmdb.org/t/p/w500/cloqOJnyD6Ii7AUK5E3wLjNvy03.jpg,,96,Released,MD Pictures
404936,Bulan Terbelah di Langit Amerika,Bulan Terbelah di Langit Amerika,2015-12-17,2015,8.0,2,0.34,"Setelah mendapat kiriman email video seorang gadis berjudul “Do you know my dad?”, Hanum (Acha Septriasa) seorang jurnalis muslim dan bekerja di sebuah kantor berita di Wina, diberi tugas untuk menulis artikel provokatif oleh bos redaksi, berjudul “Apakah dunia lebih baik tanpa islam?”.",Drama,Rizal Mantovani,https://image.tmdb.org/t/p/w500/eYWdQX6O5DoLqKvpiuU2ELwRnvZ.jpg,https://image.tmdb.org/t/p/original/ym4aXELX1B8vPB0YPkbt3KfCysn.jpg,109,Released,Maxima Pictures
388155,3: Alif Lam Mim,3: Alif Lam Mim,2015-10-01,2015,6.8,6,0.41,"Alif, Lam dan Mim adalah tiga sahabat dari satu perguruan silat yang dibesarkan bersama di padepokan Al-Ikhlas.  Alif yang lurus dan keras dalam bersikap memilih menjadi aparat negara. Ia bertekad membasmi semua bentuk kejahatan dan mencari para pembunuh kedua orangtuanya. Lam yang sikapnya lebih tenang menjadi seorang jurnalis. Bertujuan untuk menyebarkan kebenaran dan menjadikan dirinya mata dari rakyat. Sementara Mim yang bijak memilih mengabdi menjadi pengajar dan menetap di padepokan. Ketiganya dipertemukan kembali setelah terjadi kekacauan paska ledakan bom di sebuah kafe.","Drama, Cerita Seru, Aksi",Anggy Umbara,https://image.tmdb.org/t/p/w500/wFLmqRKWRNemG6jOAQkFRSeL0i.jpg,https://image.tmdb.org/t/p/original/rsJH44r5MycsH41d6VcBVIIn6oC.jpg,122,Released,"FAM Pictures, MVP Pictures"
406869,Tarot,Tarot,2015-05-17,2015,3.7,3,0.39,"Julie dan Tristan adalah pecinta yang hendak menikah. Berharap untuk mendapatkan kartu membaca indah, mereka akhirnya menerima membaca mengerikan dari pembaca kartu Tarot. Menurut kartu dibuka, seseorang itu berasal dari masa lalu untuk mengambil salah satu dari kehidupan mereka. Tristan tidak percaya dalam membaca, tapi Julie tidak bisa mendapatkan pikirannya dari hal itu karena rasa bersalah dia merasa ke saudara kembarnya, Sofia, yang lahir dengan wajah cacat. Sofia akhirnya bunuh diri karena dia cemburu keindahan Julie. Dan Julie mulai merasa gelisah. Dia memiliki mimpi buruk, ia mendapat memar ketika dia bangun, dan visi dari saudara kembarnya, yang dia terus memiliki, meyakinkan Julie bahwa Tristan dan dia berada dalam bahaya. The Tarot card reader mengatakan tidak ada yang bisa mereka lakukan dan teror yang keluar dari control.They tidak mampu untuk menjauh dari pembacaan Tarot.",Kengerian,Jose Poernomo,https://image.tmdb.org/t/p/w500/uFn4fC21V40jA8fTbQ82wAvHX14.jpg,https://image.tmdb.org/t/p/original/f5LyiOCD6TFVJPdZTpjkmdICsGm.jpg,119,Released,Hitmaker Studios
361386,Ini Adalah Cinta,This Is Cinta,2015-02-12,2015,7.0,1,0.25,"Rachel (Yuki Kato) dan Farel (Shawn Adrian Khulafa) bersahabat erat, juga pasangan duet yang serasi: Rachel menyanyi dan Farel bermain piano. Rachel yang berani, melengkapi Farel yang pemalu.  Di akhir masa taman kanak-kanak, Rachel dan Farel terpaksa berpisah. Beberapa kecelakaan kecil yang dialami Rachel tiap berdekatan dengan Farel membuat Mama (Aida Nurmala)  memutuskan membawa Rachel pergi ke New Zealand.","Drama, Percintaan",Soni Gaokasak,https://image.tmdb.org/t/p/w500/iEBXaAbAsw7PMZcMMX4ZW0t28Ht.jpg,https://image.tmdb.org/t/p/original/m515JlDGPh8fvNl2AXFvh7zO1kb.jpg,88,Released,Starvision Plus
1012238,Gue Bukan Pocong,Gue Bukan Pocong,2015-02-26,2015,0.0,0,0.08,"Throughout his life, Raka has always been single. His love was rejected 22 times. His 23rd target is Amelia. Learning from the experience of previous failures, Raka learns to be patient not to rush to express his heart.","Komedi, Kengerian",Findo Purwono HW,https://image.tmdb.org/t/p/w500/9hO4SbTeW8GBMwmV1QqSz69nAt9.jpg,,90,Released,Ganesa Perkasa Films
758162,How To Make A Dangerously Beautiful Woman,How To Make A Dangerously Beautiful Woman,2015-01-01,2015,0.0,0,0.2,"Di sebuah cafe, ada seorang pria yang berusaha mendapatkan hati seorang wanita yang memegang senapan dan mayat di dekatnya.",Komedi,Fazrie Permana,https://image.tmdb.org/t/p/w500/jdrdWsU5ovZghMaUprFZwdyorQ3.jpg,,6,Released,
387583,Anak Kos Dodol,Anak Kos Dodol,2015-02-26,2015,5.5,1,0.11,"Menceritakan tentang ke 13 mahasiswi yang tingal di sebuah kosan di Yogyakarta. Mereka yang merasa bebas jauh dari orang tua, namun kebebasan mereka melampaui batas. Hinga suatu ketika ada kunjungan orang tua ke kosan mereka. Mereka pun mencari cara agar kecerobohan yang mereka buat tidak ketahuan.","Komedi, Drama",Eman Pradipta,,,86,Released,Rumah Kreatif 23
648997,Malaikat Kecil,Malaikat Kecil,2015-10-08,2015,0.0,0,0.13,"Budi (Dwi Sasono), yang menderita autisme, datang ke Jakarta bersama keluarganya untuk mencoba peruntungannya. Dia mencoba menepati janji untuk membeli pakaian baru untuk anak-anaknya, Ruth (Rachel Patricia) dan Iyan (Delon), jika mereka dapat melewati puasa sebulan penuh selama bulan Ramadhan. Nasib memiliki pembicaraan lain. Sepeda yang digunakan untuk mengantarnya berkeliling menjual ikan ditabrak oleh mobil yang membawa orang kaya. Ketika mendekati Lebaran, tiba-tiba Iyan terserang demam berdarah dan harus dirawat di yayasan kesehatan.",Drama,Richyana,https://image.tmdb.org/t/p/w500/xxVgIpUJ7jd1hqXkcK1AFL6naCU.jpg,,93,Released,
1227032,Biduan Dangdut Bau Kambing,Biduan Dangdut Bau Kambing,2015-12-28,2015,0.0,0,0.17,Belum tersedia,"Percintaan, Drama, Film TV",Lakonde,https://image.tmdb.org/t/p/w500/e1RhDoFVXBrc0RGnmyGVSCuacBK.jpg,,80,Released,"Surya Citra Pictures, Starvision Plus"
725072,Ambyar,Ambyar,2015-06-10,2015,0.0,0,0.09,Karso dan Lina kencan secara sembunyi-sembunyi. Ibu karso telah bekerja di sawah milik Ibu Lina. Mereka berharap untuk bisa menikah. Harapan mereka tertambat pada sebuah batu permata.,"Komedi, Drama",Jeihan Angga,https://image.tmdb.org/t/p/w500/519Zhngf5xgHiL5hM9MqcVItuDs.jpg,,30,Released,"Buttonijo Films, Hompympaa, Studio DG"
528065,Kacaunya Dunia Persilatan,Kacaunya Dunia Persilatan,2015-01-22,2015,0.0,0,0.08,"Dunia persilatan dihebohkan dengan hilangnya sebuah Pedang Pusaka Dewa  yang tersimpan aman di Perguruan Silat Kera Emas. Pedang Pusaka Dewa adalah lambang kedamaian. Bila jatuh ke tangan yang tak bertanggungjawab, maka kacaulah dunia persilatan.Maha Guru Perguruan Silat Kera Emas. Beruk Sepuh memerintahkan murid-muridnya untuk mencari pedang itu.","Komedi, Aksi, Petualangan",Hilman Mutasi,https://image.tmdb.org/t/p/w500/bZSBVmHrMhMZHen9kDCEcqMjBnw.jpg,,98,Released,SAS Films
1129105,Gita Goes To Sukabumi,Gita Goes To Sukabumi,2015-04-20,2015,0.0,0,0.03,"Gita dihadapkan dengan permasalah keuangannya yang memaksa dia harus menyerah dengan kerasnya kehidupan Jakarta. Gita akhirnya memutuskan kembali ke kampung halamannya di Sukabumi.  Di Sukabumi, Gita mencoba untuk menata kembali hidupnya. Namun, Akbar (mantan pacarnya) ternyata masih ingin kembali padanya. Kehadiran Akbar merusak ketenangan Gita dalam mencoba membangun kembali hidup dan hubungan cintanya yang baru dengan Ryan.  Dalam situasi itu Gita dihadapkan dengan pilihan-pilihan sulit.  Apa yang akan dilakukan Gita?  Full movie: https://karyakarsa.com/IndonesianIndieMovie/film-drama-percintaan-ggts-gita-goes-to-sukabumi","Drama, Percintaan",Tidak Diketahui,https://image.tmdb.org/t/p/w500/oHADdMwTcWtVJgy5TyIftAkQuoM.jpg,https://image.tmdb.org/t/p/original/dYAhMZEqXlv7UewlvRQZWUVE7vI.jpg,85,Released,Langit Merah Pictures
750310,Miss Call,Miss Call,2015-04-30,2015,0.0,0,0.21,"Mitha sering me-miss call orang lain, lalu menakuti-nakuti orang tersebut bila orang tersebut menelponnya. Suatu malam sepulang acara pesta ulang tahun sahabatnya, Mitha me-miss call nomor acak yang ternyata pemiliknya sedang bertengkar hebat. Pertengkaran itu berakhir dengan kematian si pemilik nomor yang bernama Chika.",Kengerian,Irwan Siregar,https://image.tmdb.org/t/p/w500/sxGwEbEIQAMSOCKjv7GMC9PDlw5.jpg,,77,Released,
755453,Miracle: Jatuh Dari Surga,Miracle: Jatuh Dari Surga,2015-12-03,2015,0.0,0,0.17,"Andri Tjohjokusumo (Darius Sinathrya) dan istrinya Eli (Anneke Jodi) tampak rukun bersama putri semata wayang mereka, Krista (Naomi Ivo). Namun, semuanya berubah ketika Krista memperlihatkan keajaiban: ia mampu mengobati orang sakit dengan sentuhan tangannya. Ditambah lagi dengan kehamilan Eli, semuanya membuat keluarga kecil ini guncang. Andri yang trauma dengan luka masa lalunya banyak berkeluh kesah dengan sahabatnya, Ramadan (Indra Birowo).",,Wisnu Adi,https://image.tmdb.org/t/p/w500/19l9Fj1WoM9BN1v2DyeUc1186PG.jpg,,119,Released,"Andalan Media, Andalan Sinema"
495335,Toba Dreams,Toba Dreams,2015-04-30,2015,8.0,2,0.19,Toba Dreams adalah sebuah Film Indonesia yang diadaptasi dari novel dengan judul yang sama karangan T.B. Silalahi.,Drama,Benni Setiawan,https://image.tmdb.org/t/p/w500/Tmi9k1oLJ3pbmdoYnalr6yC5Yj.jpg,https://image.tmdb.org/t/p/original/dT4fnkgn9sW9zPvjaHSuIwQ4jUb.jpg,144,Released,TB Silalahi Center
424155,Kesurupan Jumat Kliwon,Kesurupan Jumat Kliwon,2015-03-12,2015,0.0,0,0.13,"Hubungan sepasang kekasih Rocky dan Cindy, mendapat tentangan dari orang tua masing masing. Mereka dijodohkan dengan pilihan keluarganya, sehingga pasangan ini memutuskan untuk mati bersama dengan jalan bunuh diri.",Kengerian,George Hutabarat,,,90,Released,Sentra Films
406837,Epen Cupen the Movie,Epen Cupen the Movie,2015-05-13,2015,5.0,2,0.19,"Celo seorang pemuda dari Papua, disuruh ayahnya untuk pergi mencari saudara kembarnya yang hilang sejak kecil. Celo berangkat dengan mengikuti petunjuk dari mimpi ayahnya yang melihat saudara kembarnya berada di medan perang.","Komedi, Petualangan",Irham Acho Bahtiar,https://image.tmdb.org/t/p/w500/wQ9pnDWmMC1KBdxahAkMVyHUbhm.jpg,https://image.tmdb.org/t/p/original/40QRO9fdaqsYmJ7nFjw1pP7LUcM.jpg,95,Released,Rapi Films
422831,Di Balik 98,Di Balik 98,2015-01-15,2015,6.5,2,0.15,"During a turning point in Indonesian history, a family must endure personal turmoil while their nation faces drastic political upheaval.","Drama, Sejarah",Lukman Sardi,https://image.tmdb.org/t/p/w500/viPwXH74nmmPtu4eLPDuCF4PpEZ.jpg,https://image.tmdb.org/t/p/original/zQis4CXmAicw6kr52HU3FwjGdt0.jpg,106,Released,MNC Pictures
458155,Turis Romantis,Turis Romantis,2015-04-23,2015,0.0,0,0.26,"Nabil (Kirana Larasati), has just escaped from the threat. Takur (Mike Lucock), Indian descent moneylender, hires thugs to collect debts from Nabil's father, a drunkard, gambler, and does not have responsibility. Because the father is never at home, the moneylender charges to Nabil's mother. Seeing this, Nabil takes the responsibility and says that she would pay all her father’s debts. Nabil promises to return the Rp 100 million debt within five days.  Then, Nabil gets a phone call informing that her father is hospitalized. When she arrives at the hospital, the father is unconscious, because he has been through heart surgery. The father won gambling. He was so happy, so he got heart attack, The father brought home certificate as a guarantee for the medical expenses.","Komedi, Drama, Percintaan",Senoaji Julius,https://image.tmdb.org/t/p/w500/ceEPIN3EmsUsINDYQn5uXO4I4J6.jpg,https://image.tmdb.org/t/p/original/kCgMIJnfammu32Q5QknkBMSnobU.jpg,95,Released,"Dapur Film, Mahaka Pictures, Spectrum"
499047,Misterius,Misterius,2015-11-05,2015,0.0,0,0.13,"Film ""Misterius"" merupakan film yang berasal dari Indonesia dengan genre Horror. Film ini disutradarai dan diproduseri oleh Muhammad Yusuf. Artis yang bermain di film ini seperti Lia Waode, Sofia Adios, dan artis pendatang baru Efritha Belliana.",Kengerian,Muhammad Yusuf,https://image.tmdb.org/t/p/w500/3vvgXC6IwAE6QqdIoL5VeclAnH4.jpg,,81,Released,"Triple A Films, Bali Bumerang Films"
438311,Takut,Takut,2015-02-18,2015,0.0,0,0.22,"Yudha who has lung problems, moves to Vila Andaru on the slopes of Mount Wilis. Elisa and Dewa accidentally go to Mount Wilis to seek the long lost Erlita, Elisa’s sister. Elisa and Dewa stay at the hotel Cempaka, adjacent to the Villa Andaru. The three meet there. Yudha knows that Elisa and Dewa has the ability to see spirits. Because many oddities and horrors that happen in Vila Andaru, Yudha want to know what really happens.",Kengerian,Nayato Fio Nuala,,,82,Released,BIC Pictures
457604,Catatan Akhir Kuliah,Catatan Akhir Kuliah,2015-07-30,2015,6.8,3,0.15,"Film Catatan Akhir Kuliah diangkat dari novel karya Sam Maulana. Film ini menceritakan kehidupan penulis dimasa perkuliahan. Sam (Muhadkly Acho), Sobari (ajunPerwira), Ajeb (AbdurArsyad) membuat sebuah janji akan wisuda bersama, yang diyakini sebagai janji persahabatan mereka.","Drama, Komedi, Percintaan",Jay Sukmo,https://image.tmdb.org/t/p/w500/xPaq0PMVwBoiCepSMdow026W1qZ.jpg,https://image.tmdb.org/t/p/original/sAXyjZ8PxKFWnuXd5pIhOGIRUvl.jpg,107,Released,DHF Entertainment
395696,Komedi Moderen Gokil,Komedi Moderen Gokil,2015-09-17,2015,7.2,3,0.28,"Boris jumpa lagi sahabat lamanya Dodit di Jakarta. Mereka tinggal di rumah kos Tante Maya, istri Om Indro.  Di rumah itu, Boris akhirnya dekat dengan Sasha, salah satu penghuni kos dan sahabat Karin, putri tunggal Maya dan Indro. Boris dan Dodit mencari pekerjaan dan diterima pada sebuah biro detektif. Belum menjalani pelatihan, mereka sudah menerima kasus. Klien pertama mereka adalah Tante Maya, yang curiga kalo Om Indro punya wanita simpanan.  Dengan bekal kesoktahuan mereka, tertangkaplah Bu Ratna, yang dicurigai kuat sebagai pacar Om Indro. Bu Ratna yang mereka culik ternyata istri baru Pak Goen, sahabat Om Indro, seorang pensiunan jendral, yang tak lain adalah juga Kepala Biro detektif tempat Boris dan Dodit bekerja.",Komedi,Cuk FK,https://image.tmdb.org/t/p/w500/jdF96hMnfzLq6ZiHgFXjW6i547P.jpg,https://image.tmdb.org/t/p/original/pOUvXP49bSy2mLBLbZsiarjMRre.jpg,95,Released,MD Pictures
504215,Ayah Menyayangi Tanpa Akhir,Ayah Menyayangi Tanpa Akhir,2015-10-29,2015,0.0,0,0.31,"Arjuna atau Juna (Fedi Nuril), seorang pria dari keturunan ningrat yang jatuh cinta ke seorang gadis Jepang, Keisha (Kelly Tandiono). Ia harus berjuang keras agar cinta nya di setujui oleh pihak keluarga. Kekuatan cinta Juna mampu menerobos benteng perbedaan, hingga akhir nya mereka resmi menjadi pasangan suami istri.",Drama,Hanny R. Saputra,https://image.tmdb.org/t/p/w500/tEeNNOf4jYYh6Zl0ZVX6hZ3lk59.jpg,https://image.tmdb.org/t/p/original/riuKFKSwWhP6yeTFm07MATjq6Pj.jpg,88,Released,MD Pictures
374875,Negeri van Oranje,Negeri van Oranje,2015-12-23,2015,6.7,3,0.25,"Ini adalah kisah tentang perjalanan lima sahabat, memaknai hidup, cita-cita, perjuangan dan cinta, di negeri yang jauh dari asal mereka.  Perjalanan yang membawa seorang perempuan bernama Lintang ke hari ini. Satu hari sebelum pernikahannya. Hari di mana segala ingatan itu kembali. Tentang sahabat-sahabatnya: Daus, Banjar, Wicak dan Geri.",Drama,Endri Pelita,https://image.tmdb.org/t/p/w500/rWZrY6PGCETxAw0PLDcLMXugA71.jpg,https://image.tmdb.org/t/p/original/coiIAttX8pcpObhvWVMcjG78NIT.jpg,97,Released,Falcon Pictures
357464,Gangster,Gangster,2015-08-27,2015,7.0,2,0.26,"Bagi JAMRONI (Raihan Khan - Hamish Daud), jadi preman kampung pasar sapi di desa lembah Gunung Merapi Yogyakarta adalah kenyataan hidup yang tidak dipilihnya. Sejak kecil ia bermimpi bisa menjaga SARI (Avrilla Sigarlaki - Eriska Rein), dan kelak merajut kehidupan bersamanya. Biarpun tersia-sia oleh perlakuan bapak ibunya yang kasar, senyum Sari selalu menjadi penyemangatnya. Kandang kambing tempat ia menjalani hukuman malah jadi tempatnya belajar silat. Mimpi itu pudar saat orangtua Sari membawa Sari ke Jakarta.","Aksi, Komedi, Drama",Fajar Nugros,https://image.tmdb.org/t/p/w500/swjYCuZM04N1HQSLal1wQiaN0qZ.jpg,,98,Released,Starvision Plus
353338,Surga yang Tak Dirindukan,Surga yang Tak Dirindukan,2015-07-15,2015,8.0,3,0.3,Kisah cinta pada pandangan pertama Arini dan Pras begitu indah. Pernikahan yang kemudian terwujud mendatangkan kebahagiaan lain dengan hadirnya Nadia (buah cinta keduanya).,"Drama, Percintaan",Kuntz Agus,https://image.tmdb.org/t/p/w500/3igL8UbIBCaU5bshOm7GUzdZIiK.jpg,https://image.tmdb.org/t/p/original/ivOkHVtojJ9d6YYqgNTtHuvc4CA.jpg,121,Released,MD Pictures
350576,Comic 8: Casino Kings - Part 1,Comic 8: Casino Kings - Part 1,2015-07-15,2015,5.6,9,0.29,"Comic 8 : Casino Kings, menceritakan tentang misi ke 8 agen rahasia yang berada di bawah pimpinan INDRO WARKOP ditugaskan untuk Undercover menjadi COMIC atau Stand Up Comedian, demi mencari seorang comic yang menjadi penghubung ke seorang Master Kriminal yang bernama THE KING, yang terkenal sebagai Raja Perjudian pemilik Casino paling spektakuler di Asia.","Aksi, Komedi",Anggy Umbara,https://image.tmdb.org/t/p/w500/hHY62GYJakG8kglAi2dzq0QDHKR.jpg,https://image.tmdb.org/t/p/original/lPX71ZhHPlpuAgMdNPqvQuO6a5l.jpg,102,Released,Falcon Pictures
336214,Filosofi Kopi,Filosofi Kopi,2015-04-08,2015,6.7,11,0.31,"Sebuah kedai kopi yang berjuang untuk membayar utangnya, sekaligus mempertahankan prinsipnya.","Drama, Petualangan",Angga Dwimas Sasongko,https://image.tmdb.org/t/p/w500/hjhdIQOGmUvuwTPRxfklVf40bE8.jpg,https://image.tmdb.org/t/p/original/gwlf0C9a464FzJK7W0M1PaRDnF7.jpg,117,Released,"Torabika, Visinema Pictures"
376071,Ngenest,Ngenest,2015-12-30,2015,7.2,6,0.17,"Ernest (Kevin Anggara/Ernest Prakasa) tidak pernah memilih bagaimana ia dilahirkan. Tapi nasib menentukan, ia terlahir di sebuah keluarga Cina. Tumbuh besar di masa Orde Baru dimana diskriminasi terhadap etnis Cina masih begitu kental. Bullying menjadi makanan sehari-hari. Ia pun berupaya untuk berbaur dengan teman-teman pribuminya, meski ditentang oleh sahabat karibnya, Patrick (Brandon Salim/Morgan Oey). Sayangnya berbagai upaya yang ia lakukan tidak juga berhasil, hingga Ernest sampai pada kesimpulan bahwa cara terbaik untuk bisa membaur dengan sempurna adalah dengan menikahi seorang perempuan pribumi.","Komedi, Drama",Ernest Prakasa,https://image.tmdb.org/t/p/w500/hTkhMsFIsHbwKTpcyWgb7u6TTG0.jpg,https://image.tmdb.org/t/p/original/1MY6MfNVxUImqocwqEpiNMfcrIc.jpg,91,Released,Starvision Plus
504222,Relationshit,Relationshit,2015-09-19,2015,7.5,1,0.19,"Alitt (Jovial da Lopez), penulis buku yang sukses menciptakan buku-buku best seller. Di balik kesuksesannya, ada Wina (Anjani Dina), kekasihnya yang mendukungnya sejak dia bukan apa-apa. Bagi Alitt, Wina adalah sosok pendamping yang sempurna. Namun, hubungan itu kandas saat Wina lebih menuruti permintaan ibunya (Donna Harun). Padahal Alitt dan Wina berencana menikah setelah karier Alitt bersinar.","Komedi, Drama, Percintaan",Herdanius Larobu,https://image.tmdb.org/t/p/w500/7IFeRSYtbxMYikUbKcmb8LNBF5h.jpg,https://image.tmdb.org/t/p/original/2pEUdvsCqpRmNGlab6pM18HFB8p.jpg,90,Released,Starvision Plus
388484,Si Jago Merah 2: Air & Api,Si Jago Merah 2: Air & Api,2015-03-26,2015,4.1,4,0.21,"Setelah menyelamatkan panti jompo dari ancaman bom, GITO (Deddy Mahendra Desta) dan ROJAK (Judika Sihotang) berkenalan dengan ABDUR (Abdur Arsyad). Mereka kembali bertemu saat mendapat tugas untuk membina calon petugas Damkar, dibawah pimpinan KOMANDAN DICKY (Bucek).","Aksi, Komedi, Drama",Raymond Handaya,https://image.tmdb.org/t/p/w500/fVAAVwBz94EV5lWrs4eM7VFtDmB.jpg,,99,Released,Starvision Plus
406933,Kampung Zombie,Kampung Zombie,2015-03-19,2015,2.0,1,0.14,"Perjalanan mendaki gunung yang dilakukan oleh lima sekawan yang merupakan mahasiswa berubah menjadi ketegangan pasca kecelakaan yang mereka alami. Kerusakan mobil membuat mereka menghentikan kendaraan saat pulang dari pendakian.  Kemudian, mereka berusaha mencari bantuan di sekitar gunung dan menemukan sebuah kampung yang ternyata, sangat mengerikan karena hampir semua penduduknya adalah zombie. Nuansa tegang dan adegan kejar-kejaran pun menjadi terror utama yang dihadapi 5 pendaki tersebut.  Mereka pun harus berusaha untuk tetap bertahan dengan melakukan berbagai cara. Cerita apa yang melatarbelakangi kampung tersebut hingga mejadi kampung yang mengerikan? Berhasilkah mereka keluar dari desa tersebut?",Kengerian,Billy Christian,https://image.tmdb.org/t/p/w500/tQ9GXUaBGYQnDfLehFM2pBsanw9.jpg,,85,Released,Maxima Pictures
373758,Single,Single,2015-12-17,2015,7.3,5,0.19,"Ebi adalah seorang anak muda naif yang belum mempunyai pekerjaan. Ebi bahkan masih sering meminta uang dari ibunya setiap kali ibunya datang ke Jakarta.Ebi juga seorang single forever atau jomblo dari lahir yang belom pernah pacaran. Ini karena setiap kali Ebi mendekati perempuan, Ebi selalu aja ditolak. Intinya, kehidupan Ebi layak untuk dikasihani.","Drama, Komedi, Percintaan",Raditya Dika,https://image.tmdb.org/t/p/w500/h52UMCigSl7DUZUxGdwMWagIO7Q.jpg,https://image.tmdb.org/t/p/original/gwatgALfB892PW4czuF3fPnAjHq.jpg,127,Released,Soraya Intercine Films
492453,Kakak,Kakak,2015-11-05,2015,6.5,2,0.18,"Cerita film kakak mengikuti sepasang suami istri yang telah gagal tiga kali untuk memiliki anak akibat keguguran. Suatu ketika mereka berdua menemukan sosok arwah anak kecil di rumah baru yang mereka tempati. Meski awalnya sempat ketakutan oleh keberadaannya arwah anak kecil itu, namun mereka justru sering mendapatkan bantuan dan perolongan dari arwah ini. Karena itu, arwah hantu anak kecil ini dianggap keluarga dan dipanggil dengan sebutan “kakak” oleh pasangan ini.",Kengerian,Ivander Tedjasukmana,https://image.tmdb.org/t/p/w500/bV4YOCv9R1FE3j4mKO8JNIsdPil.jpg,,88,Released,Firefly Cinema
336659,Wewe,Wewe,2015-04-16,2015,5.0,1,0.16,"Jarot (Agus Kuncoro) dan istrinya Irma (Inong Nidya Ayu), dan dua anak-anaknya, Luna (Nabilah JKT48) berumur 15 dan Aruna (Khadijah Banderas) berumur 5 tahun, masuk ke sebuah rumah baru yang di dapatkan untuk ditinggali sang ayah karena pindah tugas. Rumah itu sangat luas dan berada di sebuah jalanan yang terpencil jauh dari kebisingan ibu kota. Bersama mereka juga Bu Surti, seorang pembantu rumah tanga yang sudah belasan tahun bersama keluarga. Rumah tersebut tampak nyaman, namun ada sat uperabotan yang cukup menggangu, yaitu sebuah ranjang tua terbuat dari kayu jati dan memiliki bentuk dan ukiran aneh, berupa seorang wanita yang sedang berteriak. Ranjang tua ini ada di sebuah ruangan yang terletak di lantai atas.","Keluarga, Kengerian",Rizal Mantovani,https://image.tmdb.org/t/p/w500/c4b9DQ2mk5TkY16C16saXdEJNEu.jpg,,100,Released,Rapi Films
355383,Battle of Surabaya,Battle of Surabaya,2015-08-20,2015,7.6,14,0.48,"Musa, who is only a thirteen-year-old shoe shiner, undergoes destiny through his adventure of waging war during the war time. Will he manage to bring peace among the troops who keep on fighting for nothing?","Animasi, Kejahatan, Aksi, Petualangan, Drama, Sejarah",Aryanto Yuniawan,https://image.tmdb.org/t/p/w500/8CYsEJNV2FkgeK5a6k4ZPsqbt2B.jpg,https://image.tmdb.org/t/p/original/vG5gAQfm2ofIGl1tOceH5SQQR0b.jpg,99,Released,MSV Pictures
458150,Sebelum Pagi Terulang Kembali,Sebelum Pagi Terulang Kembali,2014-05-08,2014,7.0,1,0.39,"Yan (55) is an honest government official. His wife, Rachel (55) is a philosophy professor at a leading university. They have three children who are very different in character.  The oldest, Firman, the weakest, just get divorced and in idle condition. The second, Satria, a young contractor, has big ambitions to grow his business. Satria certainly be the golden boy of the family. And the last is Dian, the youngest, beloved of all family members, has been engaged to Hassan, a member of Parliament who is young, hungry and has a lot of connections to government officials.  Stress due to rumors around him, Yan decides to resign. Soen does not understand what is going with his son. She also gets stress and then is hospitalized. Soen finally died. Family’s life is changed quickly and become more gloomy and not as warm as before. Money change all: the family’s values begin to collapse and reveal the falsity around them.",Drama,Lasja Fauzia Susatyo,https://image.tmdb.org/t/p/w500/xtwFGXyfKVlTKMdc1PvZyTN4E7B.jpg,https://image.tmdb.org/t/p/original/dZgsK97O7mwjzVamBoOSMRt6h53.jpg,102,Released,Cangkir Kopi
542308,Jomblo Keep Smile,Jomblo Keep Smile,2014-08-08,2014,6.0,1,0.14,"In the midst of his sister's wedding preparations, Agus (Kemal Palevi) falls in love with his high school friend, Angeline (Kimberly Ryder), who had a peculiar characteristic laugh. His pal, Jo (Reza Aditya) is willing to help all out. Because he suspects that Angeline is materialistic girl, Agus drive a car when approaching  the girl. The car is a wedding gift from the father. (Joe Project P) to his sister. Because he is too focused on Angeline, he forget a lot of things including the car. He asks the help of the Mafia boss in Southeast Asia, Boris (Caisar), to solve the problem.","Drama, Komedi",Yoyok Sri Hardianto,https://image.tmdb.org/t/p/w500/m3RQayPyfnCZSRgYCqhVd5OVvWy.jpg,,110,Released,K2K Production
268922,Marmut Merah Jambu,Marmut Merah Jambu,2014-05-08,2014,7.1,8,0.25,"Suatu hari Dika (Raditya Dika) datang ke rumah Ina (Anjani Dina), cinta pertamanya sewaktu SMA, membawa seribu origami burung bangau di tangan kanannya, dan undangan pernikahan Ina di tangan kirinya. Besok, Ina akan menikah. Kedatangan Dika diterima oleh Bapak Ina (Tio Pakusadewo) yang curiga kedatangan Dika untuk kasus cinta lama yang belum selesai dan berpikir bahwa Dika ingin menggagalkan pernikahan anaknya. Dika menceritakan maksud sebenarnya, yang jauh dari tuduhan Bapak Ina.  Seiring dengan Dika bercerita, kita melihat masa lalu Dika (Christoffer Nelwan). Pada masa ini, Dika SMA jatuh cinta diam-diam kepada Ina.  Di masa sekarang, seiring dengan Dika bercerita, seiring itu pula dia sadar: ada yang belum selesai dari masa lalunya. Seiring itu pula dia bertanya: benarkah cinta pertama tidak akan kemana-mana?","Drama, Komedi, Percintaan",Raditya Dika,https://image.tmdb.org/t/p/w500/qQ373PtHoiYg7ZAcr07CaDmWLcx.jpg,https://image.tmdb.org/t/p/original/ovgPGWTquaZzMmvOIHBFbIpUpp9.jpg,91,Released,Starvision Plus
354885,Merry Riana: Mimpi Sejuta Dolar,Merry Riana: Mimpi Sejuta Dolar,2014-12-24,2014,7.3,5,0.17,"Merry Riana (Chelsea Islan) yang baru saja lulus SMA terpaksa mengungsi ke Singapura karena kondisi di negaranya sedang tidak stabil. Walau sebenarnya ingin tetap tinggal, kedua orang tuanya tidak membiarkan. Perjalanan menuju bandara juga bukan aman; mereka dihadang kawanan penjarah dan terpaksa melepas harta benda demi keselamatan. Di bandara, orang tua Merry (Ferry Salim & Cyntia Lamusu) menjual apa yang menempel di badan dan hanya mampu membeli satu tiket. Yang penting Merry selamat, pikir mereka.","Drama, Percintaan, Sejarah",Hestu Saputra,https://image.tmdb.org/t/p/w500/avtkmK8L6JpmBq6NDlyTgJ82aY4.jpg,https://image.tmdb.org/t/p/original/yp7lcCfhMcLknWx22v5pS9SrN44.jpg,106,Released,MD Pictures
1008317,Kuntilanak Ciliwung,Kuntilanak Ciliwung,2014-10-09,2014,0.0,0,0.1,"The days are full of terror. Windi, Flora's sister, has become incompatible with her mother, Nelly, since Flora died.",Kengerian,Jessica Angelica,https://image.tmdb.org/t/p/w500/skihTbWqYPNn3WB3O3RhgItz3gK.jpg,,85,Released,Tobali Putra Production
647988,Pocong Pasti Berlalu,Pocong Pasti Berlalu,2014-03-27,2014,0.0,0,0.24,"The story begins with some students who live in Pak Bolot's boarding house, they are Remon, Dede, Dion, Radit and two beautiful girls Tata and Dila. In addition to lectures to supplement the necessities of life in Jakarta Remon works as a corpse makeup, while Dion and Tata work part-time as film extras.  After shooting the film Dion and Tata came home, in the middle of the trip right in a bend Dion and Tata saw a motorcyclist lying on the side of the road like a hit-and-run victim and they certainly wanted to help but when they heard the voices of residents who came Dion and Tata decided to leave but before leaving without Tata's knowledge, Dion took the necklace box lying near the victim.  The next day Remon invited Dion and Radit to accompany him to make up the corpse that had just died. How shocked Dion was when he learned that the corpse that Remon had composed was the corpse he had found last night with Tata.","Komedi, Kengerian",Nayato Fio Nuala,https://image.tmdb.org/t/p/w500/t0m1bTCb8sQRwYY5XXh6cpAGyDO.jpg,,78,Released,"Mitra Pictures, BIC Pictures"
453796,Rumah Kosong,Rumah Kosong,2014-12-30,2014,0.0,0,0.11,"Hendra (Dimas Seto) merasa beruntung bisa membeli rumah mewah lengkap dengan segala perabotannya dengan harga sangat murah dari Bima (Anton Andreas), seorang pengusaha tua. Tapi keberuntungan itu tidak berlangsung lama. Istri dan kedua putrinya mengalami mimpi buruk. Satu demi satu kejadian  yang menakutkan terjadi di rumah itu.",Kengerian,Chiska Doppert,https://image.tmdb.org/t/p/w500/iqjcJlH8728RkMOzIyTk2CN6J71.jpg,,77,Released,BIC Pictures
778621,Cinta Tanpa Batas,Unlimited Love,2014-11-27,2014,0.0,0,0.11,"Kisah persahabatan dan cinta segitiga antara Andi (Restu Sinaga), Widia (Prisia Nasution) dan Prassetyo (Dallas Pratama). Pras tiba-tiba muncul kembali dalam kehidupan Andi dan Widia yang telah menikah dan punya anak. Andi menduga munculnya Pras untuk merebut istrinya. Kecemburuan Andi memicu konflik dalam rumah tangganya. Pras mengakui alasannya datang. Ia terinfeksi virus HIV-AIDS karena pergaulan bebas selama tinggal di Belanda. Beruntung, anak yang ternyata hasil hubungan Widia dengan Pras itu sehat. Di sisa waktu menghadapi kematian, Pras menjadi sangat religius. Pras kembali ke Belanda. Sejak kepergiannya, Andi dan Widya selalu menunggu kabar tentang Pras dari Belanda. Hingga suatu sore datang surat tentang keberadaan Pras.",Drama,Haryanto Corakh,https://image.tmdb.org/t/p/w500/oHtCDbsBDoz6CTYBg6WC3jQhs5t.jpg,https://image.tmdb.org/t/p/original/aXGGTId0k3sEhYQBiSqHTAONUtW.jpg,75,Released,Intikom
388612,Assalamualaikum Beijing,Assalamualaikum Beijing,2014-12-30,2014,7.5,4,0.31,"Sehari sebelum pernikahan dilangsungkan, Asmara (Revalina S. Temat) mendapatkan kenyataan pahit bahwa kekasihnya, Dewa (Ibnu Jamil) ternyata sempat berselingkuh dengan teman sekantornya Anita (Cynthia Ramlan).  Walau Dewa memohon agar pernikahan tetap dilanjutkan, Asma terlanjur patah hati. Terlebih, hubungan sekali yang dilakukan ternyata membuahkan janin, Anita hamil.","Drama, Percintaan",Guntur Soeharjanto,https://image.tmdb.org/t/p/w500/pB4O1wrQG82TifRNfeqRBHVFO9.jpg,,90,Released,Maxima Pictures
552860,17 Tahun ke Atas,17 Tahun ke Atas,2014-05-14,2014,2.0,2,0.16,"Bagas (Ajun Perwira) sangat ingin menjadi musisi. Setelah menginjak usia 17 tahun, Bagas memutuskan untuk fokus mengejar impian dan mencari jalan agar bisa menjadi musisi sukses. Bunda (Ranty Purnamasari) tidak menyetujui keputusan Bagas. Bunda juga tidak menyetujui hubungan Bagas dengan Mentari (Sonya Fatmala)",Drama,Nayato Fio Nuala,https://image.tmdb.org/t/p/w500/n6arh613KzsWuFGrYUrvVeFvyNN.jpg,,75,Released,"Mitra Pictures, BIC Pictures"
492456,Angker,Angker,2014-11-20,2014,0.0,0,0.18,"Didaku dari kisah nyata di daerah Bangil Jawa Timur pada tahun 1979. Harun dan Ratna bersama tiga anak mereka menempati rumah yang mereka beli. Beberapa hari kemudian keluarga ini mengalami kejadian menakutkan di rumahnya. Mereka memanggil paranormal guna membersihkan rumah dari mahluk halus. Setelah diusut lebih jauh ternyata sebelum rumah itu dibangun, di lahan rumah tersebut pernah terjadi pembantaian Dukun Santet.",Kengerian,Muhammad Yusuf,https://image.tmdb.org/t/p/w500/nsMOAtI9HvXL5VxAlzg0rV7xq8M.jpg,,89,Released,"Triple A Films, Sapu Jagat Production, Suflines"
328088,Haji Backpacker,Haji Backpacker,2014-10-02,2014,0.0,0,0.19,"Mada memberontak kepada Tuhan, karena sudah merenggut ibunya. Ia juga kehilangan cinta yang membuatnya patah hati. Ia marah pada kenyataan, kemudian memutuskan untuk menjadi backpacker dan hidup bebas. Bahkan ia juga meninggalkan Tuhan, keluarga, dan Sahabatnya. Pada dunia luar yang bebas, Mada menemukan kebahagiaan ragawi, namun merasa kosong secara rohani.","Drama, Petualangan",Danial Rifki,https://image.tmdb.org/t/p/w500/koZZiFAyqfdK4jlYsMZN4nCsak3.jpg,https://image.tmdb.org/t/p/original/pPKal4WsuKiPkDR4tyw71EhdDof.jpg,107,Released,Falcon Pictures
327240,Tak Kemal Maka Tak Sayang,Tak Kemal Maka Tak Sayang,2014-10-23,2014,5.3,3,0.15,"Kemal (17 thn), seorang pelajar SMU dari Samarinda yang selalu mendambakan wanita tercantik untuk menjadi kekasihnya. Ia memiliki pola pikir yang absurd, sulit berfokus dan sulit ditebak. Karakternya ini menyebabkan dirinya lama menjomblo dan berulang kali gagal dalam percintaannya.","Percintaan, Komedi",Fajar Bustomi,https://image.tmdb.org/t/p/w500/yXDKUKO7mQIiAZU8YbA9Qi28Vb.jpg,,85,Released,MD Pictures
643173,Sepatu Dahlan,Sepatu Dahlan,2014-04-10,2014,0.0,0,0.15,"Cerita dari novel berjudul sama yaitu Sepatu Dahlan, yang berkisah tentang Dahlan Iskan, dia adalah seorang mantan Menteri BUMN indonesia yang semasa kecil hidupnya amatlah sulit dan sederhana, dia terus berjuang untuk tetap bisa belajar demi cita-cita serta membanggakan orang tuanya.","Drama, Keluarga",Benni Setiawan,https://image.tmdb.org/t/p/w500/7hUVftx2jhoTeBXfow79NeVN7NW.jpg,https://image.tmdb.org/t/p/original/wlEYAdXhH7iF5TrL43YkAlFeRcw.jpg,98,Released,"Mizan Productions, Semesta Productions, Expose Pictures"
414607,Me And You Vs The World,Me And You Vs The World,2014-04-14,2014,0.0,0,0.36,"Kehidupan Jeremy (Rio Dewanto) yang mulai bosan dengan pekerjaan dan rutinitas kantorannya berubah ketika dia bertemu dengan Sera (Dhea Seto) yang juga sedang mencari jati dirinya dan bosan dengan dunia remaja yang menurutnya monoton.  Awal pertemuan ketika Jeremy sedang presentasi soal rafting dengan Kepala Sekolah (Joe P. Project). Presentasi Jeremy di tolak karena dianggap terlalu berbahaya untuk anak-anak SMU, dan Sera juga ikut menolak untuk kegiatan itu. Sebenarnya Bos Jeremy (Piyu) juga menolak rencana Jeremy. Tetapi Jeremy dan Baron (Gofar Hilman) tidak menyerah.","Petualangan, Komedi, Percintaan",Fajar Nugros,https://image.tmdb.org/t/p/w500/nl2hRIeO2e2APURI54PyMkFIo19.jpg,https://image.tmdb.org/t/p/original/7BGPdppLsJHSZ3zDiebCISa678O.jpg,90,Released,Rapi Films
458019,Kukejar Cinta ke Negeri Cina,Kukejar Cinta ke Negeri Cina,2014-12-04,2014,5.8,4,0.2,"Ridwan Imam Fadli (Adipati Dolken) mahasiswa abadi yang dipanggil Imam, namanya sangat Islami tapi nyaris tidak melakukan kewajiban sebagai muslim. Kekasihnya Widya (Nina Zatulini) adik kelasnya, sudah selesai kuliah dan kerja. Mereka pacaran 4 tahun, Widya mulai tidak sabaran karena Imam belum juga lulus, sebaliknya Imam kecewa karena Widya harus berpakaian kantor yang sexy.","Percintaan, Drama",Fajar Bustomi,https://image.tmdb.org/t/p/w500/nReQQ8qhlmeJdJBBT5Y3esTN53b.jpg,https://image.tmdb.org/t/p/original/ojAKlDkWXT4jMihxPv4YRcF4BRM.jpg,90,Released,Starvision Plus
311146,Pendekar Tongkat Emas,Pendekar Tongkat Emas,2014-12-18,2014,6.5,21,0.51,"Cempaka, Pendekar yang disegani dan sangat dihormati dalam dunia persilatan, adalah pemegang maha senjata dan jurus mematikan Tongkat Emas yang kekuatannya tak tertandingi. Cempaka yang mulai menua akan mewariskan senjata dan jurus Tongkat Emas kepada salah satu muridnya.","Aksi, Drama",Ifa Isfansyah,https://image.tmdb.org/t/p/w500/rORhdiLWiTBY8cxhZoaciWlLIo1.jpg,https://image.tmdb.org/t/p/original/x8fXyXF9D0QMfdFTPrz9dvphAbd.jpg,110,Released,"Miles Films, Kompas Gramedia Studio"
180299,The Raid 2: Berandal,The Raid 2: Berandal,2014-03-28,2014,7.6,2440,3.87,"RAMA (Iko Uwais) adalah seorang polisi baru yang meninggalkan ISA, istrinya yang tengah hamil tua untuk melakukan tugas berbahaya. Setelah berhasil mempertahankan dirinya dari 30 lantai apartemen milik raja gembong narkotik TAMA, RAMA direkrut oleh BUNAWAR, kepala polisi yang dikenal jujur dan mempunyai reputasi yang bersih, sebagai polisi yang menyamar.","Aksi, Kejahatan, Cerita Seru",Gareth Evans,https://image.tmdb.org/t/p/w500/i4O7B1VZWU9UEcre9X8OrSIqfVP.jpg,https://image.tmdb.org/t/p/original/5dg3woJqG7kNBCEMZNGPUauHSnK.jpg,150,Released,"XYZ Films, PT. Merantau Films, Stage 6 Films, Entertainment One, Sony Pictures Classics"
329813,Bajaj Bajuri: The Movie,Bajaj Bajuri: The Movie,2014-07-24,2014,6.7,3,0.24,"Bajuri (Ricky Harun) yang baru mendapat gusuran dari penjualan tanah warisan bapaknya menghadapi beberapa masalah. Problem Bajuri semakin rumit setelah Emak (Meriam Bellina) menuduh Bajuri akan kawin lagi. Sementara di pemancingan dengan tidak sengaja Bajuri meledakkan empang dengan bom ikan yang didapat Soleh (Dimas Gabra) dan Sahili (Aqshal Pradana) dari sebuah rumah kosong. Bajuri dan Ucup (Muhadkly Acho) dituduh sebagai teroris setelah tas berisi bom tertinggal di Bank, saat Bajuri mengambil uang.","Komedi, Drama, Percintaan",Fajar Nugros,https://image.tmdb.org/t/p/w500/6nRvcdHZHg39dMgHybpwSEcI8bS.jpg,,93,Released,Starvision Plus
419465,99 Cahaya Di Langit Eropa The Final Edition,99 Cahaya Di Langit Eropa The Final Edition,2014-10-30,2014,0.0,0,0.22,"Eropa tidak hanya mengajarkan mereka tentang hayat ilmu pengetahuan. Tapi juga meniti rumus Ilahi tentang kemajemukan dan keyakinan abadi. Sebuah kisah pengembaraan di dalam menemukan rahasia peradaban agung manusia ribuan tahun lalu. Menemukan Islam, bukan hanya iman dan namun amalan.  Inilah akhir perjalanan Hanum dan Rangga di Eropa. Mengantarkan mereka pada pencarian makna sumber kebenaran yang Maha sempurna.",Drama,Guntur Soeharjanto,https://image.tmdb.org/t/p/w500/q6u13GLRur9X54P6eW9x1OTW89h.jpg,,90,Released,Maxima Pictures
331599,"Aku, Kau & KUA","Aku, Kau & KUA",2014-09-11,2014,5.5,4,0.21,"Pernikahan FIRA (Nina Zatulini), gadis paling cantik dan populer di antara teman-temannya, mustinya menjadi pernikahan of the decade. Fira yang hidupnya seolah sempurna, hancur berantakan begitu LANDO (Eza Gionino) ternyata ketahuan tukang selingkuh. Fira pun shock dan menarik diri dari pergaulan.","Komedi, Drama, Percintaan",Monty Tiwa,https://image.tmdb.org/t/p/w500/8GQXOFdbrtFjlthyti4jGSOaUjY.jpg,https://image.tmdb.org/t/p/original/sdRwCJ0wwkAZfmvlVNJvNYeI1kr.jpg,104,Released,Starvision Plus
285995,Comic 8,Comic 8,2014-01-29,2014,5.8,8,0.23,"COMIC 8 adalah film Comedy Action segar yang bercerita tentang delapan anak muda dari berbagai macam background dan kisah hidup masing-masing, yang secara kebetulan merampok sebuah bank dalam waktu bersamaan.  Terdiri dari 8 Stand Up Comedian yang masing-masing membawa character yang unik ke dalam cerita, serta masing-masing mempunyai alasan dan motif yang berbeda-beda. Ada yang merampok karena Galau, Hobby, Iseng, Adrenaline Sport, bahkan ada yang Merampok untuk menghidupi panti asuhan dan rakyat miskin.","Aksi, Komedi",Anggy Umbara,https://image.tmdb.org/t/p/w500/e7LOkm4WDVBYAZgi5xaFQmBrPcp.jpg,https://image.tmdb.org/t/p/original/4JBmKvRdJEsn8qHdWgMYrNFFiO2.jpg,105,Released,"NHK Enterprises, Falcon Pictures"
337023,99 Cahaya di Langit Eropa: Part 2,99 Cahaya di Langit Eropa: Part 2,2014-03-06,2014,7.0,1,0.17,"Film ini melanjutkan perjalanan mengungkap rahasa Islam di Eropa. Kali ini, Hanum Rais (Acha Septriasa) dan Rangga Almahendra (Abimana Aryasatya) menjelajah kota Cordoba, di Selatan Spanyol. Dilanjutkan pencarian tokoh Fatma (Raline Shah) di kota Istanbul, Turki.",Drama,Guntur Soeharjanto,https://image.tmdb.org/t/p/w500/ic2REXT3UM6lrGnfNt1VvQ61kJP.jpg,https://image.tmdb.org/t/p/original/oI1MNVxhCk8DHUG8qvX0r2WYh3D.jpg,99,Released,Maxima Pictures
404939,Mengejar Malam Pertama,Mengejar Malam Pertama,2014-08-14,2014,0.0,0,0.21,"Doni adalah cowok narsis berotak mesum yang anti komitmen namun harus segera menikah atas permintaan ibunya. Atas saran Bang Jon si tukang Mie ayam berbadan kekar, ia pun mengadakan audisi calon istri. Sayangnya, tidak ada satupun kandidat bermutu bisa dipilih. Tanpa sengaja, Doni bertemu dengan Gysta. Ternyata Gysta adalah anak dari bu Broto, teman Mamanya Doni semasa muda. Merekapun dijodohkan.",Komedi,Chiska Doppert,https://image.tmdb.org/t/p/w500/yrInh1IN3GJmLdpwB7UtkS4XSf9.jpg,https://image.tmdb.org/t/p/original/d2BUQrtp4aj8lvIV4RvP9K00WdX.jpg,88,Released,"BIC Pictures, Mitra Pictures"
652802,Sarang Hantu Jakarta,Sarang Hantu Jakarta,2014-06-01,2014,0.0,0,0.06,"David, eksekutif muda, istrinya Selva, dan putri mereka Binta merasa baik-baik saja, meskipun ada banyak keanehan di rumah mereka, seperti hantu, pocong, penampakan kuntilanak dan peristiwa mengerikan lainnya. David selalu berhasil meyakinkan Selva jika semua cerita horor yang ditakuti oleh pelayan mereka adalah ilusi yang berlebihan. Tapi, hantu itu nyata, jadi para pelayan tidak suka bekerja di rumah. Belakangan terungkap bahwa hantu yang sering mengganggu keluarga David adalah hantu mantan pacar yang meninggal karena bunuh diri atau kecelakaan. Mereka tampak menyukai penampilan ketika mereka bertemu kematian.",Kengerian,Ibnu Agha,,,83,Released,
756537,Hijabers in Love,Hijabers in Love,2014-09-04,2014,6.0,1,0.11,"Annisa, 15 tahun, yang tomboy, berkenalan dan akhirnya bersahabat dengan Jelita, yang berjilbab, pemalu, dan pendiam. Ketika presentasi sejumlah ekskul, perhatian Annisa tertumpah pada sosok Ananda, penggiat Rohis, yang tak mengenal konsep pacaran. Jelita tertarik dengan aktifitas Rohis dan segera bergabung.  Annisa jatuh cinta pada pandangan pertama pada Ananda. Namun, ia melihat Ananda lebih memperhatikan Jelita yang berjilbab. Annisa pun memutuskan berjilbab agar Ananda memperhatikan dirinya. Ternyata Jelita pun diam-diam memendam rasa suka pada Ananda. Ini membuat persahabatannya dengan Annisa retak. Keputusan Annisa berjilbab menemukan tantangan ketika diterima mengikuti program pertukaran pelajar di Amerika.",,Ario Rubbik,https://image.tmdb.org/t/p/w500/9hpRiK9ZYtpvIAR85iwMmAyjrZ0.jpg,,100,Released,
372997,Merangkai Pelangi,Merangkai Pelangi,2014-12-10,2014,9.5,1,0.08,seorang pria yang menunjukan cintanya lewat puisi dan bunga,"Drama, Musik, Percintaan",Yudha Wibisono,,,11,Released,Livincinema
495569,Solit4ire,Solit4ire,2014-11-13,2014,0.0,0,0.08,"Terinspirasi dari permainan kartu Solitaire dengan 4 jenis kartu (Spade, Heart, Diamond, Club). Empat orang yang berbeda, walau saling terkait mengalami pengalaman yang mengerikan pada satu malam.","Kengerian, Cerita Seru",Rico M. Bradley,https://image.tmdb.org/t/p/w500/vffk7NLoK5NMTAdpC9T0CLOD9v.jpg,,97,Released,E-motion Film
218634,Kawin Kontrak 3,Kawin Kontrak 3,2013-09-04,2013,0.0,0,0.16,"Petualangan Kang Sono berakhir setelah ia menjadi TKI di Hong Kong. Penerusnya adalah Gary. Selain artis, Gary juga makelar kawin kontrak. Ia pencari pasangan perempuan di desa Sukasararean.  Mereka yang mencoba mencari pasangan kontrak tersebut adalah Cheppy, sutradara gagal yang khusus pembuat film porno. Itol, penyanyi boyband gagal, dan Dani, perjaka tua. Petualangan mereka di kampung yang penuh gadis cantik mempertemukan mereka dengan Bunda Jahe (Janda Herang).","Komedi, Percintaan",Awi Suryadi,https://image.tmdb.org/t/p/w500/aWovldKhvzVvTqBKYjfcaWRC1N4.jpg,,86,Released,MVP Pictures
218667,308,308,2013-06-04,2013,0.0,0,0.17,"Naya baru saja lulus kuliah dan sedang kesulitan mendapatkan pekerjaan. Caca dan Jefri, sahabatnya menawarinya pekerjaan sebagai housekeeping supervisor Samudra Hotel di Pelabuhan Ratu. Naya menerimanya karena membutuhkan uang untuk hidup dan biaya sekolah Aira, adiknya yang masih kecil. Sena, general nanager hotel itu adalah sahabat Jefri yang sudah lama menyukai Naya. Ia memperbolehkan Naya membawa Aira bersamanya.  Ketika Naya dan Aira sampai di sana, ternyata hotel ditutup selama seminggu karena ada pengasapan malaria dan demam berdarah. Semua karyawan hotel pulang kecuali beberapa orang: Sena, Erin, Prila, Dudi, dan Harlan. Keadaan hotel yang sepi membuat Naya merasa kurang nyaman, apalagi ada dua peraturan aneh.",Kengerian,Jose Poernomo,https://image.tmdb.org/t/p/w500/vwXAfY5sQ7UF5RIB5uTnSgsh8Qb.jpg,,120,Released,Hitmaker Studios
297017,Soekarno: Indonesia Merdeka,Soekarno: Indonesia Merdeka,2013-12-11,2013,7.4,13,0.38,"Film Soekarno kembali hadir dalam menyambut HUT RI di tahun 2014 ini dalam versi yang lebih panjang dan lengkap. Cerita dimulai tahun 1920an, saat Sukarno muda tinggal di rumah HOS Cokroaminoto, di Surabaya. Dari Cokroaminoto, Sukarno belajar menundukkan hati rakyat. Rakyat merupakan inspirasi Soekarno melakukan perjuangan melawan penjajah. Keinginan Soekarno satu: melihat Indonesia merdeka!","Drama, Sejarah",Hanung Bramantyo,https://image.tmdb.org/t/p/w500/2GtBiy4ZcaF268ylgyOqMydEjqP.jpg,https://image.tmdb.org/t/p/original/1YQXrRWF5ziO603Ll0bVMVVQJNn.jpg,137,Released,MVP Pictures
442507,Madre,Madre,2013-03-28,2013,8.0,1,0.37,"Hidup Tansen, 27 tahun, berubah dalam sehari hanya dengan sebuah kunci lemari es yang di dalamnya terdapat adonan biang roti berumur 70 tahun bernama Madre. Kakeknya, Tan Sin Gie, memberikan warisan Madre kepada Tansen. Selama ini Tansen tak pernah tahu kalau seperempat darah miliknya berasal dari kakeknya yang beretnis Tionghoa dan seperempat darah India dari neneknya.",Drama,Benni Setiawan,https://image.tmdb.org/t/p/w500/cCgtqkvQ65X5gvOh4xkuAk3ErmW.jpg,https://image.tmdb.org/t/p/original/lKS8RUXVwZkK3ctdOIDMdaXDjQ1.jpg,107,Released,"Mizan Productions, Bentang Pictures"
518243,Finding Srimulat,Finding Srimulat,2013-04-11,2013,0.0,0,0.24,"Diterpa masalah keuangan, seorang perencana acara yang juga calon ayah mencoba menyatukan kembali grup komedi ikonik untuk sebuah penampilan yang akan menyelamatkannya.",Komedi,Charles Gozali,https://image.tmdb.org/t/p/w500/nsbFalAhHcnKzKTRjdmvbidyEOf.jpg,https://image.tmdb.org/t/p/original/bMxp6HTiRGsAG9MP71xztraUjk1.jpg,100,Released,Magma Entertainment
217560,Cinta Brontosaurus,Cinta Brontosaurus,2013-05-07,2013,6.2,3,0.17,"Dika (Raditya Dika), penulis, baru saja putus cinta dengan Nina (Pamela Bowie). Semenjak itu, dia percaya bahwa cinta bisa kadaluarsa. Kosasih (Soleh Solihun), agen naskah Dika, mencoba untuk membuat Dika yakin terhadap cinta kembali, seperti Kosasih dengan istrinya Wanda (Tyas Mirasih). Usaha ini, membawa Dika ke dalam serangkaian perkenalan absurd.  Cinta bisa datang tanpa persiapan. Dika bertemu dengan Jessica (Eriska Rein), yang jalan pikirannya sama anehnya dengan Dika. Semakin Dika kenal dengan Jessica, semakin dia bertanya: apa benar cinta bisa kadaluarsa?  Sementara itu Soe Lim (Ronny P Tjandra), menawarkan memfilmkan buku Dika, Cinta Brontosaurus. Dika berusaha menulis skrip film tersebut. Masalah timbul ketika Soe Lim mencoba untuk mengubah naskah asli Dika menjadi film horror yang sedang laku.","Komedi, Drama, Percintaan",Fajar Nugros,https://image.tmdb.org/t/p/w500/pxqFjaGiKqh6vNwwPJzf82V1T9D.jpg,https://image.tmdb.org/t/p/original/2OgBGwM19ONS3jctRsKHAadGYDI.jpg,98,Released,Starvision Plus
217553,Get M4rried,Get M4rried,2013-08-01,2013,7.0,1,0.21,"Saat merayakan Mae (Nirina Zubir) dan Rendy (Nino Fernandez) ulang tahun anaknya dengan menggunakan Eman (Amink) sebagai organisatornya, mereka mendapat kabar mengagetkan. Sophie (Tatjana Saphira) mengumumkan kalau ia dan Kim Bum Park (Math Wang Kie), cowok Korea baru ia kenal tiga minggu saat ia liburan ke Korea, akan menikah.  Mama Rendy (Ira Wibowo) yang dulu menikah pertama kali saat berusia 18 dengan pangeran dari Malaysia menyambut berita ini dengan gembira. Apalagi Kim adalah anak pemilik perusahaan elektronik top di Korea. Babe (Jaja Mihardja) dan Bu Mardi (Meriam Bellina) langsung menuduh Sophie pasti sudah hamil duluan.  Benny (Ringgo Agus Rahman) yang sedang meniti karir untuk menjadi Ustad, karena Ustad zaman sekarang banyak duitnya, mendukung pernikahan Sophie, dan siap menikahkan kalau Sophie mau menikah siri.",Komedi,Monty Tiwa,https://image.tmdb.org/t/p/w500/b5Wx7VxSzrsO4H7ls9bIxSefZI8.jpg,https://image.tmdb.org/t/p/original/ddqFh1TDmT2OfNvMksKfba3zOTz.jpg,112,Released,Starvision Plus
217550,La Tahzan,La Tahzan,2013-08-01,2013,0.0,0,0.45,"Viona (Atiqah Hasiholan) dan teman-temannya mendarat di bandara Kansai, Osaka, untuk program belajar sambil bekerja di Jepang. Viona bertemu Yamada (Joe Taslim), seorang fotografer freelance, yang ternyata mengerti bahasa Indonesia. Hal ini membuat Viona mendapat sahabat baru. Mereka menjadi akrab. Yamada berterus terang ingin melamarnya. Bahkan Yamada siap pindah agama.  Pada persiapan Yamada menjadi mualaf, Viona teringat seorang ibu yang menitipkan alamat untuk mencari anaknya di Jepang; Hasan (Ario Bayu), teman dekat Viona. Hasan yang selama ini menghindar dari Viona dan keluarga, pergi dengan meninggalkan pertanyaan bagi Viona. Dengan bantuan Yamada, akhirnya Hasan berhasil ditemukan. Kondisi Hasan sama sekali berbeda. Pada sebuah malam di Osaka Port, Hasan menceritakan semuanya. Kejujuran yang menjawab pertanyaan Viona dan Yamada, Ketiganya dalam persimpangan memilih agama, kekasih dan masa depan.","Drama, Percintaan",Danial Rifki,https://image.tmdb.org/t/p/w500/9qIxs68evIHhS4jwNYWBLpjrZo3.jpg,https://image.tmdb.org/t/p/original/mduYIAObKlAG1Nfn6lLorXEfZa6.jpg,98,Released,Falcon Pictures
231297,Tampan Tailor,Tampan Tailor,2013-03-28,2013,0.0,0,0.15,"Film ini mengisahkan hidup Topan (Vino G. Bastian) dan anaknya Bintang (Jefan Nathanio).  Topan yang seorang penjahit, baru saja kehilangan istrinya, kehilangan toko jahitnya dan nyaris kehilangan masa depan anaknya yang dikeluarkan dari sekolah karena tidak ada lagi biaya.  Tapi Topan tidak pernah kehilangan harapan. Dengan bantuan sepupunya, Darman (Ringgo Agus Rakhman), Topan mulai menjajal segala pekerjaan untuk terus menyambung hidup. Mulai dari calo tiket kereta, kuli bangunan hingga pekerjaan yang berbahaya, stuntman.  Semangat Topan yang luar biasa ini, memikat hati Prita (Marsha Timothy), gadis penjaga kios di samping stasiun kereta. Dan, dengan bantuan Prita pula, akhirnya Topan dapat kembali bangkit dan mengembalikan semua mimpinya.",Drama,Guntur Soeharjanto,https://image.tmdb.org/t/p/w500/8MK7nWzAeQOqtFdGGLDYsPvUt5H.jpg,https://image.tmdb.org/t/p/original/fT2wXDEGPiiooUoYtKlUz2hO3tD.jpg,100,Released,Maxima Pictures
218635,Malam Seribu Bulan,Malam Seribu Bulan,2013-09-18,2013,0.0,0,0.18,"Ujang dan Pujono terjerumus ke dunia hitam demi meningkatkan taraf hidup mereka. Pertemuan Ujang dan Pujono berawal ketika sama-sama dibekuk warga atas tindakan kejahatan yang mereka lakukan. Ujang kepergok saat menghipnotis orang, sedangkan Pujono ditangkap saat tertangkap basah sedang menjambret.  Mereka lalu sadar dan berjanji untuk memulai hidup baru di luar Jakarta. Untuk mengumpulkan modal usaha, Ujang dan Pujono tetap melakukan yang tidak halal meski berjanji akan mengembalikan hasilnya jika sudah sukses nanti. Di luar dugaan, warga desa yang mereka singgahi dipenuhi dengan orang-orang baik. Mereka berfikir ulang untuk melakukan kejahatan disana.",Drama,Wibi Aregawa,https://image.tmdb.org/t/p/w500/hT5Z2qVtzm3ZaSxFLh2gM20K5qS.jpg,,0,Released,786 Production
337310,Di Sini Ada Yang Mati,Di Sini Ada Yang Mati,2013-02-21,2013,0.0,0,0.24,"Sarah, Jasmine, dan Lydia adalah tiga sahabat dengan karier yang sukses. Lydia mengungkapkan bahwa ia hamil akibat hubungannya dengan Christian, seorang playboy terkenal. Ketiganya memutuskan untuk pergi ke vila terpencil milik Christian yang dikelilingi pemandangan alam indah. Setelah tiba, mereka mengalami kejadian aneh dan menakutkan, termasuk teror dari arwah perempuan yang tidak dikenal. Situasi semakin buruk ketika Christian menjadi agresif dan mengancam keselamatan mereka. Sarah, Jasmine, dan Lydia harus bekerja sama untuk menyelamatkan diri dari ancaman supernatural dan bahaya dari Christian.",Kengerian,Nayato Fio Nuala,https://image.tmdb.org/t/p/w500/vETK2n6xuQMttgL0v1vJ6BnfplL.jpg,,68,Released,"Mitra Pictures, BIC Pictures"
380919,Laskar Pelangi 2: Edensor,Laskar Pelangi 2: Edensor,2013-12-24,2013,7.8,3,0.28,"elanjutkan ceritera Laskar Pelangi dan Sang Pemimpi, Edensor mengisahkan perjalanan Ikal, bersama sepupunya, Arai yang berhasil mendapatkan beasiswa kuliah di Sorbone – Paris.  Petualangan mereka di eropa, justru dimulai dengan sebuah kesialan. Gara gara terlambat tiba di asrama transit yang dituju, Ikal dan Arai diusir oleh Van Der Wall, sang induk semang asrama. Akibat kelalaian itu mereka harus membayar dengan udara dingin dibawah nol derajat. Menembus udara dingin bersalju, tubuh Ikal membeku. Arai berusaha untuk menyelamatkan dengan mengubur Ikal dalam tumpukan humus. Upaya Arai ini menyelamatkan mimpi Ikal.",Drama,Benni Setiawan,https://image.tmdb.org/t/p/w500/31O087KbzikZo6isGSyJHd19mEF.jpg,https://image.tmdb.org/t/p/original/dFOjNaUC01UktexhY2qjZj37EEB.jpg,87,Released,"Falcon Pictures, Mizan Productions"
219048,Manusia Setengah Salmon,Manusia Setengah Salmon,2013-10-09,2013,6.4,5,0.1,"Ketika ibunya (Dewi Irawan) memutuskan pindah dari rumah masa kecil, Dika (Raditya Dika), penulis, justru berusaha pindah dari hal-hal yang selama ini susah dilepaskan: cintanya dengan Jessica (Eriska Rein) hingga hubungannya dengan bapaknya (Bucek).  Dika membantu mencari rumah baru. Rumah yang mereka kunjungi ternyata tidak ada yang cocok. Akhirnya Dika menemukan sebuah rumah, yang menurut ibunya sempurna. Bersamaan dengan itu, Dika bertemu dengan Patricia (Kimberly Ryder) nan cantik. Pendekatan dimulai.  Ketika sudah pindah ternyata Dika tidak menyukai rumah barunya. Kenangan akan rumah lama masih membekas. Sementara itu, hubungan Dika dengan Patricia juga terganggu, karena Jessica masih membayang-bayangi. Dika pada akhirnya menyadari bahwa perjalanannya untuk pindah rumah, juga merupakan perjalanan berpindah dari hal-hal yang selama ini menahannya menuju kedewasaan.","Percintaan, Komedi, Drama",Herdanius Larobu,https://image.tmdb.org/t/p/w500/3V8xJIFe1GTEcB3omF4lYlPQJji.jpg,https://image.tmdb.org/t/p/original/h18ytTUv4BT2g6zbJyhpXltBOJb.jpg,100,Released,Starvision Plus
183139,Demi Ucok,Demi Ucok,2013-01-03,2013,0.0,0,0.12,Gloria ingin menjalani hidup yang menyenangkan dan mewujudkan mimpinya untuk membuat film—tetapi ibunya punya rencana-rencana lain untuknya.,"Drama, Komedi",Sammaria Simanjuntak,https://image.tmdb.org/t/p/w500/nEJiGFPEIpeSqtgohJHIyTwDy3z.jpg,https://image.tmdb.org/t/p/original/qXFfbRxbA3QXcA9rzg2hWS4XUGK.jpg,79,Released,"Kepompong Gendut, Royal Cinema Multimedia"
218663,Refrain,Refrain,2013-06-19,2013,5.5,5,0.31,"Nata dan Niki sudah bersahabat lama. Mereka bersekolah di tempat sama. Mereka mempunyai sebuah benda yang spesial: trampoline usang yang menyimpan banyak kenangan. Nata juga menyukai Niki sejak lama. Mengingat persahabatan mereka, Nata memilih menjadi pengagum rahasia Niki.  Kemudian, ada Annalise. Annalise adalah murid pindahan. Dia anak model terkenal yang kekurangan kasih sayang karena pekerjaan mamanya yang super sibuk. Keramahan Niki, kebaikan Nata, membuat Annalise tidak kesepian lagi dan menemukan orang-orang yang disebut “sahabat“.","Komedi, Drama, Percintaan",Fajar Nugros,https://image.tmdb.org/t/p/w500/kIftw6diUgyxzzFR5ATvHh3WNy3.jpg,https://image.tmdb.org/t/p/original/AaQlimWhlm7ZagEXjUJGi1lBQfM.jpg,80,Released,Maxima Pictures
257194,Tenggelamnya Kapal Van Der Wijck,Tenggelamnya Kapal Van Der Wijck,2013-12-19,2013,7.3,9,0.64,"Nusantara 1930, dari tanah kelahirannya Makasar, Zainuddin berlayar menuju tanah kelahiran ayahnya di Batipuh, Padang Panjang. Diantara keindahan ranah negeri Minangkabau ia bertemu Hayati, gadis cantik jelita, bunga di persukuannya. Kedua muda mudi itu jatuh cinta. Apa daya adat dan istiadat yang kuat meruntuhkan cinta suci mereka berdua. Zainuddin hanya seorang melarat tak berbangsa, sementara Hayati perempuan Minang keturunan bangsawan.","Drama, Percintaan",Sunil Soraya,https://image.tmdb.org/t/p/w500/cBBEX539AdDrt4z3oeAVdzmRy2P.jpg,https://image.tmdb.org/t/p/original/vqd8IPPOxOgWbh8LSZWe0OT4eU6.jpg,163,Released,Soraya Intercine Films
1104201,Gundah Gundala,Gundah Gundala,2013-08-22,2013,0.0,0,0.07,"Gundala, who has retired to become a superhero, smokes a cigarette and shares his anxiety with a man at a cigarette shop.",Komedi,Wimar Herdanto,https://image.tmdb.org/t/p/w500/aQwM4jvky5ARI4CUXwdmyIl35JJ.jpg,,7,Released,Nganu Productions
247150,Rectoverso,Rectoverso,2013-02-14,2013,7.4,4,0.19,"A love-themed anthology adapted from the music album of the same title by Dewi ""Dee"" Lestari.","Drama, Aksi",Marcella Zalianty,https://image.tmdb.org/t/p/w500/40q8frCoQq1LyILZX254mXt9TUO.jpg,https://image.tmdb.org/t/p/original/mTaCU0VVQOMSoZBpO6uwaPyRZUq.jpg,110,Released,Keana Production
217536,Cahaya Kecil,Cahaya Kecil,2013-09-26,2013,0.0,0,0.15,"Gilang Krishna (Petra Sihombing) tidak melanjutkan kuliah musiknya di Amerika karena ayahnya, Arya Krisna, (Andy /rif) masuk penjara akibat narkoba. Gilang marah pada ayahnya yang begitu ia cintai dan kagumi. Abraham (Verdi Solaiman), mantan manajer Arya, mengajak Gilang terjun ke dunia musik. Ia memanfaatkan momen kesedihan itu, mendramatisirnya dan menjualnya. Gilang tampil tanpa nama belakang Krisna. Sukses, Ia juga pacaran dengan Saskia (Taskya Namya), model.  Arya keluar dari penjara. Gilang tak mau menerima ayahnya. Hubungan ayah-anak ini jadi sorotan media. Sikap gilang nyaris menjatuhkan namanya. Gilang berbalik sikap. Di depan umum ia jadi anak yang baik, tapi di belakang ia tetap belum bisa memaafkan ayahnya. Gilang bersikap demikian demi popularitas, Arya demi dekat anaknya.","Drama, Musik",Benni Setiawan,https://image.tmdb.org/t/p/w500/7deK3YY8zBjG1phXZc0Gr5wGNI2.jpg,,97,Released,Phinaeon Entertainment
218638,Kemasukan Setan,Kemasukan Setan,2013-09-18,2013,7.0,1,0.11,Eddy mempunyai hobi cukup aneh: mencari setan dan ingin bertemu dengan setan. Eddy selalu berfikir secara logis dan tidak percaya sekadar omongan. Semua harus dengan bukti nyata. Hampir dua tahun usahanya mencari bukti tentang keberadaan setan selalu menuai hasil nihil. Suatu hari Eddy merasa jenuh. Akhirnya dia memilih jalan ekstrem untuk bisa berkomunikasi dengan mahluk “gaib”.,Kengerian,Muhammad Yusuf,https://image.tmdb.org/t/p/w500/iaxxJ7vwQPWR36qkDm3vXdaUAP8.jpg,,90,Released,
231292,Bangun Lagi Dong Lupus,Bangun Lagi Dong Lupus,2013-04-03,2013,5.0,1,0.33,"Cerita berawal ketika Lupus pindah ke SMU Merah Putih. Disana dia bertemu dengan Poppie (Acha Septriasa) dan langsung jatuh hati pada cewek itu. Namun Poppie sudah punya kekasih lain yaitu Daniel (Kevin Julio).  Di sekolah yang baru itu, Lupus bertemu dengan teman-teman baru yang unik, seperti Gusur (Jeremy Christian), seniman aneh yang memiliki cita-cita untuk membeli rumah buat Engkongnya yang selama ini tinggal di bersama kakak iparnya.  Disaat Poppie sibuk dengan urusannya, Lupus dan para sahabatnya merencanakan untuk ikut lomba go green yang diadakan Kementerian Kehutanan meski sempat ditentang oleh Kepala Sekolah.","Percintaan, Drama, Komedi",Benni Setiawan,https://image.tmdb.org/t/p/w500/uT7LVtdo5MofqwbFuiZKsGQSHke.jpg,https://image.tmdb.org/t/p/original/rIGyqVBWYuI9iyHPItmF5xvLHP1.jpg,90,Released,Komando Pictures
1094652,Ruins Alone in Jogjakarta,Ruins Alone in Jogjakarta,2013-10-03,2013,0.0,0,0.05,"Ruins Alone is Tatsuya Yoshida, one great artist who had a reputable name on the music scene in Japan. His visit to Yogyakarta last year was an opportunity to know him closely, literally. Either in his performance at Yes No Klub, his unique interest in old temples and ruins, or his mature and down-to-earth character. In 25 minutes, this film covers all of it, but also gives a chance to anyone who wants to know Tatsuya Yoshida, literally.",Dokumenter,Rully Shabara,https://image.tmdb.org/t/p/w500/at1hBT6JZQKY3XcWJ5JXABIIPzw.jpg,,23,Released,
790387,Hasduk Berpola,Hasduk Berpola,2013-03-21,2013,0.0,0,0.09,"Film ini bercerita bahwa perjuangan mempertaruhkan nyawa untuk bangsa dan negara di era kemerdekaan sebenarnya tidak ada artinya. Beginilah perasaan Masnun, mantan pejuang veteran. '45. Di Surabaya yang konon terkenal sebagai kota pahlawan, kehidupan Masnun (yang sering dielu-elukan sebagai pahlawan) terabaikan. Ironis sekali.",Drama,Harris Nizam,https://image.tmdb.org/t/p/w500/yfKn6gZCt7WnbvXP0woP7WRzwxa.jpg,,99,Released,
504217,Mursala,Mursala,2013-04-18,2013,0.0,0,0.15,"Berniat mengenalkan kekasihnya kepada orang tuanya, Anggiat Simbolon (Rio Dewanto) justru mendapati kenyataan mereka tidak bisa bersatu. Clarissa Saragi (Anna Sinaga) menyusul Anggiat yang sedang pulang ke rumah orang tuanya di daerah Tapanuli Tengah. Mereka berencana menikah dalam waktu dekat",Drama,Viva Westi,https://image.tmdb.org/t/p/w500/H5j4aqfJYPFvY9zizpd0JrJvcB.jpg,https://image.tmdb.org/t/p/original/gItCHR6G50xzedxuVZh0F50PJUV.jpg,92,Released,Raj's Production
419520,99 Cahaya di Langit Eropa,99 Cahaya di Langit Eropa,2013-12-05,2013,7.0,3,0.11,"Film ini menceritakan pengalaman nyata sepasang mahasiswa Indonesia yang kuliah di Eropa. Bagaimana mereka beradaptasi, bertemu dengan berbagai sahabat hingga akhirnya menuntun mereka kepada rahasia besar Islam di benua Eropa.",Drama,Guntur Soeharjanto,https://image.tmdb.org/t/p/w500/uj5BjdJlTPMKkGESmrUlsO2tU0O.jpg,https://image.tmdb.org/t/p/original/mQVrw4doYbC0AoZyUAvJ1Yc425v.jpg,105,Released,Maxima Pictures
504229,Sokola Rimba,Sokola Rimba,2013-11-21,2013,6.9,7,0.09,"Setelah hampir tiga tahun bekerja di sebuah lembaga konservasi di wilayah Jambi, BUTET MANURUNG (Prisia Nasution) telah menemukan hidup yang diinginkannya,  mengajarkan  baca tulis dan menghitung kepada anak - anak  masyarakat suku anak dalam, yang dikenal sebagai Orang Rimba, yang tinggal di hulu sungai Makekal di hutan bukit Duabelas.","Drama, Sejarah",Riri Riza,https://image.tmdb.org/t/p/w500/xkApfEJYkN4PHtIahTYZzBZyziu.jpg,https://image.tmdb.org/t/p/original/muLjwQZqSMXv46X7B6TkVemOKCd.jpg,90,Released,Miles Films
218651,Coboy Junior: The Movie,Coboy Junior: The Movie,2013-06-05,2013,6.0,1,0.26,"Kisah perjuangan Coboy Junior (Bastian, Iqbal, Aldi, Kiki) grup nyanyi remaja, mengikuti kompetisi nyanyi dan tari terbesar di Indonesia. Kompetisi ini bukan saja cuma menjadi ajang pembuktian diri untuk menjadi yang terbaik, namun juga menjadi sebuah proses penting menuju titik pendewasaan, pembentukan karakter, dan penentuan pilihan serta prioritas pada hidup masing-masing personil.  Bastian harus menjadi sosok yang bisa mempererat teman-teman. Kemampuan menarinya menjadi poin penting. Iqbal harus menentukan prioritas dalam menentukan tujuan serta tugas-tugas hidupnya di saat dipertanyakan oleh sang ayah. Aldi, harus bisa membelah fokus antara persahabatannya dengan Lovely dan kekompakan Coboy Junior. Dan Kiki terus memberikan masukan untuk kemajuan grup mereka. Bahkan, saat Kiki mendapat musibah yang mengancam keberlangsungan grup di kompetisi itu.  Rival-rival terberat mereka, Superboyz dan The Bangs terus ingin menjatuhkan Coboy Junior dengan segala cara.","Drama, Musik",Anggy Umbara,https://image.tmdb.org/t/p/w500/keDEUdPZBCgGA4FIUOJ2kS55939.jpg,https://image.tmdb.org/t/p/original/ar1dX6I43yc0hynHfYGrSl7vFaE.jpg,125,Released,Falcon Pictures
457590,Slank Nggak Ada Matinya,Slank Nggak Ada Matinya,2013-12-24,2013,7.0,1,0.38,"Pada tahun 1997, Abdee (Deva Mahenra) dan Ridho (Ajun Perwira) dipanggil SLANK untuk datang ke Potlot dan bermain musik bersama Bimbim (Adipati Dolken) dan Ivanka (Aaron Ashab), yang ingin membuktikan bahwa SLANK tidak bubar sejak ditinggal personil sebelumnya, dan juga tampil sebagai additional player untuk posisi gitaris yang masih kosong dalam rangkain tur mereka dan diubah cara penampilan mereka oleh pengarah gaya yang bernama Nadine (Nadine Alexandra).","Drama, Musik",Fajar Bustomi,https://image.tmdb.org/t/p/w500/kmJ9r3phDsbj1ykgx8MpDtG6fPO.jpg,https://image.tmdb.org/t/p/original/vnbuAxmbuCDSd0ktp5725nR06Yt.jpg,96,Released,Starvision Plus
250820,Cinta Dalam Kardus,Cinta Dalam Kardus,2013-06-13,2013,5.0,1,0.18,"Film ini bercerita tentang Miko, orang yang percaya bahwa cinta itu menuntut dan tidak pernah bisa menerima seseorang apa adanya. I love you just the way you are itu justru tanda buat berpisah. Dan persis itulah yang ia rasakan saat ini, pada hubungannya dengan Putri. Miko mulai mempertimbangkan untuk putus.","Komedi, Percintaan",Salman Aristo,https://image.tmdb.org/t/p/w500/rLew8oTjGDCF47MGbrFhQCtzXgD.jpg,https://image.tmdb.org/t/p/original/xKnF4rp7oN5sduJCyRtn9JhI4d6.jpg,90,Released,
504219,Noah Awal Semua,Noah Awal Semua,2013-11-11,2013,0.0,0,0.19,"Peterpan adalah sebuah nama yang harus mereka relakan saat kedua anggotanya Andika dan Indra tidak lagi memiliki visi yang sama dengan Ariel, Lukman, Uki dan Reza. Dua minggu sebelum nama NOAH dikumandangkan, sebuah kelompok musik mengalami saat terberatnya saat Ariel sang Vokalis harus mendekam di penjara akibat tuduhan keterlibatannya dalam kasus video.","Musik, Drama, Dokumenter",Putrama Tuta,https://image.tmdb.org/t/p/w500/4NWorX6huVYHS6h6yTOLZVL1XU0.jpg,https://image.tmdb.org/t/p/original/pCUNAHhZtJqpasQXy4RBsu064ti.jpg,73,Released,"Musica Studio's, 700 Pictures, Berlian Entertainment"
218640,Wanita Tetap Wanita,Wanita Tetap Wanita,2013-09-11,2013,0.0,0,0.11,"Kisah tentang kekuatan perempuan menghadapi konflik yang ada di sekitar kita. Banyak orang menganggap perempuan lemah dan hanya menggantungkan hidup pada lelaki. Tapi, tidak banyak yang menyadari betapa hebatnya perempuan. Kisah tentang lima perempuan dalam lima cerita yang saling berkaitan, disajikan sebagai omnibus yang tidak berdiri sendiri-sendiri, tapi disusun dengan saling menjalin.",Drama,Irwansyah,https://image.tmdb.org/t/p/w500/tIMUyQlqF5KLrpmz2ufIcDDeUjH.jpg,,90,Released,
572029,Walau Siapapun Aku,Walau Siapapun Aku,2013-10-06,2013,0.0,0,0.14,"Dendam tak akan meyelesaikan masalah apalagi membawa kebahagiaan. Justru dendam hanya akan mengorbankan orang-orang yang tak bersalah, orang yang tak tahu menahu akan permasalahan yang terjadi. Seperti apa yang telah dialami oleh Aisyah. Si kecil Aisyah tak pernah tau apa sebab ibunya (Maisarah) begitu membencinya. Sofyan pun, ayah Aisyah tak pernah memperdulikan Aisyah. Ikbal (mantan kekasih Maisarah) begitu sedih melihat keadaan Aisyah yang kerap mendapat perlakuan kasar dari ibunya. Maisarah dipaksa menikah dengan Sofyan oleh ibunya. Sofyan adalah teman sekantor dengan ibu Maisarah. Ibu Maisarah memiliki dendam teramat dalam terhadap Diana (istri sofyan) yang tega merebut Sofyan darinya. Akhirnya ia merancang sebuah skenario untuk menjebak Sofyan, agar Sofyan menikah dengan Maisarah yang notabenenya adalah kekasih dari Ikbal. Pernikahan Sofyan dengan Maisarah membawa dampak yang sangat menyedihkan terhadap Aisyah. Bagaimana kisah Aisyah, Maisarah, Ikbal selanjutnya..??","Drama, Cerita Fiksi, Cerita Seru, Kejahatan",Zamri Zakaria,https://image.tmdb.org/t/p/w500/sz3bFO9u9uTOUDtvRKv7t7RO28P.jpg,,88,Released,
643168,My Last Love,My Last Love,2012-01-19,2012,6.5,2,0.21,"Angel (Donita) percaya bahwa cinta sejatinya adalah Hendra (Ajun Perwira). Namun, musibah tragis menimpanya. Mobil mewah yang dikendarai Martin (Evan Sanders), menabraknya. Martin bukannya menolong tetapi malah kabur. Angel selamat, tapi kenyataan pahit harus diterimanya. Kedua kakinya cacat, dan Angel semakin terpukul oleh sikap Hendra yang menghilang begitu saja tanpa kabar setelah mengetahui keadaan Angel.","Drama, Percintaan",Nayato Fio Nuala,https://image.tmdb.org/t/p/w500/slMrxaveONCtfCu2GwwaZfDWE9e.jpg,,91,Released,MD Pictures
648498,Kutukan Arwah Santet,Kutukan Arwah Santet,2012-09-27,2012,5.5,1,0.15,"Ada sebuah rahasia besar yang disembunyikan oleh Raymond sebelum serangkaian kematian terjadi di kampus. Dalam sebuah pesta pribadi, Beby, pacarnya, menjebak Myrna, temannya sendiri. Firman, kekasih Myrna, memaksa dia untuk berhubungan seks di bawah pengaruh obat-obatan. Vaginismus terjadi, tubuh Myrna dan Firman tidak bisa dipisahkan. Firman malu dan meminta bantuan dari teman-temannya, Johan dan Fandy. Kepanikan Firman menyebabkan kematian Myrna dan laboratorium kampus menjadi saksi dari tragedi memalukan. Untuk menghilangkan bukti, Firman, Johan, dan Fandy mengubur tubuh Myrna di bawah toilet kampus.",Kengerian,Hanny Mustofa,https://image.tmdb.org/t/p/w500/q4DGjjaypNUY4BLzrvLsUqzV5FA.jpg,,81,Released,Sentra Films
182959,#republiktwitter,#republiktwitter,2012-02-12,2012,8.0,2,0.11,"Berlatar belakang kegilaan anak muda akan Twitter dan jejaring sosial, #RepublikTwitter adalah cerita tentang Sukmo (Abimana Aryasatya), lelaki jogja yang ambisius, lucu dan cerdas. Sukmo menjalani kesehariannya leih banyak di belakang komputer, hingga ia jatuh cinta kepada Hanum (Laura Basuki), perempuan cantik yang pemurung, yang dikenalnya juga melalui twitter. Bagi Sukmo, dunia twitter adalah dirinya, apa adanya. sedang bagi Hanum, twitter adalah bentuk pelariannya, alter ego bagi keceriaan yang tidak pernah muncul di hari-harinya. Mereka dekat dan berkisah, tetapi, dunia maya tak akan pernah memuaskan siapa pun yang benar-benar hidup di dunia nyata. Dan ternyata Sukmo masih menapakkan kakinya di dunia nyata, ia ingin bertemu dengan Hanum. Sukmo berangkat Jakarta, bersama sahabatnya","Percintaan, Drama",Kuntz Agus,https://image.tmdb.org/t/p/w500/gql3nT8GGMeabWC3Cu9kg39r2R7.jpg,https://image.tmdb.org/t/p/original/6pGLjj8IpeTubFu1xsWGcztoAeB.jpg,90,Released,"Amalina Pictures, Rupakata Cinema"
528117,Potong Bebek Angsa,Potong Bebek Angsa,2012-12-22,2012,0.0,0,0.19,"Sasha (Olivia Jensen), bersama kakaknya, Masen (Boy Wiliiam), serta sahabatnya, Otong (Ricky Harun) salah masuk pesta kostum. Masen, Otong dan Sasha larut dalam kemeriahan pesta, hingga mereka tak sadarkan diri. Esok paginya mereka terbangun dan terdampar di pantai entah di mana.",Komedi,Alyandra,https://image.tmdb.org/t/p/w500/sv38mBjHEYVCK5neEulQTCJHGOU.jpg,,0,Released,
925802,Penganten Pocong,Penganten Pocong,2012-02-02,2012,0.0,0,0.07,"Ririn refused to be forced to marry Jarwo because she loved Rangga. As a result of Ririn's behavior, Jarwo set a scenario of his death, where he was still able to terrorize Ririn via magical texts and calls.","Komedi, Kengerian",Arie Azis,https://image.tmdb.org/t/p/w500/dwmZrWnv16dJCvsFCwS9No7OXrL.jpg,,84,Released,RK23 Pictures
967633,Kuntilanak-Kuntilanak,Kuntilanak-Kuntilanak,2012-04-19,2012,0.0,0,0.1,A novelist with her daughter and her assistent move to the haunted house. And she want the custody of her daughter after divorce.,Kengerian,Nayato Fio Nuala,https://image.tmdb.org/t/p/w500/uMR2mjc4Ws0WIBxoDEfBfuM7oci.jpg,,77,Released,Mitra Pictures
632656,Santet Kuntilanak,Santet Kuntilanak,2012-03-08,2012,0.0,0,0.14,"It is a story of two sisters with different personalities, Maya and Lila. Lila is a tender woman with strong religious faith while Maya, her elder sister, believes in the mystic and magic, and practices sorcery.  Lila is raped by four young men and dies. Maya then avenges her sister by way of sorcery toward the four young men. And so begins a terrifying ritual: the dispatch of atrocious witchcraft to Robert and his crony, that is “Erotic Black Magic”. One by one they die mysteriously by Maya’s sorcery, aided by Lila’s ghost.",Kengerian,Nayato Fio Nuala,https://image.tmdb.org/t/p/w500/g78a3xKsPBse7nUo0619zIYd5XY.jpg,,77,Released,Studio Sembilan Production
648409,Pacarku Kuntilanak Kembar,Pacarku Kuntilanak Kembar,2012-10-18,2012,0.0,0,0.06,"It’s a story of two students sharing a rent: Budi and Bodo. They are often bullied because they have no girlfriends. On Kampus Nite they are invited to come by Celia. Both try to get a date with no result. Suddenly a posh car stops by them as they’re in desperation. The drivers are two sexy girls, Rosa and Rosi. Both are going to the same event. Of course Budi and Bodo think that it’s their lucky day. These guys have no idea that it’s their bad luck. Both girls are kuntilanak twins on a mission for a payback. A scary and hilarious adventure begins.","Komedi, Kengerian",Nuri Dahlia,https://image.tmdb.org/t/p/w500/3to2LRmQDVtwd5KRDXgqX0WTTWo.jpg,,80,Released,Studio Sembilan Production
578192,Bangkitnya Suster Gepeng,Bangkitnya Suster Gepeng,2012-10-11,2012,0.0,0,0.19,"Keiko Larasati Hirosuke is a Japanese-Indonesian mulatto girl, her grandfather was a Japanese soldier assigned to Indonesia. After the war was over, the grandfather returned to Japan, married and had one child who later married an Indonesian man. One night, after clubbing with his girlfriend and friends, Keiko got a terrifying terror. There is a strange broadcast on the radio, like the broadcast of the war of independence. The woman's voice mentioned the life debt that must be paid. Keiko and his friends are confused.",Kengerian,Nuri Dahlia,https://image.tmdb.org/t/p/w500/3okgSpjrwuJKMjlRrRQNLqxPQiW.jpg,,77,Released,K2K Production
270925,3 Pocong Idiot,3 Pocong Idiot,2012-05-03,2012,4.5,1,0.21,"4 friends that Glenn, Pipin, jadoel and Rivet. They are fairly well-known boy band, which often appear in the cafes. Until one night, on the way to a cafe, Pipin, jadoel and Rivet suffered the unfortunate fate as a tragic accident that killed them. After the death, they were still hanging around like any other human. Pipin still pursuing his love for a beautiful lecturer, while jadoel and Rivet are still looking for their love.","Komedi, Kengerian",Nayato Fio Nuala,https://image.tmdb.org/t/p/w500/dfcfLR4QLhOpzIVr4GT8svumlL1.jpg,,81,Released,Rapi Films
153793,Soegija,Soegija,2012-06-07,2012,6.3,3,0.33,"Kisah renungan uskup pertama asli Indonesia, Monsinyur A Soegijapranata SJ, sejak ditahbiskan hingga berakhirnya perang melawan Belanda (1940 – 1949). Satu dasawarsa penuh gejolak ini ditandai dengan akhir penjajahan Belanda, masuk dan berlangsungnya penjajahan Jepang, proklamasi kemerdekaan RI, dan kembalinya Belanda yang ingin menguasai Indonesia.  Peristiwa-peristiwa ini tidak saja membuat Soegija menuliskan renungan berupa catatan harian penuh makna, tapi juga harus bertindak untuk mengatasi kekacauan yang berakibat pada penderitaan rakyat. Ia mencoba berperan di tingkat lokal maupun politik nasional dan internasional.","Drama, Sejarah",Garin Nugroho,https://image.tmdb.org/t/p/w500/tIEn9E6ukJNr0ka6pRQ6lghzmjK.jpg,https://image.tmdb.org/t/p/original/wjyx6zPzENqJfkES86YQuTca7x0.jpg,116,Released,Puskat Pictures
395877,Tali Pocong Perawan 2,Tali Pocong Perawan 2,2012-05-03,2012,3.6,4,0.32,"Di rumah, Tania adalah gadis tertutup yang hidup dalam tekanan sang ibu yang membenci dirinya sejak kecil. Di kantor, Tania adalah gadis pemalu yang sibuk memendam perasaan cintanya yang menggebu-gebu pada Jordy (Famly), atasannya. Dia hanya bisa menggigit jari dan bermimpi saat rekan kerjanya","Drama, Kengerian",Volkan Maida,https://image.tmdb.org/t/p/w500/r9RfH5vHeekmcKNhyNjxtjCBHka.jpg,https://image.tmdb.org/t/p/original/kT2jHNWgYAj8Uec6KDwTGqYPxxv.jpg,84,Released,
646722,Kungfu Pocong Perawan,Kungfu Pocong Perawan,2012-04-12,2012,0.0,0,0.19,"Boh Siaw (Yadi Sembako) interrupts the kungfu teacher Boh Lam’s (Olga Syahputra) and Mey Mey’s (Jessica Iskandar) love story. Boh Siaw is the first brother in Singa Putih Kung Fu Institute. When Boh Siaw takes Ang Pao (Daus Mini) to retrieve a magic book in the jungle, Baron, also known as Amsyong Lu (Rizky Putra), attacks the institute and kidnaps Mey Mey. In the middle of their journey, Boh Siaw and Ang Pao have an accident and die. But they have sworn to save Mey Mey so both rise from the grave.  As pocong, they wander until they find her and defeat Amsyong Lu.",Komedi,Yoyok Dumprink,https://image.tmdb.org/t/p/w500/8og1xgtiJf9fZBQDr9DMtawYhNa.jpg,https://image.tmdb.org/t/p/original/j3gTit1Lq7XCjpKR6UoePLKgTuC.jpg,77,Released,K2K Production
424147,Hantu Budeg,Hantu Budeg,2012-11-22,2012,0.0,0,0.23,"Kojek diputuskan oleh Ira karena kepelitannya. Magda, Inge, Royce, dan Bram, sepakat menjebak Kojek untuk membiayai acara rekreasi mereka. Mereka juga yakinkan jika Kojek berbuat baik, tidak akan sulit mencari pengganti Ira. Di hotel tempat mereka menginap, ditengah suka cita dan foto bersama, Magda mendapati bahwa hasil jepretan fotonya menangkap sosok penampakan. Berkali-kali mereka diganggu, sebelum akhirnya mereka pindah ke hotel Cempaka Pengelola hotel Cempaka adalah seorang lelaki tua misterius.",Kengerian,Findo Purwono HW,,,82,Released,Sentra Films
495322,Hi5teria,Hi5teria,2012-03-29,2012,6.0,3,0.24,"Hi5teria merupakan film horor thriller Indonesia yang dirilis pada 29 Maret 2012 produksi Starvision Plus & Upi Productions. Berawal dari niatan Upi membuat project 5 sutradara, 5 ceritera. Film ini terbagi dalam lima segmen berbeda. ""Pasar Setan"" (Adrianto Dewo), ""Wajang Koelit"" (Chairun Nissa), ""Kotak Musik"" (Billy Christian), ""Palasik"" (Nicholas Yudifar), dan ""Loket"" (Harvan Agustriansyah).","Cerita Seru, Kengerian, Misteri",Adriyanto Dewo,https://image.tmdb.org/t/p/w500/7O91Nn88LxOL14RXfX2FVgYqLqq.jpg,https://image.tmdb.org/t/p/original/9aiKxgQPiGNReWQpOVdkNb3Y5uk.jpg,94,Released,"Starvision Plus, Upi Production"
429074,Cinta Suci Zahrana,Cinta Suci Zahrana,2012-08-15,2012,0.0,0,0.37,"seorang dosen perempuan berprestasi, bernama Dewi Zahrana. biasa dipanggil Zahrana atau Rana. Dia dosen arsirektur di Universitas Mangunkarsa, Semarang. Semua jerih payah dan prestasi membanggakan Zahrana sedikitpun tidak membuat kedua orang tuanya bangga, terutama ayahnya.","Percintaan, Drama, Keluarga",Chaerul Umam,https://image.tmdb.org/t/p/w500/kmA5xODeFS8fmaRrNP0oTP77vhB.jpg,,108,Released,SinemArt
162214,Perahu Kertas 2,Perahu Kertas 2,2012-10-04,2012,7.7,3,0.23,"Keenan sudah memutuskan kembali tinggal di Jakarta dan melanjutkan bisnis keluarga akibat serangan stroke yang diderita ayahnya, Adri (August Melasz). Keenan menjalani hubungan kasih jarak jauh dengan Luhde (Elyzia Mulachela) yang tinggal di Bali. Sedangkan Kugy telah menjadi semakin dekat dengan Remi (Reza Rahadian), yang juga menjadi atasannya di biro iklan AdVocaDo. Keenan mengembalikan buku Jenderal Pilik kepada Kugy.","Drama, Percintaan",Hanung Bramantyo,https://image.tmdb.org/t/p/w500/4p3x9ZcNzeGtKF1QLBUWb6JbFKS.jpg,https://image.tmdb.org/t/p/original/5EU5PtGaq9xRzaPnvrPpHU48ey.jpg,100,Released,"Dapur Film, Starvision Plus, Bentang Pictures"
1362235,Rock In Solo 2011 - Heritage Metal Fest,Rock In Solo 2011 - Heritage Metal Fest,2012-10-13,2012,0.0,0,0.03,"Solo, Jawa Tengah adalah kota yang pada umumnya dikenal dengan predikat ""kehalusan budaya Jawa""dimana dialek dan dialek dan interaksi masyarakatnya yang lekat dengan kelembutan. Sementara gerakan musik bawah tanahnya menggeliat dan melahirkan sebuah festival musik metal internasional dimana musisi-musisi dari dalam dan luar negeri menampilkan nada-nada yang keras dan brutal.  Rock In Solo adalah festival metal yang unik, tempat bertemunya budaya barat dan tradisional khas Solo lengkap dengan berbagai unsur budaya dan upacara kerajaan.",Dokumenter,Kamerad Edmond,https://image.tmdb.org/t/p/w500/11IVO0mxfBc2N9Q0ymyURyckbKK.jpg,,85,Released,"Bogalakon Pictures, The Anarcho Brothers"
300835,Perahu Kertas,Perahu Kertas,2012-08-16,2012,7.4,4,0.22,"Perahu Kertas mengisahkan pasang surut hubungan dua anak manusia, yaitu Kugy (Maudy Ayunda) dan Keenan (Adipati Dolken). Kugy adalah seorang gadis tomboy, periang, dan yang percaya bahwa dirinya adalah agen Dewa Neptunus. Kugy selalu memiliki ""ritual"" unik, yaitu menulis setiap curahan hatinya ke selembar kertas, yang lalu dibuatnya menjadi perahu untuk kemudian dihanyutkan ke air. Meskipun sekilas dia gadis periang yang slenge'an, namun dia memiliki pandangan hidup yang cenderung filosofis.","Drama, Percintaan",Hanung Bramantyo,https://image.tmdb.org/t/p/w500/bcLRYE0sF9dotqpU7ZlW1jRVZPp.jpg,https://image.tmdb.org/t/p/original/dQ5HIjzcabTCPJP7Wcli0SMOLyn.jpg,111,Released,"Dapur Film, Starvision Plus, Bentang Pictures, Mizan Productions"
94329,The Raid,Serbuan Maut,2012-03-23,2012,7.4,3623,3.52,Sekelompok tim SWAT tiba di sebuah blok apartemen yang tidak terurus dengan misi menangkap pemiliknya seorang raja bandar narkotik bernama TAMA. Blok ini tidak pernah digerebek atau pun tersentuh oleh Polisi sebelumnya.,"Aksi, Cerita Seru, Kejahatan",Gareth Evans,https://image.tmdb.org/t/p/w500/hEDknINqAaEcdzw6u83hpXWvZeX.jpg,https://image.tmdb.org/t/p/original/9Pn8ACcgj5gDF9wY61tL3Y8LZbr.jpg,101,Released,"Celluloid Dreams, PT. Merantau Films, XYZ Films, Sony Pictures Classics"
149626,Tanah Surga... Katanya,Tanah Surga... Katanya,2012-08-15,2012,8.5,1,0.2,"Hasyim, mantan sukarelawan Konfrontasi Indonesia Malaysia tahun 1965 hidup dengan kesendiriannya. Setelah istri tercintanya meninggal, ia memutuskan untuk tidak menikah dan tinggal bersama anak laki-laki satu-satunya yang juga menduda Haris dan dua orang anak Haris bernama Salman dan Salina . Hidup di perbatasan Indonesia Malaysia membuat persoalan tersendiri, karena masih didominasi oleh keterbelakangan dalam pembangunan dan pertumbuhan ekonomi. Masyarakat perbatasan harus berjuang setengah mati untuk mempertahankan hidup mereka....termasuk keluarga Hasyim, namun kesetiaan dan loyalitasnya pada bangsa dan Negara membuat Hasyim bertahan tinggal.",Drama,Herwin Novianto,,,91,Released,"Brajamusti Films, Citra Sinema"
504220,Radio Galau FM,Radio Galau FM,2012-09-13,2012,0.0,0,0.13,"Selama tiga tahun, Bara tidak punya pacar. Selama tiga tahun terakhir Bara menghabiskan malam minggu dikamar, pacaran dengan laptop dan mengejar impiannya menjadi penulis. Selama tiga tahun hanya ada satu hal yang konstan dalam hidup Bara : GALAU. Kegalauan Bara berakhir ketika hadir sosok Velin, adik kelas lucu yang kemudian menjadi pacarnya. Bersama Velin, Bara memasuki dunia baru yang penuh warna. Bersama Velin, hidup Bara menjadi lebih indah dan menyenangkan.","Komedi, Drama, Percintaan",Iqbal Rais,https://image.tmdb.org/t/p/w500/3LjibxjG7WJ75DiF6XhzjBAeL5y.jpg,https://image.tmdb.org/t/p/original/7BdpV22ESJOjW5apShYdWK0wp6r.jpg,94,Released,Rapi Films
172705,Habibie & Ainun,Habibie & Ainun,2012-12-12,2012,7.6,15,0.62,"Rudy Habibie, ahli pesawat terbang, punya mimpi besar: membuat truk terbang untuk menyatukan Indonesia. Ainun, dokter muda cerdas yang dengan jalur karir terbuka lebar.  Pada 1962, dua kawan SMP ini bertemu lagi di Bandung. Habibie jatuh cinta seketika pada Ainun. Ainun tak hanya jatuh cinta, dia beriman pada visi dan mimpi Habibie. Mereka menikah dan terbang ke Jerman.  Cinta mereka terbangun dalam perjalanan mewujudkan mimpi. Dinginnya salju Jerman, pengorbanan, rasa sakit, kesendirian serta godaan harta dan kuasa saat mereka kembali ke Indonesia mengiringi perjalanan dua hidup menjadi satu.","Drama, Percintaan, Sejarah",Faozan Rizal,https://image.tmdb.org/t/p/w500/eOdYhBFF7vE5v83KVVQfDEyLgEu.jpg,https://image.tmdb.org/t/p/original/8AWRJJdzopEjrarOoygDoEFfkZZ.jpg,125,Released,MD Pictures
203113,5 cm,5 cm,2012-12-11,2012,6.7,23,0.36,"Genta, Arial, Zafran, Riani dan Ian adalah lima remaja yang telah menjalin persahabatan belasan tahun lamanya. Suatu hari mereka berlima merasa “jenuh” dengan persahabatan mereka dan akhirnya kelimanya memutuskan untuk berpisah, tidak saling berkomunikasi satu sama lain selama tiga bulan lamanya.","Percintaan, Drama, Petualangan",Rizal Mantovani,https://image.tmdb.org/t/p/w500/y43O9tj6yo4h1shx58YGBsbjme4.jpg,https://image.tmdb.org/t/p/original/4C2pIkCMGFxZlYMXE8YvzPTIAqm.jpg,125,Released,Soraya Intercine Films
484524,Brandal-Brandal Ciliwung,Brandal-Brandal Ciliwung,2012-08-16,2012,0.0,0,0.14,"Mereka adalah lima sahabat, yang tinggal di pinggir kali Ciliwung. Lima sahabat itu adalah: Jaka (Endy Ervian), Timur (Julian), Umar(Sehan), Raja (Syafiqar), Tirto (Aldi Riyaldi). Walau mereka semua berbeda, tetapi mereka selalu bersama dan menamakan diri sebagai Pasukan Ciliwung. Di mata Wak Haji (Idrus Mardani), mereka dianggap anak-anak brandal yang selalu membuat onar. Di mata Adam dan kawan-kawan, mereka dianggap musuh yang harus dikalahkan dalam setiap pertandingan, mulai dari kasti, balap renang hingga lomba getek. Persoalan mulai muncul ketika datang seorang gadis tomboy bernama Sissy (Grithe Agatha), cucu Babah Alun (Hengki Soelaiman) - pemilik pabrik tahu di kampung mereka. Persahabatan mereka mulai retak jadinya, padahal lomba getek Ciliwung sudah dekat","Drama, Keluarga, Petualangan",Guntur Soeharjanto,https://image.tmdb.org/t/p/w500/gvOvUkLV2krlGcacSj0fOzp7zly.jpg,https://image.tmdb.org/t/p/original/9oM1K24RfZvmwGqgCM9h5Lu5Gn9.jpg,106,Released,Maxima Pictures
509268,Sanubari Jakarta,Sanubari Jakarta,2012-04-12,2012,0.5,1,0.15,"An omnibus of 10 stories, 10 romances that portrays lesbian, gay, bisexual and transgender relationships throughout Jakarta.",Drama,Tika Pramesti,https://image.tmdb.org/t/p/w500/kO6Lip5FPKJ6qrRkSHaeK9mTcA0.jpg,,106,Released,"Kresna Duta Foundation, Ardhanary Institute, Ford Foundation"
388555,Malaikat Tanpa Sayap,Malaikat Tanpa Sayap,2012-02-12,2012,7.5,1,0.12,"Vino (Adipati Dolken) tidak terlalu dekat dengan keluarga apalagi setelah papanya, Amir (Surya Saputra) bangkrut akibat ditipu rekan bisnisnya hingga mereka pindah dari perumahan elite ke rumah kontrakan di gang. Mamanya, Mirna (Kinaryosih) justru kabur dari rumah, bahkan tega meninggalkan, Wina (Geccha Qheagaveta), putrinya yang berusia 5 tahun.","Drama, Keluarga",Rako Prijanto,https://image.tmdb.org/t/p/w500/2zBvopkEo32KaSlfLKLJBaGjKbT.jpg,,104,Released,Starvision Plus
504216,Di Timur Matahari,Di Timur Matahari,2012-06-14,2012,0.0,0,0.17,"Pagi itu seperti pagi hari biasanya... Matahari terbit di timur menyinari pulau ini... Papua, pulau paling timur dari Indonesia, dimana cahaya matahari selalu meneranginya terlebih dahulu... Namun, tidak bagi Mazmur, Thomas dan teman-temannya. Pagi itu mereka masih menunggu kedatangan cahaya itu, cahaya yang akan menerangi mereka dari gelapnya kebodohan... Tapi seperti hari-hari yang telah berlalu cahaya itu tak kunjung datang...",Drama,Ari Sihasale,https://image.tmdb.org/t/p/w500/gqah2TC5aCacX9Z6hMKbtBOJuqJ.jpg,https://image.tmdb.org/t/p/original/rxmdf4tm5BUSTwCFuwEFofp2NG9.jpg,114,Released,Alenia Pictures
675294,Jenderal Kancil: The Movie,Jenderal Kancil: The Movie,2012-07-05,2012,0.0,0,0.13,"Tiga preman (Jimmy ""The Upstairs"", Peppy dan Malao) melecehkan siswa Sekolah Dasar Lentera Hati dengan cara pemerasan. Seorang siswa, Guntur (Adam Farrel Xavier), dan teman-temannya Badil, Ucok dan Abel menggerebek markas penjahat itu. Mereka sukses, para penjahat itu bertobat.",Drama,Harry Dagoe Suharyadi,https://image.tmdb.org/t/p/w500/yVIjyuvKQe70dkZVjzQX8dWvGgM.jpg,,85,Released,Dagoe Film Workshop
919115,Sinema Purnama,Sinema Purnama,2012-04-26,2012,0.0,0,0.1,"Film omnibus yang menceritakan empat kisah tentang cinta, dengan suasana cerita yang berbeda.",Drama,Pandu Birantoro,https://image.tmdb.org/t/p/w500/mhbweJ73cgzjvOCQLKWgYhjKlz9.jpg,,98,Released,
644243,Sampai Ujung Dunia,Sampai Ujung Dunia,2012-03-08,2012,0.0,0,0.12,"Gilang (Gading Marten), Daud (Dwi Sasono) dan Anissa (Renata Kusmanto) adalah teman masa kecil. Mereka memiliki latar belakang yang berbeda. Anissa memiliki mimpi keliling dunia yang dijanjikan dua saudara lelakinya untuk menjadi kenyataan. Tumbuh sebagai remaja, Daud dan Gilang mulai menyadari bahwa perasaan mereka terhadap Anissa telah berubah menjadi cinta.",Drama,Monty Tiwa,https://image.tmdb.org/t/p/w500/on9tzP6kzFdEzr7sM8axQgJkG3P.jpg,,97,Released,
165725,Cita-Citaku Setinggi Tanah,Cita-Citaku Setinggi Tanah,2012-10-11,2012,0.0,0,0.09,"Ditugaskan oleh guru mereka untuk menulis esai tentang impian mereka yang paling dihargai, empat teman muda di pedesaan Indonesia masing-masing mengambil pendekatan yang berbeda untuk tugas mereka. Perwakilan kelas Jono ingin menjadi seorang prajurit ketika dia dewasa, dan berlatih dengan bermain permainan perang di halaman belakang rumahnya. Mey ingin menjadi seorang aktris terkenal, dan bekerja pada senyumnya di depan cermin ketika ibu panggungnya melihat. Puji bermimpi tentang membantu orang lain, sementara Agus, yang keluarganya tidak memiliki berbagai macam makanan di rumah, tidak menginginkan apa pun selain makan di restoran Padang asli di kota - dan ketika ada kesempatan untuk mendapatkan uang, ia menetapkan keluar untuk mewujudkan mimpinya.","Drama, Keluarga",Eugene Panji,https://image.tmdb.org/t/p/w500/eIX7vRTupC2pQVePMTUyh8Lknep.jpg,,75,Released,
94720,Sang Penari,Sang Penari,2011-11-10,2011,6.3,5,0.2,"Orphaned by a tragedy that took the lives of her parents, Srintil grows up in a poor Indonesian village aspiring to be a sacred dancer.","Drama, Percintaan",Ifa Isfansyah,https://image.tmdb.org/t/p/w500/llIrBYS5cHPdd9aQh8ZNWOss1Rd.jpg,https://image.tmdb.org/t/p/original/z7YL6muaEWtjCjnTX7E2Jx4VIs6.jpg,112,Released,"SALTO, Indika Pictures, Les Petites Lumieres, KG Productions"
602122,Pelet Kuntilanak,Pelet Kuntilanak,2011-06-01,2011,0.0,0,0.11,"Pamela is obsessed with beautifying herself by using the magical medium in the form of pellets with men's pants as a tool. To own the Pellets, Pamela is obliged to ally with the devil. A high risk black agreement is at stake",Kengerian,Nayato Fio Nuala,https://image.tmdb.org/t/p/w500/aLxOR4MmMlrAjsiZcsKMDkJ3MRM.jpg,,77,Released,Sentra Films
146533,Keranda Kuntilanak,Keranda Kuntilanak,2011-09-22,2011,3.0,1,0.17,"Abby (Tifany Jane) and Ikke (Fiona Fachry) never suspected that their boarding house that was once safe and peaceful, suddenly became sinister. Every night, there are strange events that befall them. Cody (Indra Brotolaras), Ikke's boy friend, and DJ (Zaky Zimah), sweet but gullible guy, who often come to their boarding house, are also affected.  One day Steff (Stefan William) came to see her boyfriend, Abby. Steff is a soap opera actress become a main attraction, especially for DJ who wants to be an artist. But it turns out Steff arrival was also disturbed.","Komedi, Kengerian",Nayato Fio Nuala,https://image.tmdb.org/t/p/w500/bdR9FyARlWJk1SFXcnF8l3HtnoF.jpg,,83,Released,Rapi Films
648544,The Mentalist,The Mentalist,2011-11-10,2011,7.6,4,0.14,"Dua mentalis, Deddy Corbuzier dan Ronggo Sewu (Limbad), bersaing untuk menjadi yang terbaik. Ronggo Sewu, mantan asisten Deddy, menyebarkan fitnah bahwa Deddy menggunakan sihir hitam dalam setiap tindakannya, yang tidak dapat diterima oleh Deddy. Permusuhan dan racun di antara mereka tidak bisa dihindari. Keduanya terjun ke dalam permainan berbahaya di mana nyawa dipertaruhkan.",Aksi,Walmer Sitohang,https://image.tmdb.org/t/p/w500/rlQs3xlzmDmNW4MyykJuJ1kjb4t.jpg,,90,Released,
504225,Rumah Tanpa Jendela,Rumah Tanpa Jendela,2011-02-24,2011,6.5,2,0.14,"Rara (Dwi Tasya) gadis kecil berusia 8 tahun, sangat ingin punya jendela di rumahnya yang kecil berdinding tripleks bekas di sebuah perkampungan kumuh tempat para pemulung tinggal di Menteng Pulo, Jakarta  Si Mbok (Ingrid Widjanarko), neneknya Rara - yang sakit-sakitan dan ayahnya, Raga (Rafi Ahmad) yang berjualan ikan hias dan tukang sol sepatu, tidak cukup punya uang untuk membuat atau membeli bahkan hanya selembar daun jendela dan kusennya saja. Rara juga punya Bude, Asih (Yuni Shara)","Drama, Keluarga, Musik, Fantasi",Aditya Gumay,https://image.tmdb.org/t/p/w500/fJ5PzhEkqjb3L9kpfcgILnGEdJF.jpg,https://image.tmdb.org/t/p/original/sWvnov9mZd3vwSf5vcQprNiK0tr.jpg,101,Released,"ANGGAR ANANDA, PT. SMARADHANA PRO"
236781,Surat Kecil untuk Tuhan,Surat Kecil untuk Tuhan,2011-07-07,2011,8.0,1,0.22,"Diangkat dari kisah nyata dan novel berjudul sama, film ini menceritakan tentang Gita Sesa Wanda Cantika atau Keke (Dinda Hauw), seorang gadis remaja berusia 13 tahun yang cukup beruntung, karena lahir dari keluarga yang sangat berada, memiliki dua orang kakak laki-laki dan orang tua yang sangat menyayanginya. Selain itu Keke juga di kelilingi 6 sahabat karib yang selalu setia menemaninya dan hidupnya pun semakin lengkap dengan kehadiran seorang kekasih yang juga begitu menyayanginya yaitu Andy (Esa Sigit).",Drama,Harris Nizam,https://image.tmdb.org/t/p/w500/s2lPM7DTVuEfRA3vWiYwSam5mnQ.jpg,https://image.tmdb.org/t/p/original/6xNR6ClGmcp3hCXEeo4cILx79AA.jpg,105,Released,Skylar Pictures
484531,The Tarix Jabrix 3,The Tarix Jabrix 3,2011-06-16,2011,0.0,0,0.18,"The Tarix Jabrix mendapat tantangan terbesar dalam hidup mereka. Setelah gagal menjadi pahlawan saat menyelamatkan sebuah Panti dari kebakaran, Cacing (Tria Changcut) yang bekerja di perusahaan asuransi diminta atasannya untuk bernegosiasi dengan musuh lama mereka, geng motor Road Devils supaya tidak membuat kerusuhan lagi di Bandung yang sudah memakan banyak korban, dan tagihan klaim asuransi yang menumpuk. Cacing langsung menyanggupi, dan para sahabatnya, Dadang (Erick Changcut), Mulder (Dipa Changcut), Ciko (Alda Changcut) dan Coki (Qibil Changcut) ikut menemani Cacing pulang ke Bandung. Mulder yang mendapat posisi sebagai wakil direktur di perusahaan papinya, memutuskan mundur karena merasa papinya bekerjasama dengan orang asing untuk mengeksploitasi Indonesia.","Komedi, Percintaan",Iqbal Rais,https://image.tmdb.org/t/p/w500/lCxe7jVrMf0F6XrzbxclVfdgfQT.jpg,,89,Released,Starvision Plus
384508,Ada Apa Dengan Pocong?,Ada Apa Dengan Pocong?,2011-06-23,2011,6.5,1,0.19,"Wawan, Hary, Tedy and Boy terrorized by Pocong. Tedy and Hary had an accident due to a Pocong terror. Wawan and Boy realized that it was their fault.","Komedi, Kengerian",Chiska Doppert,,,104,Released,"Mitra Pictures, BIC Pictures"
1069056,Jakarta 24,Jakarta 24,2011-02-12,2011,0.0,0,0.09,"This video is part of Massroom Project (2003) is a documentary video project on Jakarta. The videos consist of nine works that tells nine stories about living experiences in Jakarta. Those experiences pass on various aspects of the city such as: mass transportation, public space, marginalize traditional vendors, voice pollution in the city and survival in Jakarta. These nine works of the Massroom Project has been screened in various film festival and exhibiton in Indonesia and international. Some of the works achieve the nomination for best short filmwork at Oberhausen International Film Festival, Germany. Amongst the important festivals which screened the Massroom Project works is 15th Festival Internacional de Curtas Metragens de Sao Paulo 2004, Brasil; Tales of Two Cities: Jakarta/Canberra 2005, Australia; Seminar and Conference Responsibilities of Criticism 2008, USA.",Dokumenter,Hafiz,https://image.tmdb.org/t/p/w500/lLqFKbrikrp6dnWL41h8QrLMz19.jpg,,5,Released,Forum Lenteng
562619,Pocong Minta Kawin,Pocong Minta Kawin,2011-10-13,2011,6.5,2,0.1,"Ningsih yang gagal menikah bunuh diri. Rusun yang dipakainya disewa oleh beberapa orang, dan kemudian dihantui Ningsih yang berwujud pocong.","Komedi, Kengerian",Harry Dagoe Suharyadi,https://image.tmdb.org/t/p/w500/u0MjJ7NEZdA8XQuq29xt3ju6MtS.jpg,,84,Released,Imajika Films
519319,Kalung Jelangkung,Kalung Jelangkung,2011-04-20,2011,0.0,0,0.12,"Kiki dan beberapa temannya mengisi liburan ke sebuah kampung di mana mereka bebas bermain apa saja. Suatu hari, Kiki dkk bermain jelangkung di sebuah bangunan tua. Di tengah keasyikan bermain, tiba-tiba jelangkung bergerak-gerak keras sambil bersuara dan menyebut bahwa namanya Yanti yang mati terbunuh oleh pacarnya yang tidak bertanggungjawab atas kehamilannya. Panik dan takut, mereka lari meninggalkan bangunan tua. Di perjalanan menuju tempat penginapan, Kiki ditakut-takuti dengan kejadian tadi. Mereka lari meninggalkan Kiki sendirian. Kiki tersesat ke sebuah kuburan. Di sana Kiki menemukan sebuah kalung, Kiki kemudian memakai kalung tersebut.","Komedi, Kengerian",Koya Pagayo,https://image.tmdb.org/t/p/w500/czH1lQXWzGw8wpsLrYiIMyQWElZ.jpg,,80,Released,BIC Pictures
269796,Jenglot Pantai Selatan,Jenglot Pantai Selatan,2011-02-17,2011,5.0,1,0.39,"Randy, Temmi, Denisa, dan Josh berharap bisa menikmati liburan seru mereka di sebuah pantai eksklusif: pantai perawan, yang baru saja di beli seorang pengusaha muda untuk dikembangkan sebagai tempat wisata. Tidak ada yang mengira bahwa di salah satu desa terdekat sedang terjadi kehebohan akan kemunculan makhluk aneh, yang mereka sebut sebagai Jenglot, yang haus akan darah. Jenglot yang berhasil ditangkap tersebut, dipercaya sebagai penjaga pantai selatan. Jenglot itu pun dilepas kembali ke laut dan mulai memburu siapa pun yang mencemarkan kesucian pantai tersebut.","Cerita Seru, Kengerian",Rizal Mantovani,https://image.tmdb.org/t/p/w500/ohgFG60DcHPuiOPRUuNOehQeF1w.jpg,,78,Released,Maxima Pictures
484534,Get Married 3,Get Married 3,2011-08-25,2011,0.0,0,0.13,"Semenjak Mae dan Rendy memiliki anak-anak, mereka memutuskan untuk menjadi keluarga kecil yang mandiri dan bebas dari orangtua serta sahabat-sahabat mereka yang melulu menimbulkan keonaran. Ternyata, tidak lama setelah melahirkan, Mae mengalami baby blues yang membuat Mae menjadi moody dan emosional. Rendy sadar bahwa dalam kondisi seperti sekarang ini, Mae justru membutuhkan support yang besar dari orang-orang terdekatnya, tetapi Mae terlalu gengsi untuk meminta tolong. Akhirnya, Rendy membujuk Guntoro, Beni, dan Eman untuk diam-diam membantu Mae.","Komedi, Drama",Monty Tiwa,https://image.tmdb.org/t/p/w500/eIdMMOvDRRsiZlpW4XNv0T9krjv.jpg,,95,Released,Starvision Plus
260227,Jakarta Maghrib,Jakarta Maghrib,2011-07-28,2011,8.0,3,0.15,An omnibus movie derived from five real events experienced by some urban Jakarta residents during maghrib.,Drama,Salman Aristo,https://image.tmdb.org/t/p/w500/eiVno3MiUXwhGrQy3Bv7n2Tv6vW.jpg,https://image.tmdb.org/t/p/original/mFvPnQyTQmokUAliIxcf7BUb0pI.jpg,75,Released,"Indie Picture Productions, Starvision Plus"
483137,Tendangan Dari Langit,Tendangan Dari Langit,2011-08-26,2011,0.0,0,0.17,"Wahyu (16 tahun) memiliki kemampuan luar biasa dalam bermain sepak bola. Ia tinggal di Desa Langitan di lereng gunung Bromo bersama ayahnya seorang penjual minuman hangat di kawasan wisata gunung api itu, dan ibunya.  Demi membahagiakan orang tuanya, Wahyu memanfaatkan keahliannya dalam bermain bola dengan menjadi pemain sewaan dan bermain bola dari satu tim desa ke tim desa lain dengan bantuan Hasan, pamannya. Sayangnya Pak Darto, ayah Wahyu sangat tidak menyukai apa yang dilakukan anaknya.  Suatu hari saat Wahyu bermain bola dengan rekan-rekannya, keahlian istimewanya tak sengaja dilihat oleh Coach Timo yang tengah hiking bersama Matias di lereng Bromo. Pelatih Timo kemudian menawari Wahyu untuk datang ke Malang dan menjalani tes bersama Persema Malang.","Keluarga, Drama",Hanung Bramantyo,https://image.tmdb.org/t/p/w500/8v8qxGQcQob7i1265rGgS8TRjMG.jpg,https://image.tmdb.org/t/p/original/m54yMqGWk1RPkwDqYsmgTle4BQZ.jpg,117,Released,"Dapur Film, SinemArt"
495815,Skandal,Skandal,2011-03-24,2011,0.0,1,0.18,Skandal adalah film drama-thriller Indonesia yang dirilis pada 24 Maret 2011 dengan disutradarai oleh Jose Poernomo yang dibintangi oleh Uli Auliani dan Mario Lawalata.,"Cerita Seru, Drama",Jose Poernomo,https://image.tmdb.org/t/p/w500/gEZhgjkv0HglJLhl3I26lovJN1p.jpg,,83,Released,Sentra Films
450801,Pocong Mandi Goyang Pinggul,Pocong Mandi Goyang Pinggul,2011-04-28,2011,1.7,3,0.3,Drunken Ferdi goes home from a night club and hits a car. A month latern Ferdi often sees ghosts. At the time Ferdi is also in a relationship with Sasha through cyberspace. Ferdi’s family who are suspicious try to investigate the background of Sasha. They find a connection between the presence of Sasha and Ferdi’s accident.,"Komedi, Kengerian",Yoyok Dumprink,https://image.tmdb.org/t/p/w500/7F3v0KIhlszRjve4EJBFha8IBV1.jpg,,73,Released,K2K Production
183872,Evil Nurse 2,Suster Keramas 2,2011-04-21,2011,2.0,1,0.21,"Three young teens, Jack, Tando and Shelly like to race motorcycles on the road. One night Shelly had an accident. The two companions immediately brought her to the nearest hospital. While waiting for Shelly in care, they met with a Japanese girl who was ushered seeing his best friend, Cakil. But the hospital was not an ordinary hospital. They found many strange and terrible things, so they decided to get out of there. But, they can not go, until they discover a surprise that they never expected","Komedi, Kengerian",Findo Purwono HW,https://image.tmdb.org/t/p/w500/xzugbTN7PRxspT6eUsNLkiZMryz.jpg,,110,Released,Maxima Pictures
237405,Virgin 3: Satu Malam Mengubah Segalanya,Virgin 3: Satu Malam Mengubah Segalanya,2011-03-16,2011,0.0,0,0.13,"Awalnya, Dini, Tika, Sherry dan Putri hanya berencana merayakan malam terakhir Putri sebelum keberangkatannya untuk melanjutkan sekolah di Melbourne. Atas ide Sherry, walaupun mereka masih di bawah umur, dengan bantuan seorang fotografer Tyo, akhirnya mereka berhasil masuk ke club yang sangat eksklusif. Di sanalah kekacauan mulai terjadi. Anak-anak yang belum pernah mencoba kehidupan malam diberi minuman, dan ternyata banyak kejutan yang menanti mereka.",Drama,Nayato Fio Nuala,https://image.tmdb.org/t/p/w500/qV0PruTeREy3wTc4NcVbWJXpqIY.jpg,,82,Released,Starvision Plus
237407,Pocong Ngesot,Pocong Ngesot,2011-02-24,2011,0.0,0,0.23,Pocong Ngesot adalah film horor/komedi Indonesia yang dirilis pada 21 Februari 2011 dengan disutradarai oleh Nayato Fio Nuala yang dibintangi oleh Fero Walandouw dan Aziz Gagap.,"Komedi, Kengerian",Nayato Fio Nuala,https://image.tmdb.org/t/p/w500/mDIBDpqYNSSgsiNm3lNtf45gkzf.jpg,,79,Released,Rapi Films
583609,Heart 2 Heart,Heart 2 Heart,2010-11-11,2010,0.0,0,0.24,"Berawal dari pertemuan tak sengaja antara Pandu (Aliff Alli) bersama sahabatnya (Argatama Levy cs) dengan Indah (Irish Bella), di sebuah danau.  Tiga hari pertemuan-pertemuan ini berlanjut, Pandu dan Indah menemukan kebahagiaan yang diisi keindahan hutan, kebun teh, danau, dan cinta. Saat itu Indah sedang berlibur di villa bersama orang tuanya. Kebersamaan Pandu dan Indah terus terbawa dalam hati masing-masing ketika keduanya ke Jakarta, Pandu yakin apabila jodoh mereka akan bertemu kembali, Indah memang bersekolah di Jakarta, dan Pandu baru akan pindah ke Jakarta.  Laksana jodoh, garis hidup yang sudah dituliskan Tuhan, Indah bertemu kembali dengan Pandu, dan cinta itu tetap ada walau kini ada rintangan. Indah sudah memiliki ‘pacar’, dan tepatnya jodoh pilihan mamanya (Wulan Guritno), bernama Ramon (Miradz).","Drama, Percintaan",Nayato Fio Nuala,https://image.tmdb.org/t/p/w500/qz0Cr32seUiz0VIonPOdhAJU6kO.jpg,,85,Released,Starvision Plus
39065,Alangkah Lucunya (Negeri Ini),Alangkah Lucunya (Negeri Ini),2010-04-15,2010,7.9,9,0.21,"Sejak lulus S1, hampir 2 tahun Muluk belum mendapatkan pekerjaan. Meskipun selalu gagal tetapi Muluk tidak pernah berputus asa Pertemuan dengan pencopet bernama Komet tak disangka membuka peluang pekerjaan bagi Muluk. Komet membawa Muluk ke markasnya, lalu memperkenalkan kepada bosnya bernama Jarot. Muluk kaget karena di markas itu berkumpul anak-anak seusia Komet yang pekerjannya adalah mencopet.","Drama, Komedi",Deddy Mizwar,https://image.tmdb.org/t/p/w500/2kqZtkdedB3NVhI4THlvG1EepEl.jpg,https://image.tmdb.org/t/p/original/egN0nYyM6TPTi5bjKXo4qULtrWe.jpg,105,Released,Citra Sinema
238101,Raped by Saitan,Diperkosa Setan,2010-02-18,2010,0.0,0,0.19,Diperkosa Setan (bahasa Inggris: Raped by Saitan [sic]) merupakan film horor Indonesia yang dirilis pada 2010 yang disutradarai oleh Petruska Karangan dan dibintangi antara lain oleh Cynthiara Alona dan Teguh Julianto.,Kengerian,Petruska Karangan,,,84,Released,
640420,"Cin... Tetangga Gue, Kuntilanak!","Cin... Tetangga Gue, Kuntilanak!",2010-12-09,2010,0.0,0,0.15,"While Safina is pregnant, her husband, Anton, is having an affair with his secretary, Yuli. Then Yuli uses black magic to insert needles inside Safina’s womb and causes her death. But the baby survives. With a shaman’s help, a gold pin is nailed into the head of Safina so that her spirit does not resurrect as a Kuntilanak to avenge her death. Then Yuli controls Anton and his baby in order to take over his wealth. Afgan, Nadin, and Nono are indie filmmakers collecting horror stories for their movies. Safina’s ex-maid, who is Afgan’s neighbour, tells them this story. The spirit of Safina can be summoned at her house in a form of a beautiful woman so the young men are tempted by the illusion of a romantic seduction of Safina’s spirit. Then Nadin meets Safina in a form of a Kuntilanak. Nadin feels sorry for her fate so together with Afgan, Nono, and Safina’s ex-maid, they try to help Safina avenge her death and reunite with her baby.",Kengerian,Yan Senjaya,https://image.tmdb.org/t/p/w500/d8e8OEPeKRCIteRKI4x8ozUgNkG.jpg,,82,Released,Vincent Pictures
643467,Setan Facebook,Setan Facebook,2010-10-21,2010,0.0,0,0.14,"Farah, 19, terobsesi oleh Facebook. Cici, sahabatnya, dan Nauvam, pacarnya, sering mengingatkannya untuk meluangkan waktu dari pembaruan terus-menerus atas pikirannya. Ketika Farah diundang untuk mengonfirmasi permintaan pertemanan dari Mira Anindhita, ia mengabaikannya. Tetapi teman-temannya, yang menanggapinya, jatuh ke kematian tragis yang tiba-tiba. Jadi Farah meminta Roni, seorang hacker, untuk melacak profil misterius yang mungkin menjadi penyebab kematian baru-baru ini. Selain itu, Farah bertemu Nenek Pujo, yang dikatakan menjadi kunci dari segalanya. Namun, Farah masih tidak bisa tenang, karena waktu juga hampir habis baginya.",Kengerian,Helfi Kardit,https://image.tmdb.org/t/p/w500/x4rwCVifgKXYGEzblpAjDkonel6.jpg,,85,Released,
39067,Rumah Dara,Rumah Dara,2010-01-21,2010,6.1,79,1.54,"bercerita tentang Dara, seorang wanita yang sudah hidup sejak zaman Belanda. Ia punya tiga orang anak, Maya (Imelda Therinne), Adam (Arifin Putra) dan Armand (Ruli Lubis). Dara yang tak pernah menua ternyata suka mencincang tubuh manusia, dan aksinya itu didukung penuh oleh ketiga anaknya.","Kengerian, Cerita Seru",Kimo Stamboel,https://image.tmdb.org/t/p/w500/m0q8PvIN6UFr7vbW1HxKZHOsk4W.jpg,https://image.tmdb.org/t/p/original/8yIPeGnWzJZxYimyDCwLc2MGfY3.jpg,95,Released,"Nation Pictures, Merah Production, Gorylah Pictures, Guerilla Visuals, MediaCorp Raintree Pictures"
381125,Bebek Belur,Bebek Belur,2010-04-08,2010,0.0,0,0.15,"Film Bebek Belur diangkat dari sebuah kisah dunia Cibebek yang sudah banyak dikenal orang, di mana dalam hidup sehari-hari muncul berbagai masalah termasuk masalah yang sangat lucu, menyedihkan, dan mengharukan, dengan berbagai jenis karakter di dalamnya.  Seperti di dunia nyata, keseharian warga Cibebek penuh dengan kekocakan dan kesederhanaan, walaupun di tengah mereka sedang terjadi hal yang sangat penting dan berarti. Dengan sifat optimis, jujur , berani membela yang benar , dan dengan cara cerdas mereka dapat membatasi keinginan dan niat orang kaya yang telah termakan oleh napsu, karena mereka percaya bahwa putus asa bukanlah pilihan. Warga Cibebek selalu ingin memelihara kebahagiaan bersama, maka untuk melindungi keharmonisan desanya, sebagai ciri khasnya mereka selalu bisa tetap tertawa dan melakukan hal-hal lucu sambil mengatasi berbagai persoalan besar.",Komedi,Adrianto Sinaga,https://image.tmdb.org/t/p/w500/apjQtBCSVpgPuybKrja4vD0sAyc.jpg,,108,Released,"Square Box Films, Agency, The"
483131,Satu Jam Saja,Satu Jam Saja,2010-10-07,2010,0.0,0,0.23,"Andika (Vino G. Bastian), Gadis (Revalina S. Temat) dan Hans (Andhika Pratama). Mereka adalah sahabat sejati dan berjanji untuk saling menjaga satu sama lain, namun tidak saling mencintai. Suatu malam, Gadis dan Hans mendapatkan kabar dari ibu Andika (Rima Melati) bahwa Andika mendapat beasiswa kuliah ke Jerman. Mereka pergi mencarinya untuk menyampaikan kabar gembira tersebut, namun dalam perjalanan, kendaraan mereka rusak. Hujan begitu lebat, Hans merencanakan sebuah perbuatan terkutuk dan Gadis harus menerima akibatnya, meskipun ia sempat menolak. Andika, yang sejak lama mencintai Gadis, mengambil alih tanggung jawab tersebut, walaupun Andika harus kehilangan masa depannya dengan melepas beasiswa kuliah di Jerman.","Percintaan, Drama",Ario Rubbik,https://image.tmdb.org/t/p/w500/2kWX4O2DRpoW2G7AhbDqPoOV6kI.jpg,https://image.tmdb.org/t/p/original/db0peo6VDWk89opBzexUBDUlCjw.jpg,106,Released,Karnos Film
654360,Demi Dewi,Demi Dewi,2010-05-06,2010,0.0,0,0.08,"Putri Dara, Dewi, telah diculik oleh Winky. Winky menanggung dendam yang membara atas kematian anaknya di rumah sakit yang dipimpin oleh suami Dara. Dara sebenarnya adalah pembawa acara acara memasak TV yang terkenal, yang hidup nyaman dengan Terry, direktur pelaksana di rumah sakit. Tapi hari-hari bahagia Dara dan keluarganya berubah ketika Dewi diculik. Leo, penculiknya, meminta tebusan 429.850.050 juta rupiah. Dara bertekad untuk menyelamatkan Dewi dan dia dibantu oleh Alex, seorang polisi yang ditugaskan untuk menangani kasus ini. Tampaknya, Alex tahu kisah tersembunyi tentang masa lalu pahit Dara.","Aksi, Drama",Charles Gozali,https://image.tmdb.org/t/p/w500/wIrPtnBD0WsbSUS6Jsl84bZlaZu.jpg,,92,Released,Magma Entertainment
260210,Rintihan Kuntilanak Perawan,Rintihan Kuntilanak Perawan,2010-10-14,2010,5.0,1,0.25,A sexy assassin who perform a serial killing spree against the people around her. What makes her commit murder in cold blood? How do you entice potential victims?,Kengerian,Yoyok Dumprink,https://image.tmdb.org/t/p/w500/p8PrkUxJussBV7XuNrCMDQDQW4A.jpg,https://image.tmdb.org/t/p/original/rymX1qW1PuYwBf5tIlQVICA4tqz.jpg,76,Released,K2K Production
525447,Laskar Pemimpi,Laskar Pemimpi,2010-05-21,2010,0.0,0,0.12,"Agresi Militer Belanda II bulan Desember 1948 membuat Sri Mulyani (Tika Project Pop) terbuang dari kampung halamannya di Maguwo, Jawa Tengah. Sri yang lugu mengembara sampai ke wilayah Panjen dan bertemu dengan pasukan gerilya Indonesia pimpinan Kapten Hadi Sugito (Gading Marten) yang sedang membuka pendaftaran anggota baru.  Bersama Sri hari itu, Udjo (Udjo Project Pop), putra seorang ningrat yang mendaftarkan diri karena diperdaya Wiwid (Shanty) gadis pujaan hatinya. Selain itu, ada Ahok (Odie Project Pop) dan Tumino (Gugum Project Pop), pemuda desa dari wilayah sekitar Panjen. Mereka kemudian bergabung dengan Toar (Yosi Mokalu) pemuda rabun yang sudah lebih dulu menjadi gerilyawan, Kopral Jono (Dwi Sasono) yang sering diturunkan pangkatnya, dan Letnan Bowo (Teuku Rifnu Wikana) tangan kanan Kapten Hadi Sugito.","Komedi, Drama, Kejahatan, Musik",Monty Tiwa,https://image.tmdb.org/t/p/w500/i6PkALXGfyPvUilRh5MWZZdirtR.jpg,,96,Released,Starvision Plus
645715,Pengakuan Seorang Pelacur,Pengakuan Seorang Pelacur,2010-11-19,2010,0.0,0,0.21,"Ketika Alisa, seorang gadis desa yang cantik, telah menyerahkan semua miliknya kepada Bayu, tunangannya, ia melarikan diri untuk menikahi gadis lain, yang lebih kaya. Dia pergi ke Jakarta untuk mencari teman masa kecilnya, Rachel, untuk melupakan Bayu. Kemudian dia bertemu Chiko, seorang anak jalanan, yang dia temukan ramah tetapi dia kembali kecewa. Chiko mengobatinya dan menjual Alisa ke orang kaya. Alisa sekarang menyadari bahwa segalanya berputar di sekitar uang sehingga ia menjadi pelacur yang berhati dingin, dan mengubah namanya menjadi Jenny. Kemudian dia bertemu Michael, seorang pria yang mencintainya dengan tulus dan dia melamarnya tanpa mengetahui profesi aslinya.",Drama,Andrew Timothy,https://image.tmdb.org/t/p/w500/b7bEom1jz0UGtWGfAwkjl65Pfj4.jpg,,83,Released,"MM Creations, Shakermedia"
519317,Hantu Tanah Kusir,Hantu Tanah Kusir,2010-11-25,2010,0.0,0,0.24,"Jupri mewarisi delman kakak iparnya. Karena sepi penumpang, Kirno, sahabatnya menyarankan Jupri untuk meminta berkah ke kuburan. Ternyata delmannya malah tertukar dengan delman hantu tanah kusir. Nasib Jupri berubah seketika. Penumpangnya ramai. Namun, semuanya tak berlangsung lama, ketika muncul Odong bersama Pauline, gadis Jepang yang seksi, Hantu tanah kusir mulai menagih janji.",Kengerian,Findo Purwono HW,https://image.tmdb.org/t/p/w500/mbot0OYydI2rt0hDJ1MHUuGyqpe.jpg,,82,Released,Maxima Pictures
363148,Dendam Pocong Mupeng,Dendam Pocong Mupeng,2010-03-11,2010,0.0,0,0.21,"Rini and Andi are lovers who meet a tragic death. Andi is electrocuted, while Rini falls from the balcony. They both turn into wandering ghosts known as pocong (a ghost wrapped in a death shroud) and kuntilanak (a woman ghost, with long hair and dressed in a white gown). Eventually, the house is sold to Harun. He uses it as a boarding house for Sherly, Tommy, Rojak, and Mira. Then each of them experiences strange apparitions. Andi, the pocong, who was a voyeur during his previous lifetime, starts peeping at Sherly and Mira","Kengerian, Komedi",Steady Rimba,https://image.tmdb.org/t/p/w500/ufRhHjc51cg2Q3qhkwsy5iTo3Rt.jpg,,71,Released,K2K Production
751826,SKJ: Seleb Kota Jogja,SKJ: Seleb Kota Jogja,2010-04-08,2010,0.0,0,0.06,"Three unlucky friends form a band but get into continued altercations with a more popular rival metal band. Keeping their music fun and light, they continue to gain popularity.",Komedi,Lakonde,https://image.tmdb.org/t/p/w500/tf0ejXN69VOXLpQR0jrxrxSQ5V2.jpg,,90,Released,Starvision Plus
505936,Setan Budeg,Setan Budeg,2009-01-08,2009,0.0,0,0.26,"3 pemburu mayat, (Eddi Brokoli, Hardi Fadillah, Rizky Mocil) bertugas mengurusi mayat tanpa identitas yang bertebaran di jakarta. Suatu kali, mereka terkejut ketika mayat seorang perempuan yang tewas ditabrak kereta hilang dari ambulans. Pak joko (Kiwil) sang. atasan, memberi ultimatum agar mereka menemukan  jenazah tersebut dan mengembalikannya ke rumah mayat.  Jenazah gadis yang bernama Lala tersebut adalah seorang gadis bisu tuli, saudara kembar  dari anita (dewi persik). Ketika mereka sibuk memburu jenazah  Lala, tanpa disadari mereka pun sedang  diburu oleh arwah yang dipenuhi dendam tersebut","Kengerian, Komedi",Findo Purwono HW,https://image.tmdb.org/t/p/w500/7rbd7BjafaTBcJeI3vctbXK42OP.jpg,https://image.tmdb.org/t/p/original/eAB8p60JoVzKzACs9wRZhtv9Kv8.jpg,83,Released,Maxima Pictures
216728,Ketika Cinta Bertasbih 2,Ketika Cinta Bertasbih 2,2009-12-10,2009,6.0,1,0.26,"Lulus S-1 dari sebuah perguruan tinggi yang memiliki pengaruh wibawa “kealiman”, tidak menyebabkan Azzam mendapat kemudahan dalam segala urusan. Dia bahkan gamang untuk mendapatkan pekerjaan yang pas. Belum lagi cibiran tetangga yang mengira bahwa lulusan Al-Azhar University otomatis menjadi kiyahi, atau ulama besar. Itu kenapa sang ibu menjadi gelisah, bahkan menyuruh adik Azzam, Husna untuk mencarikan pekerjaan, apa saja yang penting asal kesannya bekerja, keluar dari rumah","Drama, Percintaan",Chaerul Umam,https://image.tmdb.org/t/p/w500/rf1jxWlDeFgM8hfQCYTFXj0ZXWi.jpg,,0,Released,SinemArt
52375,Kutukan Suster Ngesot,Kutukan Suster Ngesot,2009-07-27,2009,5.0,1,0.15,"A bus carrying a group of cheerleaders after competing has a bus accident and enters a chasm. Derry, the team’s assistant basketball coach suggests to leave the bus and look for help, but Shanti, insists on waiting for help to come but eventually must run in to the cemetery. The rest of the group decides to take shelter in an old abandoned hospital. In their hopeless situation, they look for anything that could be used to get any kind of help. In the chaos, Derry and Lina find a diary containing the secret for the destruction of the hospital. They soon realize that they are indeed facing the ghost Suster Ngesot and the only way to escape is to confront her head on.",Kengerian,David Poernomo,https://image.tmdb.org/t/p/w500/rAjF4AlvQ1rMXOD0aqexk2U3kyF.jpg,,90,Released,
396100,Serigala Terakhir,Serigala Terakhir,2009-05-11,2009,6.9,7,0.34,"Disebuah pinggiran Jakarta dengan sekelompok remaja laki-laki tumbuh dan menjalin persahabatan yang kuat. Mereka adalah Ale [Fathir Muchtar], Jarot [Vino G. Bastian], Lukman [Dion Wiyoko], Sadat [Ali Syakieb], dan Jago [Dallas Pratama]. Ale adalah sosok yang paling menonjol diantara mereka. Jiwa pemimpinnya sangat kentara sekali. Sementara Jarot adalah sosok yang paling tidak banyak omong dan tertutup.","Drama, Kejahatan",Upi Avianto,https://image.tmdb.org/t/p/w500/m1CLUrwmEwjWzjtvh9j3Tw4nA4m.jpg,https://image.tmdb.org/t/p/original/b89jqO3ZyW0iVAZSDPjOFz6uxBO.jpg,110,Released,Investasi Film Indonesia
646506,Putih Abu-Abu dan Sepatu Kets,Putih Abu-Abu dan Sepatu Kets,2009-10-29,2009,0.0,0,0.35,"Tiga sahabat, Flory, Kemala, dan Icha, duduk di kelas 1 SMU dan selalu terbuka satu sama lain. Mereka bersahabat dengan Dea, yang mencoba bunuh diri setelah pacarnya menyebarkan video mesra mereka. Flory menghadapi perceraian orang tuanya karena ibunya seorang lesbian. Kemala, yang penasaran dengan hal-hal dewasa, adalah yang pertama menstruasi dan pacaran, sementara Icha merasa belum sempurna karena belum menstruasi. Mereka menghadapi berbagai tantangan hidup dan cinta, menjaga harga diri, dan menghindari hal-hal negatif.",Drama,Nayato Fio Nuala,https://image.tmdb.org/t/p/w500/ootd8Io8AkLR53oRGKmbNC4AmxJ.jpg,https://image.tmdb.org/t/p/original/iahpT4UTGlLkU7XCwr8VUELx3Hy.jpg,85,Released,"Mitra Pictures, BIC Pictures"
52373,Kuntilanak Beranak,Kuntilanak Beranak,2009-02-12,2009,5.5,3,0.1,"Some youngsters cajole a couple of their friends to help in their attempt to make  a documentary about a dancer who disappeared and was said to have been murdered, and whose  body was never found. Rumors abound, causing much of the village where she lived to become  deserted. After getting a lead from an oddball villager, they decide to break into the house  which is said to be the site of the murder. What they find there is much more than they  ever could have bargained for...",Kengerian,Ian Jacobs,https://image.tmdb.org/t/p/w500/eE6P6BkgwuJQ0VEKZiJdqaM47tf.jpg,,74,Released,Mitra Pictures
505937,Kawin Laris,Kawin Laris,2009-01-15,2009,0.0,0,0.18,"Sejak kecil, Agus (Zumi Zola) ingin menjadi penghulu, tetapi tingkat pernikahan di kecamatan Agus menurun drastis. Cabang kecamatannya terancam harus dimerger dengan kecamatan sebelah, pimpinan Deon (Vincent Rompies), penghulu muda narcis dan matre, yang dibantu dengan Mamud (Candil), si calo merangkap manager Deon. Di kantor penghulu itu Agus tidak sendirian. Ada Iin (Jill Gladys) dan Beben (Edric Tjandra), penghulu baru yang culun. Kepopuleran Agus membuat Deon dan Mamud cemas. Deon tidak sudi kalau harus merger di kantor Agus. Karena itu ia pun berusaha agar bisa mengawinkan pasangan lebih banyak dari Agus. Peperangan kubu Agus dan Deon-Mahmud menjadi semakin tinggi saat mereka berdua sama-sama harus mendapatkan seorang klien penting. Di saat yang bersamaan, Agus menerima kabar buruk. Orangtuanya akan bercerai. Pandangan Agus akan keindahan perkawinan buyar seketika. Sepertinya saat ini, orang yang terpenting yang harus ia yakinkan adalah dirinya sendiri.",Komedi,Cassandra Massardi,https://image.tmdb.org/t/p/w500/q8CEigjWJyCPiwwQGJwllbSTJX.jpg,,92,Released,
644069,Kata Maaf Terakhir,Kata Maaf Terakhir,2009-08-27,2009,0.0,0,0.16,"Darma menghadapi bulan terakhir hidupnya. Untuk mati dengan damai, ia ingin berdoa lima kali sehari, puasa selama sebulan penuh, dan menerima pengampunan dari mantan istrinya Dania dan dua anaknya, Reza dan Lara, yang ia tinggalkan setelah menghamili Alina, teman Dania. Hanya keinginan terakhir Darma yang belum terpenuhi sampai dia secara tidak sengaja bertemu Lara. Tetapi dia menolak keinginan rekonsiliasi ayahnya meskipun jauh di dalam hatinya, dia benar-benar merindukan kesempatan di mana dia dapat merangkul ayahnya lagi. Kemudian Darma mengungkapkan kepadanya bahwa dia sedang sekarat.",Drama,Maruli Ara,https://image.tmdb.org/t/p/w500/7f06aod5RZSzr5lmmRGeFVS2a0W.jpg,,95,Released,
33515,Ketika Cinta Bertasbih,Ketika Cinta Bertasbih,2009-10-13,2009,6.0,1,0.09,"Khairul Azzam, an Indonesian student in Egypt, has to support his family in his home country while focusing on his education. He tries to seek refuge and strength in God to help him through it all.","Drama, Percintaan",Chaerul Umam,https://image.tmdb.org/t/p/w500/cz03mFe9MCFxbZTMjqmnt0QqpBf.jpg,,120,Released,SinemArt
237394,Jeritan Kuntilanak,Jeritan Kuntilanak,2009-11-05,2009,0.0,0,0.23,"Lila (Furry Citra) adalah seorang mahasiswi sederhana yang hidup berdua dengan kakaknya, Yunita (Julia Perez). Yunita mengkhawatirkan kondisi asma adiknya yang sering kambuh saat Lila memberitakan akan pergi menginap ke villa temannya Reina (Garneta Haruni). Lila diam-diam menyukai Ferry (Andrew Ralph Roxburgh), lain halnya dengan Reina yang terang-terangan menyukai Ferry. Hal itu membuat Reina membenci Lila karena Lila diperhatikan terus oleh Ferry. Teman Reina juga teman Lila yang ikut dalam acara menginap, Vivin (Joanna Alexandra) lebih suka kalau semuanya damai. Jadilah, Lila, Reina, Vivin, Ferry, dan teman Ferry; Bimo (Zacky Zimah) pergi ke villa Reina.",Kengerian,Nayato Fio Nuala,,,90,Released,PT Teguh Bankti Mandiri
520714,Pocong Jalan Blora,Pocong Jalan Blora,2009-08-27,2009,0.0,0,0.2,Pocong Jalan Blora merupakan film horor Indonesia yang dirilis pada tahun 2009 yang disutradarai oleh Ian Jacobs.,Kengerian,Nayato Fio Nuala,https://image.tmdb.org/t/p/w500/aEmQ2MpTQPPuSisZLp5ekn1oNg0.jpg,,80,Released,
504212,Virgin 2: Bukan Film Porno,Virgin 2: Bukan Film Porno,2009-05-28,2009,6.9,6,0.29,"Tentang persahabatan dua orang remaja putri Tina (Christina Santika, 16 th) dan Nadya (Joanna Alexandra, 19 th) yang terjerumus ke profesi kelam yang seharusnya tidak mereka lakukan di usia mereka. Masa remaja bukanlah hal yang mudah bagi mereka. Persahabatan seringkali harus dibayar dengan mahal, bisa jadi dengan sebuah kematian tragis, justru ketika mereka ingin merubah jalan hidupnya",Drama,Nayato Fio Nuala,https://image.tmdb.org/t/p/w500/p6fBUhA5dlGD3UO1lje1GOxghWw.jpg,https://image.tmdb.org/t/p/original/c9IdiTJmmtyuxroeahaDDFpbt4A.jpg,86,Released,Starvision Plus
528071,SMS: Suka Ma Suka,SMS: Suka Ma Suka,2009-03-25,2009,0.0,0,0.16,"Wisnu and Rezky adalah dua cowok ganteng dan play boy. Wisnu seorang fotografer sedangkan Rezky reporter stasiun TV. Suatu hari, Rezky kesiangan masuk kantor padahal dia harus mewawancarai Menteri. Alhasil dia kena damprat bosnya. Rezky memutuskan untuk mencari tempat kos yang dekat dengan kantor biar tidak kesiangan lagi.","Komedi, Percintaan",Encep Masduki,https://image.tmdb.org/t/p/w500/4iAyZC9tb0OZ8cae4mRonqWTQuh.jpg,,0,Released,MD Pictures
363147,Emak Ingin Naik Haji,Emak Ingin Naik Haji,2009-11-12,2009,0.0,0,0.17,"Emak, wanita usia lanjut yang sabar, tulus, dan penuh kebaikan hati, seperti umat Islam lainnya, sangat ingin menunaikan ibadah haji. Sayangnya, Emak tidak memiliki biaya untuk mewujudkan keinginannya. Emak sehari-hari berjualan kue dan juga dari Zein, anaknya yang duda, penjual lukisan keliling. Walaupun Emak tahu bahwa pergi haji adalah hal yang sulit diraih, Emak tidak putus asa, dia tetap mengumpulkan rupiah demi rupiah untuk disetorkan ke tabungan haji di bank. Zein, yang melihat kegigihan Emak, berusaha dengan berbagai cara untuk dapat mewujudkan keinginan Emak. Tapi, keterbatasannya sebagai penjual lukisan keliling, serta masalah-masalah yang diwarisinya dari perkawinannya yang gagal, menyebabkan Zein hampir-hampir putus asa dan nekat. Sementara, tetangga Emak yang kaya raya sudah beberapa kali menunaikan haji, apalagi pergi umroh. Di tempat lain ada orang berniat menunaikan haji hanya untuk kepentingan politik",Drama,Aditya Gumay,https://image.tmdb.org/t/p/w500/pZLbeHlusChTumAVWRFDc0N03AQ.jpg,,76,Released,"Smaradhana Production, Mizan Productions"
327219,Punk in Love,Punk in Love,2009-07-09,2009,6.3,6,0.2,"Kisah tentang cinta, kehidupan, dan persahabatan empat sahabat punk jalanan. Dari kampung halamannya di Malang, Jawa Timur, mereka merencanakan perjalanan ke Jakarta dengan tujuan membantu temannya menyatakan cintanya kepada kekasihnya sebelum pernikahannya...","Drama, Percintaan, Komedi",Ody C. Harahap,https://image.tmdb.org/t/p/w500/8udakFwhrHr5Xj6HluIJuYRtXII.jpg,,99,Released,MVP Pictures
52382,Air Terjun Pengantin,Air Terjun Pengantin,2009-12-03,2009,2.8,6,0.3,"Film diawali dengan dukun ilmu hitam bertopeng yang menculik seorang wanita untuk dijadikan pengantinnya. Sang dukun dikejar warga setempat hingga ia terpojok ke sebuah air terjun. Karena wanita disebelahnya terus memberontak, sang dukun melempar wanita itu ke air terjun. Lalu, sang dukun menyusulnya jatuh, dan dukun yang masih hidup itu melihat wanitanya yang sudah meninggal dan frustasi, lalu membunuh seluruh warga.","Drama, Percintaan, Cerita Seru, Kengerian",Rizal Mantovani,https://image.tmdb.org/t/p/w500/rGFFl5OXkhpHuS7zOJmZqxfgqgF.jpg,https://image.tmdb.org/t/p/original/9gZk5DtsQpe7Vc8PCG5GsTA821I.jpg,74,Released,"Maxima Pictures, Dreamscape Pictures"
246352,The Real Pocong,The Real Pocong,2009-03-05,2009,2.7,3,0.27,"The Real Pocong merupakan film Indonesia yang dirilis pada 2009. Film ini disutradarai oleh Hanny R. Saputra dan dibintangi antara lain oleh Nabila Syakieb, Ashraf Sinclair, Sakinah Dava Erawan, Kinaryosih, dan Agastya Kandou.","Drama, Kengerian, Cerita Seru",Hanny R. Saputra,https://image.tmdb.org/t/p/w500/27fWylEeGbiHPYjDp9U0B1oSJOf.jpg,,102,Released,SinemArt
39024,Pintu Terlarang,Pintu Terlarang,2009-01-22,2009,6.5,52,0.45,"Gambir sang seniman ternama memendam rahasia gelap dan memalukan, namun aib yang disembunyikan istrinya di balik pintu misterius di rumah mereka mungkin lebih mengerikan.","Cerita Seru, Misteri, Drama, Kengerian",Joko Anwar,https://image.tmdb.org/t/p/w500/aoMgipau7D72Omkd74hbWHwq6F0.jpg,https://image.tmdb.org/t/p/original/k5FTrpHKxi9OjGnf9lRNXHvg4vJ.jpg,115,Released,LifeLike Pictures
246072,Pocong Kamar Sebelah,Pocong Kamar Sebelah,2009-05-28,2009,3.0,1,0.18,"At 12 midnight everyday, Felisa would hear loud scream from the room next door. Until the third day, she finally enters the room. After that the scream stopped but Felisa is always haunted by strange voices. Mbah Jimat, a shaman reveals that since the room has been opened, the evil spirits roams around. He then orders Felisa to open the strap of the pocong ghost behind the room. But the pocong ghost continues to terrorize the flat. Will they be saved from the pocong ghost's terror?",Kengerian,Ian Jacobs,https://image.tmdb.org/t/p/w500/eap4dVpwwJiqqZTJhv7iuGt3O5x.jpg,https://image.tmdb.org/t/p/original/ud0SmmE6fhFbhRUhMMEs02uqveo.jpg,80,Released,Mitra Pictures
80831,Sang Pemimpi,Sang Pemimpi,2009-12-17,2009,6.6,9,0.32,"Adalah seorang guru bernama Balia yang menjadi sumber inspirasi bagi Ikal, Arai dan Jimbron. Kelas Balia membawa mereka pada keajaiban ilmu pengetahuan dan luasnya kehidupan, tempat yang memberi mereka nafas untuk keluar dari tekanan hidup.  Balia membarakan semangat mereka untuk menjelajahi Eropa dan bagian dunia lain untuk mengarungi kehidupan. Namun,  pada saat yang sama, mereka harus menghadapi sikap keras Pak Mustar, sang kepala sekolah. Kontras dengan sikap Balia, Pak Mustar adalah seorang guru yang menerapkan cara didik dengan pola hukuman bagi yang lalai.",Drama,Riri Riza,https://image.tmdb.org/t/p/w500/lXA0chGV24cf7fUEIj2eOW5rfjc.jpg,https://image.tmdb.org/t/p/original/iFXIQgddpVbc76L1xg6rtOIbJ7A.jpg,121,Released,"Mizan Productions, Miles Films"
34626,Merantau,Merantau,2009-08-06,2009,6.5,224,1.47,"Di Minangkabau, Sumatra Barat, Merantau adalah tradisi yang harus dijalankan setiap anak laki-laki. Yuda (Iko Uwais), pesilat Harimau handal, dalam persiapan akhir untuk memulai perantauannya. Ia harus meninggalkan keluarganya, ibu tercinta, Wulan (Christine Hakim), dan udanya, Yayan (Donny Alamsyah), kenyamanan dan keindahan kampung halamannya, dan membuat nama untuk dirinya di keserabutan kota Jakarta.","Aksi, Drama, Cerita Seru",Gareth Evans,https://image.tmdb.org/t/p/w500/60Vd3zovl6XeRH8GQOsM9fwMHRO.jpg,https://image.tmdb.org/t/p/original/sHy9qPITQcD8PGHUHRWseguyfiE.jpg,134,Released,"PT. Merantau Films, Golden Network Asia"
395855,Suster Keramas,Suster Keramas,2009-12-31,2009,4.0,5,0.23,"Michiko, a Japanese tourist comes to Indonesia to search for his brother who works as a nun. She meets three people who help her. Soon, they become victims of a haunting.","Komedi, Kengerian",Helfi C.H. Kardit,https://image.tmdb.org/t/p/w500/7YnH5iOK4drEJUhSgvB249SxHPL.jpg,https://image.tmdb.org/t/p/original/68AZ1jVIQxozAUSpXbWeW8S5Q8H.jpg,83,Released,Maxima Pictures
484527,Benci Disko,Benci Disko,2009-05-14,2009,0.0,0,0.12,"Hamdan (Denny Malik), jago disko yang dipuja di lingkungan rumahnya harus menikahi Jubaedah dan Lusi karena hamil. Dua istri Hamdan tinggal di kontrakan yang bersebelahan di gang Kelinci. Sembilan bulan kemudian Jubaedah dan Lusi masing-masing melahirkan anak laki-laki, anak Jubaedah bernama Harim (Tora Sudiro) dan anak Lusi bernama Setiawan (Vincent Club80s). Setelah kelahiran dua anak laki-laki tersebut, pertengkaran di dalam keluarga Hamdan terjadi setiap hari. Hingga satu saat, Hamdan meninggalkan keluarganya, lari bersama perempuan lain dan anak perempuannya bernama Harti.","Komedi, Drama",Rako Prijanto,https://image.tmdb.org/t/p/w500/388yUdGICdz5zz9yROp0Zb8aM3l.jpg,,89,Released,Rapi Films
237875,Tetesan Darah Perawan,Tetesan Darah Perawan,2008-12-31,2008,0.0,0,0.07,"Liburan tujuh remaja ke hutan larangan berakhir dengan teror hantu yang muncul akibat perbuatan tidak senonoh Sandi dan Sarah di telaga dalam hutan larangan. Meskipun telah diingatkan oleh seorang lelaki misterius, yang diberi amanah turun temurun sebagai kuncen kawasan tersebut. Tetesan darah perawan Sarah telah membangkitkan cerita satu abad lampau. Roh Nyi Gendewa bangkit lagi dan menebar teror.",Kengerian,Tidak Diketahui,,,0,Released,
445302,Kun Fayakuun,Kun Fayakuun,2008-04-17,2008,0.0,0,0.07,"Ardan seorang tukang kaca keliling. Hidupnya sangat sederhana, tetapi ia tetap gigih berjuang, sabar, tabah dan selalu ikhlas. Apapun cobaan diberikan kepadanya, itikadnya tetap bulat untuk mewujudkan impian untuk menjadikan keluarganya keluar dari himpitan kemiskinan. Ingin pula mengganti gerobaknya dengan sebuah kios.  Beruntung, Ardan mempunyai seorang istri yang solehah, setia, taat kepada suami dan Tuhannya. Dia juga tidak pernah luput mendoakan dan menanti dengan setia kedatangan Ardan sepulangnya dari berjualan kaca keliling. Senyumannya sangat khas untuk membahagiakan hati Ardan. Tutur katanya pun sangat bijak dihadapan kedua buah hati mereka. Hingga ketika keyakinan itu berada pada titik nadir, ternyata sesuatu terjadi pada keluarga tersebut dari arah yang tidak terduga hingga pertemuannya dengan seorang Habib yakni Habib Riziq Shihab yang diperankan oleh Dr. H. Abdul Arafah.",Drama,Guntur Novaris,,,87,Released,Putaar Films
380913,D.O. (Drop Out),D.O. (Drop Out),2008-03-19,2008,0.0,0,0.25,"Terancam dikeluarkan dari kampus, seorang pemalas mendapat bantuan dari seorang tutor. Sebagai gantinya, dia membantu tutor itu menemukan kembali jati dirinya.","Komedi, Percintaan",Winaldha E. Melalatoa,https://image.tmdb.org/t/p/w500/uFv7xCPRr4GiZbfnNalE8Wbsgkz.jpg,https://image.tmdb.org/t/p/original/ep2h5DEOeOS50jGTYaU6XxQoUkp.jpg,86,Released,MVP Pictures
495809,Tiren: Mati Kemaren,Tiren: Mati Kemaren,2008-06-26,2008,1.0,1,0.16,"Tiren: Mati Kemaren merupakan sebuah film Indonesia yang dirilis pada tahun 2008. Film yang disutradarai oleh Emil G. Hampp ini dibintangi antara lain oleh Dewi Perssik, Baron Hermanto, Renee The, Aldiansyah Taher dan Budi Anduk.","Kengerian, Komedi",Emil G. Hampp,https://image.tmdb.org/t/p/w500/pvC8WvuZCEqVgqM6HLXWcvjlEQp.jpg,,90,Released,Maxima Pictures
642860,Kalau Cinta Jangan Cengeng,Kalau Cinta Jangan Cengeng,2008-02-12,2008,0.0,0,0.15,"Boy, seorang bintang film terkenal, memiliki masa lalu yang kelam, karena ia terlibat dalam kecelakaan mobil yang menewaskan dua orang. Kemudian, ia menjadi Duta Besar untuk kampanye Anti Narkoba dan memberikan ceramah di pusat rehabilitasi. Di sana ia melihat seorang pecandu yang menyerupai orang yang meninggal dalam kecelakaan bertahun-tahun yang lalu. Dia adalah Yani, putri pasangan yang sudah meninggal, yang dia selamatkan dalam kecelakaan itu. Karena merasa bersalah, Boy mencoba membantu Yani untuk pulih dari kecanduannya. Kemudian Yani melarikan diri dari pusat dan mulai menggunakan narkoba lagi dengan Felix, pengedarnya. Boy menemukannya dan membawanya pulang. Ini membuat pacar Boy, Luna, marah. Tetapi ketika hubungan Boy dengan Yani semakin dekat, mantan manajer Boy, Ahmad, memberi tahu Yani bahwa Boy yang membunuh orangtuanya.",Drama,Monty Tiwa,https://image.tmdb.org/t/p/w500/oCv2rf70DpghEqSHOOBxe4v0NDM.jpg,,112,Released,SinemArt
490607,Bukan Cowok Idola,Bukan Cowok Idola,2008-10-30,2008,0.0,0,0.15,Bukan Cowok Idola adalah film drama Indonesia yang dirilis pada 30 Oktober 2008 dengan disutradarai oleh Iqbal Rais yang dibintangi oleh Ramon Y. Tungka dan Nadia Edward.,,Iqbal Rais,https://image.tmdb.org/t/p/w500/iy2VDnViKJT8UcTL0T9giMPVfCv.jpg,,0,Released,Triavi Production
12275,Ayat-Ayat Cinta,Ayat-Ayat Cinta,2008-02-28,2008,5.9,12,0.44,"Ini adalah kisah cinta. Tapi bukan cuma sekedar kisah cinta yang biasa. Ini tentang bagaimana menghadapi turun-naiknya persoalan hidup dengan cara Islam. Fahri bin Abdillah adalah pelajar Indonesia yang berusaha menggapai gelar masternya di Al Ahzar. Berjibaku dengan panas-debu Mesir. Berkutat dengan berbagai macam target dan kesederhanaan hidup. Bertahan dengan menjadi penerjemah buku-buku agama. Semua target dijalani Fahri dengan penuh antusiasme kecuali satu: menikah.  Kenapa? Karena Fahri adalah laki-laki taat yang begitu ‘lurus’. Dia tidak mengenal pacaran sebelum menikah. Dia kurang artikulatif saat berhadapan dengan mahluk bernama perempuan. Hanya ada sedikit perempuan yang dekat dengannya selama ini. Neneknya, Ibunya dan saudara perempuannya.","Drama, Percintaan",Hanung Bramantyo,https://image.tmdb.org/t/p/w500/sKQGqiVZmvKc0OogBXjE7VREc58.jpg,https://image.tmdb.org/t/p/original/89Kj6Z7IF2UHESfI9zW3dQ7hALR.jpg,125,Released,MD Pictures
670265,Pocong vs Kuntilanak,Pocong vs Kuntilanak,2008-11-06,2008,7.2,4,0.07,"The film starts in the Dutch Colonial Era of Indonesia, where we are informed of Raden Soekotjo's feelings toward Nyi Soroh. As the film opens, Raden is going to Nyi's house to tell her of his feelings for her. She however, has already fallen in love and married a Dutch sea captain named Von Klingen. Angered by that prospect, Raden killed Nyi, which awakened her family's Kuntilanak spirit guardian. Heading after Von Klingen next, Raden became when he found out that the Kuntilanak was after him. He tries to escape, but the Kuntilanak kills him. Before death however, Raden tells one of his relatives not to undo the rope around his pocong shroud, which would allow him to turn into a Pocong spirit.",Kengerian,David Poernomo,https://image.tmdb.org/t/p/w500/zErAEcE3JAZniC10S6cyqLjjnsS.jpg,,90,Released,Mitra Pictures
380915,From Bandung With Love,From Bandung With Love,2008-03-13,2008,0.0,0,0.35,"From Bandung With Love is an Indonesian films released in 2008. The film, directed by Henry Adianto starring among others by Marsha Timothy, Richard Kevin, and much more. Impressions premiere on March 13, 2008.","Percintaan, Drama",Henry Adianto,https://image.tmdb.org/t/p/w500/78nB3ZYhLxv10KdjKWaetQEnE8j.jpg,,80,Released,Lighthouse Film
444742,40 Hari Bangkitnya Pocong,40 Hari Bangkitnya Pocong,2008-03-06,2008,8.0,1,0.16,"Jessi is haunted by a strange shadow. Her cousin thinks she's stressed since break up with Nino. She meets Kevin who makes her feels safe, but the terror worsens.",Kengerian,Rudi Soedjarwo,https://image.tmdb.org/t/p/w500/l8fSJsIdOLCZbfIPkIMSR7M0kP3.jpg,,90,Released,Rapi Films
642865,"Oh, My God!","Oh, My God!",2008-08-01,2008,0.0,0,0.12,"Ipin adalah siswa sekolah menengah yang dianggap tua dibandingkan teman-teman sekelasnya. Karena masalah keuangan, ia selalu terlambat mendaftar ke sekolah. Tetapi ia memiliki bakat menyanyi yang unik, karena ia bernyanyi seperti Broery Pesolima, penyanyi papan atas di era 70-an. Kemudian Ipin jatuh cinta pada Tiara, seorang gadis cantik, kaya, dan pintar. Tapi Tiara adalah pacar Marco, kapten tim bola basket sekolah dan juara sampul favorit di majalah. Sekarang Marco akan melakukan apa saja untuk menghapus Ipin dari sekolah.","Komedi, Drama",Rako Prijanto,https://image.tmdb.org/t/p/w500/rDGF951qFJ4QFTBBW23lc8S8tL1.jpg,,0,Released,
600777,9808: Antologi 10 Tahun Reformasi Indonesia,9808: Antologi 10 Tahun Reformasi Indonesia,2008-05-13,2008,0.0,0,0.1,"In May 1998 something happened in Indonesia that no one had thought possible. After persistent demonstrations, primarily by students, the repressive era of President Suharto came to an end. Many film makers from the present generation were closely involved in this revolution at the time. In this omnibus film, ten film makers look back on events.",,Ariani Darmawan,https://image.tmdb.org/t/p/w500/rkmKScVEKXbiuLRvLwht4Dktmz5.jpg,https://image.tmdb.org/t/p/original/veRfoPw9aqTgaavM1itehl2Sgsx.jpg,115,Released,
662158,Otomatis Romantis,Otomatis Romantis,2008-01-18,2008,0.0,0,0.13,Bambang (Tora Sudiro) works as an office boy and Nadia (Marsha Timothy) as an editor in a magazine company,"Komedi, Komedi, Percintaan, Drama",Guntur Soeharjanto,https://image.tmdb.org/t/p/w500/hpsFLWFRTICl83uhKlGzEeLCMMT.jpg,,101,Released,ISI Production
413484,Kuntilanak 3,Kuntilanak 3,2008-03-13,2008,4.4,7,1.04,"A group of youngsters is on a mission to Ujung Sedo, to find their missing friends in a haunting jungle. Along the way, they met Samantha who's in a personal mission to the a mystical village. They went across the dark woods, a deafening fog, and a deadly cave where strange events followed them. Every twist is connected to Samantha who has a wicked curse to summon a she-devil called Kuntilanak. The old witch who lives in the village may be the only one who can stop the curse. But, that's not her plan at all.",Kengerian,Rizal Mantovani,https://image.tmdb.org/t/p/w500/8iSLQlTZ8zUtFkuuGXwFJXLyYR1.jpg,https://image.tmdb.org/t/p/original/dLM0athMHXkdyBG7HYTRiO6cxUc.jpg,90,Released,MVP Pictures
780882,Suami-Suami Takut Istri: The Movie,Suami-Suami Takut Istri: The Movie,2008-09-26,2008,0.0,0,0.11,"Four close friends travel to Bali with their wives. Their wives think they were brought to Bali for a romantic second honeymoon, however the husbands secretly got tickets for a concert of the sexy girl group ""Trio Ganas"".",Komedi,Sofyan D. Surza,https://image.tmdb.org/t/p/w500/8vE0VCm1jhux5Gj6whLMWjjSNAo.jpg,,93,Released,MVP Pictures
131702,3 Doa 3 Cinta,3 Doa 3 Cinta,2008-12-18,2008,7.5,1,0.13,"Huda, Rian, and Syahid are friends living in Islamic boarding school. They lost someone in their family and aspire to different things in their lives.",Drama,Nurman Hakim,https://image.tmdb.org/t/p/w500/32UL7Lb2KFxo8ABwfCDRHlTC4Vg.jpg,https://image.tmdb.org/t/p/original/1XITeisPj1lI3MNcC1iPJPD13NO.jpg,110,Released,"Investasi Film Indonesia, Triximages"
22421,Laskar Pelangi,Laskar Pelangi,2008-09-25,2008,7.4,25,0.48,"Kepulangan Ikal dewasa ke kampung mengenang kembali masa kecilnya, hari pertama pembukaan kelas baru di sekolah SD Muhammadiyah. Lima tahun bersama, Bu Muslimah, Pak Harfan dan ke 10 murid dengan keunikan dan keistimewaannya tersendiri, berjuang untuk terus bisa sekolah.",Drama,Riri Riza,https://image.tmdb.org/t/p/w500/pIkafUVOWa4LrInh0RF80KKBBeK.jpg,https://image.tmdb.org/t/p/original/2IRvEfq33ytOOpavtnblEQHI9Yi.jpg,120,Released,"Miles Films, Mizan Productions"
237395,Mengaku Rasul: Sesat,Mengaku Rasul: Sesat,2008-06-04,2008,0.0,0,0.15,Rianti (Jian Batari) pergi setelah bertengkar dengan ayahnya soal hubungannya dengan Ajie (Alblen Fillindo Fabe). Rianti kecewa saat memergoki Ajie bersama perempuan lain. Dia pergi ke padepokan Guru Samir (Ray Sahetapy) mencari ketenangan.,"Drama, Cerita Seru",Helfi C.H. Kardit,https://image.tmdb.org/t/p/w500/8YReRC2f2paTWPLKfpXyvBAFWnF.jpg,,97,Released,Starvision Plus
400951,Tali Pocong Perawan,Tali Pocong Perawan,2008-04-10,2008,6.0,1,0.14,A jealous young man tries to steal his brother's girlfriend by using the power of an ancient myth.,Kengerian,Arie Azis,https://image.tmdb.org/t/p/w500/qIJipFZ1OPXSSvccsIIuTyoxiBk.jpg,https://image.tmdb.org/t/p/original/hbaPlIhpCIROJHqpKGFaX7ceFrj.jpg,105,Released,
490610,Cinlok,Cinlok,2008-09-26,2008,5.0,1,0.36,"Cinlok merupakan film Indonesia yang dirilis pada tanggal Jumat, 26 September 2008 yang disutradarai oleh Guntur Soeharjanto. Film ini dibintangi antara lain oleh Tora Sudiro, Luna Maya, Tukul Arwana, Ria Irawan, Yeyen Lidya, Yurike Prastika, dan Laila Sari.  Stasiun tua yang unik dengan deretan kedai-kedai buat para pengunjungnya. Cundra (Tora Sudiro) seorang eksekutif muda dan Nayla (Luna Maya), manajer hotel, bertemu di salah satu kedai. Cundra duluan yang membuka percakapan. Terungkap bahwa Nay sudah punya tunangan bernama Tyo (Tukul Arwana), seorang pengusaha. Begitu pula dengan Cundra. Nama tunangannya Tika (Ria Irawan), seorang desainer yang sedang naik daun. Kenyataannya adalah: mereka berdua berbohong tentang hidup mereka.  Setelah pertemuan itu, mereka berjanji untuk bertemu kembali dan kali ini mereka berdua harus memutar otak agar kebohongan mereka tidak terbongkar. Apakah mereka berhasil menutupi kebohongan mereka? Apakah Nayla dan Chundra akhirnya saling mencintai?[1]","Komedi, Percintaan",Guntur Soeharjanto,https://image.tmdb.org/t/p/w500/5wxMSoqmOZxxIasGp2UmJObiNrD.jpg,https://image.tmdb.org/t/p/original/a8VJczPs0cfLqKiwhSpdPsPZTAm.jpg,90,Released,MD Pictures
51564,Takut: Faces of Fear,Takut: Faces of Fear,2008-12-01,2008,5.8,12,0.26,Compilation of short horror films from seven directors who produced six film segments in one anthology.,"Kengerian, Cerita Seru",Ray Nayoan,https://image.tmdb.org/t/p/w500/gVuJZkOkWTLoMNpTR2ahm3kyTRD.jpg,https://image.tmdb.org/t/p/original/nw733sRmFfLFfeJXuPEt1lRGrjK.jpg,91,Released,Komodo Films
450804,Pocong 3,Pocong 3,2007-10-10,2007,6.0,3,0.22,"A DJ at the nightclub named Vendetta, daughter (Francine Roosenda) got the news of the death of his father who had left him alone for ten years. Life Women who already have a good relationship with his friends at Vendetta including Thomas (Darius Sinathrya), Michelle (Elmayana Sabrenia) and Bayu (Gary Iskak), be changed while slowly terrorized by something.",Kengerian,Monty Tiwa,https://image.tmdb.org/t/p/w500/xZp4zMZscP5GJHzPU1rwj3z32QA.jpg,,118,Released,SinemArt
286093,Suster Ngesot,Suster Ngesot,2007-05-10,2007,0.0,0,0.12,Vira and Silla works in a hospital. They live in a haunted nursing hostel. Suster Ngesot ghost kills adulterers. Vira gets sign before a murder.,Kengerian,Arie Azis,https://image.tmdb.org/t/p/w500/rF3vBDYX8sYruRpJwv9cqeGhzj8.jpg,,87,Released,MD Pictures
499015,Kamulah Satu-Satunya,Kamulah Satu-Satunya,2007-07-12,2007,5.0,1,0.17,"Indah (Nirina Zubir), adalah seorang gadis SMA di daerah Bayah, Banten, yang telah lama ditinggal oleh kedua orang tuanya. Semenjak kecil Indah diurus oleh Abahnya (Didi Petet) dalam keadaan ekonomi yang pas-pasan, namun ternyata Indah tidak pernah merasa susah karena ia memiliki sebuah obsesi yang sangat diimpikannya. Obsesi tersebut adalah bertemu langsung dengan band Dewa 19.",Drama,Hanung Bramantyo,https://image.tmdb.org/t/p/w500/kVgl6v10XEF412Jb4QLagr7upeR.jpg,,102,Released,"Oreima Films, Starvision Plus"
495797,Malam Jumat Kliwon,Malam Jumat Kliwon,2007-05-31,2007,3.0,2,0.16,"Malam Jumat Kliwon adalah film horor Indonesia yang dirilis pada tahun 2007. Film yang disutradarai oleh Nayato Fio Nuala ini dibintangi antara lain oleh Ben Joshua, Abimana Aryasatya dan Gracia Indri.",Kengerian,Nayato Fio Nuala,https://image.tmdb.org/t/p/w500/ohiYEwElMwlfYgHjzcApFUDiC9W.jpg,,90,Released,Indika Entertainment
518239,Film Horor,Film Horor,2007-12-02,2007,8.8,6,0.13,This is an Indonesian parody movie with the film making fun of its own horror movie industry.,"Komedi, Kengerian",Toto Hoedi,https://image.tmdb.org/t/p/w500/bS1DkIVEYV9yNHUDe0UmhAN2G4b.jpg,,115,Released,
555583,Suster N,Suster N,2007-10-25,2007,0.0,0,0.17,"A movie about the famous ghost of the Dutch raised nurse, Norah, who can not walk for having a wounded leg.",Kengerian,Viva Westi,https://image.tmdb.org/t/p/w500/v3pcdKcj04wdba8hH7cUMe3CMAj.jpg,,88,Released,
286533,Jakarta Undercover,Jakarta Undercover,2007-03-22,2007,7.0,2,0.41,"After accidently killing her temperamental father in order to save her mom from his abuse, Viki flees from Medan to Jakarta with her autistic brother, Ara. To make ends meet in Jakarta, Viki poses as a transvestite and works as a striptease dancer. With no one to watch over her brother, Viki brings Ara every night to the club where she works and hide him in one corner of the room at the club. One day, Ara accidently witnesses an act of murder by Haryo, son of an official, and his friends. Realizing his crime action witness by Ara, Haryo and his friends chase Viki and Ara, determined to silene the two before they go to the police. For the sake of saving his brother’s life, Viki secretly flee from one place to another in order to escape Haryo and friends. Will Viki and Ara escape?","Cerita Seru, Kejahatan",Lance,https://image.tmdb.org/t/p/w500/4zltj1O63G7HDLC68wWwfKnQH3k.jpg,https://image.tmdb.org/t/p/original/hLO7cPQYXaOfNf7Zqb5VCt04hNY.jpg,89,Released,"PT Velvet Silver Cinema, Rexinema, Starvision Plus, Rexinema"
496027,Get Married,Get Married,2007-10-11,2007,6.7,6,0.12,"Get Married adalah Film lokal Indonesia garapan StarVision yang mulai tayang di bioskop pada bulan Oktober 2007. Get Married menjadi film Indonesia terlaris kedua tahun 2007 dengan jumlah penonton 2,2 Juta orang.","Drama, Komedi",Hanung Bramantyo,https://image.tmdb.org/t/p/w500/2WTtSvOkVlmXLq1q1ivcB82viH6.jpg,,105,Released,Starvision Plus
257456,Nagabonar Jadi 2,Nagabonar Jadi 2,2007-03-29,2007,6.8,4,0.09,"Alur cerita berputar tentang hubungan Nagabonar (Deddy Mizwar) dan Bonaga (Tora Sudiro) dalam suasana kehidupan anak muda metropolis. Bonaga, seorang pengusaha sukses, mendapat proyek pembangunan resort dari perusahaan Jepang. Sialnya, lahan yang diincar perusahaan Jepang tersebut tak lain adalah lahan perkebunan sawit milik ayahnya, Nagabonar. Maka Bonaga pun memboyong ayahnya ke Jakarta agar dia bisa membujuk Nagabonar menjual lahan tersebut.","Drama, Komedi",Deddy Mizwar,https://image.tmdb.org/t/p/w500/l9OzQ76URjSwIddivPY9d9LwPwB.jpg,https://image.tmdb.org/t/p/original/iBKiEP55f7rDSMjC7ZLqMGaGcXW.jpg,118,Released,Citra Sinema
257189,Quickie Express,Quickie Express,2007-11-22,2007,5.8,6,0.16,"Jojo, seorang pemuda pengangguran di Jakarta, dalam pencariannya untuk mendapatkan uang dengan mudah memutuskan untuk menjadi gigolo di sebuah perusahaan layanan kencan. Semuanya berjalan lancar sampai dia jatuh cinta dengan seorang mahasiswa kedokteran.","Komedi, Drama",Dimas Djayadiningrat,https://image.tmdb.org/t/p/w500/qAkS3c1bHgK8FgKEJC973sehGUS.jpg,https://image.tmdb.org/t/p/original/vcpIcQXXQ4AfsfCY0K9QiD6XJwX.jpg,117,Released,"Kalyana Shira Films, Ezy Productions"
237393,"Maaf, Saya Menghamili Istri Anda","Maaf, Saya Menghamili Istri Anda",2007-06-20,2007,0.0,0,0.12,"Monty Tiwa tidak harus meminta maaf pada siapa-siapa (seharusnya juga tidak kepada perserikatan keluarga Simamora yang menuntutnya untuk meminta maaf atas penggunaan marga mereka di film ini). Maaf, Saya Menghamili Istri Anda adalah sebuah komedi yang cerdas dan menyenangkan.","Komedi, Drama",Monty Tiwa,https://image.tmdb.org/t/p/w500/paf1XkmoV3L4uDuVALyjR2m5Jpv.jpg,,106,Released,SinemArt
519321,Pesan dari Surga,Pesan dari Surga,2006-12-21,2006,0.0,0,0.13,"Grup band beraliran rock, Topeng, yang seluruh personilnya beranggotakan lima anak muda, menghadapi berbagai problem cinta. Sang vokalis, Canting (Luna Maya), selalu pusing memikirkan pacarnya Armand (Dimas Setowardana) yang bekerja sekantor dengan mantan kekasihnya. Sang drummer, Brazil (Chaterine Wilson), mengencani dua pria kembar sekaligus bernama Oya Oyi (Ramon Y Tungka). Personil lain, Veruska (Rianti Cartwright) hamil di luar nikah dan terkena virus HIV. Pemain bass Topeng yang juga seniman pembuat tato, Kuta (Lukman Sardi), intim dengan sesama jenis. Terakhir Prana (Vino G Bastian) menikah dengan seorang peramal namun juga mempunyai peliharaan seorang penari Salsa. Masalah mereka memuncak saat mendekati konser besar. Topeng malah terancam bubar, apalagi saat Canting sang vokalis dipaksa oleh seluruh personil band untuk mengundurkan diri tanpa kejelasan. Ketika permasalahan nyaris meledak,",Drama,Sekar Ayu Asmara,https://image.tmdb.org/t/p/w500/2kcVjbnFtbCNJiq2BoJ9Fx5H869.jpg,,97,Released,MVP Pictures
405504,Heart,Heart,2006-05-11,2006,6.0,7,0.37,"Kisah diawali pertemanan sejak kecil antara Rachel (Nirina Zubir) dan Farel (Irwansyah). Mereka tumbuh dewasa bersama. Ketika Farel bertemu pengarang komik, Luna (Acha Septriasa), dan bercerita pada Rachel tentang rasa cintanya pada gadis berambut panjang itu, Rachel pun tersentak. Rachel yang berambut pendek suka berpakaian kasual, jauh dari kesan feminin. Rachel tipe gadis tomboy yang doyan mobil dan olahraga. Sementara Luna bertolak belakang dengan Rachel. Luna suka memakai rok dan lemah lembut. Cinta Farel kepada Luna menyadarkan Rachel pada rasa cintanya sendiri kepada Farel.","Drama, Percintaan",Hanny R. Saputra,https://image.tmdb.org/t/p/w500/tO4ySyLCqX8v92by3ci93so86UV.jpg,https://image.tmdb.org/t/p/original/oQc8TMRIiroCucyl2rjRyPt7izh.jpg,126,Released,Starvision Plus
236779,9 Naga,9 Naga,2006-01-12,2006,8.0,2,0.3,Manusia terbaik di Indonesia... adalah seorang penjahat!!!,"Kejahatan, Drama",Rudi Soedjarwo,https://image.tmdb.org/t/p/w500/joR4ZK1ABHE7j4ti5uzxujqQ7cx.jpg,,104,Released,"Reload Pictures, Mira Media Group, SinemArt"
496067,Lentera Merah,Lentera Merah,2006-05-24,2006,0.0,0,0.13,"Lentera Merah adalah sebuah majalah kampus UNI (Universitas Negeri Indonesia) yang sudah ada sejak dulu dengan tulisan-tulisannya yang kritis dan berani. Setelah pembrendelan anggota PKI pada tahun 60an, hingga kini Lentera Merah masih tetap eksis dengan model tulisannya yang menantang.","Cerita Seru, Kengerian",Hanung Bramantyo,https://image.tmdb.org/t/p/w500/MnDGLaVWmN6vI86bxHjXrRjLuX.jpg,,100,Released,Rapi Films
405521,"Realita, Cinta dan Rock'n Roll","Realita, Cinta dan Rock'n Roll",2006-02-02,2006,6.1,7,0.33,Ipang (Vino G. Bastian) dan Nugi (Herjunot Ali) adalah dua orang sahabat yang tidak menyukai sekolah dan gemar bermain musik. Kehidupan mereka jalani dengan impian untuk mencapai cita-cita mereka menjadi pemusik rock'n roll. Ipang merupakan anak seorang dosen (Frans Tumbuan) dan memiliki seorang adik laki-laki yang bernama Dido. Sedangkan Nugi adalah anak tunggal yang tinggal bersama ibunya. Diceritakan ayahnya sudah pergi ke Amerika sejak kecil dan tak pernah sekalipun mengengoknya. Mereka berdua (Ipang dan Nugi) sering bolos sekolah hanya untuk bersenang-senang atau main ke toko kaset milik Sandra (Nadine Chandrawinata).,Drama,Upi Avianto,https://image.tmdb.org/t/p/w500/fNngs8VvJuICK0svHtjRbstvUNB.jpg,https://image.tmdb.org/t/p/original/d0PCFEJoFKh1YnbQ6feOmPufpeV.jpg,114,Released,Virgo Putra Film
257174,Jomblo,Jomblo,2006-02-09,2006,6.3,6,0.16,"Four single college mates try their luck in love by taking a stab at dating, leading them to humiliating, cringeworthy, and formative experiences.","Percintaan, Komedi, Drama",Hanung Bramantyo,https://image.tmdb.org/t/p/w500/oG0kP0BKwZHkEjrEsYBWSHMKurF.jpg,https://image.tmdb.org/t/p/original/nUw8696tYFtFlWubBpIXOU97jlJ.jpg,116,Released,SinemArt
52372,Kuntilanak,Kuntilanak,2006-10-27,2006,5.8,16,0.17,A young college student moves to a new boarding house in a very haunted area.,Kengerian,Rizal Mantovani,https://image.tmdb.org/t/p/w500/h5WMsADqtDgKcIUcHtk6LY43X6c.jpg,https://image.tmdb.org/t/p/original/9rjd55s0QflddBUmTwQrYpnaLoL.jpg,93,Released,MVP Pictures
642855,Issue,Issue,2005-08-25,2005,6.0,1,0.14,"Linda melamar pekerjaan sebagai reporter TV. Dalam perjalanannya ke sana, dia menyaksikan kematian seorang wanita dan tanpa dia sadari, korban memasukkan mini disc ke dalam tas Linda, sebelum meninggal. Disk mini berisi gambar wanita yang sekarat di jalan. Kemudian gambar dalam disk mini disiarkan, dengan Linda bertindak sebagai presenter. Pembunuh menonton laporan berita dan menjadikan Linda target berikutnya.",Cerita Seru,Gunawan Paggaru,https://image.tmdb.org/t/p/w500/yGhE2I1zi9xYFzm35oaUdUUwoks.jpg,,92,Released,
429832,Alexandria,Alexandria,2005-11-24,2005,5.0,1,0.41,"Bagas Gunawan (Marcel Chandrawinata), lelaki pendiam dan sangat pemalu memendam rasa kepada Alexandra Yasmina (Julie Estelle), tetangganya yang baru. Alex adalah gadis unik dengan kamera dan koleksi komiknya dan mimpi utamanya: pergi ke kota Alexandria di Mesir, yang kata ayahnya merupakan asal muasal nama dirinya: Alexandra.",Drama,Ody C. Harahap,https://image.tmdb.org/t/p/w500/7IDzm6W6cVU80rSEnAJo8M1VOgz.jpg,,110,Released,"Rexinema, Rexinema"
22412,Catatan Akhir Sekolah,Catatan Akhir Sekolah,2005-03-31,2005,5.8,6,0.28,"3 orang sahabat yang dikenal sebagai A3, Agni (VJ Ramon), Alde (Marcel) dan Arian (Vino Bastian) yang dicap geng cupu dan dianggap loser di sekolah mereka, bertekad membalas dendam kepada sekolah mereka lewat sebuah film dokumenter tentang catatan akhir sekolah",Drama,Hanung Bramantyo,https://image.tmdb.org/t/p/w500/ft9xulnQQ3Xf9X14lMBZCkIvaoR.jpg,https://image.tmdb.org/t/p/original/sFEUHBj9iFGQvMOe2sPbGGvCBIy.jpg,110,Released,"Rexinema, Rexinema"
787251,Anne Van Jogja,Anne Van Jogja,2005-04-14,2005,0.0,0,0.06,"Anne’s mixed Dutch – Javanese parentage causes her father to be banished by his family. After building his own plantation, Anne’s father dies in an accident when she was a child. When she turns 10, Jogja is in a crisis. Anne’s school is closed, and the company run by her Dutch mother has to be handed over to the locals. The plantation is taken over by Satrio’s father. Satrio is a friend of Anne. This change leads to the death of Anne's mother, so Anne moves to Solo and opens a successful batik business. Apparently Satrio secretly helps her by buying her batik as he is still in love with Anne. But he can’t pursue her as he is arranged to marry a princess from the Sultan’s palace. Anne finally learns of Satrio’s deeds, but she also has to bury her feelings, as she has lung cancer. She decides to give Satrio a piece of batik that she personally makes as the wedding present.",Drama,Bobby Sandy,https://image.tmdb.org/t/p/w500/5rfjTAKeZjeF6ZwVbgZMsgQF5ev.jpg,,93,Released,"PT Jatayu Cakrawala Film & Video, Panitia Tetap Film Kompetitif Budpar"
670350,Kejar Jakarta,Kejar Jakarta,2005-01-01,2005,0.0,0,0.14,"Ujang, a young man from Cibatu, West Java, travels to Jakarta in the hope of becoming wealthy. He leaves Neng, his lover, behind. Ujang meets Dadang, whom people say has been successful. It turns out that the news is false as Dadang is poor. Then they manage to deceive Dewo, the conglomerate boss and Ujang and Dadang are entrusted to lead Dewo’s company. In reality, Dewo has deceived Dadang and Ujang into carrying out his money laundering activity. Luckily, Dewi, Dewo’s wife, comes to rescue the guys.","Drama, Komedi",Chandra Endroputro,https://image.tmdb.org/t/p/w500/4j51wLJesxpzOZawAhSvy8YbEsz.jpg,,127,Released,"TSA Komunika, P-Project, Eureka Production"
495473,Panggil Namaku Tiga Kali,Panggil Namaku Tiga Kali,2005-03-01,2005,0.0,0,0.17,"Panggil Namaku Tiga Kali adalah sebuah film Indonesia bergenre horor yang dirilis tahun 2005 yang disuradarai oleh Koya Pagayo dan dibintangi antara lain oleh Hayria Lontoh, Rionaldo Stockhorst dan Titi Qadarsih.",Kengerian,Nayato Fio Nuala,https://image.tmdb.org/t/p/w500/1jmQTXF4H56MiPmiu86faJCwJhl.jpg,,97,Released,Indika Entertainment
39064,Janji Joni,Janji Joni,2005-04-26,2005,6.7,20,0.33,Seorang pria pengantar film menjanjikan seorang wanita muda yang cantik untuk mengantarkan film tepat waktu ke bioskop.,"Drama, Komedi, Percintaan",Joko Anwar,https://image.tmdb.org/t/p/w500/mznTCufeOaXofs8LOWPjVFtH38M.jpg,https://image.tmdb.org/t/p/original/kGNuU06310RmsMrwkwzXlOkwRvD.jpg,83,Released,"Kalyana Shira Films, Focus Films Limited"
644071,Vina Bilang Cinta,Vina Bilang Cinta,2005-08-18,2005,0.0,0,0.12,"Pada usia 24, Cillia Yulia tumbuh menjadi gadis yang keras kepala dan pesimistis. Suatu hari, Tri, seorang lelaki berusia 25 tahun dari desa yang menyukai lagu-lagu Vina Panduwinata, ingin mencoba peruntungannya di Jakarta sebagai penyanyi. Nasib menyatukan mereka. Cillia harus membantu Tri dalam mengejar karier musiknya. Memang menjadi tugas yang sangat sulit karena Cillia menentang segala sesuatu yang diyakini Tri.","Drama, Musik, Percintaan",Indra Yudhistira,https://image.tmdb.org/t/p/w500/ekFTBldFK5baGxfi93sGrlFrw9E.jpg,,95,Released,MNC Pictures
390888,30 Hari Mencari Cinta,30 Hari Mencari Cinta,2004-01-08,2004,0.0,0,0.35,"Kisah tiga sahabat, Keke (Dinna Olivia), Gwen (Nirina Zubir) dan Olin (Agnes), yang berkawan sejak SMA dan saat kuliah masih bersama-sama tinggal di rumah orangtua Olin. Suatu saat mereka tersadar belum punya pacar, dan mereka sepakat untuk mencari pacar. Usaha pertama gagal, dan mereka lalu bertaruh siapa yang pertama mendapat pacar dalam 30 hari. Kebersamaan mereka jadi merenggang.","Komedi, Drama, Percintaan",Upi Avianto,https://image.tmdb.org/t/p/w500/oReogDcICoeuPgFI4a6NmUbVFn9.jpg,https://image.tmdb.org/t/p/original/l7rkAhkEyHShN7siMHydOIQXyhd.jpg,113,Released,"Rexinema, Rexinema"
668209,Fantasi,Fantasi,2004-03-01,2004,0.0,0,0.08,"""Jakarta Cinderella"", a musical performance, is performed by three main actors. Indah plays Jutek, the step-sister, Bunga plays Upik Abu, with Ronald as the Prince. In reality, Bunga is an arrogant girl as she has experience acting for television. Bunga is also dating Ronald, whom Indah has a crush on. Then Ronald’s relationship Bunga is jeopardized by Bunga’s jealousy of Indah. So Bunga starts seeing other people and forces Indah out from the school musical. Finally, when the substitute actor is sick, Indah resumes her role and gets Ronald’s attention","Musik, Drama",Putu Kusuma Wijaya,https://image.tmdb.org/t/p/w500/zfUfatS1M9YZK4saewq5JK6xzyQ.jpg,,110,Released,"Flying Fish Pictures, PT Indosiar Visual Mandiri"
504214,Virgin,Virgin,2004-11-11,2004,5.0,1,0.37,"Biyan 16 tahun, seorang remaja yang sangat menjaga keperawanannya. Ayahnya playboy yang banyak mengencani wanita-wanita muda, kenyataan yang membuat ibunya sangat menderita. Disitulah Biyan berpendapat pentingnya arti keperawanan.  Biyan bersahabat dengan Stella dan Ketie. Ketiganya bergabung dalam komunitas",Drama,Hanny R. Saputra,https://image.tmdb.org/t/p/w500/2cMU6Dr8RCtGAxmSkqnVEwvEWkz.jpg,https://image.tmdb.org/t/p/original/leyYP9KcSjaKzU1PX46QQpM6Tg1.jpg,115,Released,Starvision Plus
490601,Bangsal 13,Bangsal 13,2004-12-18,2004,0.0,0,0.2,"Bangsal 13 merupakan film horor Indonesia yang dirilis pada tahun 2004 yang disutradarai oleh Ody Harahap. Film ini dibintangi antara lain oleh Endhita, Luna Maya, dan Lia Chandra, beserta pemeran pembantu lain. Film ini dibuat di daerah Sitamala, Tangerang pada tahun 2003.",Kengerian,Ody C. Harahap,https://image.tmdb.org/t/p/w500/ynLXzMNAmHqLfmVNckgXVD5avJu.jpg,,94,Released,"Rexinema, Rexinema"
490608,Buruan Cium Gue,Buruan Cium Gue,2004-08-05,2004,0.0,0,0.23,"Buruan Cium Gue merupakan sebuah film Indonesia yang dirilis pada tahun 2004. Film yang disutradarai oleh Findo Purwono HW ini dibintangi antara lain oleh Hengky Kurniawan, Masayu Anastasia, Dimas Setowardana, Ratu Felisha, Tommy Kurniawan, Imelda Therinne, Aimee Juliette, Irfan Hakim, dan Dewi Rezer.","Komedi, Percintaan",Findo Purwono HW,https://image.tmdb.org/t/p/w500/5qCy9u6NZgk1KCrd4H8j3BjrX2u.jpg,,87,Released,MVP Pictures
647177,Rumah Ketujuh,Rumah Ketujuh,2003-02-14,2003,0.0,0,0.13,"Lintang dan Cakra adalah teman baik sejak kecil. Mereka menjalankan toko penyewaan video dan mereka berencana untuk membuka bioskop rumah seni. Lintang sangat percaya pada astrologi, jadi dia mencari seorang pria Taurus sebagai belahan jiwa ketika dia mencapai usia 25. Tapi Cakra percaya pada interpretasi mimpi karena dia selalu melihat gadis yang sama dalam mimpinya, tetapi dia tidak bisa melihatnya dengan jelas. Lintang percaya bahwa belahan jiwanya adalah Arman, dan Cakra percaya bahwa belahan jiwanya adalah Alina. Keduanya terbukti salah ketika mereka akhirnya menemukan satu sama lain sebagai belahan jiwa mereka yang sebenarnya.","Drama, Percintaan",Rudi Soedjarwo,https://image.tmdb.org/t/p/w500/jdudPJg46MHLM3mhSvgmEf4K57A.jpg,,84,Released,Miles Films
39060,Ada Apa dengan Cinta?,Ada Apa dengan Cinta?,2002-02-07,2002,7.6,43,0.36,"Bertemakan cinta di masa-masa SMA, Ada Apa dengan Cinta menampilkan Cinta (Dian Sastrowardoyo) sebagai seorang pelajar SMA. Ia langganan juara lomba puisi di sekolahnya yang rutin diadakan tiap tahun. Cerita berawal dari Alya (Ladya Cherill) yang tubuhnya memar karena kerap dipukuli sang ayah yang kerap cek-cok dengan ibunya. Alya adalah sahabat karib Cinta dengan teman-temannya yang lain seperti Carmen (Adinia Wirasti), Maura (Titi Kamal), dan Milly (Sissy Priscillia)","Drama, Percintaan",Rudi Soedjarwo,https://image.tmdb.org/t/p/w500/u4eu24kJ2XR7W1lnwVACSC51HaY.jpg,https://image.tmdb.org/t/p/original/xqFm4FCok2mvesJwKH3Hj1TeC3K.jpg,112,Released,"Miles Productions, Miles Films"
