title,year,vote_average,vote_count,popularity,overview,genres,production_countries,poster_path
Inception,2010,8.37,38125,31.8939,"Cobb, a skilled thief who commits corporate espionage by infiltrating the subconscious of his targets is offered a chance to regain his old life as payment for a task considered to be impossible: ""inception"", the implantation of another person's idea into a target's subconscious.",[],[],https://image.tmdb.org/t/p/w500/ljsZTbVsrQSqZgWeep2B1QiDKuh.jpg
TRON: Legacy,2010,6.522,7565,24.808,"Sam Flynn, the tech-savvy and daring son of Kevin Flynn, investigates his father's disappearance and is pulled into The Grid. With the help of a mysterious program named Quorra, Sam quests to stop evil dictator Clu from crossing into the real world.",[],[],https://image.tmdb.org/t/p/w500/vuifSABRpSnxCAOxEnWpNbZSXpp.jpg
Iron Man 2,2010,6.848,21804,21.4624,"With the world now aware of his dual life as the armored superhero Iron Man, billionaire inventor Tony Stark faces pressure from the government, the press and the public to share his technology with the military. Unwilling to let go of his invention, Stark, with Pepper Potts and James 'Rhodey' Rhodes at his side, must forge new alliances – and confront powerful enemies.",[],[],https://image.tmdb.org/t/p/w500/6WBeq4fCfn7AN0o21W9qNcRF2l9.jpg
Harry Potter and the Deathly Hallows: Part 1,2010,7.738,19814,20.4392,"Harry, Ron and Hermione walk away from their last year at Hogwarts to find and destroy the remaining Horcruxes, putting an end to Voldemort's bid for immortality. But with Harry's beloved Dumbledore dead and Voldemort's unscrupulous Death Eaters on the loose, the world is more dangerous than ever.",[],[],https://image.tmdb.org/t/p/w500/iGoXIpQb7Pot00EEdwpwPajheZ5.jpg
Shrek Forever After,2010,6.39,7688,18.449,"A bored and domesticated Shrek pacts with deal-maker Rumpelstiltskin to get back to feeling like a real ogre again, but when he's duped and sent to a twisted version of Far Far Away—where Rumpelstiltskin is king, ogres are hunted, and he and Fiona have never met—he sets out to restore his world and reclaim his true love.",[],[],https://image.tmdb.org/t/p/w500/6HrfPZtKcGmX2tUWW3cnciZTaSD.jpg
Alice in Wonderland,2010,6.636,14439,18.8035,"Alice, now 19 years old, returns to the whimsical world she first entered as a child and embarks on a journey to discover her true destiny.",[],[],https://image.tmdb.org/t/p/w500/o0kre9wRCZz3jjSjaru7QU0UtFz.jpg
Tangled,2010,7.611,11981,17.6941,"Feisty teenager Rapunzel, who has long and magical hair, wants to go and see sky lanterns on her eighteenth birthday, but she's bound to a tower by her overprotective mother. She strikes a deal with Flynn Rider, a charming wanted thief, and the duo set off on an action-packed escapade.",[],[],https://image.tmdb.org/t/p/w500/ym7Kst6a4uodryxqbGOxmewF235.jpg
How to Train Your Dragon,2010,7.852,13849,17.4926,"As the son of a Viking leader on the cusp of manhood, shy Hiccup Horrendous Haddock III faces a rite of passage: he must kill a dragon to prove his warrior mettle. But after downing a feared dragon, he realizes that he no longer wants to destroy it, and instead befriends the beast – which he names Toothless – much to the chagrin of his warrior father.",[],[],https://image.tmdb.org/t/p/w500/ygGmAO60t8GyqUo9xYeYxSZAR3b.jpg
Shutter Island,2010,8.201,24983,16.7532,"World War II soldier-turned-U.S. Marshal Teddy Daniels investigates the disappearance of a patient from a hospital for the criminally insane, but his efforts are compromised by troubling visions and a mysterious doctor.",[],[],https://image.tmdb.org/t/p/w500/nrmXQ0zcZUL8jFLrakWc90IR8z9.jpg
Megamind,2010,7.011,7198,15.5613,"After Megamind, a highly intelligent alien supervillain, defeats his long-time nemesis Metro Man, Megamind creates a new hero to fight, but must act to save the city when his ""creation"" becomes an even worse villain than he was.",[],[],https://image.tmdb.org/t/p/w500/uZ9ytt3sPTx62XTfN56ILSuYWRe.jpg
Grown Ups,2010,6.401,6440,15.3313,"After their high school basketball coach passes away, five good friends and former teammates reunite for a Fourth of July holiday weekend.",[],[],https://image.tmdb.org/t/p/w500/ys0LscDFAuZxfUcpH5moiPeFfXs.jpg
Toy Story 3,2010,7.802,15240,14.1128,"Woody, Buzz, and the rest of Andy's toys haven't been played with in years. With Andy about to go to college, the gang find themselves accidentally left at a nefarious day care center. The toys must band together to escape and return home to Andy.",[],[],https://image.tmdb.org/t/p/w500/AbbXspMOwdvwWZgVN0nabZq03Ec.jpg
Despicable Me,2010,7.253,15650,14.74,"Villainous Gru lives up to his reputation as a despicable, deplorable and downright unlikable guy when he hatches a plan to steal the moon from the sky. But he has a tough time staying on task after three orphans land in his care.",[],[],https://image.tmdb.org/t/p/w500/9lOloREsAhBu0pEtU0BgeR1rHyo.jpg
Predators,2010,6.288,4385,13.1111,A group of cold-blooded killers find themselves trapped on an alien planet to be hunted by extraterrestrial Predators.,[],[],https://image.tmdb.org/t/p/w500/sx5EuckP7SBQrlMlxg0PLt282WS.jpg
Percy Jackson & the Olympians: The Lightning Thief,2010,6.209,7651,12.45,"Accident prone teenager, Percy discovers he's actually a demi-God, the son of Poseidon, and he is needed when Zeus' lightning is stolen. Percy must master his new found skills in order to prevent a war between the Gods that could devastate the entire world.",[],[],https://image.tmdb.org/t/p/w500/brzpTyZ5bnM7s53C1KSk1TmrMO6.jpg
Edge of Darkness,2010,6.37,1615,17.3413,"As a seasoned homicide detective, Thomas Craven has seen the bleakest side of humanity. But nothing prepares him for the toughest investigation of his life: the search for his only daughter Emma's killer. Now, he is on a personal mission to uncover the disturbing secrets surrounding her murder, including corporate corruption, government collusion and Emma's own mysterious life.",[],[],https://image.tmdb.org/t/p/w500/pvHjp1vEFmp5FquSCPQ2O95tIZJ.jpg
Undisputed III: Redemption,2010,7.537,965,10.6818,"Russian inmate Boyka, now severely hobbled by the knee injury suffered at the end of Undisputed 2. No longer the feared prison fighter he was, he has declined so far that he is now good only for cleaning toilets. But when a new prison fight tournament begins - an international affair, matching the best fighters from prisons around the globe, enticing them with the promise of freedom for the winner - Boyka must reclaim his dignity and fight for his position in the tournament.",[],[],https://image.tmdb.org/t/p/w500/g8KB77SPA7SyU8eid6TAEpt9skU.jpg
The Social Network,2010,7.371,12706,10.8808,"In 2003, Harvard undergrad and computer programmer Mark Zuckerberg begins work on a new concept that eventually turns into the global social network known as Facebook. Six years later, Mark is one of the youngest billionaires ever, but his unprecedented success leads to both personal and legal complications when he ends up on the receiving end of two lawsuits, one involving his former friend.",[],[],https://image.tmdb.org/t/p/w500/n0ybibhJtQ5icDqTp8eRytcIHJx.jpg
The Karate Kid,2010,6.565,6352,11.5136,"12-year-old Dre Parker could've been the most popular kid in Detroit, but his mother's latest career move has landed him in China. Dre immediately falls for his classmate Mei Ying but the cultural differences make such a friendship impossible. Even worse, Dre's feelings make him an enemy of the class bully, Cheng. With no friends in a strange land, Dre has nowhere to turn but maintenance man Mr. Han, who is a kung fu master. As Han teaches Dre that kung fu is not about punches and parries, but maturity and calm, Dre realizes that facing down the bullies will be the fight of his life.",[],[],https://image.tmdb.org/t/p/w500/b1RBy3l297N0c7PHjlz35cClWju.jpg
Black Swan,2011,7.686,15087,10.1721,"The story of Nina, a ballerina in a New York City ballet company whose life, like all those in her profession, is completely consumed with dance. She lives with her retired ballerina mother Erica who zealously supports her daughter's professional ambition. When artistic director Thomas Leroy decides to replace prima ballerina Beth MacIntyre for the opening production of their new season, Swan Lake, Nina is his first choice.",[],[],https://image.tmdb.org/t/p/w500/viWheBd44bouiLCHgNMvahLThqx.jpg
Kick-Ass,2010,7.1,12044,11.1026,"Dave Lizewski is an unnoticed high school student and comic book fan who one day decides to become a super-hero, even though he has no powers, training or meaningful reason to do so.",[],[],https://image.tmdb.org/t/p/w500/iHMbrTHJwocsNvo5murCBw0CwTo.jpg
The Twilight Saga: Eclipse,2010,6.201,9032,10.5238,"Bella once again finds herself surrounded by danger as Seattle is ravaged by a string of mysterious killings and a malicious vampire continues her quest for revenge. In the midst of it all, she is forced to choose between her love for Edward and her friendship with Jacob, knowing that her decision has the potential to ignite the ageless struggle between vampire and werewolf. With her graduation quickly approaching, Bella is confronted with the most important decision of her life.",[],[],https://image.tmdb.org/t/p/w500/dK4Gi1UdMiHzHc7r7CZQG4IQ9Sr.jpg
The Expendables,2010,6.247,8041,10.5643,"Barney Ross leads a band of highly skilled mercenaries including knife enthusiast Lee Christmas, a martial arts expert Yin Yang, heavy weapons specialist Hale Caesar, demolitionist Toll Road, and a loose-cannon sniper Gunner Jensen. When the group is commissioned by the mysterious Mr. Church to assassinate the dictator of a small South American island, Barney and Lee visit the remote locale to scout out their opposition and discover the true nature of the conflict engulfing the city.",[],[],https://image.tmdb.org/t/p/w500/j09ZkH6R4JWVylBcDai1laCmGw7.jpg
Clash of the Titans,2010,5.917,6487,9.3406,"Born of a god but raised as a man, Perseus is helpless to save his family from Hades, vengeful god of the underworld. With nothing to lose, Perseus volunteers to lead a dangerous mission to defeat Hades before he can seize power from Zeus and unleash hell on earth. Battling unholy demons and fearsome beasts, Perseus and his warriors will only survive if Perseus accepts his power as a god, defies fate and creates his own destiny.",[],[],https://image.tmdb.org/t/p/w500/3W6QaC3Vz8UJhr6HRYuGfbNeJCs.jpg
The Last Airbender,2010,4.647,4124,11.5464,"The story follows the adventures of Aang, a young successor to a long line of Avatars, who must put his childhood ways aside and stop the Fire Nation from enslaving the Water, Earth and Air nations.",[],[],https://image.tmdb.org/t/p/w500/kl9JJ8288bNsY8oqT1SpQh1w2mb.jpg
Love & Other Drugs,2010,7.039,5397,11.6371,"Maggie is an alluring free spirit who won't let anyone – or anything – tie her down. But she meets her match in Jamie, whose relentless and nearly infallible charm serves him well with the ladies and the cutthroat world of pharmaceutical sales. Maggie and Jamie's evolving relationship takes them both by surprise, as they find themselves under the influence of the ultimate drug: love.",[],[],https://image.tmdb.org/t/p/w500/wZLM2uKJRYNchLmiCIjosX0rXy8.jpg
The A-Team,2010,6.407,4835,9.0335,"A man who loves when a plan comes together, Col. Hannibal Smith leads a close-knit team of elite operatives and Iraq War veterans. Framed for a crime they didn't commit, Smith and his men, Capt. H.M. ‘Howling Mad’ Murdock , Sgt. Bosco ‘B.A.’ Baracus, and Lt. Templeton ‘Faceman’ Peck, break out and go rogue, using their special talents to clear their names and find the perpetrator. Hot on their trail is Capt. Charissa Sosa, who was once involved with a member of Smith's team and has sworn to capture them, no matter what it takes.",[],[],https://image.tmdb.org/t/p/w500/bkAWEx5g5tvRPjtDQyvIZ7LRxQm.jpg
Tinker Bell and the Great Fairy Rescue,2010,6.7,979,8.8431,"During a summer stay on the mainland, Tinker Bell is accidentally discovered while investigating a little girl's fairy house. As the other fairies, led by the brash Vidia, launch a daring rescue in the middle of a fierce storm, Tink develops a special bond with the lonely, little girl.",[],[],https://image.tmdb.org/t/p/w500/cb7PrVIYbwIadQqWxgSU6CGHJjj.jpg
The Other Guys,2010,6.316,4382,8.9962,"Unlike their heroic counterparts on the force, desk-bound NYPD detectives Gamble and Hoitz garner no headlines as they work day to day. When a seemingly minor case turns out to be a big deal, the two cops get the opportunity to finally prove to their comrades that they have the right stuff.",[],[],https://image.tmdb.org/t/p/w500/wNEHNqo3MgHmj3BUiPSqqq5czcm.jpg
RED,2010,6.702,6931,9.3202,"After surviving an assault from a squad of hit men, retired CIA black ops agent Frank Moses reassembles his old team for an all-out war. Frank reunites with old Joe, crazy Marvin and wily Victoria to uncover a massive conspiracy that threatens their lives. Only their expert training will allow them to survive a near-impossible mission -- breaking into CIA headquarters.",[],[],https://image.tmdb.org/t/p/w500/8eeK3OB5PeSRQD7BpZcGZKkehG.jpg
A Nightmare on Elm Street,2010,5.526,2824,9.871,"Teenagers Nancy, Quentin, Kris, Jesse and Dean are all neighborhood friends who begin having the same dream of a horribly disfigured man who wears a tattered sweater and a glove made of knives. The man terrorizes them in their dreams, and the only escape is to wake up. But when, one by one, they start dying violently, the friends realize that what happens in the dream world is real, and the only way to stay alive is to stay awake.",[],[],https://image.tmdb.org/t/p/w500/nsmW28GcNabCUZfP5YtUEe8Li0f.jpg
The Book of Eli,2010,6.795,6421,8.6431,"A post-apocalyptic tale, in which a lone man fights his way across America in order to protect a sacred book that holds the secrets to saving humankind.",[],[],https://image.tmdb.org/t/p/w500/1H1y9ZiqNFaLgQiRDDZLA55PviW.jpg
Faster,2010,6.343,2011,8.7711,"After 10 years in prison, Driver is now a free man with a single focus - hunting down the people responsible for brutally murdering his brother.",[],[],https://image.tmdb.org/t/p/w500/AsUeaXrhw4oscCSjUZ6heh1pVvd.jpg
The Town,2020,7.219,5342,9.5873,"Doug MacRay is a longtime thief, who, smarter than the rest of his crew, is looking for his chance to exit the game. When a bank job leads to the group kidnapping an attractive branch manager, he takes on the role of monitoring her – but their burgeoning relationship threatens to unveil the identities of Doug and his crew to the FBI Agent who is on their case.",[],[],https://image.tmdb.org/t/p/w500/3NIzyXkfylsjflRKSz8Fts3lXzm.jpg
Knight and Day,2010,6.225,4717,8.6123,"A fugitive couple goes on a glamorous and sometimes deadly adventure where nothing and no one – even themselves – are what they seem. Amid shifting alliances and unexpected betrayals, they race across the globe, with their survival ultimately hinging on the battle of truth vs. trust.",[],[],https://image.tmdb.org/t/p/w500/phhp52CZZJiGYmiOTp9ZBDkGHB3.jpg
From Paris with Love,2010,6.349,2184,8.2805,"James Reese has a good job as an ambassador's aid in France, but his real passion is a side gig—working in a minor role in the CIA. He would love to be a full-fledged agent and can't believe his luck when he lands an assignment with Charlie Wax. Trigger-happy Charlie soon has James crying for his desk job, but when he learns that the same guys they're trying to catch are after him, James realises that Charlie may be his only hope of survival.",[],[],https://image.tmdb.org/t/p/w500/poVoLKLxUqsTLSntA40Po2F78dZ.jpg
Death Race 2,2010,5.818,1157,8.2073,"In the world's most dangerous prison, a new game is born: Death Race. The rules of this adrenaline-fueled blood sport are simple, drive or die. When repentant convict Carl Lucas discovers there's a price on his head, his only hope is to survive a twisted race against an army of hardened criminals and tricked-out cars.",[],[],https://image.tmdb.org/t/p/w500/80mBFNVvak2bA9TJN1MD0yM7Lfi.jpg
Salt,2010,6.413,5721,8.1707,"As a CIA officer, Evelyn Salt swore an oath to duty, honor and country. Her loyalty will be tested when a Russian defector accuses her of being a Russian sleeper spy. She goes on the run, using all her skills and years of experience as a covert operative to elude capture, protect her husband, and stay one step ahead of her colleagues at the CIA. Her efforts to prove her innocence only serve to cast doubt on her motives, as the hunt to uncover the truth behind her identity continues and the question remains: ""Who is Salt?""",[],[],https://image.tmdb.org/t/p/w500/ppXyhOe8UCEOrBRSYqE3SkHwrcR.jpg
Diary of a Wimpy Kid,2010,6.257,1691,8.991,"Greg Heffley is headed for big things, but first he has to survive the scariest, most humiliating experience of any kid’s life – middle school! That won’t be easy, considering he’s surrounded by hairy-freckled morons, wedgie-loving bullies and a moldy slice of cheese with nuclear cooties!",[],[],https://image.tmdb.org/t/p/w500/iLAGiPnSuODt9cn332bkFElrRig.jpg
Piranha 3D,2010,5.4,2316,8.3754,"Each year the population of sleepy Lake Victoria, Arizona explodes from 5,000 to 50,000 residents for the annual Spring Break celebration. But then, an earthquake opens an underwater chasm, releasing an enormous swarm of ancient Piranha that have been dormant for thousands of years, now with a taste for human flesh. This year, there's something more to worry about than the usual hangovers and complaints from locals, a new type of terror is about to be cut loose on Lake Victoria.",[],[],https://image.tmdb.org/t/p/w500/lMLS2OFBbNYMSB1ZbVp4q2S4zTU.jpg
She's Out of My League,2010,6.479,2246,7.6892,"When he starts dating drop-dead gorgeous Molly, insecure airport security agent Kirk can't believe it. As his friends and family share their doubts about the relationship lasting, Kirk does everything he can to avoid losing Molly forever.",[],[],https://image.tmdb.org/t/p/w500/mpYHjyPX0DAxbsnWKmSK5jZ1s4T.jpg
True Grit,2011,7.307,5521,8.0382,"Following the murder of her father by a hired hand, a 14-year-old farm girl sets out to capture the killer. To aid her, she hires the toughest U.S. Marshal she can find—a man with 'true grit'—Reuben J. 'Rooster' Cogburn.",[],[],https://image.tmdb.org/t/p/w500/tCrB8pcjadZjsDk7rleGJaIv78k.jpg
His Name Was Jason: 30 Years of Friday the 13th,2010,6.724,85,7.2525,"A retrospective documentary about the groundbreaking horror series, Friday the 13th, featuring interviews with cast and crew from the twelve films spanning 3 decades.",[],[],https://image.tmdb.org/t/p/w500/1YyPmtz41mXO0A2ztsn3Ibe6ssF.jpg
Legion,2010,5.896,2748,7.0417,"When God loses faith in humankind, he sends his legion of angels to bring on the Apocalypse. Humanity's only hope for survival lies in a group of strangers trapped in an out-of-the-way, desert diner with the Archangel Michael.",[],[],https://image.tmdb.org/t/p/w500/ykocDqwg5PRUopnBVb1x1DWnEJF.jpg
The King's Speech,2011,7.735,9021,8.1263,"The King's Speech tells the story of the man who became King George VI, the father of Queen Elizabeth II. After his brother abdicates, George ('Bertie') reluctantly assumes the throne. Plagued by a dreaded stutter and considered unfit to be king, Bertie engages the help of an unorthodox speech therapist named Lionel Logue. Through a set of unexpected techniques, and as a result of an unlikely friendship, Bertie is able to find his voice and boldly lead the country into war.",[],[],https://image.tmdb.org/t/p/w500/pVNKXVQFukBaCz6ML7GH3kiPlQP.jpg
127 Hours,2011,7.084,7815,7.9668,The true story of mountain climber Aron Ralston's remarkable adventure to save himself after a fallen boulder crashes on his arm and traps him in an isolated canyon in Utah.,[],[],https://image.tmdb.org/t/p/w500/h0RMdn0rfl9l5hWXz3tUh6QVkhi.jpg
The Sorcerer's Apprentice,2010,6.131,5115,7.8914,"Balthazar Blake is a master sorcerer in modern-day Manhattan trying to defend the city from his arch-nemesis, Maxim Horvath. Balthazar can't do it alone, so he recruits Dave Stutler, a seemingly average guy who demonstrates hidden potential, as his reluctant protégé. The sorcerer gives his unwilling accomplice a crash course in the art and science of magic, and together, these unlikely partners work to stop the forces of darkness.",[],[],https://image.tmdb.org/t/p/w500/b5pIUsGll0418NyfNA5eYCI9aoK.jpg
Easy A,2010,6.809,7156,7.8695,"Olive, an average high school student, sees her below-the-radar existence turn around overnight once she decides to use the school's gossip grapevine to advance her social standing. Now her classmates are turning against her and the school board is becoming concerned, including her favorite teacher and the distracted guidance counselor. With the support of her hilariously idiosyncratic parents and a little help from a long-time crush, Olive attempts to take on her notorious new identity and crush the rumor mill once and for all.",[],[],https://image.tmdb.org/t/p/w500/v5f1qO6NJnxWgONgkYg21TW39DT.jpg
Scott Pilgrim vs. the World,2010,7.488,8249,7.7034,"As bass guitarist for a garage-rock band, Scott Pilgrim has never had trouble getting a girlfriend; usually, the problem is getting rid of them. But when Ramona Flowers skates into his heart, he finds she has the most troublesome baggage of all: an army of ex-boyfriends who will stop at nothing to eliminate him from her list of suitors.",[],[],https://image.tmdb.org/t/p/w500/g5IoYeudx9XBEfwNL0fHvSckLBz.jpg
Wall Street: Money Never Sleeps,2010,6.086,1609,7.0357,"As the global economy teeters on the brink of disaster, a young Wall Street trader partners with disgraced former Wall Street corporate raider Gordon Gekko on a two tiered mission: To alert the financial community to the coming doom, and to find out who was responsible for the death of the young trader's mentor.",[],[],https://image.tmdb.org/t/p/w500/sA7dP4TJdbIF6a9xNeuBeHOGioX.jpg
Unstoppable,2010,6.602,3723,8.1726,"When a massive, unmanned locomotive roars out of control, the threat is more ominous than just a derailment. The train is laden with toxic chemicals, and an accident would decimate human life and cause an environmental disaster. The only hope of bringing the train to a safe stop is in the hands of veteran engineer Frank Barnes, and young conductor Will Colson, who must risk their lives to save those in the runaway's path. Inspired by true events.",[],[],https://image.tmdb.org/t/p/w500/zKvHwL0GqLOear8rTnUPSTRYY0r.jpg
Nanny McPhee and the Big Bang,2010,6.303,1895,7.6164,"Nanny McPhee appears at the door of a harried young mother who is trying to run the family farm while her husband is away at war. But once she’s arrived, Nanny discovers that the children are fighting a war of their own against two spoiled city cousins who have just moved in. Relying on everything from a flying motorcycle and a statue that comes to life to a tree-climbing piglet and a baby elephant, Nanny uses her magic to teach her mischievous charges five new lessons.",[],[],https://image.tmdb.org/t/p/w500/9cgHfgBXVZmVR63AhwJ82R1kAFS.jpg
Gulliver's Travels,2010,5.207,2469,8.1451,"Travel writer Lemuel Gulliver takes an assignment in Bermuda, but ends up on the island of Liliput, where he towers over its tiny citizens.",[],[],https://image.tmdb.org/t/p/w500/tazLyiF4q2w07jXjg4z4CQZgvY.jpg
The American,2010,5.97,1429,7.6762,"Dispatched to a small Italian town to await further orders, assassin Jack embarks on a double life that may be more relaxing than is good for him.",[],[],https://image.tmdb.org/t/p/w500/5OEOsRaBsSxD0qBtAhus0iKDzr.jpg
Tooth Fairy,2010,5.5,2055,7.5141,"When minor-league hockey player Derek Thompson -- who has a penchant for knocking out his opponents' teeth every time he plays -- disillusions a fan, he is sentenced to a stint for one week as a bona fide, tutu-clad, real-life tooth fairy. Soon, Derek is inspired to rekindle his youthful dreams.",[],[],https://image.tmdb.org/t/p/w500/cRZvw3bPomtucIUtMHZ3qPIYtYs.jpg
The Chronicles of Narnia: The Voyage of the Dawn Treader,2010,6.441,5750,7.3547,"This time around Edmund and Lucy Pevensie, along with their pesky cousin Eustace Scrubb find themselves swallowed into a painting and on to a fantastic Narnian ship headed for the very edges of the world.",[],[],https://image.tmdb.org/t/p/w500/pP27zlm9yeKrCeDZLFLP2HKELot.jpg
The Last Exorcism,2010,5.692,1073,7.0144,"After years of performing “exorcisms” and taking believers’ money, Reverend Marcus travels to rural Louisiana with a film crew so he can dispel what he believes is the myth of demonic possession. The dynamic reverend is certain that this will be another routine “exorcism” on a disturbed religious fanatic but instead comes upon the blood-soaked farm of the Sweetzer family and a true evil he would have never thought imaginable.",[],[],https://image.tmdb.org/t/p/w500/eOo9tgGjxdsQEgqc6g7E1NL8460.jpg
Death at a Funeral,2010,5.871,1022,7.7974,"Aaron's father's funeral is today at the family home, and everything goes wrong: the funeral home delivers the wrong body, his cousin accidentally drugs her fiancé, and Aaron's successful younger brother, Ryan, flies in from New York, broke but arrogant. To top it all off, a mysterious stranger wants a word with Aaron.",[],[],https://image.tmdb.org/t/p/w500/oBCQYMJTqV3qLjrvZ5sTZUCBky7.jpg
I Spit on Your Grave,2010,6.515,2440,6.9937,"A beautiful woman from the city, Jennifer Hills, rents an isolated cabin in the country to write her latest novel. Soon, a group of local lowlifes subject her to a nightmare of degradation, rape, and violence.",[],[],https://image.tmdb.org/t/p/w500/4VZ9eqel8Fsp54KMnesr3xIc67N.jpg
Dinner for Schmucks,2010,5.723,1863,6.1146,"Rising executive Tim Conrad works for a boss who hosts a monthly dinner in which the guest who brings the biggest buffoon gets a career-boost. Tim plans on not attending until he meets Barry, a man who builds dioramas using stuffed mice. Barry's blundering but good intentions send Tim's life into a downward spiral, threatening a major business deal and possibly scuttling Tim's engagement to his fiancee.",[],[],https://image.tmdb.org/t/p/w500/djwkUFhkM81gIsI9ZZ7I6ajZAKY.jpg
Due Date,2010,6.386,5607,6.7277,"Peter Highman must scramble across the US in five days to be present for the birth of his first child. He gets off to a bad start when his wallet and luggage are stolen, and put on the 'no-fly' list. Peter embarks on a terrifying journey when he accepts a ride from an actor.",[],[],https://image.tmdb.org/t/p/w500/sBxWS09pOOyXZ0dcnqfqqCAQGan.jpg
Born to Raise Hell,2010,4.655,110,6.7822,"A hard core Interpol Agent is assigned to an Eastern European task force to target gun trafficking and dope running throughout the Balkans. While investigating a Russian gun dealer, his team is caught in a bloody street war between a Gypsy gang and the Russians, leaving one task force member dead. Fueled with vengeance, he leads us on an action packed thrill ride while avenging his friend's death.",[],[],https://image.tmdb.org/t/p/w500/arH52UwfIEKuzUR0qZrm2E1r0Rh.jpg
Necronos: Tower of Doom,2010,4.9,15,6.6824,"Necronos, one of the mightiest minions of the devil himself has come to earth to create an invincible army of the undead under leadership of barbaric demons, called Berzerkers. To achieve his goal Necronos needs numerous often very macabre and difficult to come by ingredients. So Satan sends him two assistants to achieve his goal - Goran, a Blood Demon and footman loyal to Necronos as well as The Mighty Witch to locate the chosen one - a virgin witch.",[],[],https://image.tmdb.org/t/p/w500/wM521yuhfGfDnjfCqr07iILJBAW.jpg
Tucker and Dale vs. Evil,2010,7.389,2966,6.5887,"Two hillbillies are suspected of being killers by a group of paranoid college kids camping near the duo's West Virginian cabin. As the body count climbs, so does the fear and confusion as the college kids try to seek revenge against the pair.",[],[],https://image.tmdb.org/t/p/w500/8shwLEDzajJGSfLgbpac8x8xn1U.jpg
Green Zone,2010,6.488,2284,6.5877,"During the U.S.-led occupation of Baghdad in 2003, Chief Warrant Officer Roy Miller and his team of Army inspectors are dispatched to find weapons of mass destruction believed to be stockpiled in the Iraqi desert. Rocketing from one booby-trapped and treacherous site to the next, the men search for deadly chemical agents but stumble instead upon an elaborate cover-up that threatens to invert the purpose of their mission.",[],[],https://image.tmdb.org/t/p/w500/czFIaeukSxNEccysQeys1PCkuOG.jpg
Blue Valentine,2011,6.954,3395,6.9026,"Dean and Cindy live a quiet life in a modest neighborhood. They appear to have the world at their feet at the outset of the relationship. However, his lack of ambition and her retreat into self-absorption cause potentially irreversible cracks in their marriage.",[],[],https://image.tmdb.org/t/p/w500/dc8BdKnDY5Iy28KzUGtHIXuqqFK.jpg
The Losers,2010,6.3,1885,6.7009,"On a mission deep in the Bolivian jungle, a team of elite commandos finds itself on the receiving end of a lethal betrayal. Now presumed dead, the men join forces with a mysterious operative named Aisha to hunt down their enemy and even the score.",[],[],https://image.tmdb.org/t/p/w500/b9dVH0n7YnBqLmW2c5AzftxhhpH.jpg
Scared Shrekless,2010,6.696,491,6.5783,"Shrek challenges Donkey, Puss in Boots and his other fairy tale character friends to spend the night in Lord Farquaad's haunted castle, telling scary stories to see who can resist becoming scared and stay the longest.",[],[],https://image.tmdb.org/t/p/w500/aAQQJhX8NqKZ7ZNDUPQQKi1wK8h.jpg
Waste Land,2010,7.566,122,6.3171,"An uplifting feature documentary highlighting the transformative power of art and the beauty of the human spirit. Top-selling contemporary artist Vik Muniz takes us on an emotional journey from Jardim Gramacho, the world's largest landfill on the outskirts of Rio de Janeiro, to the heights of international art stardom. Vik collaborates with the brilliant catadores, pickers of recyclable materials, true Shakespearean characters who live and work in the garbage quoting Machiavelli and showing us how to recycle ourselves.",[],[],https://image.tmdb.org/t/p/w500/tJf0LR1nxvtePFnKtp4TKXnryRl.jpg
Camp Rock 2: The Final Jam,2010,6.332,1545,7.0872,"Mitchie can't wait to go back to Camp Rock and spend the summer making new music with her friends and superstar Shane Gray. But the slick new camp across the lake, Camp Star, has drummed up some serious competition – featuring newcomers Luke and Dana. In a sensational battle of the bands, with Camp Rock's future at stake, will Camp Star's flashy production and over-the-top antics win out, or will Camp Rockers prove that music, teamwork, and spirit are what truly matter?",[],[],https://image.tmdb.org/t/p/w500/8RSdWqC259zR72Jjo6ANAM4ndhM.jpg
Unthinkable,2010,6.796,1343,6.8288,The government gets wind of a plot to destroy America involving a trio of nuclear weapons for which the whereabouts are unknown. It's up to a seasoned interrogator and an FBI agent to find out exactly where the nukes are.,[],[],https://image.tmdb.org/t/p/w500/6yQqguytl10FhImngDHV90Aqewa.jpg
When in Rome,2010,5.9,1242,6.7,"Disillusioned with romance, Beth, an ambitious New Yorker, travels to Rome for her sister's wedding, where she plucks magic coins from a special fountain of love. The coins attract unwanted attention from an assortment of odd yet ardent suitors:  a sausage merchant, a street magician, an artist, and a male model. But when the best man from the wedding, persistent reporter Nick, throws his hat in the ring, Beth wonders if his love is the real thing.",[],[],https://image.tmdb.org/t/p/w500/pteIGpJpgh2aUh3jMqZnomB1rw1.jpg
Sex and the City 2,2010,6.1,1684,6.887,"Carrie, Charlotte, and Miranda are all married now, but they're still up for a little fun in the sun. When Samantha gets the chance to visit one of the most extravagant vacation destinations on the planet and offers to bring them all along, they surmise that a women-only retreat may be the perfect excuse to eschew their responsibilities and remember what life was like before they decided to settle down.",[],[],https://image.tmdb.org/t/p/w500/iHSRxhZsPaVuLCivvV6WEkMVGWU.jpg
Saw 3D,2010,5.982,3186,6.996,"As a deadly battle rages over Jigsaw's brutal legacy, a group of Jigsaw survivors gathers to seek the support of self-help guru and fellow survivor Bobby Dagen, a man whose own dark secrets unleash a new wave of terror.",[],[],https://image.tmdb.org/t/p/w500/ua3HT736PfsJ8ymAFbZ7P5uqCEP.jpg
Centurion,2010,6.2,1484,6.1494,"Britain, A.D. 117. Quintus Dias, the sole survivor of a Pictish raid on a Roman frontier fort, marches north with General Virilus' legendary Ninth Legion, under orders to wipe the Picts from the face of the Earth and destroy their leader, Gorlacon.",[],[],https://image.tmdb.org/t/p/w500/9ZdfrcP2QCqoRSk7JF06tDWtrhP.jpg
Little Fockers,2010,5.657,3346,6.7072,"It has taken 10 years, two little Fockers with wife Pam and countless hurdles for Greg to finally get in with his tightly wound father-in-law, Jack. After the cash-strapped dad takes a job moonlighting for a drug company, Jack's suspicions about his favorite male nurse come roaring back. When Greg and Pam's entire clan descends for the twins' birthday party, Greg must prove to the skeptical Jack that he's fully capable as the man of the house.",[],[],https://image.tmdb.org/t/p/w500/90mwPRNMmX9RUGVgKMJMJNQnYX8.jpg
Morning Glory,2010,6.359,1563,6.4951,"A young and devoted morning television producer is hired as an executive producer on a  long-running morning show at a once-prominent but currently failing station in New York City. Eager to keep the show on air, she recruits a former news journalist and anchor who disapproves of co-hosting a show that does not deal with real news stories.",[],[],https://image.tmdb.org/t/p/w500/aFRXEoB3QkeHNHYmVGC3uzFSol8.jpg
Burlesque,2010,7.204,2313,7.1971,"Ali leaves behind a troubled life and follows her dreams to Los Angeles, where she lands a job as a cocktail waitress at the Burlesque Lounge, a once-majestic theater that houses an inspired musical revue. Vowing to perform there, she makes the leap from bar to stage, helping restore the club's former glory.",[],[],https://image.tmdb.org/t/p/w500/3U9zBIibERQZqYKM3N1a4MYgBsN.jpg
Mysterious Island,2010,4.6,39,6.0851,"During the American Civil War, five northern POWs make the decision to escape the war by hijacking a hot air balloon. Drifting through the night, they wake to find themselves marooned on a desert island, but they aren't alone.",[],[],https://image.tmdb.org/t/p/w500/kaaFdsDxCKQXtikIhuD0dWvIUuz.jpg
Trust,2010,6.552,1003,6.2898,"A suburban family is torn apart when fourteen-year-old Annie meets her first boyfriend online. After months of communicating via online chat and phone, Annie discovers her friend is not who he originally claimed to be. Shocked into disbelief, her parents are shattered by their daughter's actions and struggle to support her as she comes to terms with what has happened to her once innocent life.",[],[],https://image.tmdb.org/t/p/w500/rXoZYWd2G7pBh8N8Cp5ZO5Sjzbl.jpg
Burning Bright,2010,6.274,287,6.2466,"After her lousy stepfather steals her savings to buy a vicious tiger, Kelly loses all hope of going to college. But Kelly's situation worsens when a hurricane leaves her and her autistic brother boarded up in their house with the man-eating beast. This edge-of-your-seat thriller follows the gutsy heroine and her younger sibling as they struggle to outwit the ravenous predator and find a way to survive.",[],[],https://image.tmdb.org/t/p/w500/fRzCoP6quj8SuLjklN3k1nkhqP8.jpg
Prince of Persia: The Sands of Time,2010,6.291,6964,6.5403,"A rogue prince reluctantly joins forces with a mysterious princess and together, they race against dark forces to safeguard an ancient dagger capable of releasing the Sands of Time – gift from the gods that can reverse time and allow its possessor to rule the world.",[],[],https://image.tmdb.org/t/p/w500/2Djvd493RnkiPmMRdHGTFgCGdVH.jpg
The Loved Ones,2010,6.697,797,5.4643,"When Brent turns down his classmate Lola's invitation to the prom, she concocts a wildly violent plan for revenge.",[],[],https://image.tmdb.org/t/p/w500/j4V72S1Q8IkvepOKYhj0nCuWquz.jpg
How Do You Know,2010,5.3,1021,6.5635,"After being cut from the USA softball team and feeling a bit past her prime, Lisa finds herself evaluating her life and in the middle of a love triangle, as a corporate guy in crisis competes with her current, baseball-playing beau.",[],[],https://image.tmdb.org/t/p/w500/jbOnp79eUZxQHgcdnTIRlxel1dE.jpg
The Wolfman,2010,5.874,2098,6.1319,"Lawrence Talbot, an American man on a visit to Victorian London to make amends with his estranged father, gets bitten by a werewolf and, after a moonlight transformation, leaves him with a savage hunger for flesh.",[],[],https://image.tmdb.org/t/p/w500/fQqPoAHvHicie1ttuiV2q0yv9V7.jpg
Coming Home: The Dry Storm,2010,0.0,0,5.2543,"In the wake of Hurricane Katrina the New Orleans City Council decides to demolish public housing leaving thousands of people without homes. Staging a courageous battle that reminds us of how much home means to us all, residents became activists, attracting the attention of international human rights monitors and taking their cause to the highest levels of HUD (Housing and Urban Development Agency) in Washington DC.",[],[],
Dear John,2010,6.8,4221,6.1559,"While Sergeant John Tyree is home on two weeks leave from Germany, he meets Savannah after he dives into the ocean to retrieve Savannah's purse that had fallen off a pier. John eventually falls in love with Savannah, who promises to write to him until he returns from overseas.",[],[],https://image.tmdb.org/t/p/w500/2lAPv2jQ5eh54l4EttA9wjDljED.jpg
Leap Year,2010,6.9,2094,6.2332,"When yet another anniversary passes without a marriage proposal from her boyfriend, Anna decides to take action. Aware of a Celtic tradition that allows women to pop the question on Feb. 29, she plans to follow her lover to Dublin and ask him to marry her. Fate has other plans, however, and Anna winds up on the other side of the Emerald Isle with handsome, but surly, Declan -- an Irishman who may just lead Anna down the road to true love.",[],[],https://image.tmdb.org/t/p/w500/i86hMi5iEF3WnYLCaGHdT5FPdYg.jpg
Going the Distance,2010,6.087,751,6.0223,"Erin and Garrett are very much in love. When Erin moves to San Francisco to finish her journalism degree and Garrett stays behind in New York to work in the music industry, they gamely keep the romance alive with webcams and frequent-flyer miles. But just when it seems the lovers will soon be reunited, they each score a big break that could separate them for good.",[],[],https://image.tmdb.org/t/p/w500/tTllmSew3nsizpzWNWKUkOuANhm.jpg
Charlie St. Cloud,2010,6.964,2198,6.1326,"Accomplished sailor Charlie St. Cloud has the adoration of his mother Claire and his little brother Sam, as well as a college scholarship that will lead him far from his sleepy Pacific Northwest hometown. But his bright future is cut short when tragedy strikes and takes his dreams with it. After high school classmate Tess returns home unexpectedly, Charlie grows torn between honoring a promise he made four years earlier and moving forward with newfound love. As he finds the courage to let go of the past for good, Charlie discovers the soul most worth saving is his own.",[],[],https://image.tmdb.org/t/p/w500/r4XSrs6N086EU8CNm339dHRPhZg.jpg
Frozen,2010,6.0,1927,6.2279,"When three skiers find themselves stranded on a chair lift at a New England ski resort that has closed for the next week, they are forced to make life or death choices that prove to be more perilous than staying put and freezing to death.",[],[],https://image.tmdb.org/t/p/w500/2J3URUnDrIpNvh0uVqINQvr4HhW.jpg
The Way Back,2011,6.994,1678,6.0095,"A small band of multicultural convicts stages a daring escape from a WWII-era Siberian gulag, and embarks on a treacherous journey across five countries in a desperate race for freedom and survival.",[],[],https://image.tmdb.org/t/p/w500/oImI6rxld0sKNfEXaszgreLnNAO.jpg
Machete,2010,6.335,3425,6.8694,"After being set-up and betrayed by the man who hired him to assassinate a Texas Senator, an ex-Federale launches a brutal rampage of revenge against his former boss.",[],[],https://image.tmdb.org/t/p/w500/dcPSm1rGEFdiEc7DaKz0t5kb66b.jpg
So Brightly in the Dark,2010,0.0,0,5.721,"Inspired by the daemon faeries of Celtic mythology, a man dons an animal costume to express his hidden desire - to live as something monstrous, free of humanity.",[],[],
Never Let Me Go,2010,6.8,2375,6.1633,"As children, Kathy, Ruth, and Tommy spend their childhood at an idyllic and secluded English boarding school. As they grow into adults, they must come to terms with the complexity and strength of their love for one another while also preparing for the haunting reality awaiting them.",[],[],https://image.tmdb.org/t/p/w500/8F0r5ng9Fp60OhzQfR5v33fppq.jpg
Robin Hood,2010,6.393,4833,7.9381,"When soldier Robin happens upon the dying Robert of Loxley, he promises to return the man's sword to his family in Nottingham. There, he assumes Robert's identity; romances his widow, Marion; and draws the ire of the town's sheriff and King John's henchman, Godfrey.",[],[],https://image.tmdb.org/t/p/w500/9NS5QGOfck24yL3bZqWeW06PgPC.jpg
Furry Vengeance,2010,5.034,627,5.846,"When real estate developer Dan Sanders finalizes plans to level a swath of pristine Oregon forest to make way for a soulless housing subdivision, a band of woodland creatures rises up to throw a monkey wrench into the greedy scheme. Just how much mischief from the furry critters can the businessman take before he calls it quits?",[],[],https://image.tmdb.org/t/p/w500/604qqquWBgFy34jLhHLtebFPQy6.jpg
Abandoned,2010,5.099,157,5.7629,"Mary Walsh delivers boyfriend Kevin to a hospital for routine outpatient surgery. But when Mary returns to take him home, he's mysteriously vanished.",[],[],https://image.tmdb.org/t/p/w500/2ows44H5OftC1zu7bYS0YoofUTB.jpg
Black Death,2011,6.043,915,5.6836,"As the plague decimates medieval Europe, rumours circulate of a village immune from the plague. There is talk of a necromancer who leads the village and is able to raise the dead. A fearsome knight joined by a cohort of soldiers and a young monk are charged by the church to investigate. Their journey is filled with danger, but it's upon entering the village that their true horror begins.",[],[],https://image.tmdb.org/t/p/w500/gXRERDpyT9s3m2yk6wNmrTWbZfG.jpg
Repo Men,2010,6.333,2006,5.8013,"In the future, medical technology has advanced to the point where people can buy artificial organs to extend their lives. But if they default on payments, an organization known as the Union sends agents to repossess the organs. Remy is one of the best agents in the business, but when he becomes the recipient of an artificial heart, he finds himself in the same dire straits as his many victims.",[],[],https://image.tmdb.org/t/p/w500/briDKf5nrLzox2zcI6pquKeqWz8.jpg
Senna,2010,8.11,1121,6.1191,"The remarkable story of Brazilian racing driver Ayrton Senna, charting his physical and spiritual achievements on the track and off, his quest for perfection, and the mythical status he has since attained, is the subject of Senna, a documentary feature that spans the racing legend's years as an F1 driver, from his opening season in 1984 to his untimely death a decade later.",[],[],https://image.tmdb.org/t/p/w500/nZbLCbRoP6iJq5sr8daHQzjnzFh.jpg
The Special Relationship,2010,6.4,67,5.5177,"A dramatisation that follows Tony Blair's journey from political understudy waiting in the wings of the world arena to accomplished prime minister standing confidently in the spotlight of centre stage. It is a story about relationships, between two powerful men (Blair and Bill Clinton), two powerful couples, and husbands and wives.",[],[],https://image.tmdb.org/t/p/w500/4lTtWEWMWE0NCVkW1Ss9GRTFbLv.jpg
The Switch,2010,6.227,1960,5.9981,"Kassie is a smart, fun-loving single woman who, despite her neurotic best friend Wally’s objections, decides it’s time to have a baby – even if it means doing it herself… with a little help from a charming sperm donor. But, unbeknownst to her, Kassie’s plans go awry because of a last-minute switch that isn’t discovered until seven years later… when Wally gets acquainted with Kassie’s cute, though slightly neurotic, son.",[],[],https://image.tmdb.org/t/p/w500/oJdMT6RGtbvQ26Tk7EHGfG8xZ6.jpg
Sundays at Tiffany's,2010,6.441,94,5.8852,"Jane, a soon-to-be-married woman, is reunited with her imaginary friend Michael who returns in a human form. Soon, Jane begins doubting her feelings for her fiance as she gets attracted to Michael.",[],[],https://image.tmdb.org/t/p/w500/95wNSQvguF9XdGP3KMeIbsVHU6b.jpg
Henry's Crime,2010,5.803,362,5.8309,"An aimless man is sent to prison for a crime he did not commit, an ex-con targets the same bank he was sent away for robbing.",[],[],https://image.tmdb.org/t/p/w500/1i1sDWOZecbUZ4Yp9DG5UiTBBRl.jpg
Capturing Avatar,2010,7.0,95,5.7411,"Capturing Avatar is a feature length behind-the-scenes documentary about the making of Avatar. It uses footage from the film's development, as well as stock footage from as far back as the production of Titanic in 1995. Also included are numerous interviews with cast, artists, and other crew members. The documentary was released as a bonus feature on the extended collector's edition of Avatar.",[],[],https://image.tmdb.org/t/p/w500/26SMEXJl3978dn2svWBSqHbLl5U.jpg
Cemetery Junction,2010,6.52,298,5.6702,"In 1970s England, three blue-collar friends spend their days joking, drinking, fighting and chasing girls. Freddie wants to leave their working-class world but cool, charismatic Bruce and lovable loser Snork are happy with life the way it is. When Freddie gets a new job as a door-to-door salesman and bumps into his old school sweetheart Julie, the gang are forced to make choices that will change their lives for ever.",[],[],https://image.tmdb.org/t/p/w500/9fyzMdRX1kWd9UnceWc2Duh4eFt.jpg
The Last Song,2010,7.234,3345,5.7751,"A drama centered on a rebellious girl who is sent to a Southern beach town for the summer to stay with her father. Through their mutual love of music, the estranged duo learn to reconnect.",[],[],https://image.tmdb.org/t/p/w500/76twEOHXAM2oKnvZYBI5bP6GeDu.jpg
Superman/Batman: Apocalypse,2010,7.167,735,6.0677,"Batman discovers a mysterious teen-aged girl with superhuman powers and a connection to Superman. When the girl comes to the attention of Darkseid, the evil overlord of Apokolips, events take a decidedly dangerous turn.",[],[],https://image.tmdb.org/t/p/w500/d7gHmsA2o5Z1MhcuspMyOSO48KB.jpg
Brooklyn's Finest,2010,6.302,940,6.3523,Enforcing the law within the notoriously rough Brownsville section of the city and especially within the Van Dyke housing projects is the NYPD's sixty-fifth precinct. Three police officers struggle with the sometimes fine line between right and wrong.,[],[],https://image.tmdb.org/t/p/w500/9ZyJJpMsc3bF8gduDaxo0zo1gwK.jpg
Remember Me,2010,7.109,3627,5.7731,"Still reeling from a heartbreaking family event and his parents' subsequent divorce, Tyler Hawkins discovers a fresh lease on life when he meets Ally Craig, a gregarious beauty who witnessed her mother's death. But as the couple draws closer, the fallout from their separate tragedies jeopardizes their love.",[],[],https://image.tmdb.org/t/p/w500/j7umuMiLCHvWT7wYhFKJOTFSokF.jpg
It's Kind of a Funny Story,2010,7.0,2395,6.5212,A clinically depressed teenager gets a new start after he checks himself into an adult psychiatric ward.,[],[],https://image.tmdb.org/t/p/w500/hQE4q8Szeaae4davgB7o8MTLmwr.jpg
All Star Comedy Jam: Live from Dallas,2010,1.0,1,5.0876,"Academy Award winner and one of the Original Queens of Comedy, Mo'Nique rules the stage as host of the 3rd installment in Shaquille O'Neal's All Star Comedy Jam concert series. Filmed in front of a live audience during the 2010 NBA All-Star Weekend in Dallas Texas, comedy queen Mo'Nique leads ... her court with some of the industry's most talented and sought after comedians. No topic is off limits on this night at AEG's Nokia Theatre stage. Seasoned comedians, Paul Mooney, Corey Holcomb, George Willborn and Michael Blackson deliver side busting, non-stop laughs in this energetic and memorable night of comedy.",[],[],https://image.tmdb.org/t/p/w500/hZbwAwdPw5LhciirrtPnoUXf1db.jpg
Killers,2010,6.0,2258,5.9988,"When an elite assassin marries a beautiful computer whiz after a whirlwind romance, he gives up the gun and settles down with his new bride. That is, until he learns that someone from his past has put a contract out on his life.",[],[],https://image.tmdb.org/t/p/w500/9VB8vGV4Aznf6GUc9C7a1EzGHLz.jpg
Cats & Dogs: The Revenge of Kitty Galore,2010,5.2,668,5.5605,The ongoing war between the canine and feline species is put on hold when they join forces to thwart a rogue cat spy with her own sinister plans for conquest.,[],[],https://image.tmdb.org/t/p/w500/nTsZT66I4U3aS9ezLdOKacfvo8T.jpg
The Bounty Hunter,2010,5.9,2946,6.2392,"Milo Boyd, a down-on-his-luck bounty hunter, thinks he's seeing an upswing in fortune when he gets a call to bring in his bail-jumping ex-wife, a reporter named Nicole. Milo considers the job an easy payday, but Nicole quickly escapes to chase a lead on a murder case. The former spouses play an escalating game of one-upmanship, until they suddenly find themselves on the run for their lives.",[],[],https://image.tmdb.org/t/p/w500/fJPKar0jnAsS09l3xfP6LL8sUkX.jpg
The Next Three Days,2010,7.081,2978,5.8374,"A married couple's life is turned upside down when the wife is accused of murdering her boss. Her husband John would spend the next few years trying to get her released, but there's no evidence that negates the evidence against her. When the strain of being separated from her husband and son gets to her, John decides to find a way to break her out.",[],[],https://image.tmdb.org/t/p/w500/wBaRZ3aHa7qoYTSY0ONbXrXYk4B.jpg
Unstable Fables: Goldilocks and the Three Bears,2010,5.6,16,4.0814,"When Goldilocks, a sassy reality TV star decides to film her next show at the humble home of the Bears, she gives them a taste of the celebrity sweet life they've never had before",[],[],https://image.tmdb.org/t/p/w500/xRM2UlEswdCYSOgfYvaWoRBuYx6.jpg
Barney's Version,2010,6.961,476,5.9041,"The picaresque and touching story of the politically incorrect, fully lived life of the impulsive, irascible and fearlessly blunt Barney Panofsky.",[],[],https://image.tmdb.org/t/p/w500/vdsSaFbBWl8N6RV2XJuPBFyKeV8.jpg
Eat Pray Love,2010,6.2,2542,5.5457,"Liz Gilbert had everything a modern woman is supposed to dream of having – a husband, a house and a successful career – yet like so many others, she found herself lost, confused and searching for what she really wanted in life. Newly divorced and at a crossroads, Gilbert steps out of her comfort zone, risking everything to change her life, embarking on a journey around the world that becomes a quest for self-discovery. In her travels, she discovers the true pleasure of nourishment by eating in Italy, the power of prayer in India and, finally and unexpectedly, the inner peace and balance of true love in Bali.",[],[],https://image.tmdb.org/t/p/w500/nPLoZSLqUeQV37Brm71cRQTVUuY.jpg
Will the Real Terrorist Please Stand Up,2010,5.0,3,4.9231,"This documentary chronicles half a century of hostile U.S.-Cuba relations. The film highlights decades of assassinations and sabotage at first backed by Washington, then ignored by the very government that launched a ""war against terrorism.""",[],[],https://image.tmdb.org/t/p/w500/fGbZRyzHbCnh83jThNicRnZ4k06.jpg
Essential Killing,2010,5.841,162,5.7048,A Taliban soldier struggles to survive after he escapes his captors and flees into the Polish countryside.,[],[],https://image.tmdb.org/t/p/w500/gwLUPEqjHz55khkXeQB3hOYx1ao.jpg
Operation: Endgame,2010,4.956,218,5.6113,A battle ensues among two government spy teams in an underground facility after their boss is assassinated.,[],[],https://image.tmdb.org/t/p/w500/ugbGBbzoPQXSgolQVVqRC3NGpIw.jpg
Beyond Beauty: The Untold Stories Behind the Making of Beauty and the Beast,2010,0.0,0,5.481,"An interactive, feature-length behind-the-scenes documentary teeming with worthwhile bonus content all its own.",[],[],https://image.tmdb.org/t/p/w500/tjjFLkFMFOWCPkOFpIderuhHMRS.jpg
The Tourist,2010,6.183,5595,5.8125,"American tourist Frank meets mysterious British woman Elise on the train to Venice. Romance seems to bud, but there's more to her than meets the eye.",[],[],https://image.tmdb.org/t/p/w500/oXe1nw4HcS32YVpvxwsWEVdvEXA.jpg
Date Night,2010,6.106,2964,5.3274,"Phil and Claire Foster fear that their mild-mannered relationship may be falling into a stale rut. During their weekly date night, their dinner reservation leads to their being mistaken for a couple of thieves—and now a number of unsavoury characters want Phil and Claire killed.",[],[],https://image.tmdb.org/t/p/w500/ucEWhj32KEDcFKHMWVeu8r1Q4ld.jpg
Hot Tub Time Machine,2010,6.042,2601,5.0666,"Four pals are stuck in a rut in adulthood: Adam has just been dumped, Lou is a hopeless party animal, Nick is a henpecked husband, and Jacob does nothing but play video games in his basement. But they get a chance to brighten their future by changing their past after a night of heavy drinking in a ski-resort hot tub results in their waking up in 1986.",[],[],https://image.tmdb.org/t/p/w500/wjzbVXAes1acbh6k4OO5xVfy5.jpg
Monsters,2010,6.201,1691,5.9873,"Six years ago NASA discovered the possibility of alien life within our solar system. A probe was launched to collect samples, but crashed upon re-entry over Central America. Soon after, new life forms began to appear and half of Mexico was quarantined as an infected zone. Today, the American and Mexican military still struggle to contain ""the creatures,"" while a journalist agrees to escort a shaken tourist through the infected zone in Mexico to the safety of the U.S. border.",[],[],https://image.tmdb.org/t/p/w500/qpJyTxR33KG9qFmXoCD5AUTToPl.jpg
The Debt,2010,6.568,922,5.6243,"Rachel Singer is a former Mossad agent who tried to capture a notorious Nazi war criminal – the Surgeon of Birkenau – in a secret Israeli mission that ended with his death on the streets of East Berlin. Now, 30 years later, a man claiming to be the doctor has surfaced, and Rachel must return to Eastern Europe to uncover the truth. Overwhelmed by haunting memories of her younger self and her two fellow agents, the still-celebrated heroine must relive the trauma of those events and confront the debt she has incurred.",[],[],https://image.tmdb.org/t/p/w500/zlavkPAIzIIQppcU9vcQrKZjfmb.jpg
You Again,2010,6.282,1270,5.1002,"History -- make that high school -- may repeat itself when Marni learns that Joanna, the mean girl from her past, is set to be her sister-in-law. Before the wedding bells toll, Marni must show her brother that a tiger doesn't change its stripes. On Marni's side is her mother, while Joanna's backed by her wealthy aunt.",[],[],https://image.tmdb.org/t/p/w500/9qI5JE6yjmtakTankuDOMZ1vgEx.jpg
Lake Placid 3,2010,5.067,253,4.922,"A game warden moves his family to Lake Placid, once the site of deadly crocodile attacks. Locals assure him the crocs are gone, but his mischievous young son finds a few baby crocs and begins feeding them. They quickly grow into very big adults and start attacking the game warden's family and nearby town.",[],[],https://image.tmdb.org/t/p/w500/aHH3fy5ZVs4nrzNLZYIe1p2PJSc.jpg
Buried,2010,6.631,2918,5.4092,Paul is a U.S. truck driver working in Iraq. After an attack by a group of Iraqis he wakes to find he is buried alive inside a coffin. With only a lighter and a cell phone it's a race against time to escape this claustrophobic death trap.,[],[],https://image.tmdb.org/t/p/w500/splPNB0vAoNlb8l5WYxz2E3FK2G.jpg
Don't Be Afraid of the Dark,2010,5.8,1078,5.3406,A young girl sent to live with her father and his new girlfriend discovers creatures in her new home who want to claim her as one of their own.,[],[],https://image.tmdb.org/t/p/w500/jMBMm1jwqvILV8p1K44brBnmwLK.jpg
Let Me In,2010,6.792,2130,6.0263,A bullied young boy befriends a young female vampire who lives in secrecy with her guardian.  A remake of the movie “Let The Right One In” which was an adaptation of a book.,[],[],https://image.tmdb.org/t/p/w500/3b5gD5vNmf7Vafj2MN8uMA8r0qu.jpg
Hatchet II,2010,5.53,386,4.8817,"Picking up right where the original ended, Marybeth escapes the clutches of the swamp-dwelling killer Victor Crowley. After learning the truth about her family’s connection to the hatchet-wielding madman, Marybeth returns to the Louisiana swamps along with an army of hunters to recover the bodies of her family and exact the bloodiest revenge against the bayou butcher.",[],[],https://image.tmdb.org/t/p/w500/k1lzmRZUGDejyV11JnD79yrEHiE.jpg
The Back-Up Plan,2010,6.1,1449,5.5519,"When Zoe tires of looking for Mr. Right, she decides to have a baby on her own. But on the day she's artificially inseminated, she meets Stan, who seems to be just who she's been searching for all her life. Now, Zoe has to figure out how to make her two life's dreams fit with each other.",[],[],https://image.tmdb.org/t/p/w500/fB6PxwdydGzdq5jSWrxwSMEqSFs.jpg
The Kids Are All Right,2010,6.609,1542,5.4575,"Two women, Nic and Jules, brought a son and daughter into the world through artificial insemination. When one of their children reaches age, both kids go behind their mothers' backs to meet with the donor. Life becomes so much more interesting when the father, two mothers and children start to become attached to each other.",[],[],https://image.tmdb.org/t/p/w500/xQ5XqZc82dDCcGjxY7voRKjhaKQ.jpg
The Final,2010,6.034,294,5.0586,A group of high school outcasts get revenge on the students that torment them.,[],[],https://image.tmdb.org/t/p/w500/ff7UI8q51sOArKafaaAOQnnfpne.jpg
Standing Ovation,2010,3.447,19,5.2511,A group of young girls is competing in a nation teen music video competition.,[],[],https://image.tmdb.org/t/p/w500/tPd7dnvIgzkvM8XLyC4mQCq21T1.jpg
At Risk,2010,4.447,19,5.512,"Detective Win Garano is asked to reopen a twenty-year-old murder case, and soon finds himself endangered by the political ambitions of a district attorney.",[],[],https://image.tmdb.org/t/p/w500/wDNQd71WIGBBSK62UEUMzye0Py3.jpg
Splice,2010,5.863,2357,5.3451,"Elsa and Clive, two young rebellious scientists, defy legal and ethical boundaries and forge ahead with a dangerous experiment: splicing together human and animal DNA to create a new organism. Named ""Dren"", the creature rapidly develops from a deformed female infant into a beautiful but dangerous winged human-chimera, who forges a bond with both of her creators - only to have that bond turn deadly.",[],[],https://image.tmdb.org/t/p/w500/4oqaWnO3dKYAt3vZWAD4oLfOXOC.jpg
The Gruesome Death of Tommy Pistol,2010,2.333,3,5.3724,"The disappointing life of struggling actor Tommy P, who has turned his back on family and friends to pursue his dream of stardom and  finally hits rock bottom.",[],[],https://image.tmdb.org/t/p/w500/9hgWcyk1PT6TAb7IcwdwDCCNDqk.jpg
Flipped,2010,8.012,3200,6.28,"When Juli meets Bryce in the second grade, she knows it's true love. After spending six years trying to convince Bryce the same, she's ready to give up - until he starts to reconsider.",[],[],https://image.tmdb.org/t/p/w500/6zDYFigohwncqFL00MKbFV01dWb.jpg
Van Gogh: Painted with Words,2010,7.3,58,4.6712,"A drama-documentary presented by Alan Yentob, with Benedict Cumberbatch in the lead role. Every word spoken by the actors in this film is sourced from the letters that Van Gogh sent to his younger brother Theo, and of those around him. What emerges is a complex portrait of a sophisticated, civilised and yet tormented man.",[],[],https://image.tmdb.org/t/p/w500/MxL3UDUSyEdIo8xYXS6Fjl4cto.jpg
Planet Hulk,2010,7.105,527,4.6643,"When the Hulk's presence on Earth becomes too great a risk, the Illuminati trick him to board a shuttle destined for a planet where he will be able to live in peace, and launch it into space. The Hulk's struggle to escape causes the shuttle to malfunction and crash land on the planet Sakaar, however, where he is sold into slavery and trained as a gladiator.",[],[],https://image.tmdb.org/t/p/w500/5wCzY3sAs6zHIzzHIcTKN2g0pu8.jpg
Cop Out,2010,5.554,1562,5.1335,"Detectives Jimmy and Paul, despite nine years as partners, can still sometimes seem like polar opposites—especially when Paul's unpredictable antics get them suspended without pay. Already strapped for cash and trying to pay for his daughter's wedding, Jimmy decides to sell a rare baseball card that's worth tens of thousands. Unfortunately, when the collector's shop is robbed and the card vanishes with the crook, Paul and Jimmy end up going rogue, tracking down the card and the drug ring behind its theft, all on their own time and without any backup—except for each other.",[],[],https://image.tmdb.org/t/p/w500/qA31i7FPVDHezuoevx3497CvZd4.jpg
30 Days of Night: Dark Days,2010,5.022,553,4.5967,"After surviving the incidents in Barrow, Alaska, Stella Olemaun relocates to Los Angeles, where she intentionally attracts the attention of the local vampire population in order to avenge the death of her husband, Eben.",[],[],https://image.tmdb.org/t/p/w500/bXHaXVGncI2WKUrNRYDyTyj3ymR.jpg
Vampires Suck,2010,4.371,1348,6.0852,"Becca, an anxious, non-vampire teen is torn between two boys. Before she can choose, Becca must get around her controlling father, who treats her like a child. Meanwhile, Becca's friends contend with their own romantic issues – all of which collide at the prom.",[],[],https://image.tmdb.org/t/p/w500/ksPKfoXovAiFnBktkCBefsRQ8a1.jpg
Love Ranch,2010,5.373,55,5.6594,Story of a couple that starts the first legal brothel in Nevada and a boxer they own a piece of.,[],[],https://image.tmdb.org/t/p/w500/5Br0vFwX5UJZ60hwmSMMIKH2RgZ.jpg
Kung Fu Panda Holiday,2010,6.992,360,6.1692,"The Winter Feast is Po's favorite holiday. Every year he and his father hang decorations, cook together, and serve noodle soup to the villagers. But this year Shifu informs Po that as Dragon Warrior, it is his duty to host the formal Winter Feast at the Jade Palace. Po is caught between his obligations as the Dragon Warrior and his family traditions: between Shifu and Mr. Ping.",[],[],https://image.tmdb.org/t/p/w500/vJv3pI8pyS13rLjy0ok7a3BiE0a.jpg
The Fighter,2011,7.379,4538,5.5078,"Boxer ""Irish"" Micky Ward's unlikely road to the world light welterweight title. His Rocky-like rise was shepherded by half-brother Dicky, a boxer-turned-trainer who rebounded in life after nearly being KO'd by drugs and crime.",[],[],https://image.tmdb.org/t/p/w500/xfsFerGhO1h6rLk8vwLgMyQ8WVJ.jpg
Burke & Hare,2010,6.07,490,5.3985,Two 19th-century opportunists become serial killers so that they can maintain their profitable business supplying cadavers to an anatomist.,[],[],https://image.tmdb.org/t/p/w500/3VY3gKHPc9dRq8FshSXWbXtgD9B.jpg
Beauty & the Briefcase,2010,5.904,415,4.965,A freelance writer looking for romance sells a story to Cosmopolitan magazine about finding love in the workplace and goes undercover at a Finance Company.,[],[],https://image.tmdb.org/t/p/w500/zN9FYOXf5tUYjgget7yOzu8TlZU.jpg
Titanic II,2010,4.9,438,5.3182,"On the 100th anniversary of the original voyage, a modern luxury liner christened ""Titanic 2,"" follows the path of its namesake. But when a tsunami hurls an ice berg into the new ship's path, the passengers and crew must fight to avoid a similar fate.",[],[],https://image.tmdb.org/t/p/w500/3m12UeP1DMfhYZyvpLftaJGsyp3.jpg
Tiger Woods: the Rise and Fall,2010,0.0,0,4.3569,Documentary directed by Jacques Peretti,[],[],
The Final Storm,2010,4.438,52,4.5226,"A stranger named Silas flees from a devastating storm and finds refuge with Tom and Gillian on their farm. While struggling with the Storm, Silas seems to be the only one who can help Tom and Gillian to find their son but there are other more dangerous forces out there, that are waiting for the three.",[],[],https://image.tmdb.org/t/p/w500/6qud4ItaA6VWqtoVtOIJpGMNhI1.jpg
The Spy Next Door,2010,5.873,1355,5.2244,"Former CIA spy Bob Ho takes on his toughest assignment to date: looking after his girlfriend's three kids, who haven't exactly warmed to their mom's beau. And when one of the youngsters accidentally downloads a top-secret formula, Bob's longtime nemesis, a Russian terrorist, pays a visit to the family.",[],[],https://image.tmdb.org/t/p/w500/nJJrceb2xHGIA0irADX0JvWSIHT.jpg
Alpha and Omega,2010,6.0,530,4.6144,"Two young wolves at opposite ends of their pack's social order are thrown together into a foreign land and need each other to return home, but love complicates everything.",[],[],https://image.tmdb.org/t/p/w500/7YVyH5sS6kLQRsSDF5dhhR0BWeh.jpg
Daybreakers,2010,6.3,2066,5.2236,"In the year 2019, a plague has transformed almost every human into a vampire. Faced with a dwindling blood supply, the fractured dominant race plots their survival; meanwhile, a researcher works with a covert band of vampires on a way to save humankind.",[],[],https://image.tmdb.org/t/p/w500/nhGHd9lU3UnbaYnuQMbsomM3dnD.jpg
Birdemic: Shock and Terror,2010,2.231,355,5.101,"A platoon of eagles and vultures attacks the residents of a small town. Many people die. It's not known what caused the flying menace to attack. Two people manage to fight back, but will they survive Birdemic?",[],[],https://image.tmdb.org/t/p/w500/gqmcAVNNUosB55RliecFYnkWT4M.jpg
Ben and Jeremy's Big Road Trip,2010,0.0,0,5.3376,"Real-life TV funny men, Jeremy Corbett and Ben Hurley, embark on a pie-fuelled bro-mance adventure.  Driving from Auckland to Invercargill, the comedians discover more about road trips, Simon Barnett's hair, John Clarke's monkey and each other, than they ever wished to know.",[],[],
Ice Castles,2010,6.331,80,4.5077,"Young, beautiful, talented Alexis Winston comes from nowhere to become a figure skating superstar. But her rise to stardom isn’t easy. She has to push herself, reinvent herself, and most painfully of all, leave her hometown boyfriend behind. When a tragic fall leaves her blind, she needs someone to believe in her, to love her; someone to convince her she has the strength to skate and dream again.",[],[],https://image.tmdb.org/t/p/w500/nyOdft1lgrcCQANnfYMMCwZ7RIB.jpg
Why Did I Get Married Too?,2010,6.5,162,5.1311,Four couples reunite for their annual vacation in order to socialize and to spend time analyzing their marriages. Their intimate week in the Bahamas is disrupted by the arrival of an ex-husband determined to win back his recently remarried wife.,[],[],https://image.tmdb.org/t/p/w500/gbSqG5ur1ipvs6WvGdQvc6Bt2K4.jpg
Paranormal Activity 2,2010,5.8,2550,5.8072,"Just as Daniel and Kristi welcome a newborn baby into their home, a demonic presence begins terrorizing them, tearing apart their perfect world and turning it into an inescapable nightmare.",[],[],https://image.tmdb.org/t/p/w500/gfdrkBZAyUUXJJ2iLQe03SAYRD3.jpg
Jonah Hex,2010,5.0,1491,4.9121,"Gunslinger Jonah Hex is appointed by President Ulysses Grant to track down terrorist Quentin Turnbull, a former Confederate officer determined on unleashing hell on earth. Jonah not only secures freedom by accepting this task, he also gets revenge on the man who slew his wife and child.",[],[],https://image.tmdb.org/t/p/w500/b1BLIXEe9zzaFvuWdYGoeuhuh75.jpg
Maximum Shame,2010,4.8,10,4.909,"The end of the world is imminent. A man goes into a parallel dimension, a limbo between reality and fantasy where the normal rules of time and space have ceased to apply. His wife goes to rescue him. Both will be trapped in a strange and cruel world where a ruthless Queen organizes reality as a mad game of chess, a post-apocalyptic dystopia of domination and subjugation where characters can’t eat, speak or move about freely and are periodically viciously attacked.",[],[],https://image.tmdb.org/t/p/w500/u2vF71pnhA9snWQxkfXvEQn8YUH.jpg
Get Him to the Greek,2010,5.985,1850,5.0106,"Pinnacle records has the perfect plan to get their sinking company back on track: a comeback concert in LA featuring Aldous Snow, a fading rockstar who has dropped off the radar in recent years. Record company intern Aaron Green is faced with the monumental task of bringing his idol, out of control rock star Aldous Snow, back to LA for his comeback show.",[],[],https://image.tmdb.org/t/p/w500/6g0li87w8LIK77QRUtOkQkM6bD7.jpg
Lavender,2010,0.0,0,4.431,"A wholesome moment: Jonas Mekas, MM Serra, Ken Jacobs, and Flo Jacobs take lavender from a stranger's bush.",[],[],https://image.tmdb.org/t/p/w500/kcS8I8lxUqhr0y4KgRZdfj3ID4x.jpg
Halo Legends,2010,7.4,164,4.9462,The universe of the Halo video game series is expanded in seven short animated films from Japan's greatest anime directors and studios.,[],[],https://image.tmdb.org/t/p/w500/cO3iAp2pPNdWE9eqS4pTEY5HghY.jpg
Stained Glass Windows,2010,1.0,2,4.3211,A darkly intelligent teenage girl struggles to overcome her past and the restraints of suburban society while trying to come to terms with the present.,[],[],https://image.tmdb.org/t/p/w500/3xx5Zdf03qz1xMEzOr62MkDQAiC.jpg
Winnebago Man,2010,6.6,91,5.1662,"Jack Rebney is the most famous man you've never heard of - after cursing his way through a Winnebago sales video, Rebney's outrageously funny outtakes became an underground sensation and made him an internet superstar. Filmmaker Ben Steinbauer journeys to the top of a mountain to find the recluse who unwittingly became the ""Winnebago Man"".",[],[],https://image.tmdb.org/t/p/w500/q9XEQk8KY7cBxzC5xE2NCGMBhsv.jpg
Enter the Void,2010,7.297,1898,5.4489,"This psychedelic tour of life after death is seen entirely from the point of view of Oscar, a young American drug dealer and addict living in Tokyo with his prostitute sister, Linda. When Oscar is killed by police during a bust gone bad, his spirit journeys from the past -- where he sees his parents before their deaths -- to the present -- where he witnesses his own autopsy -- and then to the future, where he looks out for his sister from beyond the grave.",[],[],https://image.tmdb.org/t/p/w500/krKnsfvSJM1PL40tLicRhVQ6kuG.jpg
BloodRayne: The Third Reich,2010,3.837,239,4.3895,"Rayne fights against the Nazis in Europe during World War II, encountering Ekart Brand, a Nazi leader whose target is to inject Adolf Hitler with Rayne's blood in an attempt to transform him into a dhampir and attain immortality.",[],[],https://image.tmdb.org/t/p/w500/kS48eBvmVXtNJGXWW5QMQmm1JbO.jpg
For the Sake of the Song: The Story of Anderson Fair,2010,0.0,0,5.4945,"A devoted community of artists, volunteers and patrons transform a politically subversive little neighborhood coffee house and restaurant into a unique American music institution.",[],[],https://image.tmdb.org/t/p/w500/7ZTn9ln36fhhSAlEDfDaI7cX5QG.jpg
The Dead,2010,5.511,183,5.2454,"When the last evacuation flight out of war-torn Africa crashes off the coast, American Air Force Engineer Lieutenant Brian Murphy emerges as the sole survivor in a land where the dead are returning to life and attacking the living.",[],[],https://image.tmdb.org/t/p/w500/oJAbF41N7ZvoTAhZTaQ85AYpLJG.jpg
Winter's Bone,2010,6.793,1881,5.297,"After discovering her father put their house up for his bail bond and then disappeared, 17-year-old Ree Dolly must confront the local criminal underworld and the harsh Ozark wilderness in order to to track down her father and save her family.",[],[],https://image.tmdb.org/t/p/w500/a0qhPkNlxLfsf5B2jFyI1Pp04XV.jpg
Bob the Builder: The Golden Hammer,2010,5.9,6,4.3815,"In their new home of Fixham Harbour, Bob and the team set to work tackling exciting new building jobs, and making new friends. But when Spud and Scrambler learn of an amazing treasure, the pirate Brickbeard's Golden Hammer, hidden somewhere in Fixham they decide that building can wait, and they must find the hammer to give to Bob. Help them follow the clues and find the Golden Hammer in this all-new special !",[],[],https://image.tmdb.org/t/p/w500/eaxVFjTmDGuFRqvlnGou4puO9D7.jpg
Life During Wartime,2010,5.901,141,4.6068,"Friends, family, and lovers struggle to find love, forgiveness, and meaning in an almost war-torn world riddled with comedy and pathos. Follows Solondz's film Happiness (1998).",[],[],https://image.tmdb.org/t/p/w500/umGRjRYVwchw6wrYv0sJfet8HiV.jpg
The Show Must Go On,2010,6.0,9,4.8781,"During a reality show a war starts, but the producer will do anything to hide it from the contestants.",[],[],https://image.tmdb.org/t/p/w500/8RaKFWWgc3z4bkidEc2qGc1ef3O.jpg
Gun,2010,5.229,107,4.9312,"The Detroit Police launches a full-scale war against gun runners with the cooperation of the Feds and target a criminal named Rich. When a gun exchange goes bad and Rich’s old friend Angel, steps up big time and saves his life, they form a bond that makes his supplier and lover, Gabriella paranoid. But there is a snitch in the group and Gabriella’s biggest deal goes bad only to have an even bigger secret revealed, one that rocks Rich to his core.",[],[],https://image.tmdb.org/t/p/w500/u9dUF1YjDPL5OOlR6GbeYcvu6Q0.jpg
Marmaduke,2010,5.22,790,5.3338,"When Phil and Debbie Winslow relocate from their native Kansas to the sunny climes of Orange County, their big-hearted, havoc-wreaking Great Dane gets a taste of the dog's life, California-style.",[],[],https://image.tmdb.org/t/p/w500/wNNqAqvOn717AWBhBQskH2Lnzmz.jpg
Bunraku,2010,5.784,331,4.8525,"In a world with no guns, a mysterious drifter, a bartender and a young samurai plot revenge against a ruthless leader and his army of thugs, headed by nine diverse and deadly assassins.",[],[],https://image.tmdb.org/t/p/w500/6VG9XFig4djqZEEot3PGGWeIpkf.jpg
Michael Kirby: Don't Forget the Justice Bit,2010,0.0,0,4.4972,"Filmed during and after his time on the High Court of Australia, this documentary about Justice Michael Kirby explores the personal, moral and spiritual convictions of one of our most compassionate and incisive legal minds. Michael Kirby reveals himself in this film through a long-form interview in a way he has never done before. It was only at the age of 61 he publicly revealed for the first time that he had been in a homosexual relationship since 1969 with partner Johan van Vloten. This film represents the first time Johan has spoken publicly about their life together.",[],[],https://image.tmdb.org/t/p/w500/ss4X9a8cPf1ep9lu1LTkQX6j0nM.jpg
No Crossover: The Trial of Allen Iverson,2010,7.0,25,4.1145,"Director Steve James returns to his home town of Hampton, Virginia to tell the story of how the trial of a young basketball star left a city divided.",[],[],https://image.tmdb.org/t/p/w500/n2jiU46PVwibNHAIt7aBbj4khHl.jpg
Superman/Shazam!: The Return of Black Adam,2010,7.047,1528,4.4315,"Chosen the world’s protector against the Seven Deadly Enemies of Man – pride, envy, greed, hatred, selfishness, laziness and injustice – young Billy Batson accepts his destiny as Captain Marvel. Battling alongside Superman against nefarious Black Adam, Billy soon discovers the challenge super heroes ultimately face: is it revenge or justice?",[],[],https://image.tmdb.org/t/p/w500/3MgwChvi42N1RnhQE9A4pQVHyUY.jpg
Devil,2010,6.097,2997,5.3029,"A group of people are trapped in an elevator high above Philadelphia, and one of them is the devil.",[],[],https://image.tmdb.org/t/p/w500/aivXPSi53H95BoUa5njEYso389s.jpg
Takers,2010,6.237,1323,4.6845,"A seasoned team of bank robbers, including Gordon Jennings, John Rahway, A.J., and brothers Jake and Jesse Attica successfully complete their latest heist and lead a life of luxury while planning their next job. When Ghost, a former member of their team, is released from prison he convinces the group to strike an armored car carrying $20 million. As the ""Takers"" carefully plot out their strategy and draw nearer to exacting the grand heist, a reckless police officer inches closer to apprehending the criminals.",[],[],https://image.tmdb.org/t/p/w500/s2zx7JA87rkQcmsV40k0vbVJ6oh.jpg
The Ghost Writer,2010,6.82,2343,5.4531,A writer stumbles upon a long-hidden secret when he agrees to help former British Prime Minister Adam Lang complete his memoirs on a remote island after the politician's assistant drowns in a mysterious accident.,[],[],https://image.tmdb.org/t/p/w500/rK7m2Ba0ieXa37NaAmrx4dfRvvM.jpg
The 7 Adventures of Sinbad,2010,3.513,39,5.3936,"Sinbad, the original Prince of Persia, must complete seven tasks in order to save the world from catastrophe.",[],[],https://image.tmdb.org/t/p/w500/c6jY8DaiumXg02CMUdcdwm7thXy.jpg
The Good Witch's Gift,2010,7.531,96,4.748,"Almost as soon as Jake and Cassie decide to get married on Christmas Eve, complications arise.",[],[],https://image.tmdb.org/t/p/w500/cw6gQD0QRS3MA3bdGnAqQYSYhdr.jpg
A Marine Story,2010,5.911,45,4.3229,"Marine officer Alexandra is tough enough to kick any guy's ass in a bar fight, but there's one opponent she can't beat: military policy. When she returns to her conservative hometown from Iraq with a mysterious personal life, she finds herself charged with preparing a tempestuous teenage girl to boot camp.",[],[],https://image.tmdb.org/t/p/w500/pntBMDfGgPgIEeNBhT3JR7E3h5s.jpg
Deadly Honeymoon,2010,4.635,26,4.707,"Handsome silver spoon Texan Trevor Forrest can't always control his tendencies to flirt and gamble, even on honeymoon cruise to Tahiti with Lindsey Ross Forrest, which may compromise their business ambitions. The ship captain asks FBI agent Gwen Merced, on cruise, to investigate discretely when Trevor goes missing, probably fallen or pushed overboard as blood traces are found. It's unclear whether the Hungarian business trio Luka, Max and Ben are innocent flirtatious gamblers like Trevor or criminals, but others have hidden agendas too.",[],[],https://image.tmdb.org/t/p/w500/95jnsboZ0kKFC09q60uz7SIo7Df.jpg
Man On a Mission: Richard Garriott's Road to the Stars,2010,5.5,2,4.5837,The story of legendary computer game developer Richard Garriott's spaceflight in October 2008.,[],[],https://image.tmdb.org/t/p/w500/o8KpF2sVuV3AX2XV4vjtr4vst1x.jpg
Dante's Inferno: An Animated Epic,2010,6.963,547,4.6974,"Dante journeys through the nine circles of Hell -- limbo, lust, gluttony, greed, anger, heresy, violence, fraud and treachery -- in search of his true love, Beatrice. An animated version of the video game of the same name.",[],[],https://image.tmdb.org/t/p/w500/3HEKlPhoji9i6mJAImI1A98KNzv.jpg
Robot Chicken: Star Wars Episode III,2010,7.4,158,3.6571,"Robot Chicken: Star Wars Episode III, directed by Chris McKay, combines the satirical sensibilities of Green and Matthew Senreich's Robot Chicken with characters of the Star Wars universe.",[],[],https://image.tmdb.org/t/p/w500/mi2lVho2zpfwcxI6yC1QYJi435D.jpg
Batman: Under the Red Hood,2010,7.747,1673,4.1174,"One part vigilante, one part criminal kingpin, Red Hood begins cleaning up Gotham with the efficiency of Batman, but without following the same ethical code.",[],[],https://image.tmdb.org/t/p/w500/7lmHqHg1rG9b4U8MjuyQjmJ7Qm0.jpg
Fair Game,2010,6.465,819,4.9378,"A devoted wife and mother leads a secret life as a CIA agent until her husband’s article exposes a scandal, putting her identity and loved ones at risk. As her world crumbles, she must navigate the fallout of her double life.",[],[],https://image.tmdb.org/t/p/w500/tX2cafjaDnEOi50xnUIloAc2fp2.jpg
The Prince & Me 4: The Elephant Adventure,2010,6.1,83,4.6526,"One year after their royal wedding, King Edvard and Queen Paige of Denmark receive an invitation to attend the wedding of Princess Myra of Sangyoon. Upon their arrival, Paige finds Myra is unhappy with her arranged marriage to the brooding and sinister Kah and is secretly in love with a young elephant handler named Alu.",[],[],https://image.tmdb.org/t/p/w500/fEKnwl4m8DRn7MkAqWIt6RN2y67.jpg
Elle: A Modern Cinderella Tale,2010,5.018,82,4.8244,"Elle wants to be a singer/songwriter, but her dreams are cut short by the sudden death of her parents. She moves in with her adoptive uncle, who runs a small independent record label whose biggest act, Sensation, is also Elle's biggest pain.",[],[],https://image.tmdb.org/t/p/w500/dnExa5ZHZ8xSWR2J6E4muzqvMc5.jpg
Farewell Mr. Kringle,2010,6.5,17,4.4796,"A skeptical journalist is assigned to chronicle the 50th anniversary of Kris Kringle, a Santa Claus in the town of Mistletoe. As her involvement in the town grows, she begins to open up to the enchantment of Christmas and some other wonders of the season.",[],[],https://image.tmdb.org/t/p/w500/vy8dZmK50VZN2zXeEc3ZAV6S26V.jpg
Pirates of the Caribbean: On Stranger Tides,2011,6.562,14547,23.9303,"Captain Jack Sparrow crosses paths with a woman from his past, and he's not sure if it's love — or if she's a ruthless con artist who's using him to find the fabled Fountain of Youth. When she forces him aboard the Queen Anne's Revenge, the ship of the formidable pirate Blackbeard, Jack finds himself on an unexpected adventure in which he doesn't know who to fear more: Blackbeard or the woman from his past.",[],[],https://image.tmdb.org/t/p/w500/keGfSvCmYj7CvdRx36OdVrAEibE.jpg
Harry Potter and the Deathly Hallows: Part 2,2011,8.084,21367,17.977,"Harry, Ron and Hermione continue their quest to vanquish the evil Voldemort once and for all. Just as things begin to look hopeless for the young wizards, Harry discovers a trio of magical objects that endow him with powers to rival Voldemort's formidable skills.",[],[],https://image.tmdb.org/t/p/w500/c54HpQmuwXjHq2C9wmoACjxoom3.jpg
The Veteran,2022,5.822,129,19.3812,"Soldier Robert Miller returns home from Afghanistan unable to fit back into society. Living on a violent council estate and finding work in undercover surveillance, he becomes obsessed with taking down a group of local gangsters who are intrinsically tied to a suspected terrorist cell. Taking the situation into his own hands, Robert embarks on a brutal quest for justice, with devastating consequences.",[],[],https://image.tmdb.org/t/p/w500/i1gSsXTWtCmNQArmIeUpAysHEmi.jpg
Cars 2,2011,6.161,8204,16.2901,Star race car Lightning McQueen and his pal Mater head overseas to compete in the World Grand Prix race. But the road to the championship becomes rocky as Mater gets caught up in an intriguing adventure of his own: international espionage.,[],[],https://image.tmdb.org/t/p/w500/okIz1HyxeVOMzYwwHUjH2pHi74I.jpg
The Help,2020,8.205,8726,16.1759,"Aibileen Clark is a middle-aged African-American maid who has spent her life raising white children and has recently lost her only son; Minny Jackson is an African-American maid who has often offended her employers despite her family's struggles with money and her desperate need for jobs; and Eugenia ""Skeeter"" Phelan is a young white woman who has recently moved back home after graduating college to find out her childhood maid has mysteriously disappeared. These three stories intertwine to explain how life in Jackson, Mississippi revolves around ""the help""; yet they are always kept at a certain distance because of racial lines.",[],[],https://image.tmdb.org/t/p/w500/3kmfoWWEc9Vtyuaf9v5VipRgdjx.jpg
Real Steel,2011,7.063,8788,15.158,"Charlie Kenton is a washed-up fighter who retired from the ring when robots took over the sport. After his robot is trashed, he reluctantly teams up with his estranged son to rebuild and train an unlikely contender.",[],[],https://image.tmdb.org/t/p/w500/4GIeI5K5YdDUkR3mNQBoScpSFEf.jpg
Thor,2011,6.768,21833,13.9885,"Against his father Odin's will, The Mighty Thor - a powerful but arrogant warrior god - recklessly reignites an ancient war. Thor is cast down to Earth and forced to live among humans as punishment. Once here, Thor learns what it takes to be a true hero when the most dangerous villain of his world sends the darkest forces of Asgard to invade Earth.",[],[],https://image.tmdb.org/t/p/w500/prSfAi1xGrhLQNxVSUFh61xQ4Qy.jpg
Wrong Turn 4: Bloody Beginnings,2011,5.7,1160,13.5043,"A group of friends take refuge in a deserted sanatorium after they are left stranded in a snowstorm. Later, the place becomes a death trap when man-eating cannibals surround them.",[],[],https://image.tmdb.org/t/p/w500/r1JNXwJkKO696NlGTyqkw96yoT9.jpg
The Hangover Part II,2011,6.497,10920,13.2113,"The Hangover crew heads to Thailand for Stu's wedding. After the disaster of a bachelor party in Las Vegas last year, Stu is playing it safe with a mellow pre-wedding brunch. However, nothing goes as planned and Bangkok is the perfect setting for another adventure with the rowdy group.",[],[],https://image.tmdb.org/t/p/w500/7sGkjqorTHkaHTz8Q4WWHj8JL9t.jpg
Insidious,2011,6.941,7093,12.308,"A family discovers that dark spirits have invaded their home after their son inexplicably falls into an endless sleep. When they reach out to a professional for help, they learn things are a lot more personal than they thought.",[],[],https://image.tmdb.org/t/p/w500/tmlDFIUpGRKiuWm9Ixc6CYDk4y0.jpg
Kung Fu Panda 2,2011,7.049,7580,13.2415,"Po and his friends fight to stop a peacock villain from conquering China with a deadly new weapon, but first the Dragon Warrior must come to terms with his past.",[],[],https://image.tmdb.org/t/p/w500/mtqqD00vB4PGRt20gWtGqFhrkd0.jpg
Drive,2011,7.582,13147,11.9831,"Driver is a skilled Hollywood stuntman who moonlights as a getaway driver for criminals. Though he projects an icy exterior, lately he's been warming up to a pretty neighbor named Irene and her young son, Benicio. When Irene's husband gets out of jail, he enlists Driver's help in a million-dollar heist. The job goes horribly wrong, and Driver must risk his life to protect Irene and Benicio from the vengeful masterminds behind the robbery.",[],[],https://image.tmdb.org/t/p/w500/602vevIURmpDfzbnv5Ubi6wIkQm.jpg
Rise of the Planet of the Apes,2011,7.337,12377,13.2167,"A highly intelligent chimpanzee named Caesar has been living a peaceful suburban life ever since he was born. But when he gets taken to a cruel primate facility, Caesar decides to revolt against those who have harmed him.",[],[],https://image.tmdb.org/t/p/w500/cjLsuP75UDlRdJVMXzXg3TJ4umX.jpg
The Twilight Saga: Breaking Dawn - Part 1,2011,6.194,9059,12.964,Bella Swan and Edward Cullen's honeymoon phase is abruptly disrupted by betrayals and unforeseen tragedies that endanger their world.,[],[],https://image.tmdb.org/t/p/w500/qs8LsHKYlVRmJbFUiSUhhRAygwj.jpg
Mission: Impossible - Ghost Protocol,2011,7.106,10424,11.3903,"Ethan Hunt and his team are racing against time to track down a dangerous terrorist named Hendricks, who has gained access to Russian nuclear launch codes and is planning a strike on the United States. An attempt to stop him ends in an explosion causing severe destruction to the Kremlin and the IMF to be implicated in the bombing, forcing the President to disavow them. No longer being aided by the government, Ethan and his team chase Hendricks around the globe, although they might still be too late to stop a disaster.",[],[],https://image.tmdb.org/t/p/w500/psiWp3VTjznfokmGQG9uqiiknQQ.jpg
Ghost Rider: Spirit of Vengeance,2012,5.005,3934,11.2979,"When the devil resurfaces with aims to take over the world in human form, Johnny Blaze reluctantly comes out of hiding to transform into the flame-spewing supernatural hero Ghost Rider -- and rescue a 10-year-old boy from an unsavory end.",[],[],https://image.tmdb.org/t/p/w500/fUJOWsjjE8u1r4YOLYe1RLYy7bm.jpg
Rio,2011,6.753,6958,11.5316,"Captured by smugglers when he was just a hatchling, a macaw named Blu never learned to fly and lives a happily domesticated life in Minnesota with his human friend, Linda. Blu is thought to be the last of his kind, but when word comes that Jewel, a lone female, lives in Rio de Janeiro, Blu and Linda go to meet her. Animal smugglers kidnap Blu and Jewel, but the pair soon escape and begin a perilous adventure back to freedom -- and Linda.",[],[],https://image.tmdb.org/t/p/w500/4nJxhUknKV8Gqdhov8pU1YWDYfb.jpg
In Time,2011,6.97,11817,11.5949,"In the not-too-distant future, the aging gene has been switched off. To avoid overpopulation, time has become the currency and the way people pay for luxuries and necessities. The rich can live forever, while the rest struggle to negotiate for their immortality. A poor young man who suddenly comes into a fortune of time finds himself on the run from a corrupt police force known as the ""time keepers"".",[],[],https://image.tmdb.org/t/p/w500/3Mwj2sIONQckOZP3YwsUXF7U5I4.jpg
Green Lantern,2011,5.178,7449,10.7436,"For centuries, a small but powerful force of warriors called the Green Lantern Corps has sworn to keep intergalactic order. Each Green Lantern wears a ring that grants him superpowers. But when a new enemy called Parallax threatens to destroy the balance of power in the Universe, their fate and the fate of Earth lie in the hands of the first human ever recruited.",[],[],https://image.tmdb.org/t/p/w500/fj21HwUprqjjwTdkKC1XZurRSpV.jpg
"Crazy, Stupid, Love.",2011,7.269,8928,9.9816,"Cal Weaver is living the American dream. He has a good job, a beautiful house, great children and a beautiful wife, named Emily. Cal's seemingly perfect life unravels, however, when he learns that Emily has been unfaithful and wants a divorce. Over 40 and suddenly single, Cal is adrift in the fickle world of dating. Enter, Jacob Palmer, a self-styled player who takes Cal under his wing and teaches him how to be a hit with the ladies.",[],[],https://image.tmdb.org/t/p/w500/p4RafgAPk558muOjnBMHhMArjS2.jpg
Puss in Boots,2011,6.581,4327,11.2895,"Long before he even met Shrek, the notorious fighter, lover and outlaw Puss in Boots becomes a hero when he sets off on an adventure with the tough and street smart Kitty Softpaws and the mastermind Humpty Dumpty to save his town. This is the true story of The Cat, The Myth, The Legend... The Boots.",[],[],https://image.tmdb.org/t/p/w500/n4UkIqNYSTr4DPoHCVfLrL8mbre.jpg
Friends with Benefits,2011,6.65,8181,9.8028,Dylan is done with relationships. Jamie decides to stop buying into the Hollywood clichés of true love. When the two become friends they decide to try something new and take advantage of their mutual attraction - but without any emotional attachment.,[],[],https://image.tmdb.org/t/p/w500/nKhhDFCdzxeJ3GUunQ570LDpUkz.jpg
Scream 4,2011,6.468,3960,10.0715,"Ten years have passed, and Sidney Prescott has put herself back together thanks to her writing. However, her return to Woodsboro sparks the return of the Ghostface Killer.",[],[],https://image.tmdb.org/t/p/w500/tcrI37K98TVopLbcZBa55mWhLT1.jpg
Just Go with It,2011,6.705,5946,10.8138,"While romancing Palmer, a much younger schoolteacher, plastic surgeon Danny Maccabee enlists his loyal assistant Katherine to pretend to be his soon to be ex-wife, in order to cover up a careless lie. When more lies backfire, Katherine's kids become involved, and everyone heads off for a weekend in Hawaii that will change all their lives.",[],[],https://image.tmdb.org/t/p/w500/3rz7bfGsPGcI6cfY002n9VrUgao.jpg
Warrior,2011,7.845,4817,9.1057,"The youngest son of an alcoholic former boxer returns home, where he's trained by his father for competition in a mixed martial arts tournament – a path that puts the fighter on a collision course with his estranged, older brother.",[],[],https://image.tmdb.org/t/p/w500/iM8n4nZJPR2abpnyZ36FUgHiRjr.jpg
Rango,2011,6.884,6841,9.2744,"When Rango, a lost family pet, accidentally winds up in the gritty, gun-slinging town of Dirt, the less-than-courageous lizard suddenly finds he stands out. Welcomed as the last hope the town has been waiting for, new Sheriff Rango is forced to play his new role to the hilt.",[],[],https://image.tmdb.org/t/p/w500/A5MP1guV8pbruieG0tnpPIbaJtt.jpg
Tower Heist,2011,6.11,3068,9.101,"A luxury condo manager leads a staff of workers to seek payback on the Wall Street swindler who defrauded them. With only days until the billionaire gets away with the perfect crime, the unlikely crew of amateur thieves enlists the help of petty crook Slide to steal the $20 million they’re sure is hidden in the penthouse.",[],[],https://image.tmdb.org/t/p/w500/jQrroNwP8hbFiUlNMs20emauwPE.jpg
Sucker Punch,2011,6.195,4900,10.0426,"A young woman, institutionalized by her abusive stepfather, retreats into a vivid fantasy world where she envisions a plan to escape. Gathering a group of fellow inmates, she embarks on a quest to collect five mystical items, blurring the lines between reality and imagination.",[],[],https://image.tmdb.org/t/p/w500/jtaUDnvIiHUd2ranDcjB5AbPx6o.jpg
Jane Eyre,2011,7.2,1518,8.9124,"After a bleak childhood, Jane Eyre goes out into the world to become a governess. As she lives happily in her new position at Thornfield Hall, she meet the dark, cold, and abrupt master of the house, Mr. Rochester. Jane and her employer grow close in friendship and she soon finds herself falling in love with him. Happiness seems to have found Jane at last, but could Mr. Rochester's terrible secret be about to destroy it forever?",[],[],https://image.tmdb.org/t/p/w500/3Cn7D0wEaxnvm8kTta1osNu3QJv.jpg
The Smurfs,2011,5.8,3905,9.2813,"When the evil wizard Gargamel chases the tiny blue Smurfs out of their village, they tumble from their magical world and into ours -- in fact, smack dab in the middle of Central Park. Just three apples high and stuck in the Big Apple, the Smurfs must find a way to get back to their village before Gargamel tracks them down.",[],[],https://image.tmdb.org/t/p/w500/vRhnslP2gW0QDym7BsMeSuioUfK.jpg
The Mechanic,2011,6.521,3422,8.9719,"Arthur Bishop is a 'mechanic' - an elite assassin with a strict code requiring professional perfection and total detachment. One of an elite group of assassins, Bishop may be the best in the business - with a unique talent for cleanly eliminating targets. When Harry McKenna, his close friend and mentor, is murdered, Harry's son comes to him with vengeance in his heart and a desire to learn Bishop's trade, signaling the birth of a deadly partnership.",[],[],https://image.tmdb.org/t/p/w500/k37axEHszFP9WOVvbozxF0r7X7g.jpg
The Human Centipede 2 (Full Sequence),2011,4.769,1372,8.0814,"Inspired by the fictional Dr. Heiter, disturbed loner Martin dreams of creating a 12-person centipede and sets out to realize his sick fantasy.",[],[],https://image.tmdb.org/t/p/w500/gMGDqPParsbPRtSbVZ2pNLmdXz1.jpg
Sleeping Beauty,2011,5.35,648,9.4252,"A haunting erotic fairytale about Lucy, a young University student drawn into a mysterious hidden world of beauty and desire.",[],[],https://image.tmdb.org/t/p/w500/l1Lx8iRsml1JnPBY0qgn6IN5FQg.jpg
Source Code,2011,7.302,8730,8.8109,"When decorated soldier Captain Colter Stevens wakes up in the body of an unknown man, he discovers he's part of a mission to find the bomber of a Chicago commuter train.",[],[],https://image.tmdb.org/t/p/w500/nTr0lvAzeQmUjgSgDEHTJpnrxTz.jpg
Paul,2011,6.732,6027,8.8541,"For the past 60 years, a space-traveling smart-ass named Paul has been locked up in a top-secret military base, advising world leaders about his kind. But when he worries he’s outlived his usefulness and the dissection table is drawing uncomfortably close, Paul escapes on the first RV that passes by his compound in Area 51. Fortunately, it contains the two earthlings who are most likely to rescue and harbor an alien on the run.",[],[],https://image.tmdb.org/t/p/w500/bX8TP2qRWh2OcmeUHGn1ENDkCu6.jpg
Barbie: Princess Charm School,2011,7.515,844,9.1233,"Barbie stars as Blair Willows, a kind-hearted girl who is chosen to attend Princess Charm School: a magical, modern place that teaches dancing, how to have tea parties, and proper princess manners. Blair loves her classes -- as well as the helpful magical sprites and her new friends, Princesses Hadley and Isla. But when royal teacher Dame Devin discovers that Blair looks a lot like the kingdom’s missing princess, she turns Blair’s world upside down to stop her from claiming the throne. Now Blair, Hadley and Delancy must find an enchanted crown to prove Blair’s true identity in this charming and magical princess story!",[],[],https://image.tmdb.org/t/p/w500/lI2jPbssax6XX5vDqB9mTJHGzfH.jpg
We Bought a Zoo,2011,6.815,2834,8.4713,"Benjamin has lost his wife and, in a bid to start his life over, purchases a large house that has a zoo – welcome news for his daughter, but his son is not happy about it. The zoo is in need of renovation and Benjamin sets about the work with the head keeper and the rest of the staff, but, the zoo soon runs into financial trouble.",[],[],https://image.tmdb.org/t/p/w500/dcOvIqdsojUdAtWt1nPT9xS76Su.jpg
Season of the Witch,2011,5.512,2543,8.5841,"A 14th century Crusader returns with his comrade to a homeland devastated by the Black Plague. The Church commands the two knights to transport a witch to a remote abbey, where monks will perform a ritual in hopes of ending the pestilence.",[],[],https://image.tmdb.org/t/p/w500/dNVqi8EsBtnnwfR6TgiWM51JOuS.jpg
Shame,2011,6.933,3286,8.6036,"Brandon, a thirty-something man living in New York, eludes intimacy with women but feeds his deepest desires with a compulsive addiction to sex. When his younger sister temporarily moves into his apartment, stirring up bitter memories of their shared painful past, Brandon's life, like his fragile mind, gets out of control.",[],[],https://image.tmdb.org/t/p/w500/aywgzSw9LK4z3DxMPZsNbzWYqQ1.jpg
The Adjustment Bureau,2011,6.768,4716,8.2232,"A man glimpses the future Fate has planned for him – and chooses to fight for his own destiny. Battling the powerful Adjustment Bureau across, under and through the streets of New York, he risks his destined greatness to be with the only woman he's ever loved.",[],[],https://image.tmdb.org/t/p/w500/5ZzeR8iz1nEFLp94OBnbakLZawo.jpg
Beethoven's Christmas Adventure,2011,5.9,154,8.2833,"A Christmas elf accidentally takes off in Santa's sleigh, crash lands in a small town, and loses the magic toy bag. Beethoven must rescue the elf, recover the bag from greedy crooks, and return the sleigh to Santa in time to save Christmas.",[],[],https://image.tmdb.org/t/p/w500/wuBKbz0bZUdTAhU26A62AIlvE5A.jpg
Alvin and the Chipmunks: Chipwrecked,2011,5.696,2285,7.8912,"Playing around while aboard a cruise ship, the Chipmunks and Chipettes accidentally go overboard and end up marooned in a tropical paradise. They discover their new turf is not as deserted as it seems.",[],[],https://image.tmdb.org/t/p/w500/npOXWVoZyl8UrF2wtByHtfmsWSX.jpg
No Strings Attached,2011,6.296,4845,7.9203,"Emma is a busy doctor who sets up a seemingly perfect arrangement when she offers her best friend Adam a relationship with one rule: No strings attached. But when a fling becomes a thing, can sex friends stay best friends?",[],[],https://image.tmdb.org/t/p/w500/9C09L1U9S13J4Ut029Qhu0oLcTQ.jpg
Final Destination 5,2011,6.147,3895,8.9349,"Death is just as omnipresent as ever, and is unleashed after one man’s premonition saves a group of coworkers from a terrifying suspension bridge collapse. But this group of unsuspecting souls was never supposed to survive, and, in a terrifying race against time, the ill-fated group frantically tries to discover a way to escape Death’s sinister agenda.",[],[],https://image.tmdb.org/t/p/w500/Akx1Po4ZLetOWfYJhQf75tbhTtK.jpg
Moneyball,2011,7.282,5483,9.1014,"The story of Oakland Athletics general manager Billy Beane's successful attempt to put together a baseball team on a budget, by employing computer-generated analysis to draft his players.",[],[],https://image.tmdb.org/t/p/w500/4yIQq1e6iOcaZ5rLDG3lZBP3j7a.jpg
Barbie: A Fairy Secret,2011,6.856,526,8.1191,"Get ready for Barbie: A Fairy Secret, an amazing adventure with Barbie where she discovers there are fairies living secretly all around us! When Ken is suddenly whisked away by a group of fairies, Barbie's two fashion stylist friends reveal they are actually fairies and that Ken has been taken to a magical secret fairy world not far away! Barbie and her rival Raquelle take off with the fairy friends on an action-packed journey to bring him back. Along the way they must stick together and learn that the real magic lies not just in the fairy world itself, but in the power of friendship.",[],[],https://image.tmdb.org/t/p/w500/wn2aoYKOonwMNKkzfgO5y4ji8pB.jpg
Captain America: The First Avenger,2011,7.004,22213,8.0479,"During World War II, Steve Rogers is a sickly man from Brooklyn who's transformed into super-soldier Captain America to aid in the war effort. Rogers must stop the Red Skull – Adolf Hitler's ruthless head of weaponry, and the leader of an organization that intends to use a mysterious device of untold powers for world domination.",[],[],https://image.tmdb.org/t/p/w500/vSNxAJTlD0r02V9sPYpOjqDZXUK.jpg
Limitless,2011,7.192,11062,7.9351,The life of an unsuccessful writer is transformed by a top-secret 'smart drug' that allows him to use 100% of his brain and become a perfect version of himself. His enhanced abilities soon attract shadowy forces that threaten his new life.,[],[],https://image.tmdb.org/t/p/w500/un0a2U7KLjMH77N6EhqYh7ZOlVx.jpg
Detachment,2011,7.618,1856,8.595,"A chronicle of three weeks in the lives of several high school teachers, administrators and students through the eyes of substitute teacher, Henry Barthes. Henry roams from school to school, imparting modes of knowledge, but never staying long enough to form any semblance of sentient attachment.",[],[],https://image.tmdb.org/t/p/w500/bC5H2dabnHrQJD1KmQUSUUeuCXU.jpg
Courageous,2011,7.603,388,7.6396,"Law enforcement officers Adam Mitchell, Nathan Hayes, and their partners stand up to the worst the streets have to offer with confidence and focus. Yet at the end of the day, they face a challenge that none of them are truly prepared to tackle: fatherhood. They know that God desires to turn the hearts of fathers to their children, but their children are beginning to drift further and further away from them. When tragedy hits home, these men are left wrestling with their hopes, their fears, their faith, and their fathering. Can a newfound urgency help these dads draw closer to God... and to their children?",[],[],https://image.tmdb.org/t/p/w500/hVRkbZRCoHtnfi0V9GFZ3uXjCNp.jpg
Horrible Bosses,2011,6.572,6580,7.2471,"For Nick, Kurt and Dale, the only thing that would make the daily grind more tolerable would be to grind their intolerable bosses into dust. Quitting is not an option, so, with the benefit of a few-too-many drinks and some dubious advice from a hustling ex-con, the three friends devise a convoluted and seemingly foolproof plan to rid themselves of their respective employers... permanently.",[],[],https://image.tmdb.org/t/p/w500/uQkUwgyFHAm0jGQERPG6Z9o9Zbj.jpg
Super 8,2011,6.77,6837,8.4502,"In late 1970s Ohio, a group of friends filming a homemade zombie movie witness a devastating train derailment. Soon after, their quiet town is gripped by unexplained disappearances, strange phenomena, and a growing sense of fear, as they uncover that something terrifying has been set loose.",[],[],https://image.tmdb.org/t/p/w500/pUWIjaMMYJjeBm5bJyE3mIXdQ62.jpg
Colombiana,2011,6.636,2730,9.218,"After witnessing her parents’ murder as a child in Bogota, Cataleya Restrepo grows up to be a stone-cold assassin. She works for her uncle as a hitman by day, but her personal time is spent engaging in vigilante murders that she hopes will lead her to her ultimate target: the mobster responsible for her parents' death.",[],[],https://image.tmdb.org/t/p/w500/rEdGDgRB3gducezNSIyx2lbKQy4.jpg
Bridesmaids,2011,6.516,4515,7.3141,"Annie's life is a mess. But when she finds out her lifetime best friend is engaged, she simply must serve as Lillian's maid of honor. Though lovelorn and broke, Annie bluffs her way through the expensive and bizarre rituals. With one chance to get it perfect, she’ll show Lillian and her bridesmaids just how far you’ll go for someone you love.",[],[],https://image.tmdb.org/t/p/w500/gJtA7hYsBMQ7EM3sPBMUdBfU7a0.jpg
The Three Musketeers,2011,5.796,2704,7.2509,The hot-headed young D'Artagnan along with three former legendary but now down on their luck Musketeers must unite and defeat a beautiful double agent and her villainous employer from seizing the French throne and engulfing Europe in war.,[],[],https://image.tmdb.org/t/p/w500/woCADkkDIIKrOMEokbFOEsAYtUa.jpg
Johnny English Reborn,2011,6.2,3449,7.7889,"The most prominent heads of state in the world begin gathering for a conference that could have a major impact on global politics. When MI-7 receives word that the Chinese premier has become the target of some high-powered killers, it falls on Johnny English to save the day. Armed with the latest high-tech weaponry and gadgets that would make even James Bond jealous, the once-disgraced agent uncovers evidence of a massive conspiracy involving some of the world's most powerful organisations, and vows to redeem his tarnished reputation by stopping the killers before they can strike.",[],[],https://image.tmdb.org/t/p/w500/1T6qnlTVkrGr0mpgZbpSwVU5FWW.jpg
One Day,2011,7.42,4411,7.2168,"A romantic comedy centered on Dexter and Emma, who first meet during their graduation in 1988 and proceed to keep in touch regularly. The film follows what they do on July 15 annually, usually doing something together.",[],[],https://image.tmdb.org/t/p/w500/iWPwEkIDAihT5EDPZxFmhtyVrtj.jpg
The Girl with the Dragon Tattoo,2011,7.376,7325,7.3549,"Disgraced journalist Mikael Blomkvist investigates the disappearance of a weary patriarch's niece from 40 years ago. He is aided by the pierced, tattooed, punk computer hacker named Lisbeth Salander. As they work together in the investigation, Blomkvist and Salander uncover immense corruption beyond anything they have ever imagined.",[],[],https://image.tmdb.org/t/p/w500/8bokS83zGdhaXgN9tjidUKmAftW.jpg
Unknown,2011,6.686,4020,8.0887,"A man awakens from a coma, only to discover that someone has taken on his identity and that no one, (not even his wife), believes him. With the help of a young woman, he sets out to prove who he is.",[],[],https://image.tmdb.org/t/p/w500/sqbJ2Hd6OX4fIC8I55NGh1EverJ.jpg
Abduction,2011,5.851,2953,7.0186,"For many years, Nathan Harper has had the uneasy feeling that life with his family isn't quite what it seems. As he draws closer to uncovering the truth, he is hunted by assassins, forcing him to flee with his neighbor, Karen, the only person he can trust.",[],[],https://image.tmdb.org/t/p/w500/4vqkl1w4eSTMdIcL9IrBzln58Wy.jpg
Bad Teacher,2011,5.608,4814,6.8791,"A lazy, incompetent middle school teacher who hates her job and her students is forced to return to her job to make enough money for a boob job after her rich fiancé dumps her.",[],[],https://image.tmdb.org/t/p/w500/zpIY4qUSX91J9XpPgr0hFrk1eKr.jpg
Sherlock Holmes: A Game of Shadows,2011,7.14,10657,7.006,"There is a new criminal mastermind at large (Professor Moriarty) and not only is he Holmes’ intellectual equal, but his capacity for evil and lack of conscience may give him an advantage over the  detective.",[],[],https://image.tmdb.org/t/p/w500/y1MYZkwhZK6L0Jy4YMuPktzDOfn.jpg
Hugo,2012,7.174,7452,8.3556,"Orphaned and alone except for an uncle, Hugo Cabret lives in the walls of a train station in 1930s Paris. Hugo's job is to oil and maintain the station's clocks, but to him, his more important task is to protect a broken automaton and notebook left to him by his late father. Accompanied by the goddaughter of an embittered toy merchant, Hugo embarks on a quest to solve the mystery of the automaton and find a place he can call home.",[],[],https://image.tmdb.org/t/p/w500/1dxRq3o3l3bVWNRvvSb7rRf68qp.jpg
Cowboys & Aliens,2011,5.635,5221,7.9988,"A stranger stumbles into the desert town of Absolution with no memory of his past and a futuristic shackle around his wrist. With the help of mysterious beauty Ella and the iron-fisted Colonel Dolarhyde, he finds himself leading an unlikely posse of cowboys, outlaws, and Apache warriors against a common enemy from beyond this world in an epic showdown for survival.",[],[],https://image.tmdb.org/t/p/w500/9uZsGCP4rvOHVGCpMpYq5gNCuNI.jpg
The Sitter,2011,5.583,980,7.7099,"Noah, is not your typical entertain-the-kids-no-matter-how-boring-it-is kind of sitter. He's reluctant to take a sitting gig; he'd rather, well, be doing anything else, especially if it involves slacking. When Noah is watching the neighbor's kid he gets a booty call from his girlfriend in the city. To hook up with her, Noah takes to the streets, but his urban adventure spins out of control as he finds himself on the run from a maniacal drug lord.",[],[],https://image.tmdb.org/t/p/w500/rOVS11iGQsFKRPzjXQPfyTmwtDr.jpg
Red Riding Hood,2011,5.984,3239,7.8032,"Valerie is in love with a brooding outsider, Peter, but her parents have arranged for her to marry another man. Unwilling to lose each other, Valerie and Peter plan to run away together when Valerie's older sister is killed by a werewolf that prowls the dark forest surrounding their village. Panic grips the town as Valerie discovers that she has a unique connection to the beast--one that inexorably draws them together, making her both suspect ... and bait.",[],[],https://image.tmdb.org/t/p/w500/dMI4XZCfC0VhUNN1Ds6ty6iRoyJ.jpg
A Cinderella Story: Once Upon a Song,2011,6.4,1031,6.5845,"In this modern telling of the classic tale, aspiring singer Katie Gibbs falls for the new boy at her performing arts high school. But Katie's wicked stepmother and stepsister are scheming to crush her dream before she can sing her way into his heart.",[],[],https://image.tmdb.org/t/p/w500/awuuwPA8Hy9c5EH04xwkEXOSYiL.jpg
Conan the Barbarian,2011,5.307,1940,7.1411,"A quest that begins as a personal vendetta for the fierce Cimmerian warrior soon turns into an epic battle against hulking rivals, horrific monsters, and impossible odds, as Conan realizes he is the only hope of saving the great nations of Hyboria from an encroaching reign of supernatural evil.",[],[],https://image.tmdb.org/t/p/w500/vR6PzXsOfewD1kei8gMbepvwWC6.jpg
The Adventures of Tintin,2011,6.913,5609,6.8132,"Intrepid young reporter, Tintin, and his loyal dog, Snowy, are thrust into a world of high adventure when they discover a ship carrying an explosive secret. As Tintin is drawn into a centuries-old mystery, Ivan Ivanovitch Sakharine suspects him of stealing a priceless treasure. Tintin and Snowy, with the help of salty, cantankerous Captain Haddock and bumbling detectives, Thompson and Thomson, travel half the world, one step ahead of their enemies, as Tintin endeavors to find the Unicorn, a sunken ship that may hold a vast fortune, but also an ancient curse.",[],[],https://image.tmdb.org/t/p/w500/fQZ3sLR1Fi63NMsNRbjm9q5qODJ.jpg
Midnight in Paris,2016,7.52,7523,6.9124,"While on a trip to Paris with his fiancée's family, a nostalgic screenwriter finds himself mysteriously going back to the 1920s every day at midnight.",[],[],https://image.tmdb.org/t/p/w500/4wBG5kbfagTQclETblPRRGihk0I.jpg
We Need to Talk About Kevin,2011,7.546,2973,7.4062,"After her son Kevin commits a horrific act, troubled mother Eva reflects on her complicated relationship with her disturbed son as he grew from a toddler into a teenager.",[],[],https://image.tmdb.org/t/p/w500/auAmiRmbBQ5QIYGpWgcGBoBQY3b.jpg
Dead Space: Aftermath,2011,5.842,180,5.638,"The year is 2509 and not only has Earth lost contact with the Ishimura and Isaac Clarke, but now also the USG O'Bannon, the first responder ship sent to rescue them. Four crew members of the O'Bannon have survived. But what happened to the rest of the crew? What were they doing? What secrets are they keeping? All to be revealed...in the Aftermath! --- Dead Space: Aftermath is a fast paced, horrifying thrill ride told through the perspective of the four survivors by several renowned international directors. Dead Space: Aftermath is an animated film that bridges the storyline between the video games Dead Space and Dead Space 2.",[],[],https://image.tmdb.org/t/p/w500/2WBywtTKlrvV59aUybElvaypZJF.jpg
Diary of a Wimpy Kid: Rodrick Rules,2011,6.696,1199,6.8123,"Wimpy Greg Heffley, now in seventh grade, thinks he has it all together. He has mastered middle school and gotten rid of the Cheese Touch. However, Greg's older brother, Rodrick, is itching to cut him down to size. He gets the perfect opportunity when their mother tries to force the boys to bond. Rodrick may be Greg's chief tormentor, but he feels his constant pranks are just what his little brother needs to prepare him for life's hard knocks.",[],[],https://image.tmdb.org/t/p/w500/k54R3ag1sLu93Wbfo4quw9sSFyj.jpg
Battle: Los Angeles,2011,5.814,3599,7.541,"When once distant UFOs become a terrifying threat and an alien invasion force begins attacking Earths major costal and riverside cities, a U.S Marine staff sergeant and his team are sent into battle only to find they must take it upon themselves to defeat an unknown enemy and protect what remains of Los Angeles.",[],[],https://image.tmdb.org/t/p/w500/jloyGeVYZSxM9zsLFvVOWuj2ey4.jpg
The Lincoln Lawyer,2011,7.198,3459,6.5753,"Mick Haller is a charismatic defense attorney who does business out of his Lincoln Continental sedan. Mick spends most of his time defending petty crooks and other bottom-feeders, so it comes as quite a surprise when he lands the case of a lifetime: defending a Beverly Hills playboy who is accused of attempted murder. However, what Mick initially thinks is an open-and-shut case with a big monetary reward develops into something more sinister.",[],[],https://image.tmdb.org/t/p/w500/gOn8Ve9Yi8fxjRkmLr5BZoOc7KV.jpg
Bucky Larson: Born to Be a Star,2011,4.231,186,9.374,A kid from the Midwest moves out to Hollywood in order to follow in his parents footsteps -- and become a porn star.,[],[],https://image.tmdb.org/t/p/w500/avCsg52549PHT5nVXIW7c3BEZ7b.jpg
Mr. Popper's Penguins,2011,5.977,3069,6.3035,"Tom Popper is a successful businessman who’s clueless when it comes to the really important things in life...until he inherits six “adorable” penguins, each with its own unique personality. Soon Tom’s rambunctious roommates turn his swank New York apartment into a snowy winter wonderland — and the rest of his world upside-down.",[],[],https://image.tmdb.org/t/p/w500/jGwZ1QI5DaL7mHQ2ZsMV1p8xvPS.jpg
Assassination Games,2011,6.301,433,6.6601,"Brazil is a contract killer, willing to take any job if the price is right. Flint left the assassin game when a ruthless drug dealer’s brutal attack left his wife in a coma. When a contract is put out on the same coldblooded drug dealer, both Brazil and Flint want him dead – one for the money, the other for revenge. With crooked Interpol agents and vicious members of the criminal underworld hot on their trail, these two assassins reluctantly join forces to quickly take out their target before they themselves are terminated.",[],[],https://image.tmdb.org/t/p/w500/quJ0kXiQmP7rOg1m6WGmallQiJQ.jpg
Hanna,2011,6.588,3519,6.733,"Raised by her father, an ex-CIA agent, in the wilds of Finland, Hanna's upbringing has been geared to making her the perfect assassin. Sent into the world by her father on a mission, Hanna journeys across Europe, eluding agents dispatched after her by a ruthless intelligence operative. As she nears her ultimate target, Hanna faces startling revelations about her existence.",[],[],https://image.tmdb.org/t/p/w500/gRvxRMtejJa9jjfDDUibUIfIJbP.jpg
Drive Angry,2011,5.537,1940,6.8833,"Milton is a hardened felon who has broken out of Hell, intent on finding the vicious cult who brutally murdered his daughter and kidnapped her baby. He joins forces with a sexy, tough-as-nails waitress, who's also seeking redemption of her own. Caught in a deadly race against time, Milton has three days to avoid capture, avenge his daughter's death, and save her baby before she's mercilessly sacrificed by the cult.",[],[],https://image.tmdb.org/t/p/w500/nx2pChi41Xv4dsXsfSG3gnKcWaY.jpg
Killer Elite,2011,6.263,2220,7.1059,"Based on a shocking true story, Killer Elite pits two of the world’s most elite operatives—Danny, an ex-special ops agent and Hunter, his longtime mentor—against the cunning leader of a secret military society. Covering the globe from Australia to Paris, London and the Middle East, Danny and Hunter are plunged into a highly dangerous game of cat and mouse—where the predators become the prey.",[],[],https://image.tmdb.org/t/p/w500/7O2U0WPFPSvNSUYZlhbnV081lBF.jpg
The Change-Up,2011,6.15,2859,6.6668,"Lifelong friends Dave and Mitch are envious of the other's life. Mitch thinks Dave has it all: a beautiful, loving family and a high-paying job at a prestigious law firm. But Dave thinks Mitch’s stress-free playboy life without obligation or consequence is the real dream come true. One fateful drunken night, they both admit that they wish they had the other’s life while peeing in a fountain when lightning strikes. The next morning, they wake up, hungover, in each other’s bodies! With time not on their side, Mitch and Dave comically struggle to avoid completely destroying each other’s lives before they can find a way to get their old ones back.",[],[],https://image.tmdb.org/t/p/w500/iV6ARQZyGpjygtzFMdWH9U1Lj9x.jpg
Priest,2011,5.834,2403,6.7211,"In an alternate world, humanity and vampires have warred for centuries. After the last Vampire War, the veteran Warrior Priest lives in obscurity with other humans inside one of the Church's walled cities. When the Priest's niece is kidnapped by vampires, the Priest breaks his vows to hunt them down. He is accompanied by the niece's boyfriend, who is a wasteland sheriff, and a former Warrior Priestess.",[],[],https://image.tmdb.org/t/p/w500/fYHiA7LPGl9DG7m3DUs0Td1VMcO.jpg
Melancholia,2012,7.166,3659,7.4577,Two sisters find their already strained relationship challenged as a mysterious new planet threatens to collide with Earth.,[],[],https://image.tmdb.org/t/p/w500/fMneszMiQuTKY8JUXrGGB5vwqJf.jpg
Never Back Down 2: The Beatdown,2011,6.485,669,5.671,Four fighters from different backgrounds come together to train under an ex MMA rising star and then ultimately have to fight each other and the traitor in their midst.,[],[],https://image.tmdb.org/t/p/w500/7VjtTMQpfy9GxMyjUfuYTfyatZz.jpg
Larry Crowne,2011,5.991,1367,6.1259,"When he suddenly finds himself without his long-standing blue-collar job, Larry Crowne enrolls at his local college to start over. There, he becomes part of an eclectic community of students and develops a crush on his teacher.",[],[],https://image.tmdb.org/t/p/w500/8GDM7RqM6J1vNUdlU94rmtlNa3e.jpg
Footloose,2011,6.597,1686,7.2909,"Ren MacCormack is transplanted from Boston to the small southern town of Bomont where loud music and dancing are prohibited. Not one to bow to the status quo, Ren challenges the ban, revitalizing the town and falling in love with the minister’s troubled daughter Ariel in the process.",[],[],https://image.tmdb.org/t/p/w500/cDUW5RWmyHcTxu7eg9eMqhBQy2J.jpg
Our Idiot Brother,2011,6.148,1001,5.706,"Everybody has one—the sibling who is always just a little bit behind the curve when it comes to getting his life together. For sisters Liz, Miranda and Natalie, that person is their perennially upbeat brother, Ned. But as each of their lives begins to unravel, Ned's family comes to realise that Ned isn't such an idiot after all.",[],[],https://image.tmdb.org/t/p/w500/47kXCbmHOjxyW5Ao3oQ2uoheHi9.jpg
Jack and Jill,2011,4.386,2164,6.8737,"Jack Sadelstein, a successful advertising executive in Los Angeles with a beautiful wife and kids, dreads one event each year: the Thanksgiving visit of his twin sister Jill. Jill's neediness and passive-aggressiveness is maddening to Jack, turning his normally tranquil life upside down.",[],[],https://image.tmdb.org/t/p/w500/kFeAxmZvu0TE4iuLRHQD6Cej8Wf.jpg
The Inbetweeners Movie,2011,6.2,951,6.3958,"High school graduation just wouldn’t be complete without an un-chaperoned, uninhibited and unforgettable final holiday. At least that’s what Will, Jay, Simon and Neil think when they book a two-week stay on an exotic Greek island. As their dreams of sun-drenched days and booze-filled nights are left hopelessly unfulfilled, the lads fight their way into the party scene with hilariously humiliating results.",[],[],https://image.tmdb.org/t/p/w500/nePYsVp0qU8EbSXeUdr3xEkHlzN.jpg
The Green Hornet,2011,5.595,3364,5.7327,"Britt Reid, the heir to the largest newspaper fortune in Los Angeles, is a spoiled playboy who has been, thus far, happy to lead an aimless life. After his father dies, Britt meets Kato, a resourceful company employee. Realizing that they have the talent and resources to make something of their lives, Britt and Kato join forces as costumed crime-fighters to bring down the city's most-powerful criminal, Chudnofsky.",[],[],https://image.tmdb.org/t/p/w500/1YrRviphr3eXPus9iHyQX56QgIE.jpg
The Iron Lady,2011,6.362,1798,6.405,"A look at the life of Margaret Thatcher, the former Prime Minister of the United Kingdom, with a focus on the price she paid for power.",[],[],https://image.tmdb.org/t/p/w500/fx7wpKXOht7WOkeOslvErbrf69Q.jpg
Hoodwinked Too! Hood VS. Evil,2011,5.107,561,5.4569,"Red Riding Hood is training in the group of Sister Hoods, when she and the Wolf are called to examine the sudden mysterious disappearance of Hansel and Gretel.",[],[],https://image.tmdb.org/t/p/w500/3ofAJDO8A7ulJwgMGKcwEOPNWV3.jpg
Quarantine 2: Terminal,2011,5.731,592,6.303,A plane is taken over by a mysterious virus. When the plane lands it is placed under quarantine. Now a group of survivors must band together to survive the quarantine.,[],[],https://image.tmdb.org/t/p/w500/ouQOquRqqaO8sPAziD4BFoNO1Pb.jpg
The Resident,2011,5.786,655,5.9039,"Juliet, a beautiful doctor, has found the perfect New York apartment to start a new life after separating from her husband. It's got spacious rooms, a spectacular view, and a handy, handsome landlord. But there are secrets behind every wall and terror in every room as Juliet gets the unnerving feeling that she is not alone.",[],[],https://image.tmdb.org/t/p/w500/hoZiRe5EK4vIUjvjRf1aUk5RVg4.jpg
Fright Night,2011,6.227,2014,6.4196,"A teenager suspects his new neighbour is a vampire. Unable to convince anyone, he tries to enlist the help of a self-proclaimed vampire hunter and magician.",[],[],https://image.tmdb.org/t/p/w500/ySQ3v4Fzpy3fePs86eoLiDzwLYM.jpg
Arthur Christmas,2011,6.767,1552,6.2591,"For hundreds of years, the Claus family has delegated the title ""Santa"" to a chosen few of its members, which can be passed down upon retirement. Each Christmas, Santa and his vast army of highly trained elves produce gifts and distribute them around the world in a one-night high-tech operation. However, when one of 600 million children to receive a gift from Santa on Christmas Eve is missed, it is deemed ‘acceptable’ to all but one—Arthur Claus, the current Santa’s misfit son deemed ineligible for the title, who executes an unauthorised rookie mission to get the last present halfway around the globe before dawn on Christmas morning.",[],[],https://image.tmdb.org/t/p/w500/brELZkSbkLrcCXJ0xt5hQUMXhut.jpg
I Am Number Four,2011,6.179,4824,5.9163,"A teenage fugitive with an incredible secret races to stay one step ahead of the mysterious forces seeking destroy him in this sci-fi action thriller. With three dead and one on the run, the race to find the elusive Number Four begins. Outwardly normal teen John Smith never gets too comfortable in the same identity, and along with his guardian, Henri, he is constantly moving from town to town. With each passing day, John gains a stronger grasp on his extraordinary new powers, and his bond to the beings that share his fantastic fate grows stronger.",[],[],https://image.tmdb.org/t/p/w500/2NrP3h3GEsrPXX60bmjKuYWAvl9.jpg
Dream House,2011,6.193,1392,6.0074,"Publisher Will Atenton quits a lucrative job in New York to relocate his wife, Libby, and their daughters to a quaint town in New England. However, as they settle into their home the Atentons discover that a woman and her children were murdered there, and the surviving husband is the town's prime suspect. With help from a neighbor who was close to the murdered family, Will pieces together a horrifying chain of events.",[],[],https://image.tmdb.org/t/p/w500/uQFbnBEYguc6EWYKG0Hgq4LVdc2.jpg
The Eagle,2011,6.247,1359,5.825,"In 140 AD, twenty years after the unexplained disappearance of the entire Ninth Legion in the mountains of Scotland, young centurion Marcus Aquila arrives from Rome to solve the mystery and restore the reputation of his father, the commander of the Ninth. Accompanied only by his British slave Esca, Marcus sets out across Hadrian's Wall into the uncharted highlands of Caledonia - to confront its savage tribes, make peace with his father's memory, and retrieve the lost legion's golden emblem, the Eagle of the Ninth.",[],[],https://image.tmdb.org/t/p/w500/e7rcJQWplGZWz57yGlP87rlPmI.jpg
Thriller Night,2011,6.7,103,6.659,"A Shrek parody of Michael Jackson's Thriller song and music video, with Donkey singing.",[],[],https://image.tmdb.org/t/p/w500/mPQei2YUIY0Ljd3O5Wy7LDuvC8S.jpg
The Amityville Haunting,2011,3.868,72,5.9059,"This movie is a 'found-footage' film about the Benson family who move in to the infamous house where the DeFeo family were murdered in the 1970s over 30 years earlier. Things start happening to anyone who visits this house, and whoever lives there. This is the footage retrieved from the camera.",[],[],https://image.tmdb.org/t/p/w500/A8T0AS932umKIhwh9vbnX1Nr44y.jpg
"Big Mommas: Like Father, Like Son",2011,5.553,1275,5.5917,"FBI agent Malcolm Turner and his 17-year-old son Trent go undercover at an all-girls performing arts school after Trent witnesses a murder. Posing as Big Momma and Charmaine, they must find the murderer before he finds them.",[],[],https://image.tmdb.org/t/p/w500/n1GSxFcDaZ6lMVf21M0KloPfuhu.jpg
Going Down in La-La Land,2011,5.706,51,5.7202,A fresh face comes to Hollywood to act in movies but only the gay porn studios are eager to provide him with work.,[],[],https://image.tmdb.org/t/p/w500/tbgH8Fn3DPJzF5E7uxyjLAoPKIT.jpg
Eliminate: Archie Cookson,2011,4.0,2,5.1009,"A burnt-out British spy becomes the recipient of tapes implicating senior MI-6 officers in some light treason. Before he even knows what he has, most of his office has already been killed.",[],[],
Extremely Loud & Incredibly Close,2012,6.98,2076,5.6285,"A year after his father's death, Oskar, a troubled young boy, discovers a mysterious key he believes was left for him by his father and embarks on a scavenger hunt to find the matching lock.",[],[],https://image.tmdb.org/t/p/w500/6pszViNvKr1r31pP7gJNYDHEx5P.jpg
The Collapsed,2011,4.016,31,4.9611,"In the wake of the end of the world, a family of four desperately tries to survive. Their goal: escaping the city and traveling to the rural community they once called home.  The constant threat of a violent death forcing them to stay as far away from civilization as possible, they take to the forest, soon to discover the danger posed by other survivors may be the least of their worries.",[],[],https://image.tmdb.org/t/p/w500/m8burOTP8Oi3AGmDlXUGMDzVisY.jpg
The Muppets,2011,6.7,1631,6.2144,"When Kermit the Frog and the Muppets learn that their beloved theater is slated for demolition, a sympathetic human, Gary, and his puppet brother, Walter, swoop in to help the gang put on a show and raise the $10 million they need to save the day.",[],[],https://image.tmdb.org/t/p/w500/mOB0Hdm23NslPNDkZC9eueatW3b.jpg
Hall Pass,2011,5.709,2028,5.9758,"When best buds Rick and Fred begin to show signs of restlessness at home, their wives take a bold approach to revitalize their marriages, they grant the guys a 'hall pass'—one week of freedom to do whatever they want. At first, it seems like a dream come true, but they quickly discover that their expectations of the single life—and themselves—are completely and hilariously out of sync with reality.",[],[],https://image.tmdb.org/t/p/w500/eol3uD6whQKOKCmmhF7z39fq2Pe.jpg
Megan Is Missing,2011,6.227,773,5.9982,"Fourteen-year–old Megan and her best friend Amy spend a lot of time on the internet, posting videos of themselves and chatting with guys online. One night Megan chats with a guy named Josh who convinces her to meet him for a date. The next day, Megan is missing—forever. Based on actual cases of child abduction.",[],[],https://image.tmdb.org/t/p/w500/vqFIC6miVQWBUrkQYk3Fe0jqXrD.jpg
Monte Carlo,2011,6.726,2237,6.0817,Three young women vacationing in Paris find themselves whisked away to Monte Carlo after one of the girls is mistaken for a British heiress.,[],[],https://image.tmdb.org/t/p/w500/dcbqyycrWA56HXq5lm41HYuED8Y.jpg
The Ides of March,2011,6.673,2594,6.2544,Dirty tricks stand to soil an ambitious young press spokesman's idealism in a cutthroat presidential campaign where 'victory' is relative.,[],[],https://image.tmdb.org/t/p/w500/w8t4UnJnC24S9ygoaFgmMzRbErd.jpg
Margin Call,2021,6.864,1954,6.4084,A thriller that revolves around the key people at an investment bank over a 24-hour period during the early stages of the financial crisis.,[],[],https://image.tmdb.org/t/p/w500/qtO57obCJuUBS0en3HLgFgZ19Xk.jpg
Swordbearer,2011,0.0,0,4.1259,Swordbearer is a fantasy thriller directed by Stephen Zimmer,[],[],
Seven Days in Utopia,2011,5.6,57,5.683,"Talent can only get you so far. For golfer Luke Chisholm, that turns out to be Utopia, Texas -- where he's left stranded after blowing his pro debut.",[],[],https://image.tmdb.org/t/p/w500/2KB7YLO7UXALmWUZLPFnR7bUE7f.jpg
"Atlantis: End of a World, Birth of a Legend",2011,6.0,31,5.1958,"Tells the story of the greatest natural disaster of the ancient world, an event that experts believe inspired the legend of Atlantis.",[],[],https://image.tmdb.org/t/p/w500/kUeKPNHU3ESdStA1Oy2hGHbTPva.jpg
All Star Superman,2011,6.842,530,6.1054,"Lex Luthor enacts his plan to rid the world of Superman, once and for all. Succeeding with solar radiation poisoning, the Man of Steel is slowly dying. With what little times remains, the Last Son of Krypton must confront the revealing of his secret identity to Lois Lane and face Luthor in a final battle.",[],[],https://image.tmdb.org/t/p/w500/30GAgK0SvrRoopHlEcrchXqD0hf.jpg
The Dilemma,2011,5.327,886,5.7071,"Longtime friends Ronny and Nick are partners in an auto-design firm. They are hard at work on a presentation for a dream project that would really launch their company. Then Ronny spots Nick's wife out with another man, and in the process of investigating the possible affair, he learns that Nick has a few secrets of his own. As the presentation nears, Ronny agonizes over what might happen if the truth gets out.",[],[],https://image.tmdb.org/t/p/w500/a7EVBTqeh6NoCFDW24qIp11kyi9.jpg
Hollywood Fling - Diary of a Serial Killer,2011,0.0,0,4.8644,A man stalks the Hollywood Boulevard in search of prey.,[],[],https://image.tmdb.org/t/p/w500/xIKvkq8GhHYpo64uNlSqeASGsCz.jpg
Hellraiser: Revelations,2011,3.557,343,5.4858,"Two friends in Mexico discover the Lament Configuration and unleash Pinhead, but one decides to try to survive by swapping himself with someone else. Once they go missing, family members go in search of them, but find Pinhead instead.",[],[],https://image.tmdb.org/t/p/w500/xvHvlulvXvGV6ouEsOesOEYX8Jk.jpg
Happy Feet Two,2011,6.192,1678,6.1962,"Mumble the penguin has a problem: his son Erik, who is reluctant to dance, encounters the Mighty Sven — a penguin who can fly! Things get worse for Mumble when the world is shaken by powerful forces, causing him to bring together the penguin nations and their allies to set things right.",[],[],https://image.tmdb.org/t/p/w500/2gWiQ4mn85jcXtREVePlVViupeV.jpg
Children of the Corn: Genesis,2011,4.071,154,4.9994,"Tim and Allie seek shelter in a remote desert compound after becoming lost and stranded. A strange Manson-like character, Preacher, reluctantly allows them inside with strict orders to be gone by morning and not wander ""where you are not invited.""",[],[],https://image.tmdb.org/t/p/w500/qZvAcvZyT4Duvi5kaPoNoJg2TT9.jpg
War Horse,2011,7.298,3532,6.5535,"On the brink of the First World War, Albert's beloved horse Joey is sold to the Cavalry by his father. Against the backdrop of the Great War, Joey begins an odyssey full of danger, joy, and sorrow, and he transforms everyone he meets along the way. Meanwhile, Albert, unable to forget his equine friend, searches the battlefields of France to find Joey and bring him home.",[],[],https://image.tmdb.org/t/p/w500/3aRHhvvngFPJFy5uAjo7GVr3PhL.jpg
Small Fry,2011,6.9,565,6.421,A fast food restaurant mini variant of Buzz forcibly switches places with the real Buzz and his friends have to deal with the obnoxious impostor.,[],[],https://image.tmdb.org/t/p/w500/8siICxMft0JSWZDq9YrXh5U5PZx.jpg
The Rite,2011,6.125,2154,5.5695,"Seminary student Michael Kovak reluctantly attends exorcism school at the Vatican. While he’s in Rome, Michael meets an unorthodox priest who introduces him to the darker side of his faith, uncovering the devil’s reach even to one of the holiest places on Earth.",[],[],https://image.tmdb.org/t/p/w500/gRTxM95huMwIDfZBJWjuifMTfpx.jpg
Coming Up Roses,2011,5.0,3,5.1185,"A drama centered on a former actress who subjects her 15-year-old daughter to a series of depressed small towns, money woes, failed love affairs, and bouts of depression.",[],[],https://image.tmdb.org/t/p/w500/cei9LjXWmCX9i9kgJq1PtHUSgk2.jpg
eCupid,2011,5.293,58,5.0941,"Marshall is an over-worked ad exec who is suffering from a serious case of the seven year itch with his loving boyfriend. As Marshall’s 30th birthday nears he sets hell-bent on changing his life and comes across a mysterious dating app called eCupid which quickly turns his world upside down, overwhelming him sexy guys at every turn!",[],[],https://image.tmdb.org/t/p/w500/k8lpPjRqBCvqGR0J7HjMemYXiIa.jpg
"Happiness Is a Warm Blanket, Charlie Brown",2011,7.1,67,5.0505,Linus is pushed to his limits when he learns Grandma is coming to visit and plans on ridding him of his childish security blanket.,[],[],https://image.tmdb.org/t/p/w500/yjRcn8painrtKiOy0zagyAwH4IH.jpg
Beginners,2011,6.839,1094,5.1725,"Oliver meets the irreverent and unpredictable Anna only months after his father Hal Fields has passed away. This new love floods Oliver with memories of his father, who, following the death of his wife of 44 years, came out of the closet at age 75 to live a full, energized, and wonderfully tumultuous gay life – which included a younger boyfriend.",[],[],https://image.tmdb.org/t/p/w500/mAquHAmoBgZ1omUNdNsnGVNX74c.jpg
A Very Harold & Kumar Christmas,2011,5.995,1006,5.576,"Six years have elapsed since Guantanamo Bay, leaving Harold and Kumar estranged from one another with very different families, friends and lives. But when Kumar arrives on Harold's doorstep during the holiday season with a mysterious package in hand, he inadvertently burns down Harold's father-in-law's beloved Christmas tree. To fix the problem, Harold and Kumar embark on a mission through New York City to find the perfect Christmas tree, once again stumbling into trouble at every single turn.",[],[],https://image.tmdb.org/t/p/w500/cncxLilRHKayn8VKhzjAMHkbN4f.jpg
Hawaiian Vacation,2011,6.945,680,5.9922,The toys throw Ken and Barbie a Hawaiian vacation in Bonnie's room.,[],[],https://image.tmdb.org/t/p/w500/7DrKSrV5NCgR9Ky4WNzgM6ybqdq.jpg
Terrifier,2011,6.1,244,6.1562,"After witnessing a brutal murder on Halloween night, a young woman becomes the next target of a maniacal entity.",[],[],https://image.tmdb.org/t/p/w500/uP5k78WkCVrxrFp4AJflHbC61Ao.jpg
Seconds Apart,2011,5.66,122,6.0244,"Seth and Jonah are twins with a dangerous ability: telekinesis. Things start to spiral out of control as their classmates die in twisted and bizarre ways. Jealousy begins to divide them and soon they can no longer trust each other, leading up to a horrific battle against themselves.",[],[],https://image.tmdb.org/t/p/w500/wrWQbrGHBd0rVuymlZvSco5BNlr.jpg
Scream: The Inside Story,2011,5.958,24,5.8618,"In 1996, the horror master Wes Craven unleashed Scream, a slasher movie aimed at a whole new generation of teenage movie-goers.",[],[],https://image.tmdb.org/t/p/w500/5kT5M0GV2ijsR4a7nscNWUsCjCy.jpg
Mega Cyclone,2011,5.1,61,5.2393,"Jupiter’s famous blemish, the Great Red Spot, has vanished. When massive storms are reported in North America, it quickly becomes apparent that the huge, high storm that has been swirling around Jupiter for hundreds of years has landed on Earth. Swallowing up everything in its path, the Great Red Spot threatens to transform Earth into another Jupiter-like gas giant in just a matter of days!  aka Mega Cyclone",[],[],https://image.tmdb.org/t/p/w500/zYT1ayJHcS8x0otYHJYZlr27Js.jpg
Tinker Tailor Soldier Spy,2011,6.617,2790,5.1934,"In the bleak days of the Cold War, espionage veteran George Smiley is forced from semi-retirement to uncover a Soviet mole within his former colleagues at the heart of MI6.",[],[],https://image.tmdb.org/t/p/w500/e0dZ7TapGY9HtJ9xk1TUHPEOccl.jpg
Judy Moody and the Not Bummer Summer,2011,6.06,91,4.4878,Third-grader Judy Moody sets out to have the most thrilling summer of her life.,[],[],https://image.tmdb.org/t/p/w500/2wUv3WHntf47RHkbiTLZVuUhN9n.jpg
Hop,2011,5.8,1342,6.0802,"E.B., the Easter Bunny's teenage son, heads to Hollywood, determined to become a drummer in a rock 'n' roll band. In L.A., he's taken in by Fred after the out-of-work slacker hits E.B. with his car.",[],[],https://image.tmdb.org/t/p/w500/hRa9MJTgCbSuL3h2CVPwUdYOWJH.jpg
Pixie Hollow Games,2011,7.0,291,5.7746,"Rosetta and new arrival Chloe band together to try to break the garden fairies' legendary losing streak in the Pixie Hollow Games, a sports spectacle filled with pixie pageantry, fantastic fairy events and hilarious surprises.",[],[],https://image.tmdb.org/t/p/w500/hfpMphA7NP9Fu2E78EaxfhOuwep.jpg
Soul Surfer,2011,7.017,1208,6.1901,"The true story of teen surfer Bethany Hamilton, who lost her arm in a shark attack and courageously overcame all odds to become a champion again, through her sheer determination and unwavering faith.",[],[],https://image.tmdb.org/t/p/w500/cvgRxrEupUFeJ0xzUExJo4dMXbL.jpg
Persecution Blues: the Battle for the Tote!,2011,6.3,3,4.3928,"In 2010, the iconic Tote Hotel – last bastion of Melbourne’s vibrant music counterculture – was forced to close by unfair laws. Filmed over 7 years, “Persecution Blues” depicts the struggle of more than 20,000 fans – and the bands who inspire them – to preserve their history and protect their future, and puts the audience on the front line of an epic-scale culture war.",[],[],https://image.tmdb.org/t/p/w500/xsPKTSITdc2EqCAodpglTJzwMUD.jpg
Take Me Home Tonight,2011,5.979,695,5.3097,"Recent MIT grad Matt Franklin should be well on his way to a successful career at a Fortune 500 company, but instead he rebels against maturity by taking a job at a video store. Matt rethinks his position when his unrequited high-school crush, Tori, walks in and invites him to an end-of-summer party. With the help of his twin sister and his best friend, Matt hatches a plan to change the course of his life.",[],[],https://image.tmdb.org/t/p/w500/nInduPOusI1alDIC0UttFjDIKsO.jpg
Mean Girls 2,2011,5.251,1269,5.8327,"Confident senior Jo begins the new school year by breaking her own cardinal rule: don't get involved in girl drama. but when she sees timid Abby preyed upon by Queen Bee Mandi and her minions, she takes sides in a viciously funny girl-world-war that turns North Shore High School upside down.",[],[],https://image.tmdb.org/t/p/w500/34zKHT98ZgSCz6ag1ZNBul7f1Wu.jpg
Perfect Sense,2011,6.867,1199,6.0024,"In Glasgow, Scotland, while a mysterious pandemic begins to spread around the world, Susan, a brilliant epidemiologist, falls in love with Michael, a skillful cook.",[],[],https://image.tmdb.org/t/p/w500/2UuuO6MX1AzD61zX6NHiHQODoI1.jpg
A Lonely Place to Die,2011,6.173,614,5.5609,A group of five mountaineers are hiking and climbing in the Scottish Highlands when they discover a young Serbian girl buried in a small chamber in the wilderness. They become caught up in a terrifying game of cat and mouse with the kidnappers as they try to get the girl to safety.,[],[],https://image.tmdb.org/t/p/w500/xVYY1U5nYfx2PfJMs6knO8VZRk0.jpg
The Joy of Easy Listening,2011,0.0,0,4.9075,"In-depth documentary about the story of easy listening, a popular music that is often said to be made to be heard but not listened to. The film looks at easy listening's architects and practitioners, its dangers and delights, and the mark it has left on modern life, from its emergence in the 1950s until its revival in the 1990s.",[],[],https://image.tmdb.org/t/p/w500/6tlPKCY69RfsgSaWa97Wiwhva0T.jpg
TRON: The Next Day,2011,5.7,92,5.3666,"TRON: The Next Day is a 10-minute short film, released on the Blu-ray edition of TRON: Legacy in April 2011, that fills in the backstory between TRON and TRON: Legacy. It features scenes from the real-world Flynn Lives ARG as well as purely in-universe content. The short film also reveals the full chronology of the Flynn Lives Organization, naming Roy Kleinberg as the secret figure heading up the operation and Alan Bradley as its financial backer. Some scenes in the short also set up the story for a potential third film.",[],[],https://image.tmdb.org/t/p/w500/rttPiOhkk3mnVuU4a8jeeZvC8Zh.jpg
Sanctum,2011,6.041,1110,5.9963,"Master diver Frank McGuire has explored the South Pacific's Esa-ala Caves for months.  But when his exit is cut off in a flash flood, Frank's team—including 17-year-old son Josh and financier Carl Hurley are forced to radically alter plans.  With dwindling supplies, the crew must navigate an underwater labyrinth to make it out.",[],[],https://image.tmdb.org/t/p/w500/deIe2zhkGdu8nHwojQxGgEKmzYE.jpg
Kung Fu Panda: Secrets of the Masters,2011,6.446,268,5.3457,"Po and the Furious Five uncover the legend of three of kung fu's greatest heroes: Master Thundering Rhino, Master Storming Ox, and Master Croc.",[],[],https://image.tmdb.org/t/p/w500/xON7QZ6yHYt1S1Aji0wfGQ1a7ml.jpg
Blitz,2011,6.181,1719,5.6323,A tough cop is dispatched to take down a serial killer who has been targeting police officers.,[],[],https://image.tmdb.org/t/p/w500/qjqmhhc7uLub22mhu4V6DjOBwXM.jpg
Hostel: Part III,2011,5.092,1253,5.7185,"Set in Las Vegas, the film centers on a man who attends his best friend's bachelor party, unaware of an insidious agenda that plays into hunting humans.",[],[],https://image.tmdb.org/t/p/w500/ieO49ludO6DxRVV8u1LKMjtrDLN.jpg
Dark Rising 2: Summer Strikes Back,2011,2.636,11,4.6262,"Two years after Jason Parks (Landy Cannon) saved Warrior Princess Summer Vale (Brigitte Kingsley) from her life hunting Killopoths in the demon dimension, a sudden surge of supernatural activity and violent attacks have resurfaced on our plane beyond the normal parameters of the portal. The Rising Dark Agency, a black ops division of the government headed by Colonel Haggerd (Michael Ironside), suspects that the mystic strikes suggests the work of Mardock, an evil Demon-god capable of destroying worlds. When a new demon sub-species disrupts Summer's wedding and eats her fiancée, the war on the new Demon Lord begins. With her group of misfits and their BFG's - Summer sets out to destroy Mardock, but no one is prepared for who they find behind the Dark Lord's ascension.",[],[],https://image.tmdb.org/t/p/w500/oJOIFFnVBkIeQtUHMhWhBSO5H1M.jpg
Taken from Me: The Tiffany Rubin Story,2011,6.8,26,4.7039,"In 2008, New York mother Tiffany Rubin faced every parent's worst nightmare when her six year old son Kobe vanished into thin air. Upon learning that Kobe had been kidnapped by his biological father and taken to South Korea, Tiffany seeks the assistance of American Association for Lost Children representative Mark Miller, who guides her through the arduous process of traveling to Korea, and getting Kobe back.",[],[],https://image.tmdb.org/t/p/w500/4iiA0V2IL1ERvqYb0MwRW1p8wkl.jpg
Rampart,2011,5.433,382,5.5904,"The story follows veteran police officer Dave Brown, the last of the renegade cops, as he struggles to take care of his family, and fights for his own survival.",[],[],https://image.tmdb.org/t/p/w500/wUlYwDmkytszsDvyIPn66pdqgZe.jpg
Monster High: Fright On!,2011,6.719,48,5.7511,See what happens when the student bodies of an all-vampire school and an all-werewolf school integrate with Monster High.,[],[],https://image.tmdb.org/t/p/w500/69AyLiBvC65GoEDCLFGWDxtnLQu.jpg
Fist of Dragon,2011,6.0,1,4.9999,"""Fist of Dragon"" tells the story of Li, who comes to South East Asia by the request of his father to help out his uncle who has been facing financial difficulties. Li, upon arriving in the town, feels out of place due to the differences in cultures of the people here. When he discovers that his uncle has been facing many hardships posed by the local mobsters, Li decided to stay and to help his uncle and get rid of them. However, Li encounter numerous resistances from the locals as Li's action brings the wrath of the triad and drags the whole town into turmoil. Moreover, his uncle's daughter, Lily is on the triad side, and their relationship is badly affected when the confrontation between the two groups reach its peak.",[],[],https://image.tmdb.org/t/p/w500/yPVUNMaaevmy8GBWooavtWnZ24n.jpg
Barbie: A Perfect Christmas,2011,6.7,317,5.2968,"Join Barbie and her sisters Skipper, Stacie and Chelsea as their holiday vacation plans turn into a most unexpected adventure and heartwarming lesson. After a snowstorm diverts their plane, the girls find themselves far from their New York destination and their holiday dreams. Now stranded at a remote inn in the tiny town of Tannenbaum, the sisters are welcomed by new friends and magical experiences. In appreciation for the wonderful hospitality they receive, they use their musical talents to put on a performance for the whole town. Barbie and her sisters realize the joy of being together is what really makes A Perfect Christmas!",[],[],https://image.tmdb.org/t/p/w500/u14NrsyD9h505ZXs5Ofm7Tv3AuM.jpg
The Conspirator,2011,6.55,470,5.5734,"Mary Surratt is the lone female charged as a co-conspirator in the assassination trial of Abraham Lincoln. As the whole nation turns against her, she is forced to rely on her reluctant lawyer to uncover the truth and save her life.",[],[],https://image.tmdb.org/t/p/w500/a2ubkGUjGYeKRN1C2Tib0rmjuWf.jpg
Pirates of the Caribbean: Tales of the Code: Wedlocked,2011,6.764,106,5.212,"Wenches Scarlett and Giselle fix each other up for their wedding, in which they would each marry their groom. Upon realizing that both their grooms were the same man, Jack Sparrow, the two wenches found themselves in an auction led by the Auctioneer. This short film serves as a prequel to The Curse of the Black Pearl, and explains just why Jack Sparrow's boat the Jolly Mon was seen sinking at the beginning of the whole story; why the wenches were so upset with him; and how Cotton lost his tongue.",[],[],https://image.tmdb.org/t/p/w500/gJfzdiL6XkFRB5Oh57D7VijT4OK.jpg
A Dangerous Method,2011,6.352,2141,5.0337,"Seduced by the challenge of an impossible case, the driven Dr. Carl Jung takes the unbalanced yet beautiful Sabina Spielrein as his patient. Jung’s weapon is the method of his master, the renowned Sigmund Freud. Both men fall under Sabina’s spell.",[],[],https://image.tmdb.org/t/p/w500/7TPYtzq9ABkfED1JB0tRASamL4z.jpg
Phineas and Ferb The Movie: Across the 2nd Dimension,2011,7.096,585,5.3249,"Phineas and Ferb get trapped in an alternate dimension where the evil Doofenshmirtz rules the tri-state area. They must find a way back home with the help of their pet platypus named Perry, who they discover is a secret agent.",[],[],https://image.tmdb.org/t/p/w500/updMFSOZwEftfkJRpozwBlRlYI2.jpg
The Victim,2011,4.75,58,5.129,"Annie's life is in jeopardy after she's witnessed the horrific rape and murder of her closest friend. Fleeing from two attackers she stumbles across Kyle, a recluse living in the middle of the woods. Kyle finds the stillness of the woods comforting. The ruggedly handsome loner stays far from civilization - that is - until a single knock on his door throws his solitary life into chaos.",[],[],https://image.tmdb.org/t/p/w500/rMWGCTARl355jcUTylJoduVtQFA.jpg
The Scarlet Worm,2011,3.786,7,4.9478,An aging killer trains a young hired gun in a plot to assassinate a meek brothel owner performing barbaric abortion acts on his prostitutes.,[],[],https://image.tmdb.org/t/p/w500/qc0kYLczaCohzKJeoYtaTn51nQ1.jpg
Grave Encounters,2011,6.3,1576,5.1901,A crew from a paranormal reality television show lock themselves in a haunted psychiatric hospital. They search for evidence of paranormal activity as they shoot what ends up becoming their final episode.,[],[],https://image.tmdb.org/t/p/w500/8vnsB3Rg9Gb91UOaecXRb7dYB37.jpg
Ticking Clock,2011,5.212,78,5.0891,"A reporter stumbles upon the journal of a murderer with plans to butcher specific girls, and he begins to investigates on his own, and finding that every trail leads to a 9-year-old orphan living in a group home.",[],[],https://image.tmdb.org/t/p/w500/yHBeLWuTLozNLAXFnbeG0P89h0.jpg
A Thousand And One Nights in Bohemia,2011,0.0,0,3.819,"Jack, at an all-time low in a Los Angeles hotel, hires an escort from Prague named “Scheherazade.” As she weaves intricate tales of young lovers, their stories begin to blur with the passionate connection developing between them. Jack starts to question which story is real and who Scheherazade truly is. Scheherazade’s Tale explores storytelling, identity, and the thin line between fiction and reality.",[],[],
One Step Beyond: Catriona MacColl Remembers a Spaghetti Splatter Classic,2011,7.0,1,4.7898,Catriona MacColl relives the events taken place during the making of Lucio Fulci's classic horror film The Beyond.,[],[],
Beat the World,2011,5.3,50,5.4376,"Three dance crews – one Latin American, one European and one Canadian – prepare to battle at the International Beat the World competition in Detroit. Along the way, they struggle with gambling debt, bad break-ups and their own egos. In the final showdown to become world champions they find that their lifelong hopes, dreams and even lives, are at stake.",[],[],https://image.tmdb.org/t/p/w500/nZCPl2Du2PRkky4Mzb4YiXk9C1Q.jpg
Good Neighbours,2011,5.626,111,5.0165,"Neighbors Spencer and Louise have bonded over their fascination with a recent string of murders terrorizing their community. When a new tenant named Victor moves into the building, all three quickly hit it off. However, they soon discover each has his or her own dark secret. As the violence outside mounts, the city retreats indoors for safety. But the more time these three neighbors spend together in their apartment building, the clearer it becomes that what they once thought of as a safe haven is as dangerous as any outside terrors they could imagine.",[],[],https://image.tmdb.org/t/p/w500/1i2YBTnZyC71TuJXq4RQWPGSbvv.jpg
Kill Bill: The Whole Bloody Affair,2011,8.0,1084,5.0901,"Quentin Tarantino’s complete cut combining Kill Bill: Vol. 1 and Vol. 2 follows The Bride, a former assassin who awakens from a four-year coma after being shot by her mentor and lover, Bill. She embarks on a vengeful quest to eliminate Bill and the Deadly Viper Assassination Squad who betrayed her.",[],[],https://image.tmdb.org/t/p/w500/nxbv9TPXrIpRKB5xQh6atWXAkPM.jpg
S.W.A.T.: Firefight,2011,5.679,383,5.2715,"Los Angeles S.W.A.T. officer, Lt. Paul Cutler, is sent to train the Detroit S.W.A.T. team on new anti-terrorism and homeland security techniques. Cutler has a hard time settling into his assignment as he locks horns with his new captain and encounters resistance from the team he must lead. Cutler begins to adjust to his new assignment, starting a budding romance with police psychologist Kim Byers along the way. Unexpectedly, a routine hostage call turns deadly, and a relentless ex-government agent named Walter Hatch vows revenge on Cutler and the entire S.W.A.T. team for killing the woman he loves. Cutler must use his considerable S.W.A.T. training and knowledge to save his teammates and defeat a trained killer.",[],[],https://image.tmdb.org/t/p/w500/aUr0RzL0jDxdlpJsOiBy4mkLC0i.jpg
Sharpay's Fabulous Adventure,2011,5.987,554,4.7396,"After a talent scout spots her performing with her dog Boi at a charity gala, Sharpay Evans sets off for the bright lights of NYC, convinced instant fame and fortune are in the bag. But theatre's a dog-eat-dog world. Fortunately, Sharpay also meets Peyton, a handsome student filmmaker who finds Sharpay nearly as fascinating as she finds herself.",[],[],https://image.tmdb.org/t/p/w500/aPtBzBKCCvByXue1AZrG2lrxm4l.jpg
The Smell of Success,2011,5.6,25,5.1915,"When a tragic accident ends the life of Mr. Rose, the genius behind Rose's Manure Company, the livelihood of its loyal fleet of salesmen threatens to go, as they say, into the toilet. Enter estranged daughter Rosemary, a high-class- cosmetics salesgirl, who steps in to take control. She is not sure she has a nose for the family business, but she is determined to make foul into profit. Little does she know that a ruthless, slick-talking fertilizer rep is plotting a takeover. Whether she likes it or not, she must trust her top salesman, Patrick Fitzpatrick, to devise a plan to regain Rose's rightful position on top of the heap.",[],[],https://image.tmdb.org/t/p/w500/otKIDYheG2AScxZ57HJ8RZFfb7a.jpg
Winnie the Pooh,2011,6.9,916,5.8688,"During an ordinary day in Hundred Acre Wood, Winnie the Pooh sets out to find some honey. Misinterpreting a note from Christopher Robin, Owl convinces Pooh, Tigger, Rabbit, Piglet, Kanga, Roo, and Eeyore that their young friend has been captured by a creature named ""Backson"" and they set out to rescue him.",[],[],https://image.tmdb.org/t/p/w500/xlFs85nq62jeR4a9iHNGB113m6x.jpg
What's Your Number?,2011,6.463,2386,5.05,"Ally Darling is realizing she's a little lost in life. Her latest romance has just fizzled out, and she's just been fired from her marketing job. Then she reads an eye-opening magazine article that warns that 96 percent of women who've been with 20 or more lovers are unlikely to find a husband. Determined to turn her life around and prove the article wrong, Ally embarks on a mission to find the perfect mate from among her numerous ex-boyfriends.",[],[],https://image.tmdb.org/t/p/w500/eqn3UeXMY9W1Ow3jIZ6COqbjUWX.jpg
Woody Allen: A Documentary,2011,6.8,162,5.3932,"An intense portrait of the iconic filmmaker, writer, actor, comedian and musician Woody Allen: his life, family and friends; his writing and directing habits, and his relationship with performers.",[],[],https://image.tmdb.org/t/p/w500/WyMPd6dcMUw58QIwb3XPci4Vkq.jpg
This Must Be the Place,2011,6.986,1268,4.8957,"A bored, retired rock star sets out to find his father's tormentor, an ex-Nazi war criminal who is a refugee in the U.S.",[],[],https://image.tmdb.org/t/p/w500/7WSD4SAMGVP6BHSOzDGL9Acunxd.jpg
Born to Race,2011,6.887,217,5.4448,"Danny Krueger is a rebellious young street racer on a collision course with trouble. After an accident at an illegal race, he's sent to a small town to live with his estranged father, a washed up NASCAR racer. When Danny decides to enter the NHRA High School Drags, he's forced to seek his father's help in taking down the local hotshot.",[],[],https://image.tmdb.org/t/p/w500/Aamkezlj7SEpzdxa84GLvvmgTqq.jpg
Immortals,2011,6.033,2707,5.2768,"Theseus is a mortal man chosen by Zeus to lead the fight against the ruthless King Hyperion, who is on a rampage across Greece to obtain a weapon that can destroy humanity.",[],[],https://image.tmdb.org/t/p/w500/4SPPX5KIyaQ9O8n5rLvvUIiIhpF.jpg
Sand Sharks,2011,3.654,149,4.8212,"Just when you thought it was safe to go back to the beach, it appears that our large fishy friends have found a way to chomp on you when you're chilling out on the sand too!",[],[],https://image.tmdb.org/t/p/w500/bhOBPEmtPPfwfTIbCF5CPMeEte6.jpg
Deadly Sibling Rivalry,2011,5.4,18,4.684,"Two twins lead separate lives since one of them blamed the other for the accidental death of his father. Years later, one carries a conventional family life while the other has a life of excess. When the first has an accident and is in a coma, the other does not scruple to take over her identity and steal her life.",[],[],https://image.tmdb.org/t/p/w500/oYzWxiONaWrhYN0KF3TKYFF8KjA.jpg
All God's Creatures,2011,7.5,2,5.1781,"Creature of habit, Jon Smith, spends his days mindlessly working as a barista in New York City. When night falls, this seeming everyman savagely kills ""filthy women"" as his social outlet. A chance encounter with Delia, a young prostitute searching for an escape from her troubled past, forces Jon to confront the most terrifying thing he has ever faced in all his dark affairs - himself. All God's Creatures examines the true nature of what it means to be a monster and reveals that love is not only for a chosen few, but for all God's creatures.",[],[],https://image.tmdb.org/t/p/w500/dr7yuZ74MMUq7TXTgASz8gdj5zY.jpg
Geek Charming,2011,6.679,773,4.9024,"Film geek Josh is looking for the subject of his new documentary when a chance meeting puts the perfect star in his sights—Dylan, his school's most popular junior. But Dylan's hopes of using the film to become Blossom Queen don't quite match with Josh's goal to make a hard-hitting exposé about popularity. Will Josh shoot the film as planned, or show Dylan as the truly interesting person she is?",[],[],https://image.tmdb.org/t/p/w500/xweQBQSYQyHKiUxN1nCDQbLvJE0.jpg
The Good Witch's Family,2011,7.213,87,4.6951,"A young witch visits her cousin in a small town during a heated mayoral election race. Her kind-hearted cousin, the town’s beloved “good witch” and newlywed with two teenage step-kids, is running for office, but must keep her family from falling apart when their visitor uses her magic to put them—and the whole town—under her bitter spell.",[],[],https://image.tmdb.org/t/p/w500/ywsP21sGXXzui0gk1sVMAZ751Sh.jpg
30 Minutes or Less,2011,5.772,1762,4.8635,"Two fledgling criminals kidnap a pizza delivery guy, strap a bomb to his chest, and advise him that he has mere hours to rob a bank or else...",[],[],https://image.tmdb.org/t/p/w500/pfsNMZcA9aAzvEqdOnq40KwEl7h.jpg
The Thing,2011,6.229,3066,5.4453,"When paleontologist Kate Lloyd travels to an isolated outpost in Antarctica for the expedition of a lifetime, she joins an international team that unearths a remarkable discovery. Their elation quickly turns to fear as they realize that their experiment has freed a mysterious being from its frozen prison. Paranoia spreads like an epidemic as a creature that can mimic anything it touches will pit human against human as it tries to survive and flourish in this spine-tingling thriller.",[],[],https://image.tmdb.org/t/p/w500/dmn2nVo8h7LMnk694JxCRIwK06p.jpg
Manborg,2011,4.8,78,4.7549,"The evil Count Draculon and his army of demons have conquered Earth, but a young soldier who lost his life in the first war against Hell has reawakened in the future as MANBORG! Together with a crew of post-apocalyptic rebels, the half-man half-machine hero will fight to defeat Draculon and take back the planet!",[],[],https://image.tmdb.org/t/p/w500/IVoSzuN0JefEoTQRvEekKPCsbb.jpg
The Door Ajar,2011,0.0,0,4.9981,"In August 1937, French dramatist and poet Antonin Artaud landed in Cobh and journeyed to Galway with the intention of returning the alleged staff of St. Patrick to its rightful owners, and, with their help, rediscovering some fundamental truths.",[],[],https://image.tmdb.org/t/p/w500/fWBc0kugsHwoETIeB0K8G1oQvVv.jpg
Hysteria,2011,6.673,833,4.6732,"Two doctors in Victorian England use manual stimulation of female genitalia to cure their patients' ills, leading to the invention of the vibrator.",[],[],https://image.tmdb.org/t/p/w500/ziWnXi2VyNDD9qPi5wmOuolOCIu.jpg
Gnomeo & Juliet,2011,5.896,2031,5.3652,"A version of Shakespeare's play, set in the world of warring indoor and outdoor gnomes. Garden gnomes Gnomeo and Juliet have as many obstacles to overcome as their quasi namesakes when they are caught up in a feud between neighbors. But with plastic pink flamingos and lawnmower races in the mix, can this young couple find lasting happiness?",[],[],https://image.tmdb.org/t/p/w500/vVQwgfS9gSFviVT4gS7tZAmhRFc.jpg
Bikini Time Machine,2011,5.316,19,4.6044,"The bikini time machine sends people back in time, but it has the side effect of making them very horny. The professor who invented it gets fired because the dean thinks he's just a dirty old man; however, he gets a chance to use his invention for good.",[],[],https://image.tmdb.org/t/p/w500/5TeHfyl7o42qDhnyBjRFlwUd5uC.jpg
Love Begins,2011,7.9,27,5.4903,"Clark Davis adventurous dreams of seeing the world are put into jeopardy after he and a friend start a fight which damages a local cafe. Through a plea deal with the Sheriff and café owner Millie, Clark works off his sentence as a farmhand for the Barlow sisters, Ellen and Cassie. Older sister Ellen doesnt understand Cassies friendly nature with Clark; she agreed to the Sheriffs offer only because the farm has become too much to maintain alone. Clark is slowing winning Ellen over, but suddenly suffers a traumatic head injury in a fall. After Ellen nurses him back to health, her former fiancé returns to win her back. Will Clark travel on or stay behind where love begins?",[],[],https://image.tmdb.org/t/p/w500/b0JiPlWEZ8cnhhgVOWo0rnbGuvh.jpg
The Guard,2011,6.979,1316,5.1241,"When a small-town Irish cop with a crass personality is partnered with a straight-laced FBI agent to bust an international drug-trafficking ring, they must settle their differences in order to take down a dangerous gang.",[],[],https://image.tmdb.org/t/p/w500/dtQiStID0le2EMTmJXupPRybARB.jpg
Through the Weeping Glass: On the Consolations of Life Everlasting (Limbos & Afterbreezes in the Mütter Museum),2011,6.3,7,4.7858,"A documentary on the subject of the collections of books, instruments and medical anomalies at The College of Physicians of Philadelphia and the Mutter Museum housed there. This short film represents the first to be made by the internationally recognized Quay Brothers in the United States. While not a stop-motion animation film, a form for which the Quays are best known, the entire film is vibrantly constructed and 'animated'. Musical score by composer Tim Nelson and voice-over provided by Derek Jacobi.",[],[],https://image.tmdb.org/t/p/w500/hNaSfmAB6dTVEirXwsGMWJjSbqk.jpg
Return to the Hiding Place,2011,6.0,17,4.9627,"When a young resistance fighter witnesses atrocities towards the Jews, he's drawn into a web of espionage and clandestine activities. When he meets a young physics students and resistance journalist - Hans Poley - they embark on a hunt through underground tunnels, Gestapo hijacks and daring rescues.",[],[],https://image.tmdb.org/t/p/w500/gkY2Nhk7gq2YXGSIFuAVgG5SehD.jpg
Elephant White,2011,4.965,200,4.9657,An assassin is hired by a businessman to avenge the murder of his daughter by white slave traders in Thailand.,[],[],https://image.tmdb.org/t/p/w500/hqriJWWisRhm5XapyuB40D1jqqA.jpg
Being Elmo: A Puppeteer's Journey,2011,7.2,147,4.7612,"Beloved by children of all ages around the world, Elmo is an international icon. Few people know his creator, Kevin Clash, who dreamed of working with his idol, master puppeteer Jim Henson. Displaying his creativity and talent at a young age, Kevin ultimately found a home on Sesame Street. Narrated by Whoopi Goldberg, this documentary includes rare archival footage, interviews with Frank Oz, Rosie O’Donnell, Cheryl Henson, Joan Ganz Cooney and others and offers a behind-the-scenes look at Sesame Street and the Jim Henson Workshop.",[],[],https://image.tmdb.org/t/p/w500/7W2jIcJoWyMaYNiSkCxhZQX3OQF.jpg
Spoon Wars,2011,4.8,9,3.9796,A highly unusual interstellar battle erupts as Jack Cucchiaio finds the one weapon that may finally end his nightmare!,[],[],
A Man's Story,2011,6.9,8,5.3666,Documentary about British fashion designer Ozwald Boateng.,[],[],https://image.tmdb.org/t/p/w500/7XChyRgt2B1GrJoPYrV4oGuOApD.jpg
The Avengers,2012,7.835,33653,51.4738,"When an unexpected enemy emerges and threatens global safety and security, Nick Fury, director of the international peacekeeping agency known as S.H.I.E.L.D., finds himself in need of a team to pull the world back from the brink of disaster. Spanning the globe, a daring recruitment effort begins!",[],[],https://image.tmdb.org/t/p/w500/RYMX2wcKCBAr24UyPD7xwmjaTn.jpg
A Perfect Ending,2012,6.223,130,20.5604,"This intimate drama follows Rebecca, a woman who has kept her sexuality a secret from her friends but chooses to reveal it to a stranger. While Rebecca's revelations may not yield the results she expects, a perfect ending is still in reach.",[],[],https://image.tmdb.org/t/p/w500/mjwWEwE1xdbtFGCOgeXi5jvQnOU.jpg
The Dark Knight Rises,2012,7.788,23644,19.1134,"Following the death of District Attorney Harvey Dent, Batman assumes responsibility for Dent's crimes to protect the late attorney's reputation and is subsequently hunted by the Gotham City Police Department. Eight years later, Batman encounters the mysterious Selina Kyle and the villainous Bane, a new terrorist leader who overwhelms Gotham's finest. The Dark Knight resurfaces to protect a city that has branded him an enemy.",[],[],https://image.tmdb.org/t/p/w500/hr0L2aueqlP2BYUblTTjmtn0hw4.jpg
Brave,2012,7.02,13818,17.1817,"In the mystical Scottish Highlands, Merida is the princess of a kingdom ruled by King Fergus and Queen Elinor. An unruly daughter and an accomplished archer, Merida one day defies a sacred custom of the land and inadvertently brings turmoil to the kingdom. In an attempt to set things right, Merida seeks out an eccentric old Wise Woman and is granted an ill-fated wish. Also figuring into Merida's quest — and serving as comic relief — are the kingdom's three lords: the enormous Lord MacGuffin, the surly Lord Macintosh, and the disagreeable Lord Dingwall.",[],[],https://image.tmdb.org/t/p/w500/1XAuDtMWpL0sYSFK0R6EZate2Ux.jpg
The Amazing Spider-Man,2012,6.723,18017,16.8745,"Peter Parker is an outcast high schooler abandoned by his parents as a boy, leaving him to be raised by his Uncle Ben and Aunt May. Like most teenagers, Peter is trying to figure out who he is and how he got to be the person he is today. As Peter discovers a mysterious briefcase that belonged to his father, he begins a quest to understand his parents' disappearance – leading him directly to Oscorp and the lab of Dr. Curt Connors, his father's former partner. As Spider-Man is set on a collision course with Connors' alter ego, The Lizard, Peter will make life-altering choices to use his powers and shape his destiny to become a hero.",[],[],https://image.tmdb.org/t/p/w500/jexoNYnPd6vVrmygwF6QZmWPFdu.jpg
Django Unchained,2013,8.185,27180,16.4932,"With the help of a German bounty hunter, a freed slave sets out to rescue his wife from a brutal Mississippi plantation owner.",[],[],https://image.tmdb.org/t/p/w500/7oWY8VDWW7thTzWh3OKYRkWUlD5.jpg
The Hobbit: An Unexpected Journey,2012,7.364,19068,16.1193,"Bilbo Baggins, a hobbit enjoying his quiet life, is swept into an epic quest by Gandalf the Grey and thirteen dwarves who seek to reclaim their mountain home from Smaug, the dragon.",[],[],https://image.tmdb.org/t/p/w500/yHA9Fc37VmpUA5UncTxxo3rTGVA.jpg
Hotel Transylvania,2012,6.962,8928,15.6083,"Welcome to Hotel Transylvania, Dracula's lavish five-stake resort, where monsters and their families can live it up and no humans are allowed. One special weekend, Dracula has invited all his best friends to celebrate his beloved daughter Mavis's 118th birthday. For Dracula catering to all of these legendary monsters is no problem but the party really starts when one ordinary guy stumbles into the hotel and changes everything!",[],[],https://image.tmdb.org/t/p/w500/eJGvzGrsfe2sqTUPv5IwLWXjVuR.jpg
Prometheus,2012,6.584,12809,14.6236,"A team of explorers discover a clue to the origins of mankind on Earth, leading them on a journey to the darkest corners of the universe. There, they must fight a terrifying battle to save the future of the human race.",[],[],https://image.tmdb.org/t/p/w500/m7nZCtHJyDLncBUarfM5h5mrppx.jpg
Blue Lagoon: The Awakening,2012,6.444,1468,13.9719,Two high school students become stranded on a tropical island and must rely on each other for survival. They learn more about themselves and each other while falling in love.,[],[],https://image.tmdb.org/t/p/w500/ptsBY9Aqo4Mn0V1krI5s8WfFxzW.jpg
Sinister,2012,6.866,5805,14.0345,"True-crime writer Ellison Oswald is in a slump; he hasn't had a best seller in more than 10 years and is becoming increasingly desperate for a hit. So, when he discovers the existence of a snuff film showing the deaths of a family, he vows to solve the mystery. He moves his own family into the victims' home and gets to work. However, when old film footage and other clues hint at the presence of a supernatural force, Ellison learns that living in the house may be fatal.",[],[],https://image.tmdb.org/t/p/w500/nzx10sca3arCeYBAomHan4Q6wa1.jpg
The Twilight Saga: Breaking Dawn - Part 2,2012,6.462,9166,12.8167,"After the birth of Renesmee, the Cullens gather other vampire clans in order to protect the child from a false allegation that puts the family in front of the Volturi.",[],[],https://image.tmdb.org/t/p/w500/7IGdPaKujv0BjI0Zd0m0a4CzEjJ.jpg
Rise of the Guardians,2012,7.37,6952,12.4437,"When an evil spirit known as Pitch lays down the gauntlet to take over the world, the immortal Guardians must join forces for the first time to protect the hopes, beliefs and imagination of children all over the world.",[],[],https://image.tmdb.org/t/p/w500/sW4qOa9yF0Ikg7lppncQ0n5UhKX.jpg
The Lorax,2012,6.513,3749,13.0575,"A 12-year-old boy searches for the one thing that will enable him to win the affection of the girl of his dreams. To find it he must discover the story of the Lorax, the grumpy yet charming creature who fights to protect his world.",[],[],https://image.tmdb.org/t/p/w500/tePFnZFw5JvjwjQjaKkqDPNMLPU.jpg
Wreck-It Ralph,2012,7.4,12747,13.1862,"Wreck-It Ralph is the 9-foot-tall, 643-pound villain of an arcade video game named Fix-It Felix Jr., in which the game's titular hero fixes buildings that Ralph destroys. Wanting to prove he can be a good guy and not just a villain, Ralph escapes his game and lands in Hero's Duty, a first-person shooter where he helps the game's hero battle against alien invaders. He later enters Sugar Rush, a kart racing game set on tracks made of candies, cookies and other sweets. There, Ralph meets Vanellope von Schweetz who has learned that her game is faced with a dire threat that could affect the entire arcade, and one that Ralph may have inadvertently started.",[],[],https://image.tmdb.org/t/p/w500/zWoIgZ7mgmPkaZjG0102BSKFIqQ.jpg
ParaNorman,2012,7.011,2657,12.3542,"In the town of Blithe Hollow, Norman Babcock can speak to the dead, but no one other than his eccentric new friend believes his ability is real. One day, Norman's eccentric uncle tells him of a ritual he must perform to protect the town from a curse cast by a witch centuries ago.",[],[],https://image.tmdb.org/t/p/w500/9DZPtuYTKYxt6vzHvZ5FLThG4fl.jpg
The Cabin in the Woods,2012,6.64,8241,12.2566,"Five friends set out for a weekend at a remote cabin in the woods, expecting nothing more than fun and relaxation. As night falls, they discover that something far more unsettling is at work and that nothing about their getaway is what it seems.",[],[],https://image.tmdb.org/t/p/w500/zZZe5wn0udlhMtdlDjN4NB72R6e.jpg
Dredd,2012,6.851,5309,11.2156,"In the future, America is a dystopian wasteland. The latest scourge is Ma-Ma, a prostitute-turned-drug pusher with a dangerous new drug and aims to take over the city. The only possibility of stopping her is an elite group of urban police called Judges, who combine the duties of judge, jury and executioner to deliver a brutal brand of swift justice. But even the top-ranking Judge, Dredd, discovers that taking down Ma-Ma isn’t as easy as it seems in this explosive adaptation of the hugely popular comic series.",[],[],https://image.tmdb.org/t/p/w500/wLx65gtGVnUFCxceHWGszcruCZj.jpg
Dark Shadows,2012,6.097,7431,12.2173,Vampire Barnabas Collins is inadvertently freed from his tomb and emerges into the very changed world of 1972. He returns to Collinwood Manor to find that his once-grand estate and family have fallen into ruin.,[],[],https://image.tmdb.org/t/p/w500/fd9Ck4cxVlmtXsbeGtQW7WFuUFI.jpg
Jack Reacher,2012,6.647,7353,11.9071,"One morning in an ordinary town, five people are shot dead in a seemingly random attack. All evidence points to a single suspect: an ex-military sniper who is quickly brought into custody. The interrogation yields one written note: 'Get Jack Reacher!'. Reacher, an enigmatic ex-Army investigator, believes the authorities have the right man but agrees to help the sniper's defense attorney. However, the more Reacher delves into the case, the less clear-cut it appears. So begins an extraordinary chase for the truth, pitting Jack Reacher against an unexpected enemy, with a skill for violence and a secret to keep.",[],[],https://image.tmdb.org/t/p/w500/uQBbjrLVsUibWxNDGA4Czzo8lwz.jpg
Taken 2,2012,6.366,6890,10.4098,"In Istanbul, retired CIA operative Bryan Mills and his wife are taken hostage by the father of a kidnapper Mills killed while rescuing his daughter.",[],[],https://image.tmdb.org/t/p/w500/mGRtQS39DYIu6gXu5mXQsXFGZPO.jpg
Ice Age: Continental Drift,2012,6.388,7892,11.0229,"Manny, Diego, and Sid embark upon another adventure after their continent is set adrift. Using an iceberg as a ship, they encounter sea creatures and battle pirates as they explore a new world.",[],[],https://image.tmdb.org/t/p/w500/dfp1BZF7FxbBUyzHvMOI9t8NWDD.jpg
Skyfall,2012,7.256,15682,10.8663,"When Bond's latest assignment goes gravely wrong, agents around the world are exposed and MI6 headquarters is attacked. While M faces challenges to her authority and position from Gareth Mallory, the new Chairman of the Intelligence and Security Committee, it's up to Bond, aided only by field agent Eve, to locate the mastermind behind the attack.",[],[],https://image.tmdb.org/t/p/w500/d0IVecFQvsGdSbnMAHqiYsNYaJT.jpg
Frankenweenie,2012,7.0,3500,10.2488,"When a car hits young Victor's pet dog Sparky, Victor decides to bring him back to life the only way he knows how. But when the bolt-necked ""monster"" wreaks havoc and terror in the hearts of Victor's neighbors, he has to convince them that Sparky's still the good, loyal friend he was.",[],[],https://image.tmdb.org/t/p/w500/yGjVbLVdZRBlZTTQVBsj2KUjL1s.jpg
Les Misérables,2012,7.313,5436,10.7389,"An adaptation of the successful stage musical based on Victor Hugo's classic novel set in 19th-century France. Jean Valjean, a man imprisoned for stealing bread, must flee a relentless policeman named Javert. The pursuit consumes both men's lives, and soon Valjean finds himself in the midst of the student revolutions in France.",[],[],https://image.tmdb.org/t/p/w500/6CuzBs2Lb8At7qQr64mLXg2RYRb.jpg
Men in Black 3,2012,6.537,10672,11.5512,"Agents J and K are back...in time. J has seen some inexplicable things in his 15 years with the Men in Black, but nothing, not even aliens, perplexes him as much as his wry, reticent partner. But when K's life and the fate of the planet are put at stake, Agent J will have to travel back in time to put things right. J discovers that there are secrets to the universe that K never told him - secrets that will reveal themselves as he teams up with the young Agent K to save his partner, the agency, and the future of humankind.",[],[],https://image.tmdb.org/t/p/w500/90DdoEStzeObs96fsYf4GG544iN.jpg
Ted,2012,6.447,12809,10.83,"John Bennett, a man whose childhood wish of bringing his teddy bear to life came true, now must decide between keeping the relationship with the bear or his girlfriend, Lori.",[],[],https://image.tmdb.org/t/p/w500/tZPTcdGTpxq4yJx1YxqBl0gthNz.jpg
Wrong Turn 5: Bloodlines,2012,5.4,999,10.3478,"A small West Virginia town is hosting the legendary Mountain Man Festival on Halloween, where throngs of costumed party goers gather for a wild night of music and mischief. But an inbred family of hillbilly cannibals kill the fun when they trick and treat themselves to a group of visiting college students.",[],[],https://image.tmdb.org/t/p/w500/nALE9wbgwIYKuwdhANoLbxasw7z.jpg
Madagascar 3: Europe's Most Wanted,2012,6.62,6375,10.1169,"Animal pals Alex, Marty, Melman, and Gloria are still trying to make it back to New York's Central Park Zoo. They are forced to take a detour to Europe to find the penguins and chimps who broke the bank at a Monte Carlo casino. When French animal-control officer Capitaine Chantel DuBois picks up their scent, Alex and company are forced to hide out in a traveling circus.",[],[],https://image.tmdb.org/t/p/w500/ekraj4ksvIKeuvQVEevEJkuybZd.jpg
21 Jump Street,2012,6.882,10655,10.3233,"When cops Schmidt and Jenko join the secret Jump Street unit, they use their youthful appearances to go undercover as high school students. They trade in their guns and badges for backpacks, and set out to shut down a dangerous drug ring. But, as time goes on, Schmidt and Jenko discover that high school is nothing like it was just a few years earlier -- and, what's more, they must again confront the teenage terror and anxiety they thought they had left behind.",[],[],https://image.tmdb.org/t/p/w500/8v3Sqv9UcIUC4ebmpKWROqPBINZ.jpg
Snow White and the Huntsman,2012,5.987,8056,10.4406,"After the Evil Queen marries the King, she performs a violent coup in which the King is murdered and his daughter, Snow White, is taken captive. Almost a decade later, a grown Snow White is still in the clutches of the Queen. In order to obtain immortality, The Evil Queen needs the heart of Snow White. After Snow escapes the castle, the Queen sends the Huntsman to find her in the Dark Forest.",[],[],https://image.tmdb.org/t/p/w500/wLC5EEWUt7Sx1vGfSEcyCJKpuLd.jpg
John Carter,2012,6.353,5892,10.4727,"John Carter is a war-weary, former military captain who's inexplicably transported to the mysterious and exotic planet of Barsoom (Mars) and reluctantly becomes embroiled in an epic conflict. It's a world on the brink of collapse, and Carter rediscovers his humanity when he realizes the survival of Barsoom and its people rests in his hands.",[],[],https://image.tmdb.org/t/p/w500/lCxz1Yus07QCQQCb6I0Dr3Lmqpx.jpg
The Impossible,2012,7.368,6511,9.8605,"In December 2004, close-knit family Maria, Henry and their three sons begin their winter vacation in Thailand. But the day after Christmas, the idyllic holiday turns into an incomprehensible nightmare when a terrifying roar rises from the depths of the sea, followed by a wall of black water that devours everything in its path. Though Maria and her family face their darkest hour, unexpected displays of kindness and courage ameliorate their terror.",[],[],https://image.tmdb.org/t/p/w500/k0DLCiDbnYywOHiISALbl2EH2NE.jpg
Chronicle,2012,6.835,5522,9.5273,"Three high school students make an incredible discovery, leading to their developing uncanny powers beyond their understanding. As they learn to control their abilities and use them to their advantage, their lives start to spin out of control, and their darker sides begin to take over.",[],[],https://image.tmdb.org/t/p/w500/kdyrdFIt29FUmLIKvedAc2j4rpo.jpg
The Expendables 2,2012,6.35,6952,9.1052,"Mr. Church reunites the Expendables for what should be an easy paycheck, but when one of their men is murdered on the job, their quest for revenge puts them deep in enemy territory and up against an unexpected threat.",[],[],https://image.tmdb.org/t/p/w500/74rTIGyGoIu5KSxDVMdr8H3MtMo.jpg
The Dictator,2012,6.212,6155,9.8402,The heroic story of a dictator who risks his life to ensure that democracy would never come to the country he so lovingly oppressed.,[],[],https://image.tmdb.org/t/p/w500/n0W7kajF4GFMRk2c0wWwMQqTaDM.jpg
Wrath of the Titans,2012,5.75,4366,9.7578,"Perseus tries to live a quieter life as a village fisherman while – dangerously weakened by humanity's lack of devotion – the gods are losing control of the long-imprisoned Titans and their ferocious leader, Kronos.",[],[],https://image.tmdb.org/t/p/w500/b9n2R3xZWQ8MVZgndQoV34stS0h.jpg
Life of Pi,2012,7.406,13455,9.5228,"The story of an Indian boy named Pi, a zookeeper's son who finds himself in the company of a hyena, zebra, orangutan, and a Bengal tiger after a shipwreck sets them adrift in the Pacific Ocean.",[],[],https://image.tmdb.org/t/p/w500/iLgRu4hhSr6V1uManX6ukDriiSc.jpg
The Perks of Being a Wallflower,2012,7.8,10857,8.5193,"Pittsburgh, Pennsylvania, 1991. High school freshman Charlie is a wallflower, always watching life from the sidelines, until two senior students, Sam and her stepbrother Patrick, become his mentors, helping him discover the joys of friendship, music and love.",[],[],https://image.tmdb.org/t/p/w500/aKCvdFFF5n80P2VdS7d8YBwbCjh.jpg
The Lucky One,2016,7.167,3758,8.5991,A Marine travels to Louisiana after serving three tours in Iraq and searches for the unknown woman he believes was his good luck charm during the war.,[],[],https://image.tmdb.org/t/p/w500/vF1ZuIkF9Z71VzVvG265xJUawb0.jpg
The Bourne Legacy,2012,6.238,5904,10.257,New CIA operative Aaron Cross experiences life-or-death stakes that have been triggered by the previous actions of Jason Bourne.,[],[],https://image.tmdb.org/t/p/w500/1aExL5DTGHj25ZfIC3dDwS84RWi.jpg
Battleship,2012,5.879,5736,8.0518,"When mankind beams a radio signal into space, a reply comes from ‘Planet G’, in the form of several alien crafts that splash down in the waters off Hawaii. Lieutenant Alex Hopper is a weapons officer assigned to the USS John Paul Jones, part of an international naval coalition which becomes the world's last hope for survival as they engage the hostile alien force of unimaginable strength. While taking on the invaders, Hopper must also try to live up to the potential that his brother, and his fiancée's father—an Admiral—expect of him.",[],[],https://image.tmdb.org/t/p/w500/9b0Im7SfedHiajTwzSL9zGyBI7M.jpg
Do Not Forget Me Istanbul,2012,6.9,7,6.6449,"Several directors from countries of the region were invited to create stories taking place in and around the beautiful city of Istanbul, in the vein of “Paris, je t’aime” and “New York, I love you”. They come together to remind viewers that Istanbul’s history does not belong only to the people of Turkey.",[],[],https://image.tmdb.org/t/p/w500/zVteT6gvTv6Zhag93MCoOSdQ3gX.jpg
Looper,2012,6.897,10541,8.4761,"In the year 2044, time travel has not yet been invented but in 30 years it will have been. When the mob wants to get rid of someone, they will send their target into the past where a looper, a hired gun, like Joe is waiting to mop up. Joe is getting rich and life is good until the day the mob decides to close the loop, sending back Joe's future self for assassination.",[],[],https://image.tmdb.org/t/p/w500/sNjL6SqErDBE8OUZlrDLkexfsCj.jpg
The Hunger Games,2012,7.219,22722,8.1245,"In a dystopian society where the Capitol forces each district to send two young tributes to fight to the death in a televised spectacle, a girl volunteers to take her sister’s place, setting the stage for a struggle of survival and defiance.",[],[],https://image.tmdb.org/t/p/w500/yXCbOiVDCxO71zI7cuwBRXdftq8.jpg
What to Expect When You're Expecting,2012,5.999,1826,8.0169,"Challenges of impending parenthood turn the lives of five couples upside down. Two celebrities are unprepared for the surprise demands of pregnancy; hormones wreak havoc on a baby-crazy author, while her husband tries not to be outdone by his father, who's expecting twins with his young trophy wife; a photographer's husband isn't sure about his wife's adoption plans; a one-time hook-up results in a surprise pregnancy for rival food-truck owners.",[],[],https://image.tmdb.org/t/p/w500/51kg6CdfwwrBjDDFhT44TwoAZMr.jpg
Total Recall,2012,6.026,5677,8.0147,"Factory worker Doug Quaid takes a virtual mind-trip vacation with the Rekall company, opting for implanted memories of being a spy. When the procedure goes wrong, Quaid becomes a wanted man by the police and joins forces with a rebel fighter to stop the evil Chancellor Cohaagen.",[],[],https://image.tmdb.org/t/p/w500/hVUxVVzZ0WvvPIpKwsMPMDOQyqi.jpg
Cloud Atlas,2012,6.887,7302,9.5618,"A set of six nested stories spanning time between the 19th century and a distant post-apocalyptic future. Cloud Atlas explores how the actions and consequences of individual lives impact one another throughout the past, the present and the future. Action, mystery and romance weave through the story as one soul is shaped from a killer into a hero and a single act of kindness ripples across centuries to inspire a revolution in the distant future.  Based on the award winning novel by David Mitchell. Directed by Tom Tykwer and the Wachowskis.",[],[],https://image.tmdb.org/t/p/w500/8naVv2Xu3rWI5JKHz0vCujx6GaJ.jpg
Secret of the Wings,2012,7.233,1328,7.0127,Tinkerbell wanders into the forbidden Winter woods and meets Periwinkle. Together they learn the secret of their wings and try to unite the warm fairies and the winter fairies to help Pixie Hollow.,[],[],https://image.tmdb.org/t/p/w500/5q72GagtB9NM4i3z7M40EXLb3ut.jpg
Pitch Perfect,2012,7.3,6721,7.9266,"College student Beca knows she does not want to be part of a clique, but that's exactly where she finds herself after arriving at her new school. Thrust in among mean gals, nice gals and just plain weird gals, Beca finds that the only thing they have in common is how well they sing together. She takes the women of the group out of their comfort zone of traditional arrangements and into a world of amazing harmonic combinations in a fight to the top of college music competitions.",[],[],https://image.tmdb.org/t/p/w500/gsFoJk9g8W3zgaipRrrURk7LbiF.jpg
Red Dawn,2012,5.708,1681,8.5455,"A city in Washington state awakens to the surreal sight of foreign paratroopers dropping from the sky—shockingly, the U.S. has been invaded and their hometown is the initial target. Quickly and without warning, the citizens find themselves prisoners and their town under enemy occupation. Determined to fight back, a group of young patriots seek refuge in the surrounding woods, training and reorganizing themselves into a guerrilla group of fighters.",[],[],https://image.tmdb.org/t/p/w500/aHdxKDX36NOEYE2NyAyP7ThuAcm.jpg
Safe,2012,6.496,2570,8.3437,"After a former elite agent rescues a 12-year-old Chinese girl who's been abducted, they find themselves in the middle of a standoff between Triads, the Russian Mafia and high-level corrupt New York City politicians and police.",[],[],https://image.tmdb.org/t/p/w500/kOCpkoMUVae9UIf85gO71SyjLbW.jpg
American Reunion,2012,6.302,4555,8.7704,"The characters we met a little more than a decade ago return to East Great Falls for their high school reunion. In one long-overdue weekend, they will discover what has changed, who hasn’t, and that time and distance can’t break the bonds of friendship.",[],[],https://image.tmdb.org/t/p/w500/de5QBIdVR4dnkBZ4a0zjkS4lTg.jpg
Underworld: Awakening,2012,6.328,4219,8.0975,"Having escaped years of imprisonment, vampire warrioress Selene finds herself in a changed world where humans have discovered the existence of both Vampire and Lycan clans and are conducting an all-out war to eradicate both immortal species. Now Selene must battle the humans and a frightening new breed of super Lycans to ensure the death dealers' survival.",[],[],https://image.tmdb.org/t/p/w500/jN0uuc8U6M3sTg9zEaliJV60Stf.jpg
Lockout,2012,5.934,1905,7.5374,"Set in the near future, Lockout follows a falsely convicted ex-government agent , whose one chance at obtaining freedom lies in the dangerous mission of rescuing the President's daughter from rioting convicts at an outer space maximum security prison.",[],[],https://image.tmdb.org/t/p/w500/i5QfNIcg6hc327IWUerea0EczP4.jpg
Silent Hill: Revelation 3D,2012,5.533,1732,7.6612,"Heather Mason and her father have been on the run, always one step ahead of dangerous forces that she doesn't fully understand. Now on the eve of her 18th birthday, plagued by horrific nightmares and the disappearance of her father, Heather discovers she's not who she thinks she is. The revelation leads her deeper into a demonic world that threatens to trap her forever.",[],[],https://image.tmdb.org/t/p/w500/2JOujdpYUeGg3886gigTAQq0na6.jpg
That's My Boy,2012,5.823,2076,8.3682,"While in his teens, Donny fathered a son, Todd, and raised him as a single parent up until Todd's 18th birthday. Now, after not seeing each other for years, Todd's world comes crashing down when Donny resurfaces just before Todd's wedding.",[],[],https://image.tmdb.org/t/p/w500/ati7KTjMaYtinjU0xDaxKp15vzN.jpg
The Reef 2: High Tide,2012,4.483,58,7.0325,"Trained in the skills of sea power, Pi the fish can fight a shark, sink a squid or batter any random predator that ever threatens his friends and neighbors on the reef. Unfortunately, being the only hero in town can take its toll, especially when a group of sharks declares that the end of the reef is soon at hand.",[],[],https://image.tmdb.org/t/p/w500/3ZmLU8yQ7R63lmjImnJzItb0jM7.jpg
Project X,2012,6.885,6594,7.8187,"Three high school seniors throw a party to make a name for themselves. As the night progresses, things spiral out of control as word of the party spreads.",[],[],https://image.tmdb.org/t/p/w500/lUPDGT3lyRrq8SvWuNWG2DP64bR.jpg
Hitchcock,2012,6.564,1579,6.3571,"Following his great success with ""North by Northwest,"" director Alfred Hitchcock makes a daring choice for his next project: an adaptation of Robert Bloch's novel ""Psycho."" When the studio refuses to back the picture, Hitchcock decides to pay for it himself in exchange for a percentage of the profits. His wife, Alma Reville, has serious reservations about the film but supports him nonetheless. Still, the production strains the couple's marriage.",[],[],https://image.tmdb.org/t/p/w500/zlG4QzB00VM6QHUmRkKaboCOgat.jpg
Tangled Ever After,2012,7.129,1085,6.9699,"The kingdom is in a festive mood as everyone gathers for the royal wedding of Rapunzel and Flynn. However, when Pascal and Maximus, as flower chameleon and ring bearer, respectively, lose the gold bands, a frenzied search and recovery mission gets underway. As the desperate duo tries to find the rings before anyone discovers that they’re missing, they leave behind a trail of comical chaos that includes flying lanterns, a flock of doves, a wine barrel barricade and a very sticky finale. Will Maximus and Pascal save the day and make it to the church in time? And will they ever get Flynn’s nose right?",[],[],https://image.tmdb.org/t/p/w500/ak5SCuJbdf8G4NbQ1KIUHjplrF1.jpg
Journey 2: The Mysterious Island,2012,6.147,4396,6.9501,"Sean Anderson partners with his mom's boyfriend on a mission to find his grandfather, who is thought to be missing on a mythical island.",[],[],https://image.tmdb.org/t/p/w500/8WbZOiplh0xuVNVYhYPxsLa7BM5.jpg
Think Like a Man,2012,6.803,867,7.7167,"The balance of power in four couples’ relationships is upset when the women start using the advice in Steve Harvey’s book, Act Like A Lady, Think Like A Man, to get more of what they want from their men. When the men realize that the women have gotten a hold of their relationship “playbook,” they decide that the best defense is a good offense and come up with a plan to use this information to their advantage.",[],[],https://image.tmdb.org/t/p/w500/kfIrKVPDzXJDBzPnFEuoatlaZPW.jpg
2-Headed Shark Attack,2012,4.295,295,7.2922,"A Semester at Sea ship is attacked and sunk by a mutated two-headed shark, and the survivors seek refuge on a deserted atoll. The coeds, however, are no longer safe when the atoll starts flooding.",[],[],https://image.tmdb.org/t/p/w500/elKZZhpc6fVFgMFPZaVAC4l1JdM.jpg
Chernobyl Diaries,2012,5.31,1641,6.9165,"A group of six tourists looking to go off the beaten path, hire an 'extreme tour guide' who, ignoring warnings, takes them into the city of Pripyat, the former home to the workers of the Chernobyl nuclear reactor, but now a deserted town since the disaster more than 25 years earlier. After a brief exploration of the abandoned city, the group members find themselves stranded, only to discover that they are not alone.",[],[],https://image.tmdb.org/t/p/w500/9AKhThGA8IATBy3gR7I4dw9SEc4.jpg
Lincoln,2012,6.855,3918,6.846,"The revealing story of the 16th US President's tumultuous final months in office. In a nation divided by war and the strong winds of change, Lincoln pursues a course of action designed to end the war, unite the country and abolish slavery. With the moral courage and fierce determination to succeed, his choices during this critical moment will change the fate of generations to come.",[],[],https://image.tmdb.org/t/p/w500/5KeUqW6DpVtf8G9VMuI2l0XIPCo.jpg
All Star Comedy Jam: Live from Orlando,2012,5.2,4,6.5256,"The best-selling comedy franchise returns and features some of the most raw and hilarious talent including: Capone (TV's ""Showtime at the Apollo""), Lil' Duval (TV's ""BET's Comicview""), Tony Roberts (Comedy Only in da Hood) and Jay Pharoah (TV's ""Saturday Night Live""). 'All Star Comedy Jam - Live from Orlando' was filmed at Hard Rock Live, in front of a live audience during the All-Star Weekend in Orlando, FL.",[],[],https://image.tmdb.org/t/p/w500/sz1qyULyTb0iIUhK2yCZGt2dp0m.jpg
Killing Them Softly,2012,6.024,2294,6.9333,"Jackie Cogan is an enforcer hired to restore order after three dumb guys rob a Mob protected card game, causing the local criminal economy to collapse.",[],[],https://image.tmdb.org/t/p/w500/heaz45kpFa4Oa7iLis0OBas68ls.jpg
Contraband,2012,6.333,2127,7.6459,"When his brother-in-law runs afoul of a drug lord, family man Chris Farraday turns to a skill he abandoned long ago—smuggling—to repay the debt. But the job goes wrong, and Farraday finds himself wanted by cops, crooks and killers alike.",[],[],https://image.tmdb.org/t/p/w500/dNNjyZQ0zVtmPa74nJE63Kn0xEx.jpg
Lawless,2012,7.059,3187,6.5632,"In 1931, the Bondurant brothers of Franklin County, Virginia, run a multipurpose backwoods establishment that hides their true business — bootlegging. Middle brother Forrest is the brain of the operation; older Howard is the brawn, and younger Jack, the lookout. Though the local police have taken bribes and left the brothers alone, a violent war erupts when a sadistic lawman from Chicago arrives and tries to shut down the Bondurants operation.",[],[],https://image.tmdb.org/t/p/w500/kmjy8rX4lY2x1UCJIH24VvUtDXJ.jpg
Patti Smith  - Live at Montreux 2005,2012,7.8,5,5.296,"Patti Smith was one of the key artists in the breakthrough of New York City punk rock with her 1975 album ""Horses"" being hugely influential on the entire New Wave genre. Her distinctive blend of rock, punk and poetry combined with her uncompromising style has ensured that she remains a credible artist throughout her career. This Montreux concert was part of the tour in support of her 2004 ""Trampin'"" album and the set list features tracks from her first album right through this release. This first-ever live concert is an overdue treat for all of her fans.  This 2005 concert by rock icon Patti Smith finds the beloved singer and songwriter delivering a dozen songs from throughout her storied career including ""Because the Night,"" a cover of ""Like a Rolling Stone,"" and ""Redondo Beach.""",[],[],https://image.tmdb.org/t/p/w500/hgDUtLGPVNWxOCyO1sabFMVJzBT.jpg
Savages,2012,6.344,2215,6.9779,Pot growers Ben and Chon face off against the Mexican drug cartel who kidnapped their shared girlfriend.,[],[],https://image.tmdb.org/t/p/w500/joyiyBwYY5QCpldqT1FzrTqsTJK.jpg
Rock of Ages,2012,6.201,1301,7.0584,"A small town girl and a city boy meet on the Sunset Strip, while pursuing their Hollywood dreams.",[],[],https://image.tmdb.org/t/p/w500/oVeE2QTUb14jPU2lYEGPE3s8T9j.jpg
Zero Dark Thirty,2012,6.994,4707,6.9541,"A chronicle of the decade-long hunt for al-Qaeda terrorist leader Osama bin Laden after the September 2001 attacks, and his death at the hands of the Navy S.E.A.L. Team 6 in May, 2011.",[],[],https://image.tmdb.org/t/p/w500/wNSdSSxowM3WIqmPJNg3RagYbwP.jpg
Wanderlust,2012,5.495,1288,6.8733,"Rattled by sudden unemployment, a Manhattan couple surveys alternative living options, ultimately deciding to experiment with living on a rural commune where free love rules.",[],[],https://image.tmdb.org/t/p/w500/hH1Bla0W4YIn9sdd9NwODzDCcE4.jpg
The Raven,2012,6.302,1385,6.64,"A fictionalized account of the last days of Edgar Allan Poe's life, in which the poet is in pursuit of a serial killer whose murders mirror those in the writer's stories.",[],[],https://image.tmdb.org/t/p/w500/boE0JFhZRpWLLrKOQE6bCBZGerP.jpg
Anna Karenina,2012,6.71,2348,7.3577,"In Imperial Russia, Anna, the wife of the officer Karenin, goes to Moscow to visit her brother. On the way, she meets the charming cavalry officer Vronsky to whom she is immediately attracted. But in St. Petersburg’s high society, a relationship like this could destroy a woman’s reputation.",[],[],https://image.tmdb.org/t/p/w500/2DvjkCbmlg8sbBHZKUZvYPgsT5V.jpg
Flight,2013,6.85,6249,6.9414,"Commercial airline pilot Whip Whitaker has a problem with drugs and alcohol, though so far he's managed to complete his flights safely. His luck runs out when a disastrous mechanical malfunction sends his plane hurtling toward the ground. Whip pulls off a miraculous crash-landing that results in only six lives lost. Shaken to the core, Whip vows to get sober -- but when the crash investigation exposes his addiction, he finds himself in an even worse situation.",[],[],https://image.tmdb.org/t/p/w500/1AjXgBM2lkpG3FLQO0f6AK3Bi1e.jpg
Silver Linings Playbook,2016,7.148,12321,7.1837,"After losing his job and wife, and spending time in an institution, a former teacher winds up living with his parents. He wants to rebuild his life and reconcile with his wife, but his father would be happy if he shared his obsession with the Philadelphia Eagles. Things get complicated when he meets Tiffany Maxwell who offers to help him reconnect with his wife if he will do something very important for her in exchange.",[],[],https://image.tmdb.org/t/p/w500/y7iOVneBvITlBdhy6tVqXVOa1Js.jpg
Seven Psychopaths,2012,6.822,4101,6.5112,A struggling screenwriter inadvertently becomes entangled in the Los Angeles criminal underworld after his oddball friends kidnap a gangster's beloved Shih Tzu.,[],[],https://image.tmdb.org/t/p/w500/4ukEYAxlSivFcDG6vLxJB6PjTjg.jpg
The Master,2012,7.1,3143,7.0731,"Freddie, a volatile, heavy-drinking veteran who suffers from post-traumatic stress disorder, finds some semblance of a family when he stumbles onto the ship of Lancaster Dodd, the charismatic leader of a new ""religion"" he forms after World War II.",[],[],https://image.tmdb.org/t/p/w500/jjVGdNt4fYb3T2hjISGZ2qnCuaV.jpg
A Thousand Words,2012,6.106,1361,6.957,"Jack McCall is a fast-talking literary agent, who can close any deal, any time, any way. He has set his sights on New Age guru Dr. Sinja for his own selfish purposes. But Dr. Sinja is on to him, and Jack’s life comes unglued after a magical Bodhi tree mysteriously appears in his backyard. With every word Jack speaks, a leaf falls from the tree and he realizes that when the last leaf falls, both he and the tree are toast. Words have never failed Jack McCall, but now he’s got to stop talking and conjure up some outrageous ways to communicate or he’s a goner.",[],[],https://image.tmdb.org/t/p/w500/hSxVSMHrW3epffELvi2CC5XdFXb.jpg
Safe House,2012,6.484,3774,7.8583,"A dangerous CIA renegade resurfaces after a decade on the run. When the safe house he's remanded to is attacked by mercenaries, a rookie operative escapes with him. Now, the unlikely allies must stay alive long enough to uncover who wants them dead.",[],[],https://image.tmdb.org/t/p/w500/7CBhSjQa07LYt0RGejYjWugGmdV.jpg
The Watch,2012,5.585,2389,7.1146,"Four everyday suburban guys come together as an excuse to escape their humdrum lives one night a week. But when they accidentally discover that their town has become overrun with aliens posing as ordinary suburbanites, they have no choice but to save their neighborhood – and the world – from total extermination.",[],[],https://image.tmdb.org/t/p/w500/gwfgYA9wGpV4QLB0LrcexwfwC19.jpg
Mirror Mirror,2012,5.921,3228,6.2639,"After she spends all her money, an evil enchantress queen schemes to marry a handsome, wealthy prince. There's just one problem - he's in love with a beautiful princess, Snow White. Now, joined by seven rebellious dwarves, Snow White launches an epic battle of good vs. evil...",[],[],https://image.tmdb.org/t/p/w500/pys6zIJN8Sxlk2Ss2GZuYuXPbtw.jpg
Outlaws - For Greater Glory,2012,6.765,162,6.0253,"A chronicle of the Cristeros War (1926-1929), which was touched off by a rebellion against the Mexican government's attempt to secularize the country.",[],[],https://image.tmdb.org/t/p/w500/7jgh0ej04j98q2NFpSZLlpDazUo.jpg
On the Road,2012,5.62,874,6.013,"Sal Paradise is a young writer whose life is shaken and ultimately redefined by the arrival of Dean Moriarty, a free-spirited, fearless, fast talking Westerner and his girl, Marylou. Traveling cross-country, Sal and Dean venture out on a personal quest for freedom from the conformity and conservatism engulfing them in search of the unknown, themselves, and the pursuit of “it” -- the pure essence of experience.",[],[],https://image.tmdb.org/t/p/w500/k7LQteD02p3VHixbS6NXHkFdFwT.jpg
Taken Back: Finding Haley,2012,6.7,41,5.2188,"Unable to get over the abduction of her daughter, a mother is convinced she has finally found her, but is she simply a mother obsessed?",[],[],https://image.tmdb.org/t/p/w500/3J1tD7DeYbPJVjy4fYvkyf8ygjt.jpg
The Collection,2012,6.378,1082,6.0393,"Arkin escapes with his life from the vicious grips of ""The Collector"" during an entrapment party where he adds beautiful Elena to his ""Collection."" Instead of recovering from the trauma, Arkin is suddenly abducted from the hospital by mercenaries hired by Elena's wealthy father. Arkin is blackmailed to team up with the mercenaries and track down The Collector's booby trapped warehouse and save Elena.",[],[],https://image.tmdb.org/t/p/w500/wxUasHKoR8dtInQiXNUknOqi6Ao.jpg
Argo,2013,7.279,8639,6.7043,"As the Iranian revolution reaches a boiling point, a CIA 'exfiltration' specialist concocts a risky plan to free six Americans who have found shelter at the home of the Canadian ambassador.",[],[],https://image.tmdb.org/t/p/w500/m5gPWFZFIp4UJFABgWyLkbXv8GX.jpg
Universal Soldier: Day of Reckoning,2012,5.543,455,5.9106,"After his wife and daughter are murdered in a home invasion, a widower named John now finds himself up against an army of Universal Soldiers in relentless pursuit, led by a mysterious leader who promises to set UniSols free from their conditioning.",[],[],https://image.tmdb.org/t/p/w500/4pefZa0U5h0avmdvRwWB4xjMFl6.jpg
End of Watch,2012,7.35,3455,6.5112,Two young officers are marked for death after confiscating a small cache of money and firearms from the members of a notorious cartel during a routine traffic stop.,[],[],https://image.tmdb.org/t/p/w500/pDeVKQICkcdwwjHxGj0MeS14YJ6.jpg
Trouble with the Curve,2012,6.995,1650,6.2089,"Slowed by age and failing eyesight, crack baseball scout Gus Lobel takes his grown daughter along as he checks out the final prospect of his career. Along the way, the two renew their bond, and she catches the eye of a young player-turned-scout.",[],[],https://image.tmdb.org/t/p/w500/zLZQVmxOj5kICbS5Pq7rB1cbPvP.jpg
Cirque du Soleil: Worlds Away,2012,7.0,170,6.0259,"An original story featuring performances by Cirque du Soleil. A young woman is entranced by an Aerialist. When they fall into the dreamlike world of Cirque du Soleil and are separated, they travel through the different tent worlds trying to find each other.",[],[],https://image.tmdb.org/t/p/w500/jAt4ugebhXKmAnirHAWe5P6gnMi.jpg
The Magic of Belle Isle,2012,7.0,422,5.5268,"In an effort to tap into his original talent, a wheelchair-bound author moves to a rural town, where he befriends a single mother and her three kids, who help reignite his passion for writing.",[],[],https://image.tmdb.org/t/p/w500/imoZLjmCnfG4f69Dq0f2Zsr9XOR.jpg
Freelancers,2012,5.055,246,5.614,"The son of a slain NYPD officer joins the force, where he falls in with his father's former partner and a team of rogue cops. His new boss, Sarcone, will see if he has what it takes to be rogue through many trials and tribulations of loyalty, trust and respect. When the truth about his father's death is revealed revenge takes him over and he won't stop until justice has been truly served.",[],[],https://image.tmdb.org/t/p/w500/qCvA4Cw7lsYGR5fatVcoPEIYolU.jpg
The Grey,2012,6.57,3974,5.6306,"Following a grueling five-week shift at an Alaskan oil refinery, workers led by sharpshooter John Ottway are flying home for a much-needed vacation. But a brutal storm causes their plane to crash in the frozen wilderness, and only eight men, including Ottway, survive. As they trek southward toward civilization and safety, Ottway and his companions must battle mortal injuries, the icy elements, and a pack of hungry wolves.",[],[],https://image.tmdb.org/t/p/w500/a0Vt3wx8ciKmPt4iXPx9sH4HBVU.jpg
Fugitive at 17,2012,6.465,100,4.8965,"Suspected of murdering her best friend, a teenage computer-hacker goes on the run to find the real killer.",[],[],https://image.tmdb.org/t/p/w500/b44kGCtUi0vl0oCD6BGulwMA5lE.jpg
The Apparition,2012,4.451,445,5.5825,"Plagued by frightening occurrences in their home, Kelly and Ben learn that a university's parapsychology experiment produced an entity that is now haunting them. The malevolent spirit feeds on fear and torments the couple no matter where they run. Desperate, Kelly and Ben turn to a paranormal researcher, but even with his aid, it may already be too late to save themselves from the terrifying presence.",[],[],https://image.tmdb.org/t/p/w500/jO45nIEQMWHE0I68aGls3mRJR8M.jpg
To Rome with Love,2012,5.783,2043,5.4472,"Four tales unfold in the Eternal City: While vacationing in Rome, architect John encounters a young man whose romantic woes remind him of a painful incident from his own youth; retired opera director Jerry discovers a mortician with an amazing voice, and he seizes the opportunity to rejuvenate his own flagging career; a young couple have separate romantic interludes; a spotlight shines on an ordinary man.",[],[],https://image.tmdb.org/t/p/w500/f6yBjjTQaOIzSOLVcCqlfcWxUqW.jpg
The Cold Light of Day,2012,5.369,961,5.595,"After his family is kidnapped during their sailing trip in Spain, a young Wall Street trader is confronted by the people responsible: intelligence agents looking to recover a mysterious briefcase.",[],[],https://image.tmdb.org/t/p/w500/jLmKMhibZjHUYtsHQLIa5UBwqcc.jpg
Tom and Jerry: Robin Hood and His Merry Mouse,2012,6.513,77,4.5456,"Robin Hood steals from the rich and give to the poor, and needs the help of Tom and Jerry! Your favorite daring duo aims to beloved medieval tale in a new film is all for one and one for all!",[],[],https://image.tmdb.org/t/p/w500/qVFVRLNrccHdPHqrrqtKT0L6oWs.jpg
This Is 40,2012,5.894,2251,5.9188,"Pete and Debbie are both about to turn 40, their kids hate each other, both of their businesses are failing, they're on the verge of losing their house, and their relationship is threatening to fall apart.",[],[],https://image.tmdb.org/t/p/w500/mzUuOIFoVkRTHACRb58vm6mkbBN.jpg
Notes from the Heart Healer,2012,6.0,18,4.6923,"A single young mom forms an unlikely friendship with author Peyton, after a desperate situation forces her to abandon her child on Peyton's doorstep.",[],[],https://image.tmdb.org/t/p/w500/fRKScoH0tja4aQaNUszol9EbaXA.jpg
Red Lights,2012,6.174,1334,6.4693,"Two investigators of paranormal hoaxes, the veteran Dr. Margaret Matheson and her young assistant, Tom Buckley, study the most varied metaphysical phenomena with the aim of proving their fraudulent origins. Simon Silver, a legendary blind psychic, reappears after an enigmatic absence of 30 years to become the greatest international challenge to both orthodox science and professional sceptics. Tom starts to develop an intense obsession with Silver, whose magnetism becomes stronger with each new manifestation of inexplicable events. As Tom gets closer to Silver, tension mounts, and his worldview is threatened to its core.",[],[],https://image.tmdb.org/t/p/w500/sukxYMaUTNizM7bcEJ4YeH80e8h.jpg
Evil Things,2012,4.0,14,4.7894,"Four kids take part in a pervert game - a torturer, the blog's master, four victims, none of them really innocent.",[],[],https://image.tmdb.org/t/p/w500/gMzLiHsDMMdutWpIJYClBj8K3HG.jpg
Barbie in A Mermaid Tale 2,2012,7.044,467,6.8735,"Surf's up for Barbie as she returns as Merliah, the fun and fashionable surfing champion who's also a magical mermaid princess! In this exciting sea-quel, Merliah makes a splash when she heads to Australia for the ultimate surfing competition. When the evil mermaid Eris escapes from her whirlpool with plans to take over the throne of Oceana, Merliah and her sea friends dive in to stop her. It's a fresh new adventure where Merliah learns that anything is possible and she really can have the best of both worlds!",[],[],https://image.tmdb.org/t/p/w500/iVCfTtVDAECpbMSokSNilIR6wPr.jpg
Burden of Evil,2012,5.3,12,4.478,"When the daughter of a powerful senator is kidnapped by a psychopath, the senator requests a particular homicide detective, Caitlyn Conner, to head up the case. She knows the kidnapper better than anyone else - he just killed her husband. Against the advice of her closest friend, a police psychologist, Caitlyn enters the killer's web of sadistic games and discovers the crime is far more twisted than anyone imagined.",[],[],https://image.tmdb.org/t/p/w500/nl0RcGYQCszz8GL1FmIQNNTQyLg.jpg
The Good Witch's Charm,2012,7.288,85,5.8586,"Good Witch Cassie Nightingale is back to her bewitching ways, but this time she’s also juggling a newborn daughter and her job as town Mayor. With such a busy schedule she and her husband, town sheriff Jake Russell, aren’t getting much sleep. Hoping for a break, Cassie plans a much needed vacation with her new family. But things go awry when a crime wave sweeps through town and an investigative reporter tries to ruin Cassie’s image after a video of her magically disappearing turns up on the internet.  To make matters worse, Cassie’s estranged foster mother appears in town and Cassie’s stepdaughter is suddenly accused of the recent robberies. Supported by her loyal family and friends, Cassie must rely on her signature charm to put a stop to the rumors before they completely destroy the town, and a Good Witch’s reputation!",[],[],https://image.tmdb.org/t/p/w500/yXdG4mMNqUwurLgOfNzEdDsyyGO.jpg
Home Alone: The Holiday Heist,2012,5.124,459,5.7556,"10-year-old Finn is terrified to learn his family is relocating from sunny California to Maine in the scariest house he has ever seen! Convinced that his new house is haunted, Finn sets up a series of elaborate traps to catch the “ghost” in action. Left home alone with his sister while their parents are stranded across town, Finn’s traps catch a new target – a group of thieves who have targeted Finn’s house.",[],[],https://image.tmdb.org/t/p/w500/aP6NPJeiv30d82lZF1baZ3qRBcZ.jpg
Diablo III: Wrath,2012,0.0,0,4.4666,"Animated short film in which the Angiris Council fights the hordes of demons led by Diablo. After defeating the Lord of Terror, Auriel and Tyrael propose imprisoning the demon, but Imperius slays him, which was Diablo's plan all along.",[],[],https://image.tmdb.org/t/p/w500/iP0E6BguPhe2IgcInocEVyh1ZjE.jpg
Great Expectations,2012,6.392,352,5.6252,"Orphan Pip discovers through lawyer Mr. Jaggers that a mysterious benefactor wishes to ensure that he becomes a gentleman. Reunited with his childhood patron, Miss Havisham, and his first love, the beautiful but emotionally cold Estella, he discovers that the elderly spinster has gone mad from having been left at the altar as a young woman, and has made her charge into a warped, unfeeling heartbreaker.",[],[],https://image.tmdb.org/t/p/w500/z9eLxcsNOtoq4dTMDJwr79QR3xd.jpg
Heaven's Door,2012,5.6,14,5.207,"12-year-old Riley Ann Taylor recently lost her grandfather, who died right in front of her while teaching her how to play soccer. She soon finds a portal leading to the place people talk about but never see: Heaven. She gains a miraculous healing ability and uses it to help those who are sick but soon gains the diseases these people and animals had. You know what they say, every good thing comes with a price.",[],[],https://image.tmdb.org/t/p/w500/na4kylhWfTzitTlEsX4Zd9NqJBF.jpg
Compliance,2012,6.352,739,5.737,"On a particularly busy day at a suburban Ohio fast food restaurant, manager Sandra receives a phone call from a police officer saying that an employee has stolen money from a customer.",[],[],https://image.tmdb.org/t/p/w500/bLdu28fr9txYlHLmEOyGplDT3nH.jpg
Sightseers,2012,6.303,543,5.5365,"Chris wants to show girlfriend Tina his world, but events soon conspire against the couple and their dream caravan holiday takes a very wrong turn.",[],[],https://image.tmdb.org/t/p/w500/l52cpdZcVkEVTaLqga6xxSQoaKX.jpg
Dark Matters,2012,0.0,0,5.1205,"Jeremy believes his recently disappeared mother has made contact with otherworldly beings. While searching for answers, he will uncover a dark secret about his past and family that will change him forever.",[],[],https://image.tmdb.org/t/p/w500/ykGY8Rh0XblLtq26OfwUcva9M00.jpg
The Thompsons,2012,4.654,68,5.4186,"On the run with the law on their trail, America's most anguished vampire family heads to England to find an ancient vampire clan. What they find instead could tear their family, and their throats, apart forever.",[],[],https://image.tmdb.org/t/p/w500/xsyHbPd2O9jkulaKIUxTqEn1Mb5.jpg
West of Memphis,2012,7.377,151,5.616,"The documentary tells the hitherto unknown story behind an extraordinary and desperate fight to bring the truth to light. Told and made by those who lived it, the filmmakers' unprecedented access to the inner workings of the defense allows the film to show the investigation, research, and appeals process in a way that has never been seen before; revealing shocking and disturbing new information about a case that still haunts the American South.",[],[],https://image.tmdb.org/t/p/w500/468k7zjR95COOXcMLxE5GbXjerQ.jpg
Sparkle,2012,6.2,119,5.5303,"Musical prodigy, Sparkle struggles to become a star while overcoming issues that are tearing her family apart. From an affluent Detroit area and daughter to a single mother, she tries to balance a new romance with music manager Stix while dealing with the unexpected challenges her new life will bring as she and her two sisters strive to become a dynamic singing group during the Motown-era.",[],[],https://image.tmdb.org/t/p/w500/6LqVIhz0xxoFjiGjftDW69DbvNi.jpg
Abraham Lincoln: Vampire Hunter,2012,5.759,3445,5.5003,"President Lincoln's mother is killed by a supernatural creature, which fuels his passion to crush vampires and their slave-owning helpers.",[],[],https://image.tmdb.org/t/p/w500/qv8deK0ZmutAuEpejruQKApIy6r.jpg
The Courier,2012,4.905,126,6.0294,A shady FBI agent recruits a courier to deliver a mysterious package to a vengeful master criminal who has recently resurfaced with a diabolical plan.,[],[],https://image.tmdb.org/t/p/w500/ie2CLC0GC9mHL4rS8ADpX8uINIg.jpg
"Batman: The Dark Knight Returns, Part 1",2012,7.729,1662,4.6523,"Batman has not been seen for ten years. A new breed of criminal ravages Gotham City, forcing 55-year-old Bruce Wayne back into the cape and cowl. But, does he still have what it takes to fight crime in a new era?",[],[],https://image.tmdb.org/t/p/w500/7yAPPLZpTnPN7qb1qSCNuotQpew.jpg
Truth or Dare,2012,5.537,396,4.6629,"A group of friends are lured to an isolated cabin by a promise of heavy partying, only to find themselves in a nightmarish game of truth or dare.",[],[],https://image.tmdb.org/t/p/w500/e5FcN0P7YcSJUbnosxyU4GEG4br.jpg
V/H/S,2012,6.094,1640,5.2631,"When a group of misfits is hired by an unknown third party to burglarize a desolate house and acquire one rare VHS tape, they discover more found footage than they had bargained for.",[],[],https://image.tmdb.org/t/p/w500/xVGfCaTwVdZt3lFqtOVhTDqmG58.jpg
The Woman in Black,2012,6.144,3563,5.2607,"The story follows a young lawyer, Arthur Kipps, who is ordered to travel to a remote village and sort out a recently deceased client’s papers. As he works alone in the client’s isolated house, Kipps begins to uncover tragic secrets, his unease growing when he glimpses a mysterious woman dressed only in black. Receiving only silence from the locals, Kipps is forced to uncover the true identity of the Woman in Black on his own, leading to a desperate race against time when he discovers her true identity.",[],[],https://image.tmdb.org/t/p/w500/nghQnDZE4EsQJ4J4zxR3UqItTpO.jpg
Jersey Shore Shark Attack,2012,4.725,51,5.0778,"Many years ago, hundreds of locals and tourists were massacred by giant man-eating sharks in the infamous 1916 Jersey Shore attacks. But that's just a legend... or is it? It's a holiday weekend on the Jersey Shore and, unbeknownst to anyone, underwater drills have attracted dozens of albino bull sharks to the pier. When a man goes missing, TC (The Complication), Nookie and friends fear the worst and plead with the police chief to close down the beach. It isn't until a famous singer is eaten alive during a performance on the pier that the shark hunt begins. Now, the Preppies must work together with the Guidos in order to save the Jersey Shore and its inhabitants from another vicious slaughter.",[],[],https://image.tmdb.org/t/p/w500/iXICsou2NwPuIrcCyap0bpUxcSR.jpg
Puss in Boots: The Three Diablos,2012,6.521,500,5.8736,"Puss in Boots is on a mission to recover the Princess' stolen ruby from the notorious French thief, Whisperer. Reluctantly accompanied by three little kittens, Three Diablos, Puss must tame them before they endanger the mission.",[],[],https://image.tmdb.org/t/p/w500/ptvbHUWpU8Nh6vrmSvjx4ESDgfC.jpg
Red Tails,2012,6.564,659,5.8393,"The story of the Tuskegee Airmen, the first African-American pilots to fly in a combat squadron during World War II.",[],[],https://image.tmdb.org/t/p/w500/jiORLnBsGcVcqIibkGBE213zAyh.jpg
Ritual,2012,5.6,106,5.544,A father on vacation wakes up separated from his family and races through the woods to find them.,[],[],https://image.tmdb.org/t/p/w500/70txMynjkXC0hJsO6OMoD5FGDxm.jpg
Big Top Scooby-Doo!,2012,7.694,209,5.3809,"When Scooby and the gang hear of a werewolf plaguing a traveling circus, they go undercover as circus performers to get to the bottom.",[],[],https://image.tmdb.org/t/p/w500/i0zImtsknzWLl5OvAQ23Y3gfEYZ.jpg
Superman vs. The Elite,2012,6.948,434,5.7599,The Man of Steel finds himself outshone by a new team of ruthless superheroes who hold his idealism in contempt.,[],[],https://image.tmdb.org/t/p/w500/kozJARWRoGHlOu6UVCdVPD4n8Jm.jpg
Monster High: Why Do Ghouls Fall in Love?,2012,8.0,183,5.4394,"Draculaura’s Sweet 1600th birthday is an extra special occasion to party at Monster High! But her high expectations lead to deadly results when she’s faced with the choice between practical boyfriend Clawd, and new vampire heartthrob, Valentine, a romantic blast from her past.",[],[],https://image.tmdb.org/t/p/w500/ehsu0cjPtivGSHn0tuoFpRXKpuN.jpg
Nazis at the Center of the Earth,2012,3.13,96,5.7178,"A group of researchers in Antarctica are abducted by a platoon of masked soldiers and dragged into a hidden continent in the center of the Earth. There, they discover that surviving Nazi soldiers are plotting an invasion of Earth to revive the Third Reich.",[],[],https://image.tmdb.org/t/p/w500/navS5NXLXdfjkovl5iQoCvGoROB.jpg
FRED 3: Camp Fred,2012,5.0,86,5.4203,"Schools out, and Fred Figglehorn's dream of water slides, horseback riding and monkey butlers during the summer turns into a nightmare of gruel and poisonous berries when his mom signs him up to an unsanitary camp.",[],[],https://image.tmdb.org/t/p/w500/wyVZtMe1phhwCmEGDTEVATv8X2g.jpg
The Sweeney,2012,5.737,285,4.9354,"Jack Regan, a hardened cop who doesn’t play by the rules, is confronted with a criminal from his past. With sidekick George Carter they are put on the case of a jewellery store heist that ends in a killing. But is that killing really an execution in disguise? With pressure from his boss and the fact that Regan is having an affair with that boss’s wife, it’s not going to be easy for him to stay out of trouble.",[],[],https://image.tmdb.org/t/p/w500/nwGo7AoYXG4C03wbyfdeYvcVbnV.jpg
The Campaign,2012,5.838,1804,5.0367,Two rival politicians compete to win an election to represent their small North Carolina congressional district in the United States House of Representatives.,[],[],https://image.tmdb.org/t/p/w500/jMWjJ13sFTT07DwjNlqh8VY4sK6.jpg
Erased,2012,6.075,762,5.2966,A former agent of the CIA and his estranged daughter go on the run after his employers target them for assassination.,[],[],https://image.tmdb.org/t/p/w500/42OvgvP795xTfVINk48PAYWEFt7.jpg
Step Up Revolution,2012,6.911,2082,5.2377,"Emily arrives in Miami with aspirations to become a professional dancer. She sparks with Sean, the leader of a dance crew whose neighborhood is threatened by Emily's father's development plans.",[],[],https://image.tmdb.org/t/p/w500/jMpwxmk3r7Aq36GcqMbCuP9DJYQ.jpg
The Seasoning House,2012,6.326,259,4.4116,"The Seasoning House - where young girls are prostituted to the military. An orphaned deaf mute is enslaved to care for them. She moves between the walls and crawlspaces, planning her escape. Planning her ingenious and brutal revenge.",[],[],https://image.tmdb.org/t/p/w500/6AJQlfKsaNuWM1uCpXwLzYk6vx4.jpg
Love at the Thanksgiving Day Parade,2012,6.4,35,4.802,"As Chicago gears up for its annual Thanksgiving Day parade, Emily Jones, an eager parade coordinator is shocked when Henry Williams, a wealthy new development consultant, is brought in to analyze the parade's finances.",[],[],https://image.tmdb.org/t/p/w500/gcLowhz4bXvibhcYJJewC1YzBmw.jpg
Cockneys vs Zombies,2012,5.683,436,5.1778,A group of Cockneys arm themselves to rescue their elderly relative and his retirement home friends who are trapped and fighting off a zombie attack during a zombie apocalypse in the East End of London.,[],[],https://image.tmdb.org/t/p/w500/xZPIZb81NSlF1zJhWqne4dKwtxC.jpg
Salmon Fishing in the Yemen,2012,6.42,916,5.2601,A fisheries expert is approached by a consultant to help realize a sheik's vision of bringing the sport of fly-fishing to the desert and embarks on an upstream journey of faith and fish to prove the impossible possible.,[],[],https://image.tmdb.org/t/p/w500/tSmZAKh1H80AGERgMOvXAWTwbVQ.jpg
An Officer and a Murderer,2012,5.4,19,4.9331,"The true story of Colonel Russell Williams, one Canada’s most powerful and respected Air Force Officers, who committed numerous brutal crimes and was eventually brought down by a tenacious small town police detective.",[],[],https://image.tmdb.org/t/p/w500/tYcIJT4FcE90TF2c7YbIQQ8ni4K.jpg
Thomas and Friends: Up Up & Away!,2012,6.0,1,3.5123,"Thomas and Percy have a special Special as they try and try again to bring balloons to Mr. Bubbles' Big Balloon Show. At the Children's Steam Fair, Emily learns there are great rewards - and laughs - in helping others, Kevin tries his hook at Hide and Peep, and Thomas has a wonky whistle! Up, up and away for exciting adventures with Thomas & Friends!",[],[],https://image.tmdb.org/t/p/w500/y2lPX1oUYfTGw7mJJn6Q0zzk3ca.jpg
The Best Exotic Marigold Hotel,2012,6.954,1401,5.2648,"British retirees travel to India to take up residence in what they believe is a newly restored hotel. Less luxurious than its advertisements, the Marigold Hotel nevertheless slowly begins to charm in unexpected ways as the residents find new purpose in their old age.",[],[],https://image.tmdb.org/t/p/w500/gNWiOKTWDvPTpr7QfPWk18gLftz.jpg
Alex Cross,2012,5.149,748,5.2471,"Alex Cross, a genius homicide detective/psychologist is trying to clean up the mean streets of Detroit while keeping his family out of the line of fire. As he mulls over accepting a job with the FBI, he is told that a friend has been murdered and he vows to track down the killer. Soon, he and his team are forced to match wits with a psychotic contract killer, who displays a disturbing commitment towards seeing his job through.",[],[],https://image.tmdb.org/t/p/w500/bQYXid9o6nunJBgmmjo6JFIQe1p.jpg
Diary of a Wimpy Kid: Dog Days,2012,6.336,1019,5.4412,"It's summertime, and Greg Heffley is looking forward to playing video games and spending time with his friends. However, Greg's dad has other plans: He's decided that some father-son bonding time is in order. Desperate to prevent his dad from ruining summer vacation, Greg pretends he has a job at a ritzy country club. But Greg's plan backfires, leaving him in the middle of embarrassing mishaps and a camping trip gone wrong.",[],[],https://image.tmdb.org/t/p/w500/zGtie23gOL8H6dJvXRNdmCtscRq.jpg
Hick,2012,5.705,439,3.9396,A pistol-packing teen meets an unstable rebel and a cocaine-snorting drifter as she hitchhikes her way out West.,[],[],https://image.tmdb.org/t/p/w500/ziXCRCci5BFLEUwSgO0V83M9LGw.jpg
American Psycho Tour Documentary,2012,7.0,2,4.4514,"Cameras follow musical acts, Insane Clown Posse and Twiztid, as they travel across the United States performing at 35 cities in 35 days.",[],[],https://image.tmdb.org/t/p/w500/51HGu4qbSZU5AW5L0ztBtoKWdTY.jpg
Songs for Amy,2012,2.667,3,4.6904,"Sean O'Malley, a struggling Irish musician, writes an album for the love of his life in an attempt to redeem himself, with the help and hindrance of his misfit band mates.",[],[],https://image.tmdb.org/t/p/w500/fbxUPhPTGoIwlufxyZwVCB5THKX.jpg
The Samaritan,2012,5.47,216,5.0056,"After twenty years in prison, Foley is finished with the grifter's life. When he meets an elusive young woman named Iris, the possibility of a new start looks real. But his past is proving to be a stubborn companion.",[],[],https://image.tmdb.org/t/p/w500/oimc19nfcUTPveC85EhPyQUQ3CE.jpg
Premium Rush,2012,6.337,2199,5.5283,"In Manhattan, a bike messenger picks up an envelope that attracts the interest of a dirty cop, who pursues the cyclist throughout the city.",[],[],https://image.tmdb.org/t/p/w500/gHnGhJmE0LByOd4RS2mOASmUqQu.jpg
Radio Rebel,2012,6.178,832,5.4217,"High school senior Tara is so painfully shy that she dreads speaking to anyone in the hallways or getting called on in class. But in the privacy of her bedroom with her iPod in hand, she rocks out -- doing mock broadcasts for Miami's hottest FM radio station, which happens to be owned by her stepfather. When a slot opens up at The SLAM, Tara surprises herself by blossoming behind the mike into confident, ""Radio Rebel"" -- and to everyone's shock, she's a hit!",[],[],https://image.tmdb.org/t/p/w500/wycDdx2BrdNKlyTZoZT8uLeu6dq.jpg
The Iceman,2013,6.558,1080,4.8287,"The true story of Richard Kuklinski, the notorious contract killer and family man.",[],[],https://image.tmdb.org/t/p/w500/56KPE9tPYh2WBdnUMq9EIOwEXGQ.jpg
Monster High: Escape from Skull Shores,2012,7.705,112,4.9555,"It's officially Spring Break at Monster High, and Lagoona takes her gilfriends across the sea to the Great Barrier Reef, but they are ship wrecked and end up on a mysterious skull shaped island. At Skull Shores, they enjoy the local hospitality until they realize that they are being used by a slippery showman named Farnum to lure the rarest, most mysterious monster of them all, ""the Beast.”",[],[],https://image.tmdb.org/t/p/w500/ddyQjIlKdBtw7kWQ6lZofxOCIJU.jpg
The Sessions,2012,6.876,579,5.1055,"Though a childhood bout with polio left him dependent on an iron lung, Mark O'Brien maintains a career as a journalist and poet. A writing assignment dealing with sex and the disabled piques Mark's curiosity, and he decides to investigate the possibility of experiencing sex himself. When his overtures toward a caregiver scare her away, he books an appointment with sex surrogate Cheryl Cohen-Greene to lose his virginity.",[],[],https://image.tmdb.org/t/p/w500/57o1DBc5DfJXVc8wArAblSbZ8sD.jpg
On the Shoulders of Giants,2012,10.0,1,4.5443,"Starship Andromeda propelled by the revolutionary new Einstein-Rosen (ER) drive completes its maiden voyage and is swiftly reassigned to rescue the top-secret research vessel Leviathan, which disappeared fifteen years earlier. The Andromeda's crew locates the missing ship but quickly discover the Leviathan's mysterious sole survivor harbours terrifying secrets...",[],[],https://image.tmdb.org/t/p/w500/5qLQLGLnr0frJKirGFR15iPaCyZ.jpg
The Three Stooges,2012,5.811,618,5.2754,"Left on the doorstep of an orphanage run by nuns, three newborn knuckleheads grow up to be finger-poking, nyuk-nyuking janitors named Larry, Curly and Moe. When they learn that financial problems will soon force the only home they've ever known to close, the trio sets out to raise $830,000 in one month. Out in the world for the very first time, the three innocent bumblers become embroiled in a murder plot and find stardom on a TV reality show.",[],[],https://image.tmdb.org/t/p/w500/b0nNQCL90RGTwjxLEFsFFLQZKNe.jpg
Fire with Fire,2012,5.683,704,5.0339,A fireman takes an unexpected course of action when a man whom he's been ordered to testify against—after being held up at a local convenience store—threatens him.,[],[],https://image.tmdb.org/t/p/w500/kziBJGQFo9f0Vkj9s37qI0G9I0I.jpg
Playing for Keeps,2012,5.657,705,5.814,A former sports star who's fallen on hard times starts coaching his son's soccer team in an attempt to get his life together.,[],[],https://image.tmdb.org/t/p/w500/jYv6MqOoAIpxZd6ydJ4S5S2QHDZ.jpg
The Imposter,2012,7.309,758,5.2276,"In 1994 a 13-year-old boy disappeared without a trace from his home in San Antonio, Texas. Three-and-a-half years later he is found alive thousands of miles away in a village in southern Spain with a horrifying story of kidnap and torture. His family is overjoyed to bring him home. But all is not quite as it seems.",[],[],https://image.tmdb.org/t/p/w500/fq1MMkiKjCLUO0rZf8FL1JdjHAw.jpg
Upside Down,2012,6.277,2545,4.6857,"In an alternate universe where twinned worlds have opposite gravities, a young man battles interplanetary prejudice and the laws of physics in his quest to reunite with the long-lost girl of his dreams in this visually stunning romantic adventure that poses the question: what if love was stronger than gravity?",[],[],https://image.tmdb.org/t/p/w500/wImo0dC72HRoI5QO85dGavmxW6q.jpg
Moonrise Kingdom,2012,7.678,6107,4.9319,"Set on an island off the coast of New England in the summer of 1965, Moonrise Kingdom tells the story of two twelve-year-olds who fall in love, make a secret pact, and run away together into the wilderness. As various authorities try to hunt them down, a violent storm is brewing off-shore – and the peaceful island community is turned upside down in more ways than anyone can handle.",[],[],https://image.tmdb.org/t/p/w500/y4SXcbNl6CEF2t36icuzuBioj7K.jpg
Sofia the First: Once Upon a Princess,2012,7.446,121,5.2066,"Set in the storybook world of Enchancia, the music-filled movie follows Sofia, an average girl whose life suddenly changes when her mother marries the king and she is whisked off to live in a castle with her mom, new step-father, King Roland II, and step-siblings, Amber and James. Along the way this ordinary girl learns to navigate the extraordinary life of royalty, and in the process makes everyone around her feel special.",[],[],https://image.tmdb.org/t/p/w500/5MGUoGtlOK646iHo8sJLyDSrpDC.jpg
Snow White: A Deadly Summer,2012,3.8,28,5.4583,A troubled teenage girl finds herself in a web of lies and deceit when her stepmother attempts to murder her by sending her to a discipline camp.,[],[],https://image.tmdb.org/t/p/w500/9X1rn2qC3ltQjZdclPINTWIAX7Y.jpg
Black Rock,2012,4.832,241,4.4979,Three childhood friends set aside their personal issues and reunite for a girls’ weekend on a remote island off the coast of Maine. One wrong move turns their weekend getaway into a deadly fight for survival.,[],[],https://image.tmdb.org/t/p/w500/dkUDpTgP634Mt7fl2rR5N7P9HRS.jpg
Hatfields and McCoys:  Bad Blood,2012,6.1,37,4.7014,"In this bloody long-standing feud, two families seek vengeance against each other as they unmercifully attempt to destroy each other's loved ones.",[],[],https://image.tmdb.org/t/p/w500/1h8ZdK7zFKFDTvx3gjAw64xg0WG.jpg
American Warships,2012,3.5,63,4.0905,"When an alien force wages war on Earth, only the crew of the USS Iowa - the last American battleship, stands in their way.",[],[],https://image.tmdb.org/t/p/w500/2um206PiWGGckB6mXcXDNOlcO7b.jpg
The Wilding,2012,6.067,15,4.7344,"When juvenile inmate Malcolm is offered a chance at parole, he is torn between his chance for freedom and protecting the one he loves.",[],[],https://image.tmdb.org/t/p/w500/5sWfRtT3qrRJa7ivb4UKQfuR5UI.jpg
The Dog Who Saved the Holidays,2012,4.6,17,4.701,"It's a sun-soaked holiday season for the Bannister family as they travel to Southern California to stay with Aunt Barbara, who surprises them with a new puppy named Eve. Everyone is smitten with Eve -- except for the Bannister's dog, Zeus, who sees what a mischievous animal she is when no one else is around. After deciding to run away, Zeus sees Ted and Stewey, two thrifty thieves, trying to break into the family home while the Bannisters are at church. It's up to Zeus and his newest sister Eve to join together to save the holidays for their family!",[],[],https://image.tmdb.org/t/p/w500/bBgYdui5kwyykzJqYwX6ijv1Jn3.jpg
Nature Calls,2012,4.098,46,5.1921,"Polar-opposite brothers Randy and Kirk never saw eye-to-eye, but their rivalry is taken to a new level when Randy hijacks Kirk's son's sleepover, taking the boys on a Scout Trip to remember.",[],[],https://image.tmdb.org/t/p/w500/xq20qo5gj5eMnDY0bdZDktrLyrl.jpg
Maniac,2012,6.028,972,4.9414,"As he helps a young artist with her upcoming exhibition, the owner of a mannequin shop's deadly, suppressed desires come to the surface.",[],[],https://image.tmdb.org/t/p/w500/nbDkRvhmbYnHDXkoq0sF0PLeo8j.jpg
Man on a Ledge,2017,6.431,2705,5.1149,"An ex-cop turned con threatens to jump to his death from a Manhattan hotel rooftop. The NYPD dispatch a female police psychologist to talk him down. However, unbeknownst to the police on the scene, the suicide attempt is a cover for the biggest diamond heist ever pulled.",[],[],https://image.tmdb.org/t/p/w500/zGVGAupxcQMZjzWhCTaswjPbpH2.jpg
Hyde Park on Hudson,2012,5.234,203,5.2249,"The story of the love affair between FDR and his distant cousin Margaret Stuckley, centered around the weekend in 1939 when the King and Queen of the United Kingdom visited upstate New York.",[],[],https://image.tmdb.org/t/p/w500/fPqQ4lM1f4bkbpJ9J5Gt8QJRY5D.jpg
This Means War,2012,6.181,3489,5.3276,Two top CIA operatives wage an epic battle against one another after they discover they are dating the same woman.,[],[],https://image.tmdb.org/t/p/w500/7d1hwECRc1NZlGfAeYE42ki7Fem.jpg
Big Miracle,2012,6.708,510,5.5868,A small-town news reporter and a Greenpeace volunteer enlist the help of rival superpowers to save three majestic gray whales trapped under the ice of the Arctic Circle.,[],[],https://image.tmdb.org/t/p/w500/hqdrgC5oHK06DDaAlulReUC7Nog.jpg
Hit & Run,2012,5.709,559,4.9714,"When former getaway driver Charlie Bronson jeopardises his Witness Protection Plan identity in order to help his girlfriend get to Los Angeles, the feds and Charlie's former gang chase them on the road.",[],[],https://image.tmdb.org/t/p/w500/2n3FTpj2AmucfvgZ5tunZxZ2Jvf.jpg
Dangerous Deception: Tales of the Fixer,2012,0.0,0,4.2958,The Fixer and Yeb-Beb encounter the Cult of Nyarlathotep whose leader has joined forces with a mysterious stranger to unleash madness and mysticism.,[],[],https://image.tmdb.org/t/p/w500/seYW5rUFtzN7BFeuW8MxEYVFHBo.jpg
Justice League: Doom,2012,7.413,907,5.5356,"An adaptation of Mark Waid's ""Tower of Babel"" story from the JLA comic. Vandal Savage steals confidential files Batman has compiled on the members of the Justice League, and learns all their weaknesses.",[],[],https://image.tmdb.org/t/p/w500/6IUhwX2fHPBzsKHpygW50a3tkEw.jpg
Revenge for Jolly!,2012,4.653,49,4.6006,"Harry is having a very, very bad day. He returns home from an all-night drinking binge with his cousin Cecil, to discover that his little dog Jolly...Harry's one true love and the source of light in his dark, solitary life-has been murdered. Brokenhearted and beyond consolation, he vows to track down the dog's murderer at any cost. Armed with a stockpile of firepower in the trunk of his car, he and Cecil embark on a frenzied, alcohol-fueled wild-goose chase, leaving a bloody path of destruction in their wake.",[],[],https://image.tmdb.org/t/p/w500/3LDh44NHhTa27TfO0ntWiilogKo.jpg
Ending the Knight,2012,7.152,33,5.0162,"A comprehensive look into how Director Christopher Nolan and his production team made ""The Dark Knight Rises"" the epic conclusion to the Dark Knight legend. These cover stunts and action, production/vehicle design, various effects, photography and shooting IMAX, sets and locations, sound design and music, story/character areas, cast and performances, and some general thoughts about the series.",[],[],https://image.tmdb.org/t/p/w500/8B5qQ1t9uw97a61oXnRV8u5Nmjf.jpg
Johnny Winter - Live from Japan,2012,0.0,0,5.0956,,[],[],
Mac & Devin Go to High School,2012,6.467,441,4.4411,"A comedy that follows two high school students -- one overachiever struggling to write his valedictorian speech, the other a senior now going on his 15th year of school.",[],[],https://image.tmdb.org/t/p/w500/x3G4ft7cAWsnXjFPC5D5ruvGaOg.jpg
Parental Guidance,2012,5.98,470,4.5133,Artie and Diane agree to look after their three grandkids when their type-A helicopter parents need to leave town for work. Problems arise when the kids' 21st-century behavior collides with Artie and Diane's old-school methods.,[],[],https://image.tmdb.org/t/p/w500/815zxi87kTUvleFHjnE5SNzWmVZ.jpg
The Dinosaur Project,2012,5.779,315,4.7587,Found footage of an expedition into the Congo jungle where a team of explorers stumbles upon a colony of Dinosaurs.,[],[],https://image.tmdb.org/t/p/w500/qmMoPP8hSFbxzLn3Tt9UonPsma9.jpg
Divorce Invitation,2012,4.4,31,4.4094,"'Divorce Invitation' centers on Mike Christian, a happily married man who runs into his high school sweetheart Alex, and after all these years, sparks still fly. When Mike is determined Alex is his true soul mate, he realizes he has a huge problem-he signed an iron-clad pre-nuptial agreement and his wife will not let him out of the marriage",[],[],https://image.tmdb.org/t/p/w500/1Au4jGHUKvckHAbuZd9bgchFetY.jpg
The Cloth,2012,2.486,37,5.468,Action/horror story centered on a secret organization formed by the Catholic Church to counteract the rising number of cases of demonic possessions across the country. The story follows a young godless man who is being recruited into the cloth in order to prepare a new generation with the tools needed to stop the rise of the ultimate evil; Beelzebub.,[],[],https://image.tmdb.org/t/p/w500/o1UMaleuGx3BaUJMtZtB0JsjuKV.jpg
Fat Kid Rules The World,2012,6.8,37,5.1554,A dropout comes to the aid of a chubby and suicidal high-school kid by recruiting him as the drummer for his upstart punk-rock band.,[],[],https://image.tmdb.org/t/p/w500/jG4zHt58EdEfU3roStWjzO9lK7Z.jpg
Hitched for the Holidays,2012,6.4,46,4.9941,"A couple of single adults agree to pose as each others  significant other throughout the holidays to keep their meddling families from harassing them, only to find that their feelings for each other are real.",[],[],https://image.tmdb.org/t/p/w500/33r8ThAUjm8YurFIJDcWEpZHQcV.jpg
The Fitzgerald Family Christmas,2012,6.1,23,4.2933,The siblings of the Fitzgerald family must decide if the dad who abandoned them 20 years ago can come home for Christmas. Can the big Irish clan get past their grievances to be a family again?,[],[],https://image.tmdb.org/t/p/w500/oSKSougUd20bblwrKrxfy6I2wu0.jpg
The Vow,2012,7.2,4155,5.1682,"Happy young married couple Paige and Leo are, well, happy. Then a car accident puts Paige into a life-threatening coma. Upon awakening she has lost the previous five years of memories, including those of her beloved Leo, her wedding, a confusing relationship with her parents, or the ending of her relationship with her ex-fiance. Despite these complications, Leo endeavors to win her heart again and rebuild their marriage.",[],[],https://image.tmdb.org/t/p/w500/y5GUXzTvt7kSQbdQrSvbYNoa8HB.jpg
Rise of the Zombies,2012,4.257,101,4.9878,"When zombies overrun San Francisco, a desperate group survives by locking themselves inside Alcatraz Prison. When the undead breach the island, our heroes are forced to return to the mainland overrun with the undead.",[],[],https://image.tmdb.org/t/p/w500/aGyeGL033oG4eVaf0CiXNqdUTbH.jpg
Tooth Fairy 2,2012,4.932,168,4.2233,"Larry Guthrie, who loses his first love to the town hot shot, decides to win her back by volunteering with the children at her after-school program. When Larry accidentally tells the kids the Tooth Fairy is make-believe, he soon is transformed into a tutu-clad fairy with the ""sentence"" of collecting teeth.",[],[],https://image.tmdb.org/t/p/w500/oIkcTCUdvc5fDyG2IxdCd26hRQ7.jpg
Bending The Rules,2012,5.4,70,4.4648,"Detective Nick Blades is a New Orleans cop on trial for corruption. Assistant District Attorney Theo Gold is the man in charge of putting him behind bars. When these two unlikely partners from opposite sides of the law stumble onto a criminal plot, they’ll need to rely on luck – and patience – to take down a dangerous killer without killing each other first.",[],[],https://image.tmdb.org/t/p/w500/wm4nEaTcOXwVlh3OAeSFkhqtP6o.jpg
The Bitter Buddha,2012,7.6,7,4.4785,"The Documentary takes an unconventional journey through the life of one of America's most original comedic voices. Eddie Pepitone, ""The Bitter Buddha"", is looked at in this portrait of creativity, enlightenment and rage.",[],[],https://image.tmdb.org/t/p/w500/caqIC68vRZJzHtxQnRlF4EVoMDi.jpg
Baby Dolls Behind Bars,2012,4.346,13,4.86,"Ditzy police cadet Sissy goes undercover in a maximum security prison to get the goods on world famous jewel thief, Maggie. Once inside she uncovers a devious plot headed up by the wicked Warden.",[],[],https://image.tmdb.org/t/p/w500/oreU3eQzl3HAIq5sf0uBYXNreTK.jpg
Orphan of the Past,2012,5.0,1,4.6947,"After being sentenced to community service, Sara begins working with Artur, a lonely septuagenarian in a wheelchair.",[],[],
10 Terrorists,2012,5.0,1,4.3856,"Questioning the world we live in. An outrageous Los Angeles producer sets out to make the most extreme and controversial Reality Television show ever, but gets more than he bargained for.",[],[],https://image.tmdb.org/t/p/w500/5Ejysgn2oitDUnLl0cYvAMLo3MU.jpg
Here Comes the Boom,2012,6.211,1522,4.849,A high school biology teacher moonlights as a mixed-martial arts fighter in an effort to raise money to save the school's music program.,[],[],https://image.tmdb.org/t/p/w500/g3ZjNkQP4M7Cs0clPD9q7EO2P1g.jpg
Monster High: Friday Night Frights,2012,7.7,145,4.9765,"After  Monster High’s roller skating team is defeated at the Skulltimate Roller Maze tournament, the ghouls team up to face an all-boys league, with the hope of winning back the school crest and restoring school spirit.",[],[],https://image.tmdb.org/t/p/w500/pzx9RCMkS9Siap03SXYheNqUtF1.jpg
The Conjuring,2013,7.54,12283,30.2902,"Paranormal investigators Ed and Lorraine Warren work to help a family terrorized by a dark presence in their farmhouse. Forced to confront a powerful entity, the Warrens find themselves caught in the most terrifying case of their lives.",[],[],https://image.tmdb.org/t/p/w500/wVYREutTvI2tmxr6ujrHT704wGF.jpg
Frozen,2013,7.248,17137,24.2007,"Young princess Anna of Arendelle dreams about finding true love at her sister Elsa’s coronation. Fate takes her on a dangerous journey in an attempt to end the eternal winter that has fallen over the kingdom. She's accompanied by ice delivery man Kristoff, his reindeer Sven, and snowman Olaf. On an adventure where she will find out what friendship, courage, family, and true love really means.",[],[],https://image.tmdb.org/t/p/w500/itAKcobTYGpYT8Phwjd8c9hleTo.jpg
The Wolf of Wall Street,2014,8.027,25097,24.2409,"A New York stockbroker refuses to cooperate in a large securities fraud case involving corruption on Wall Street, corporate banking world and mob infiltration. Based on Jordan Belfort's autobiography.",[],[],https://image.tmdb.org/t/p/w500/kW9LmvYHAaS9iA0tHmZVq8hQYoq.jpg
Prisoners,2013,8.099,12520,18.1853,"Keller Dover is facing every parent’s worst nightmare. His six-year-old daughter, Anna, is missing, together with her young friend, Joy, and as minutes turn to hours, panic sets in. The only lead is a dilapidated RV that had earlier been parked on their street.",[],[],https://image.tmdb.org/t/p/w500/jsS3a3ep2KyBVmmiwaz3LvK49b1.jpg
Iron Man 3,2013,6.93,22893,19.2355,"When Tony Stark's world is torn apart by a formidable terrorist called the Mandarin, he starts an odyssey of rebuilding and retribution.",[],[],https://image.tmdb.org/t/p/w500/qhPtAc1TKbMPqNvcdXSOn9Bn7hZ.jpg
Man of Steel,2013,6.638,15731,17.8782,"A young boy learns that he has extraordinary powers and is not of this earth. As a young man, he journeys to discover where he came from and what he was sent here to do. But the hero in him must emerge if he is to save the world from annihilation and become the symbol of hope for all mankind.",[],[],https://image.tmdb.org/t/p/w500/8GFtkImmK0K1VaUChR0n9O61CFU.jpg
The Ultimate Life,2013,7.03,82,16.2239,"Despite his best intentions, billionaire Jason Stevens can’t find enough time to keep his beloved Alexia a priority. But when he discovers his late grandfather’s journal, he is transported back to Red Stevens’ incredible world. With everything he loves hanging in the balance, Jason Stevens hopes the past will prepare him well for the future.",[],[],https://image.tmdb.org/t/p/w500/lRjea5SWCiKzDIpgNDzyvyOSTp.jpg
Nymphomaniac: Vol. II,2013,6.709,3031,14.6024,The continuation of Joe's sexually dictated life delves into the darker aspects of her adult life and what led to her being in Seligman's care.,[],[],https://image.tmdb.org/t/p/w500/iLUNqgNKuWn667kXCKztSxYbT3k.jpg
Grown Ups 2,2013,6.146,4522,15.5986,"Lenny has relocated his family back to the small town where he and his friends grew up. This time around, the grown ups are the ones learning lessons from their kids on a day notoriously full of surprises—the last day of school.",[],[],https://image.tmdb.org/t/p/w500/hT6ijOtjtYrnyDhN7VA2QWyGFAm.jpg
World War Z,2013,6.824,16027,14.1992,"Life for former United Nations investigator Gerry Lane and his family seems content. Suddenly, the world is plagued by a mysterious infection turning whole human populations into rampaging mindless zombies. After barely escaping the chaos, Lane is persuaded to go on a mission to investigate this disease. What follows is a perilous trek around the world where Lane must brave horrific dangers and long odds to find answers before human civilization falls.",[],[],https://image.tmdb.org/t/p/w500/aCnVdvExw6UWSeQfr0tUH3jr4qG.jpg
Now You See Me,2013,7.332,16087,15.8109,An FBI agent and an Interpol detective track a team of illusionists who pull off bank heists during their performances and reward their audiences with the money.,[],[],https://image.tmdb.org/t/p/w500/tWsNYbrqy1p1w6K9zRk0mSchztT.jpg
Pacific Rim,2013,6.914,12942,14.9428,"Using massive piloted robots to combat the alien threat, earth's survivors take the fight to the invading alien force lurking in the depths of the Pacific Ocean. Nearly defenseless in the face of the relentless enemy, the forces of mankind have no choice but to turn to two unlikely heroes who now stand as earth's final hope against the mounting apocalypse.",[],[],https://image.tmdb.org/t/p/w500/mmznhaQDwlHWpUwKuNxtQiubbmM.jpg
Despicable Me 2,2013,6.936,11685,13.6501,Gru is recruited by the Anti-Villain League to help deal with a powerful new super criminal.,[],[],https://image.tmdb.org/t/p/w500/oyMPJJZoOpLHgJoFPUOn6DgkbWJ.jpg
Jack the Giant Slayer,2013,5.861,5059,15.3103,"The story of an ancient war that is reignited when a young farmhand unwittingly opens a gateway between our world and a fearsome race of giants. Unleashed on the Earth for the first time in centuries, the giants strive to reclaim the land they once lost, forcing the young man, Jack into the battle of his life to stop them. Fighting for a kingdom, its people, and the love of a brave princess, he comes face to face with the unstoppable warriors he thought only existed in legend–and gets the chance to become a legend himself.",[],[],https://image.tmdb.org/t/p/w500/9jSI7saUX9Qz0JLh19jX2ulEwL7.jpg
G.I. Joe: Retaliation,2013,5.648,5632,13.4301,"Framed for crimes against the country, the G.I. Joe team is terminated by Presidential order. This forces the G.I. Joes into not only fighting their mortal enemy Cobra; they are forced to contend with threats from within the government that jeopardize their very existence.",[],[],https://image.tmdb.org/t/p/w500/nZKk8XA0VrvRSdMQvBAF5Nzniwo.jpg
Homefront,2013,6.943,3665,13.4399,"Phil Broker is a former DEA agent who has gone through a crisis after his action against a biker gang went horribly wrong and it cost the life of his boss' son. He is recently widowed and is left with a 9-years-old daughter, Maddy. He decides to quit the turbulent and demanding life of thrill for Maddy's sake and retires to a small town. His daughter fights off a boy who was bullying her at school and this sets in motion a round of events that end in his direct confrontation with the local Meth drug lord. His past history with the biker gang also enters the arena, making matters more complex. But he has a mission in his mind to protect his daughter and he is ready to pay any cost that it demands.",[],[],https://image.tmdb.org/t/p/w500/6pF8D9bDIAmuHgCqGKEfuNWRQam.jpg
The Hobbit: The Desolation of Smaug,2013,7.574,13707,13.642,"The Dwarves, Bilbo and Gandalf have successfully escaped the Misty Mountains, and Bilbo has gained the One Ring. They all continue their journey to get their gold back from the Dragon, Smaug.",[],[],https://image.tmdb.org/t/p/w500/xQYiXsheRCDBA39DOrmaw1aSpbk.jpg
The Purge,2013,6.253,8624,13.1744,"Given the country's overcrowded prisons, the U.S. government begins to allow 12-hour periods of time in which all illegal activity is legal. During one of these free-for-alls, a family must protect themselves from a home invasion.",[],[],https://image.tmdb.org/t/p/w500/46X1ei9uf13nkkr0OhWldGyr5Uh.jpg
Her,2014,7.846,14820,12.7581,"In the not so distant future, Theodore, a lonely writer, purchases a newly developed operating system designed to meet the user's every need. To Theodore's surprise, a romantic relationship develops between him and his operating system. This unconventional love story blends science fiction and romance in a sweet tale that explores the nature of love and the ways that technology isolates and connects us all.",[],[],https://image.tmdb.org/t/p/w500/eCOtqtfvn7mxGl6nfmq4b1exJRc.jpg
About Time,2013,7.911,8920,12.298,"The night after another unsatisfactory New Year's party, Tim's father tells his son that the men in his family have always had the ability to travel through time. They can't change history, but they can change what happens and has happened in their own lives. Thus begins the start of a lesson in learning to appreciate life itself as it is, as it comes, and most importantly, the people living alongside us.",[],[],https://image.tmdb.org/t/p/w500/iR1bVfURbN7r1C46WHFbwCkVve.jpg
The Hunger Games: Catching Fire,2013,7.427,17964,10.3613,"After surviving the Hunger Games, Katniss and Peeta struggle with the consequences of their victory as unrest spreads across Panem. Forced back into the spotlight, they become symbols of hope and resistance while the Capitol prepares a new and deadly challenge that will change the future of the nation forever.",[],[],https://image.tmdb.org/t/p/w500/vrQHDXjVmbYzadOXQ0UaObunoy2.jpg
We're the Millers,2013,6.837,9194,11.511,A veteran pot dealer creates a fake family as part of his plan to move a huge shipment of weed into the U.S. from Mexico.,[],[],https://image.tmdb.org/t/p/w500/qF2LJ0jwWrtXSuT4AFD5OS2IqaT.jpg
Hansel & Gretel: Witch Hunters,2013,6.094,6927,10.72,"After getting a taste for blood as children, Hansel and Gretel have become the ultimate vigilantes, hell-bent on retribution. Now, unbeknownst to them, Hansel and Gretel have become the hunted, and must face an evil far greater than witches... their past.",[],[],https://image.tmdb.org/t/p/w500/j343Rpj3WeNvP0SV80zveve70io.jpg
Thor: The Dark World,2013,6.511,17889,10.3857,"Thor fights to restore order across the cosmos… but an ancient race led by the vengeful Malekith returns to plunge the universe back into darkness. Faced with an enemy that even Odin and Asgard cannot withstand, Thor must embark on his most perilous and personal journey yet, one that will reunite him with Jane Foster and force him to sacrifice everything to save us all.",[],[],https://image.tmdb.org/t/p/w500/wp6OxE4poJ4G7c0U2ZIXasTSMR7.jpg
The Hangover Part III,2013,6.209,8955,9.788,"This time, there's no wedding. No bachelor party. What could go wrong, right? But when the Wolfpack hits the road, all bets are off.",[],[],https://image.tmdb.org/t/p/w500/vtxuPWkdllLNLVyGjKYa267ntuH.jpg
Rush,2013,7.726,7525,10.4869,"In the 1970s, a rivalry propels race car drivers Niki Lauda and James Hunt to fame and glory — until a horrible accident threatens to end it all.",[],[],https://image.tmdb.org/t/p/w500/cyfncP1YKDNcGb0agE7RQr6UOYr.jpg
This Is the End,2013,6.233,6595,9.5515,"While attending a party at James Franco's house, Seth Rogen, Jay Baruchel and many other celebrities are faced with the apocalypse.",[],[],https://image.tmdb.org/t/p/w500/tNIW0NhX1hKvUsy6PQ80DOKUhkD.jpg
The Croods,2013,6.927,7324,10.0655,"The prehistoric Croods family live in a particularly dangerous moment in time. Patriarch Grug, his mate Ugga, teenage daughter Eep, son Thunk, and feisty Gran gather food by day and huddle together in a cave at night. When a more evolved caveman named Guy arrives on the scene, Grug is distrustful, but it soon becomes apparent that Guy is correct about the impending destruction of their world.",[],[],https://image.tmdb.org/t/p/w500/27zvjVOtOi5ped1HSlJKNsKXkFH.jpg
Don Jon,2013,6.017,4449,10.1211,"A New Jersey guy dedicated to his family, friends, and church, develops unrealistic expectations from watching porn and works to find happiness and intimacy with his potential true love.",[],[],https://image.tmdb.org/t/p/w500/uh8bwvgGXeUKzdL4oSul9zxyTcd.jpg
Monsters University,2013,7.043,11013,10.0309,A look at the relationship between Mike and Sulley during their days at Monsters University — when they weren't necessarily the best of friends.,[],[],https://image.tmdb.org/t/p/w500/y7thwJ7z5Bplv6vwl6RI0yteaDD.jpg
The Secret Life of Walter Mitty,2013,7.206,7948,9.8248,A timid magazine photo manager who lives life vicariously through daydreams embarks on a true-life adventure when a negative goes missing.,[],[],https://image.tmdb.org/t/p/w500/tY6ypjKOOtujhxiSwTmvA4OZ5IE.jpg
The Heat,2013,6.594,4065,8.5115,"Uptight and straight-laced, FBI Special Agent Sarah Ashburn is a methodical investigator with a reputation for excellence--and hyper-arrogance. Shannon Mullins, one of Boston P.D.'s ""finest,"" is foul-mouthed and has a very short fuse, and uses her gut instinct and street smarts to catch the most elusive criminals. Neither has ever had a partner, or a friend for that matter. When these two wildly incompatible law officers join forces to bring down a ruthless drug lord, they become the last thing anyone expected: buddies.",[],[],https://image.tmdb.org/t/p/w500/yERBa1y5zNUOTRKQPiDCPIc2fuv.jpg
A Haunted House,2013,5.947,1980,9.414,"Malcolm and Kisha move into their dream home, but soon learn a demon also resides there. When Kisha becomes possessed, Malcolm - determined to keep his sex life on track - turns to a priest, a psychic, and a team of ghost-busters for help in this spoof of all the ""found-footage/documentary style"" films released in recent years.",[],[],https://image.tmdb.org/t/p/w500/tpw6kvuAJBo1CGRw1Bwdz1KU0hc.jpg
2 Guns,2013,6.539,4322,8.5051,A DEA agent and an undercover Naval Intelligence officer who have been tasked with investigating one another find they have been set up by the mob -- the very organization the two men believe they have been stealing money from.,[],[],https://image.tmdb.org/t/p/w500/ptURGAFktibhk7DEAbMazlmNqWa.jpg
Scary Movie 5,2013,4.806,2905,9.1423,"Home with their newly-formed family, happy parents Dan and Jody are haunted by sinister, paranormal activities. Determined to expel the insidious force, they install security cameras and discover their family is being stalked by an evil dead demon.",[],[],https://image.tmdb.org/t/p/w500/9WNozxN2UVf7rA73FJBWdWJZhfP.jpg
12 Years a Slave,2014,7.938,11640,9.0287,"In the pre-Civil War United States, Solomon Northup, a free black man from upstate New York, is abducted and sold into slavery. Facing cruelty as well as unexpected kindnesses Solomon struggles not only to stay alive, but to retain his dignity. In the twelfth year of his unforgettable odyssey, Solomon’s chance meeting with a Canadian abolitionist will forever alter his life.",[],[],https://image.tmdb.org/t/p/w500/xdANQijuNrJaw1HA61rDccME4Tm.jpg
Parker,2021,6.07,3158,8.8389,"A thief with a unique code of professional ethics is double-crossed by his crew and left for dead. Assuming a new disguise and forming an unlikely alliance with a woman on the inside, he looks to hijack the score of the crew's latest heist.",[],[],https://image.tmdb.org/t/p/w500/u1cl4RsdqMjolVVsHwiLRPN1CT2.jpg
Escape Plan,2013,6.723,5381,9.8938,"Ray Breslin is the world's foremost authority on structural security. After analyzing every high security prison and learning a vast array of survival skills so he can design escape-proof prisons, his skills are put to the test. He's framed and incarcerated in a master prison he designed himself. He needs to escape and find the person who put him behind bars.",[],[],https://image.tmdb.org/t/p/w500/qOZPLflxDqKogu9v9hYw3lolxGs.jpg
Ninja: Shadow of a Tear,2013,6.646,403,8.5715,"Fight everyone and trust no one: it's the code of survival practiced by martial-arts master Casey Bowman after his life of domestic bliss is shattered by a savage act of violence. Vowing revenge, the fearless American stealthily tracks the killer from Osaka to Bangkok to Rangoon with the help of a wise and crafty sensei. His only clues: a series of victims whose necks bear the distinctive mark of strangulation by barbed wire. Fighting to avenge as well as to survive, Casey must sharpen his razor-like responses and take his battle skills to the next level, even using deep meditation to fake his own death. His target: the sinister drug lord Goro, who is flooding the streets with deadly meth cooked at his remote jungle factory. To prepare for his ultimate confrontation, Casey must finally become an invisible warrior worthy of the name Ninja. But just when his prey is cornered, an unexpected twist shows Casey that his battle is only beginning: he truly can trust no one.",[],[],https://image.tmdb.org/t/p/w500/f4i1wzuyFXv6NHREAy4fPPGSH7E.jpg
Evil Dead,2013,6.6,4839,8.046,"Mia, a drug addict, is determined to kick the habit. To that end, she asks her brother, David, his girlfriend, Natalie and their friends Olivia and Eric to accompany her to their family's remote forest cabin to help her through withdrawal. Eric finds a mysterious Book of the Dead at the cabin and reads aloud from it, awakening an ancient demon. All hell breaks loose when the malevolent entity possesses Mia.",[],[],https://image.tmdb.org/t/p/w500/1gDV0Lm9y8ufIKzyf0h0GBgb9Zj.jpg
RED 2,2013,6.528,4176,8.4617,Retired C.I.A. agent Frank Moses reunites his unlikely team of elite operatives for a global quest to track down a missing portable nuclear device.,[],[],https://image.tmdb.org/t/p/w500/tbksijr6g340yFWRgI4JfwrtM9h.jpg
The Great Gatsby,2013,7.36,12649,10.0999,"An adaptation of F. Scott Fitzgerald's Long Island-set novel, where Midwesterner Nick Carraway is lured into the lavish world of his neighbor, Jay Gatsby. Soon enough, however, Carraway will see through the cracks of Gatsby's nouveau riche existence, where obsession, madness, and tragedy await.",[],[],https://image.tmdb.org/t/p/w500/nimh1rrDDLhgpG8XAYoUZXHYwb6.jpg
Texas Chainsaw 3D,2013,5.5,1752,9.0483,"A young woman learns that she has inherited a Texas estate from her deceased grandmother. After embarking on a road trip with friends to uncover her roots, she finds she is the sole owner of a lavish, isolated Victorian mansion. But her newfound wealth comes at a price as she stumbles upon a horror that awaits her in the mansion’s dank cellars.",[],[],https://image.tmdb.org/t/p/w500/qaPvvHP1kKlQaUAXQZQAWitqBOT.jpg
Carrie,2013,6.04,4607,8.6374,"An awkward, telekinetic teenage girl is the object of relentless bullying at school and an oppressively religious mother at home.",[],[],https://image.tmdb.org/t/p/w500/kloXz9qwO23z9Kbt3z3MgnjF4xO.jpg
Movie 43,2013,4.626,2421,8.1919,A series of interconnected short films are the backdrop for a maniac screenwriter who pitches insane storylines featuring some of Hollywood's biggest and brightest.,[],[],https://image.tmdb.org/t/p/w500/uYa06GxHsCsELx9vOQ11vsT0Aa6.jpg
Olympus Has Fallen,2013,6.41,6842,9.9367,"When the White House (Secret Service Code: ""Olympus"") is captured by a terrorist mastermind and the President is kidnapped, disgraced former Presidential guard Mike Banning finds himself trapped within the building. As the national security team scrambles to respond, they are forced to rely on Banning's inside knowledge to help retake the White House, save the President and avert an even bigger disaster.",[],[],https://image.tmdb.org/t/p/w500/gKnx04MxnKcf5uOdhHhAAkqcCg.jpg
Oblivion,2013,6.661,11126,8.4879,"Jack Harper is one of the last few drone repairmen stationed on Earth. Part of a massive operation to extract vital resources after decades of war with a terrifying threat known as the Scavs, Jack’s mission is nearly complete. His existence is brought crashing down when he rescues a beautiful  stranger from a downed spacecraft. Her arrival triggers a chain of events that  forces him to question everything he knows and puts the fate of humanity in his hands.",[],[],https://image.tmdb.org/t/p/w500/eO3r38fwnhb58M1YgcjQBd3VNcp.jpg
The Young and Prodigious T.S. Spivet,2013,6.863,849,8.6069,A 10-year-old child prodigy cartographer secretly leaves his family's ranch in Montana where he lives with his cowboy father and scientist mother and travels across the country on board a freight train to receive an award at the Smithsonian Institute.,[],[],https://image.tmdb.org/t/p/w500/pmr4h0ZLguYsvxaVmjS0bguLcnB.jpg
Gravity,2013,7.163,15871,8.2328,"Dr. Ryan Stone, a brilliant medical engineer, is on her first Shuttle mission, with veteran astronaut Matt Kowalsky in command of his last flight before retiring. But on a seemingly routine spacewalk, disaster strikes. The Shuttle is destroyed, leaving Stone and Kowalsky completely alone-tethered to nothing but each other and spiraling out into the blackness of space. The deafening silence tells them they have lost any link to Earth and any chance for rescue. As fear turns to panic, every gulp of air eats away at what little oxygen is left. But the only way home may be to go further out into the terrifying expanse of space.",[],[],https://image.tmdb.org/t/p/w500/kZ2nZw8D681aphje8NJi8EfbL1U.jpg
Pain & Gain,2013,6.277,4636,8.0879,"Daniel Lugo, manager of the Sun Gym in 1990s Miami, decides that there is only one way to achieve his version of the American dream: extortion. To achieve his goal, he recruits musclemen Paul and Adrian as accomplices. After several failed attempts, they abduct rich businessman Victor Kershaw and convince him to sign over all his assets to them. But when Kershaw makes it out alive, authorities are reluctant to believe his story.",[],[],https://image.tmdb.org/t/p/w500/9WqA0Ry9wmTzFvom8mNbcyKZQgP.jpg
The Mortal Instruments: City of Bones,2013,6.435,4553,8.3337,"In New York City, Clary Fray, a seemingly ordinary teenager, learns that she is descended from a line of Shadowhunters — half-angel warriors who protect humanity from evil forces. After her mother disappears, Clary joins forces with a group of Shadowhunters and enters Downworld, an alternate realm filled with demons, vampires, and a host of other creatures. Clary and her companions must find and protect an ancient cup that holds the key to her mother's future.",[],[],https://image.tmdb.org/t/p/w500/zaK1aVn5vXfNwLIDop9U8XA3Q0x.jpg
White House Down,2013,6.465,4942,7.1585,"Capitol Policeman John Cale has just been denied his dream job with the Secret Service protecting President James Sawyer. Not wanting to let down his little girl with the news, he takes her on a tour of the White House, when the complex is overtaken by a heavily armed paramilitary group. Now, with the nation's government falling into chaos and time running out, it's up to Cale to save the president, his daughter, and the country.",[],[],https://image.tmdb.org/t/p/w500/6TeIVKPw7nXXWy2zKmDmlnSwzb7.jpg
All Hallows' Eve,2013,5.648,614,7.7797,"While watching two children on Halloween night, a babysitter finds an old VHS tape in the kids' trick or treat bag. The tape features three tales of terror, all linked together by a murderous clown.",[],[],https://image.tmdb.org/t/p/w500/bSe8CBqK8HkbP6sqZWzcJfQV9Ci.jpg
Crystal Lake Memories: The Complete History of Friday the 13th,2013,7.864,107,7.6303,"Taking inspiration from Peter M. Bracke's definitive book of the same name, this seven-hour documentary dives into the making of all twelve Friday the 13th films, with all-new interviews from the cast and the crew.",[],[],https://image.tmdb.org/t/p/w500/qp9aFykNAJ6qsCbyoGrCkjzkRDY.jpg
Coherence,2013,7.217,3186,7.5852,Four couples gather for dinner the night a mysterious and powerful comet passes overhead.,[],[],https://image.tmdb.org/t/p/w500/ezUtb9m5DeLwL2gxi4gktzNCvQv.jpg
Eden,2013,6.466,221,8.0897,"After a night out with friends, Hyun Jae accepts a late night ride home from a young fire fighter. What begins as a night of promise quickly turns into a nightmare when she is abducted and imprisoned outside Las Vegas as a sex slave.",[],[],https://image.tmdb.org/t/p/w500/6MWSeVg9KESHpS3wXz4uwSlpd3f.jpg
Cloudy with a Chance of Meatballs 2,2013,6.447,3368,7.8029,"After the disastrous food storm in the first film, Flint and his friends are forced to leave the town. Flint accepts the invitation from his idol Chester V to join The Live Corp Company, which has been tasked to clean the island, and where the best inventors in the world create technologies for the betterment of mankind. When Flint discovers that his machine still operates and now creates mutant food beasts like living pickles, hungry tacodiles, shrimpanzees and apple pie-thons, he and his friends must return to save the world.",[],[],https://image.tmdb.org/t/p/w500/ss5NcK2NWFg2YcKKYXLrk8q1myS.jpg
Epic,2013,6.541,2848,8.0689,A teenager finds herself transported to a deep forest setting where a battle between the forces of good and the forces of evil is taking place. She bands together with a rag-tag group characters in order to save their world—and ours.,[],[],https://image.tmdb.org/t/p/w500/81cSsWzjTfR3cJSqnTiHwy1eyPK.jpg
Kick-Ass 2,2013,6.401,6377,7.9274,"After Kick-Ass’ insane bravery inspires a new wave of self-made masked crusaders, he joins a patrol led by the Colonel Stars and Stripes. When these amateur superheroes are hunted down by Red Mist — reborn as The Mother Fucker — only the blade-wielding Hit-Girl can prevent their annihilation.",[],[],https://image.tmdb.org/t/p/w500/1go2A3gdQjaMuHWquybgoJlQRcX.jpg
Oldboy,2013,5.923,2039,7.8757,A man has only three and a half days and limited resources to discover why he was imprisoned in a nondescript room for 20 years without any explanation.,[],[],https://image.tmdb.org/t/p/w500/iX93YdBrZA1EpGbphmjf4ARj1Za.jpg
Elysium,2013,6.513,9240,8.2523,"In the year 2159, two classes of people exist: the very wealthy who live on a pristine man-made space station called Elysium, and the rest, who live on an overpopulated, ruined Earth. Secretary Rhodes, a hard line government ofﬁcial, will stop at nothing to enforce anti-immigration laws and preserve the luxurious lifestyle of the citizens of Elysium. That doesn’t stop the people of Earth from trying to get in, by any means they can. When unlucky Max is backed into a corner, he agrees to take on a daunting mission that, if successful, will not only save his life, but could bring equality to these polarized worlds.",[],[],https://image.tmdb.org/t/p/w500/uiiXHBd9oUrtUa4YqZiAoy05cRz.jpg
Insidious: Chapter 2,2013,6.68,4412,7.6696,The haunted Lambert family seeks to uncover the mysterious childhood secret that has left them dangerously connected to the spirit world.,[],[],https://image.tmdb.org/t/p/w500/w5JjiB3O1CLDXbTJe1QpU5RHmlU.jpg
Stuck in Love,2013,7.373,1968,8.4554,"An acclaimed writer, his ex-wife, and their teenaged children come to terms with the complexities of love in all its forms over the course of one tumultuous year.",[],[],https://image.tmdb.org/t/p/w500/byic4VFVrpPyjDWK54CcsxYWW85.jpg
Ender's Game,2013,6.583,6047,8.3668,"Based on the classic novel by Orson Scott Card, Ender's Game is the story of the Earth's most gifted children training to defend their homeplanet in the space wars of the future.",[],[],https://image.tmdb.org/t/p/w500/vmd3CNeG2B9FXsit61oc7oxabej.jpg
Riddick,2013,6.335,4257,8.3556,"Betrayed by his own kind and left for dead on a desolate planet, Riddick fights for survival against alien predators and becomes more powerful and dangerous than ever before. Soon bounty hunters from throughout the galaxy descend on Riddick only to find themselves pawns in his greater scheme for revenge. With his enemies right where he wants them, Riddick unleashes a vicious attack of vengeance before returning to his home planet of Furya to save it from destruction.",[],[],https://image.tmdb.org/t/p/w500/pUul9pGWOKT7X0smkTvsIEIQxcP.jpg
Captain Phillips,2013,7.538,7217,7.0736,"The true story of Captain Richard Phillips and the 2009 hijacking by Somali pirates of the US-flagged MV Maersk Alabama, the first American cargo ship to be hijacked in two hundred years.",[],[],https://image.tmdb.org/t/p/w500/2x8ida0rHokUv80Ah4eBNb2eXas.jpg
The Family,2013,6.367,3010,7.4813,"After ratting out his Mafia cohorts, Giovanni Manzoni and his family enter the Witness Protection Program and relocate to a sleepy town in France. Despite the best efforts of their handler to keep them in line, Giovanni (now called Fred Blake), his wife and children can't help but resort to doing things the ""family"" way. However, their dependence on such old habits places everyone in danger from vengeful mobsters.",[],[],https://image.tmdb.org/t/p/w500/x2arN02JFsZcDKmBb0SIjG8Smc8.jpg
I Spit on Your Grave 2,2013,6.283,1363,7.1537,"Broke, and in desperate need to update her portfolio, New York City model Katie calls a number from a tear-off flyer offering free photos. But this innocent attempt quickly turns into an unthinkable kidnapping nightmare where she's ripped away from everyone and everything she knows.",[],[],https://image.tmdb.org/t/p/w500/cy3zp7PA4JFq8bT0WwSi8uDlrbD.jpg
Death Race: Inferno,2013,5.855,806,7.5768,"Carl Lucas / Frankenstein has won four of his races and needs to win one more to win his freedom. Before his final race, Lucas and his team, car and all, are transferred to another prison where they will compete in a Death Race in the desert. Also, at the same time, Ceaser runs into a marketer who wants to franchise the Death Race program.",[],[],https://image.tmdb.org/t/p/w500/aRV4oC61nmBqypSaXtMXOk99dOM.jpg
The Crown and the Dragon,2013,5.0,42,6.9007,"In a war-torn country that is plagued by a vicious dragon, Elenn, an arrogant, young noblewoman, accompanies her aunt on a mission to bring an ancient relic to the secret coronation of the rightful king.",[],[],https://image.tmdb.org/t/p/w500/h6SF7r9z7hbWTJW1GM0VRUIvwUn.jpg
Adore,2013,6.117,1002,7.4686,"Lil and Roz are two lifelong friends, having grown up together as neighbors in an idyllic beach town. As adults, their sons have developed a friendship as strong as that which binds their mothers. One summer, all four are confronted by simmering emotions that have been mounting between them, and each find unexpected happiness in relationships that cross the bounds of convention.",[],[],https://image.tmdb.org/t/p/w500/hIQqIeG7Ude0QRUFntdLtsAUEBB.jpg
Escape from Planet Earth,2013,5.745,785,6.5712,Astronaut Scorch Supernova finds himself caught in a trap when he responds to an SOS from a notoriously dangerous alien planet.,[],[],https://image.tmdb.org/t/p/w500/9la0CSCJqwh6io3yk4Xv3aEZxEA.jpg
Star Trek Into Darkness,2013,7.32,9374,6.6455,"When the crew of the Enterprise is called back home, they find an unstoppable force of terror from within their own organization has detonated the fleet and everything it stands for, leaving our world in a state of crisis.  With a personal score to settle, Captain Kirk leads a manhunt to a war-zone world to capture a one man weapon of mass destruction. As our heroes are propelled into an epic chess game of life and death, love will be challenged, friendships will be torn apart, and sacrifices must be made for the only family Kirk has left: his crew.",[],[],https://image.tmdb.org/t/p/w500/7XrRkhMa9lQ71RszzSyVrJVvhyS.jpg
The Butler,2013,7.334,2956,7.4276,"A look at the life of Cecil Gaines, who served eight presidents as the White House's head butler from 1952 to 1986, and had a unique front-row seat as political and racial history was made.",[],[],https://image.tmdb.org/t/p/w500/pAi8Bl3ZKX6pANPVhNwbhbQANop.jpg
Bad Words,2013,6.387,869,7.6597,"Forty-year-old misanthrope, Guy Trilby, enters the National Golden Quill Spelling Bee through a loophole in the rules.",[],[],https://image.tmdb.org/t/p/w500/hZo399sszo6QxEPOmqJiq5NhQeU.jpg
The Lone Ranger,2013,6.115,5988,7.7018,"The Texas Rangers chase down a gang of outlaws led by Butch Cavendish, but the gang ambushes the Rangers, seemingly killing them all. One survivor is found, however, by an American Indian named Tonto, who nurses him back to health. The Ranger, donning a mask and riding a white stallion named Silver, teams up with Tonto to bring the unscrupulous gang and others of that ilk to justice.",[],[],https://image.tmdb.org/t/p/w500/xRmsqvHnaWmrazJl9bTBqs4LAjp.jpg
Mama,2013,6.285,4289,7.2187,"Guillermo del Toro presents Mama, a supernatural thriller that tells the haunting tale of two little girls who disappeared into the woods the day that their parents were killed. When they are rescued years later and begin a new life, they find that someone or something still wants to come tuck them in at night.",[],[],https://image.tmdb.org/t/p/w500/yiEFuVjjQxApu85Z5snYirJkJUN.jpg
Last Vegas,2013,6.411,2197,6.6869,"Aging pals Billy, Paddy, Archie, and Sam have been best friends since childhood. When Billy finally proposes to his much-younger girlfriend, all four friends go to Las Vegas to celebrate the end of Billy's longtime bachelorhood and relive their glory days. However, the four quickly realize that the intervening decades have changed Sin City and tested their friendship in ways they had not imagined.",[],[],https://image.tmdb.org/t/p/w500/9Aht200Eu2jYiE9cEQdFfNDtHl6.jpg
Planes,2013,5.919,1762,8.0072,"Dusty is a cropdusting plane who dreams of competing in a famous aerial race. The problem? He is hopelessly afraid of heights. With the support of his mentor Skipper and a host of new friends, Dusty sets off to make his dreams come true.",[],[],https://image.tmdb.org/t/p/w500/i2xgU0y0p77WTrB0oIkbpdaWq8R.jpg
Lone Survivor,2014,7.431,4552,7.4855,"Four Navy SEALs on a covert mission to neutralize a high-level Taliban operative must make an impossible moral decision in the mountains of Afghanistan that leads them into an enemy ambush. As they confront unthinkable odds, the SEALs must find reserves of strength and resilience to fight to the finish.",[],[],https://image.tmdb.org/t/p/w500/zaBIrloyhGK7iNTZMb3f9SARsl8.jpg
The Bling Ring,2013,5.43,3083,7.1255,"Inspired by actual events, a group of fame-obsessed teenagers use the Internet to track celebrities' whereabouts in order to rob their homes.",[],[],https://image.tmdb.org/t/p/w500/eQHniJoGUSU5ULABwYX9P3k2LC3.jpg
Contracted,2013,5.381,523,6.0981,A young woman contracts what she believes to be an STD—but it ends up being a far worse disease.,[],[],https://image.tmdb.org/t/p/w500/3Be1XlwkmJ9CLBND35ww2Pg3Qs.jpg
American Hustle,2014,6.854,7504,6.3377,"A conman and his seductive partner are forced to work for a wild FBI agent, who pushes them into a world of Jersey power-brokers and the Mafia.",[],[],https://image.tmdb.org/t/p/w500/z6O1KDhfWDTm5ZBr6Ovr0eg8LqO.jpg
Warm Bodies,2013,6.467,6233,7.6146,"After a zombie becomes involved with the girlfriend of one of his victims, their romance sets in motion a sequence of events that might transform the entire lifeless world.",[],[],https://image.tmdb.org/t/p/w500/c9aMzKmb5yqxLYLRbvrxJh2xlKY.jpg
Very Extremely Dangerous,2013,0.0,0,5.8557,"Jerry McGill slipped from a rock'n'roll career into a life of crime, robbing banks and running from the FBI while touring with legends of country music and appearing in movies. After three jail sentences (under two different names), aged 70 and suffering from terminal cancer, he announced his return to music. We follow a gun-toting McGill and his fiance Joyce through four states as he steals whatever's not nailed down and charms his way into and out of trouble. But when you point a camera at a man who will do anything for notoriety, how responsible are you when he goes too far?",[],[],https://image.tmdb.org/t/p/w500/cQTh0QiNRiqr7TQOxLmK68QF415.jpg
Beautiful Creatures,2013,6.039,2896,6.5239,"Ethan Wate just wants to get to know Lena Duchannes better, but unbeknownst to him, Lena has strange powers.  As Lena's 16th birthday approaches she might decide her fate, to be good or evil.  A choice which will impact her relationship forever.",[],[],https://image.tmdb.org/t/p/w500/t7PWQHpJHb2ozALCfaPaC5aHxBs.jpg
R.I.P.D.,2013,5.851,4155,6.554,A recently slain cop joins a team of undead police officers working for the Rest in Peace Department and tries to find the man who murdered him.,[],[],https://image.tmdb.org/t/p/w500/rS0kByPD4YF8pQ85KjzMdGiu7Xf.jpg
The Adventurer: The Curse of the Midas Box,2013,5.683,235,5.3242,"Seventeen-year-old Mariah Mundi's life is turned upside down when his parents vanish and his younger brother is kidnapped. Following a trail of clues to the darkly majestic Prince Regent Hotel, Mariah discovers a hidden realm of child-stealing monsters, deadly secrets and a long-lost artefact that grants limitless wealth—but also devastating supernatural power. With the fate of his world, and his family at stake, Mariah will risk everything to unravel the Curse of the Midas Box.",[],[],https://image.tmdb.org/t/p/w500/31ykUoOS2RNdARk3B8z3y25gD8b.jpg
Identity Thief,2013,5.854,3421,6.3924,"When a mild-mannered businessman learns his identity has been stolen, he hits the road in an attempt to foil the thief -- a trip that puts him in the path of a deceptively harmless-looking woman.",[],[],https://image.tmdb.org/t/p/w500/lIliJCGoWT6tEVaDivLpXEf038w.jpg
Blood Ties,2013,6.123,483,5.8037,"Two brothers, on either side of the law, face off over organized crime in Brooklyn during the 1970s.",[],[],https://image.tmdb.org/t/p/w500/7tMuywiZUoaAihEIkCu3BAL1xPC.jpg
Horns,2013,6.294,2364,6.8442,"In the aftermath of his girlfriend's mysterious death, a young man awakens to strange horns sprouting from his temples.",[],[],https://image.tmdb.org/t/p/w500/tjTy6W05mPXXw87IqpjeGNhIcM4.jpg
The Big Wedding,2013,5.838,1198,6.8714,"To the amusement of their adult children and friends, long-divorced couple Don and Ellie Griffin are forced to play the happy couple for the sake of their adopted son's wedding after his ultra conservative Catholic biological mother unexpectedly decides to fly halfway across the world to attend. With all of the wedding guests looking on, the Griffins are hilariously forced to confront their past, present and future - and hopefully avoid killing each other in the process.",[],[],https://image.tmdb.org/t/p/w500/ooSGwWVJRp81ErEH7VmTmVwjoMc.jpg
Monster High: Scaris City of Frights,2013,7.8,147,6.1298,"The Monstruitas of Monster High are obsessed with going to Scaris, The City of Frights for Fashion international competition where the winner will become the apprentice of the world famous Madame Ghostier designer.",[],[],https://image.tmdb.org/t/p/w500/3yMa9D9OJV4dxf0Gnnvw6EuHDBB.jpg
Life of Crime,2013,5.743,409,6.1723,Two common criminals get more than they bargained for after kidnapping the wife of a corrupt real-estate developer who shows no interest in paying the $1 million dollar ransom for her safe return.,[],[],https://image.tmdb.org/t/p/w500/apO5xGmcEHpdIBc3Zreax7MXl2m.jpg
The Host,2013,6.285,3993,6.713,"A parasitic alien soul is injected into the body of Melanie Stryder. Instead of carrying out her race's mission of taking over the Earth, ""Wanda"" (as she comes to be called) forms a bond with her host and sets out to aid other free humans.",[],[],https://image.tmdb.org/t/p/w500/1mfIZw6WgkCX310eoe0Ys14c3Fi.jpg
The World's End,2013,6.809,5657,6.6051,Five friends who reunite in an attempt to top their epic pub crawl from 20 years earlier unwittingly become humankind's only hope for survival.,[],[],https://image.tmdb.org/t/p/w500/kpglnOBYmKn0AkkWDzGxzKHDbds.jpg
Odd Thomas,2013,6.935,1405,6.4892,"In a California desert town, a short-order cook with clairvoyant abilities encounters a mysterious man with a link to dark, threatening forces.",[],[],https://image.tmdb.org/t/p/w500/skBMhQjHLTU1rp4gutxHp0JuY1C.jpg
War on Whistleblowers: Free Press and the National Security State,2013,7.8,8,5.1421,"War on Whistleblowers: Free Press and the National Security State highlights four cases where whistleblowers noticed government wrong-doing and took to the media to expose the fraud and abuse. It exposes the surprisingly worsening and threatening reality for whistleblowers and the press. The film includes interviews with whistleblowers Michael DeKort, Thomas Drake, Franz Gayl and Thomas Tamm and award-winning journalists like David Carr, Lucy Dalglish, Glenn Greenwald, Seymour Hersh, Michael Isikoff, Bill Keller, Eric Lipton, Jane Mayer, Dana Priest, Tom Vanden Brook and Sharon Weinberger.",[],[],https://image.tmdb.org/t/p/w500/xwnZhluRYkUZ3kmlvXfyyX5Pktf.jpg
Hummingbird,2013,6.182,1791,6.0744,"Homeless and on the run from a military court martial, a damaged ex-special forces soldier navigating London's criminal underworld seizes an opportunity to assume another man's identity, transforming into an avenging angel in the process.",[],[],https://image.tmdb.org/t/p/w500/bN2aGUOxHRwGms68WTDr2MHzkKa.jpg
The Incredible Burt Wonderstone,2013,5.705,1474,5.4843,"After breaking up with his longtime stage partner, a famous but jaded Vegas magician fights for relevance when a new, ""hip"" street magician appears on the scene.",[],[],https://image.tmdb.org/t/p/w500/Bl95sg5Ljo3Hu9SSL0JOvLerLh.jpg
August: Osage County,2014,6.856,1540,6.5877,"An intense look at the lives of the strong-willed daughters of the Weston family, whose paths have diverged until a family crisis brings them back to the Midwest house they grew up in, and to the dysfunctional mother who raised them.",[],[],https://image.tmdb.org/t/p/w500/fvjxr77dfxdIOY3lvj0bHP4B5xT.jpg
Vampire Boys 2: The New Brood,2013,2.66,25,6.3907,"The vampires are back in town but this time there’s a new brood.  Chisel-jawed Jon Euler steams up the screen as brood leader Jasin in this hot sequel to the wildly popular original. This time his vengeful ex-lover Demetrius (ripped dreamboat Rob Hoflund) is out to get Jasin and brings along his coven to boot.  Jasin and Caleb’s eternal love is put to the test when Jasin’s jilted lover Demetrius returns to get this revenge. Demetrius plots to destroy Jasin by creating an army of vampires — unwilling victims recruited from the local boxing gym. Tara, reeling from her own rejection by Jasin, is eventually compelled by Demetrius to join him in his quest.",[],[],https://image.tmdb.org/t/p/w500/e6XGaSXregKKPrSodFOAB0YX74.jpg
Pleasure or Pain,2013,4.835,88,5.9546,A young designer falls under a man's erotic spell and is drawn into a world of sexual abandon from which she may never return.,[],[],https://image.tmdb.org/t/p/w500/hPsB2NZozctyxl9juWPZzdIpHxa.jpg
The Wizards Return: Alex vs. Alex,2013,7.751,1016,6.5171,"While trying to prove to her family she can be mature and responsible, teen wizard Alex Russo conjures up a spell to rid herself of her bad qualities, unintentionally creating a Good and Evil Alex. When Evil Alex gets involved in a plan to take over the world by a dark wizard, Good Alex must find a way to save her family, humankind, and ultimately herself in an epic Good vs. Evil battle.",[],[],https://image.tmdb.org/t/p/w500/iWL88DymJrzO6hYI1ykUeUohqef.jpg
The Call,2013,6.798,2960,5.9773,"Jordan Turner is an experienced 911 operator but when she makes an error in judgment and a call ends badly, Jordan is rattled and unsure if she can continue. But when teenager Casey Welson is abducted in the back of a man's car and calls 911, Jordan is the one called upon to use all of her experience, insights and quick thinking to help Casey escape, and not just to save her, but to make sure the man is brought to justice.",[],[],https://image.tmdb.org/t/p/w500/mG334OlDVJpD8gMfTCM2Mpp0gQH.jpg
Only Lovers Left Alive,2013,7.205,2307,5.6938,"A depressed musician reunites with his lover. However, their romance, already played over several centuries, is disrupted by the arrival of her uncontrollable younger sister.",[],[],https://image.tmdb.org/t/p/w500/6xY2MhYjFPb4xU3KlBJcFAJmMsF.jpg
Fruitvale Station,2013,7.358,1363,5.8142,"Oakland, California. Young Afro-American Oscar Grant crosses paths with family members, friends, enemies and strangers before facing his fate on the platform at Fruitvale Station, in the early morning hours of New Year's Day 2009.",[],[],https://image.tmdb.org/t/p/w500/oXSy3nEKFtfw5iRxdG8ouEFAnxs.jpg
Curse of Chucky,2013,5.9,1650,6.2241,"After her mother's mysterious death, Nica begins to suspect that the talking, red-haired doll her visiting niece has been playing with may be the key to the mounting bloodshed and chaos.",[],[],https://image.tmdb.org/t/p/w500/x9DzkDWp8O82Wzxk6otuD9bce9a.jpg
42,2013,7.197,1890,5.9997,"In 1946, Branch Rickey, owner of the Brooklyn Dodgers, took a stand against Major League Baseball's infamous color line when he signed Jackie Robinson  to the team. The deal put both men in the crosshairs of the public, the press and even other players. Facing unabashed racism from every side, Robinson was forced to demonstrate tremendous courage and let his talent on the field wins over fans and his teammates – silencing his critics and forever changing the world by changing the game of baseball.",[],[],https://image.tmdb.org/t/p/w500/iZ7jVGQWj3eBUdqwAPUlKk0BaS2.jpg
Oz the Great and Powerful,2013,5.93,6665,7.4144,"Oscar Diggs, a small-time circus illusionist and con-artist, is whisked from Kansas to the Land of Oz where the inhabitants assume he's the great wizard of prophecy, there to save Oz from the clutches of evil.",[],[],https://image.tmdb.org/t/p/w500/tkzfAUEKoUp4YFNbZV9hfpZOz0z.jpg
Mud,2013,7.06,2941,5.4441,Two teenage boys find a fugitive hiding out on an island in the Mississippi River and help him reunite with his lover and escape an avenging family and their armed posse.,[],[],https://image.tmdb.org/t/p/w500/o2jT5jQdKh1HAF0fMKuGwBOwOYB.jpg
Gangster Squad,2013,6.374,4133,6.0935,"Los Angeles, 1949. Ruthless, Brooklyn-born mob king Mickey Cohen runs the show in this town, reaping the ill-gotten gains from the drugs, the guns, the prostitutes and — if he has his way — every wire bet placed west of Chicago. And he does it all with the protection of not only his own paid goons, but also the police and the politicians who are under his control. It’s enough to intimidate even the bravest, street-hardened cop… except, perhaps, for the small, secret crew of LAPD outsiders led by Sgt. John O’Mara and Jerry Wooters who come together to try to tear Cohen’s world apart.",[],[],https://image.tmdb.org/t/p/w500/1eW9kFSuTQfyMvZKtxlnwKRBvI.jpg
Green Street 3: Never Back Down,2013,5.37,158,5.9285,"An old firm leader returns to Green Street for revenge after receiving a call that his little brother was killed, but is he able to cope with a new type of hooliganism and can he find his killer?",[],[],https://image.tmdb.org/t/p/w500/jtlDK3r8G282Vi0cGMxLVJJkhke.jpg
Transformers Prime: Beast Hunters - Predacons Rising,2013,8.015,132,5.0488,"Autobots, Decepticons, Predaking and Predacons form an unlikely alliance to battle a resurrected Unicron.",[],[],https://image.tmdb.org/t/p/w500/ArjRF3ov2uZXsc3jCMBF388B4Kg.jpg
The Counselor,2013,5.28,1923,5.3436,A lawyer finds himself in far over his head when he attempts to get involved in drug trafficking.,[],[],https://image.tmdb.org/t/p/w500/aNiLkGnzVb5CorZHKk16w9S4COt.jpg
Monster High: 13 Wishes,2013,7.7,176,5.6582,"It’s a new school year at Monster High™, and the little sister of Clawdeen Wolf™, Howleen, is determined to be more fangtastic than ever.  Her dream of popularity turns out to be easier than anyone imagined when she stumbles upon a genie named Gigi Grant™ who grants her not 3, but 13 Wishes!  But the ghouls quickly learn to be s-careful what you wish for because each wish comes with a dark side, and soon the student disem-body of Monster High™ is turned upside-down!  Join Frankie Stein™, Clawdeen Wolf™, Draculaura™ and the rest of their creeperiffic ghoulfriends as they journey deep inside the magic lantern to save the very soul of Monster High™… while flashing their killer style every step of the way!",[],[],https://image.tmdb.org/t/p/w500/eEZJMmzDNUNKoJw6jfmGVWeqqhJ.jpg
The Place Beyond the Pines,2013,6.979,5013,5.949,"A motorcycle stunt rider considers committing a crime in order to provide for his wife and child, an act that puts him on a collision course with a cop-turned-politician.",[],[],https://image.tmdb.org/t/p/w500/vY5j2xQzMGWmxBuhQo0HfA4Lxqb.jpg
The Smurfs 2,2013,5.8,2314,6.437,"The evil wizard Gargamel creates a couple of mischievous Smurf-like creatures called the Naughties that he hopes will let him harness the all-powerful, magical Smurf-essence. But when he discovers that only a real Smurf can give him what he wants, and only a secret spell that Smurfette knows can turn the Naughties into real Smurfs, Gargamel kidnaps Smurfette and brings her to Paris, where he has been winning the adoration of millions as the world¹s greatest sorcerer. It's up to Papa, Clumsy, Grouchy, and Vanity to return to our world, reunite with their human friends Patrick and Grace Winslow, and rescue her! Will Smurfette, who has always felt different from the other Smurfs, find a new connection with the Naughties Vexy and Hackus or will the Smurfs convince her that their love for her is True Blue?",[],[],https://image.tmdb.org/t/p/w500/f2c4nT4JTcBHrX6BVKrMIGmyBvK.jpg
Labor Day,2021,7.019,1256,5.349,Two strangers are drawn together under incredible circumstances. What starts as an unforeseen encounter over a long holiday weekend soon becomes a second chance love story.,[],[],https://image.tmdb.org/t/p/w500/iQdbCtk1Q3TdZRBKSLU1Vh870l7.jpg
The Book Thief,2014,7.497,4426,5.7899,"While subjected to the horrors of WWII Germany, young Liesel finds solace by stealing books and sharing them with others. Under the stairs in her home, a Jewish refugee is being sheltered by her adoptive parents.",[],[],https://image.tmdb.org/t/p/w500/wj4U5sMLcJMa3WR9CpRR9e2sdgZ.jpg
The Hunters,2013,5.631,351,5.2241,"Imagine if all mythical artifacts, from Jason's Golden Fleece to Cinderella's glass slippers, were real. Well, they are -- and for centuries, a secret society called the Hunters has been sworn to protect them from an evil force called the Krugen.",[],[],https://image.tmdb.org/t/p/w500/ubR6x50z4aLflgzJcw7X7HflKKr.jpg
You're Next,2013,6.604,2590,5.6287,"When the Davison family comes under attack during their wedding anniversary getaway, the gang of mysterious killers soon learns that one of their victims harbors a secret talent for fighting back.",[],[],https://image.tmdb.org/t/p/w500/l163jakfKvchUTVTtBi0KA7ZhIc.jpg
Fright Night 2: New Blood,2013,4.964,318,6.024,"By day Gerri Dandridge is a sexy professor, but by night she transforms into a real-life vampire with an unquenchable thirst for human blood. When a group of high school students travel abroad to study in Romania, they find themselves ensnared in her chilling web of lust and terror. Charlie and 'Evil' Ed must stop Gerri from drinking and bathing in the blood of a 'new moon virgin', who just so happens to be Charlie’s ex-girlfriend.",[],[],https://image.tmdb.org/t/p/w500/3Is5G28YLNKq22n5Ee2yTmYA3m6.jpg
The Frozen Ground,2013,6.279,1523,5.85,An Alaska State Trooper partners with a young woman who escaped the clutches of serial killer Robert Hansen to bring the murderer to justice. Based on actual events.,[],[],https://image.tmdb.org/t/p/w500/hHDj1h3lJvYd9Cervoswz9crhWg.jpg
A Good Day to Die Hard,2013,5.336,6574,5.8027,"Iconoclastic, take-no-prisoners cop John McClane, finds himself for the first time on foreign soil after traveling to Moscow to help his wayward son Jack - unaware that Jack is really a highly-trained CIA operative out to stop a nuclear weapons heist. With the Russian underworld in pursuit, and battling a countdown to war, the two McClanes discover that their opposing methods make them unstoppable heroes.",[],[],https://image.tmdb.org/t/p/w500/qJ0csDXAVFMsNn0cRcjy6W6PxAK.jpg
Turbo,2013,6.264,3567,6.8592,The tale of an ordinary garden snail who dreams of winning the Indy 500.,[],[],https://image.tmdb.org/t/p/w500/w6GdF5hcnsU5IwaRhyhnysNy5hO.jpg
Lovelace,2013,6.017,716,5.611,"Story of Linda Lovelace, who is used and abused by the porn industry at the behest of her coercive husband, before taking control of her life.",[],[],https://image.tmdb.org/t/p/w500/ibt7chnBsaDbE6ZVwyneuZwYfsC.jpg
Dallas Buyers Club,2014,7.918,8770,5.0715,"Loosely based on the true-life tale of Ron Woodroof, a drug-taking, women-loving, homophobic man who in 1986 was diagnosed with HIV/AIDS and given thirty days to live.",[],[],https://image.tmdb.org/t/p/w500/7Fdh7gUq3plvQqxRbNYhWvDABXA.jpg
Broken City,2013,5.946,1525,6.2353,"In a broken city rife with injustice, ex-cop Billy Taggart seeks redemption and revenge after being double-crossed and then framed by its most powerful figure, the mayor. Billy's relentless pursuit of justice, matched only by his streetwise toughness, makes him an unstoppable force - and the mayor's worst nightmare.",[],[],https://image.tmdb.org/t/p/w500/hqa5FwNZC55zqSpdeGFtBDqw55y.jpg
Percy Jackson: Sea of Monsters,2013,6.023,5250,5.61,"In their quest to confront the ultimate evil, Percy and his friends battle swarms of mythical creatures to find the mythical Golden Fleece and to stop an ancient evil from rising.",[],[],https://image.tmdb.org/t/p/w500/tAu90qEpLqwqiZLsMqpaMVr55oN.jpg
47 Ronin,2013,6.197,3989,5.7745,"Kai—an outcast—joins Oishi, the leader of 47 outcast samurai.  Together they seek vengeance upon the treacherous overlord who killed their master and banished their kind.  To restore honour to their homeland, the warriors embark upon a quest that challenges them with a series of trials that would destroy ordinary warriors.",[],[],https://image.tmdb.org/t/p/w500/xDHnmcroujCRG0ysYQaiswjbyHd.jpg
Revelation Road 2: The Sea of Glass and Fire,2013,4.7,18,4.9103,"On the day after the Biblical rapture, law and order have broken down - the highways have become a no-mans-land of bandits and looters. Josh's world has been shaken to the core, and he must make a choice, embrace his past as a man of violence, or learn a new path and become a man of faith.",[],[],https://image.tmdb.org/t/p/w500/ae79n2TrqimWavFJuDigiz7YruZ.jpg
Aftermath,2013,0.0,0,4.4908,"Aftermath is a short film, which follows one man's search for his brother in a post-apocalyptic world.",[],[],https://image.tmdb.org/t/p/w500/5xm9BDJkzEbf7168zPhg2CEtxQM.jpg
Romeo & Juliet,2013,6.7,574,5.9658,"In Verona, bad blood between the Montague and Capulet families leads to much bitterness. Despite the hostility, Romeo Montague manages an invitation to a masked ball at the estate of the Capulets and meets Juliet, their daughter. The two are instantly smitten but dismayed to learn that their families are enemies. Romeo and Juliet figure out a way to pursue their romance, but Romeo is banished for his part in the slaying of Juliet's cousin, Tybalt.",[],[],https://image.tmdb.org/t/p/w500/9FZ3wTjY9rUvIoobJFv8ozoTwTT.jpg
Woman of the Ruins,2013,4.5,4,5.3376,"On a storm-ravaged island that has seen its share of tragedy, a person who had been assumed dead reappears and ignites a frenzy of reactions, ranging from ecstatic religious fervor to fear.",[],[],https://image.tmdb.org/t/p/w500/lkCbTBNtPARYmOiePhecYf7SrU8.jpg
Scarecrow,2013,4.995,96,5.2524,"For generations, it was an urban legend that lived in the nightmares of children. Now, the season to rejuvenate the tale will revive a town's darkest fears. With the Scarecrow Festival on the horizon, school teacher Aaron Harris is doling out punishment for six students serving detention. Their task: help Aaron's girlfriend Amanda fix her family farm before it's sold. But the cornfields circling the farm come with a legend and Tyler takes macabre delight in recounting the tale: It never sleeps, it never dies, it can't be stopped, hear their cries.",[],[],https://image.tmdb.org/t/p/w500/2FNlOE060DyeT3T5hcR133lYebv.jpg
Skating to New York,2013,5.9,16,4.4716,"The coming-of-age journey of 5 teenage boys who leave their small, Canadian town behind and risk skating across Lake Ontario to New York on the coldest day of the year.",[],[],https://image.tmdb.org/t/p/w500/qGtyf0tkbdPI3qLHESHAbJ0ixnI.jpg
The Last Stand,2013,6.079,2869,5.0085,"Ray Owens is sheriff of the quiet US border town of Sommerton Junction after leaving the LAPD following a bungled operation. Following his escape from the FBI, a notorious drug baron, his gang, and a hostage are heading toward Sommerton Junction where the police are preparing to make a last stand to intercept them before they cross the border. Owens is reluctant to become involved but ultimately joins in with the law enforcement efforts.",[],[],https://image.tmdb.org/t/p/w500/3tP4r47v8v6mEj5X5RuG9y8Frbh.jpg
Out of the Furnace,2013,6.57,2044,5.521,"Two brothers live in the economically-depressed Rust Belt, when a cruel twist of fate lands one in prison. His brother is then lured into one of the most violent crime rings in the Northeast.",[],[],https://image.tmdb.org/t/p/w500/cOuQQ4eRpSBxb0G9OXzWE1pHPeq.jpg
Bonnie & Clyde: Justified,2013,6.014,37,5.4138,"In Depression-era America, Bonnie Parker met Clyde Barrow over a cup of hot chocolate, and it was love at first sight. Their violent courtship took them through bank robberies, prison and a multi-state crime spree, securing their place in history as one of America's most notorious couples",[],[],https://image.tmdb.org/t/p/w500/vkgtiPS5ul1U7sQGEBYBVo0Ndxs.jpg
Company of Heroes,2013,5.099,167,5.2456,"American soldiers lost behind enemy lines during the WWII make a horrific discovery: Hitler has a super bomb in development. Against all odds, they set out to find the scientist in charge of the program who is looking to defect.",[],[],https://image.tmdb.org/t/p/w500/sWeDlrWPETZpvf04j0Wt0r3I0QJ.jpg
After Earth,2013,5.182,6704,10.4185,"One thousand years after cataclysmic events forced humanity's escape from Earth, Nova Prime has become mankind's new home. Legendary General Cypher Raige returns from an extended tour of duty to his estranged family, ready to be a father to his 13-year-old son, Kitai. When an asteroid storm damages Cypher and Kitai's craft, they crash-land on a now unfamiliar and dangerous Earth. As his father lies dying in the cockpit, Kitai must trek across the hostile terrain to recover their rescue beacon. His whole life, Kitai has wanted nothing more than to be a soldier like his father. Today, he gets his chance.",[],[],https://image.tmdb.org/t/p/w500/iXMvYIlzzJBs352CfeiQcBvovZt.jpg
Snitch,2013,6.118,2418,5.1651,"Construction company owner John Matthews learns that his estranged son, Jason, has been arrested for drug trafficking. Facing an unjust prison sentence for a first time offender courtesy of mandatory minimum sentence laws, Jason has nothing to offer for leniency in good conscience. Desperately, John convinces the DEA and the opportunistic DA Joanne Keeghan to let him go undercover to help make arrests big enough to free his son in return. With the unwitting help of an ex-con employee, John enters the narcotics underworld where every move could be his last in an operation that will demand all his resources, wits and courage to survive.",[],[],https://image.tmdb.org/t/p/w500/aucjDu8wv44jUgCyr2lBkJ92Bgk.jpg
Zombie Massacre,2013,4.991,113,5.3583,A bacteriological weapon developed by the US Government to create a super soldier - spreads an epidemic in a quiet little town in the middle of Eastern Europe. All citizens have been turned into infected zombies. The plan is to bring an atomic bomb into the city's nuclear plant to pretend a terrible accident occurred. No one has to know the truth. A team of mercenaries is hired to complete the mission. The battle is on. Hordes of monsters against the team. Who will survive?,[],[],https://image.tmdb.org/t/p/w500/iVAuzh1gMuqjCuLBaGajY4lAsgL.jpg
Oculus,2013,6.489,3070,5.9312,A woman tries to exonerate her brother's murder conviction by proving that the crime was committed by a supernatural phenomenon.,[],[],https://image.tmdb.org/t/p/w500/yCzR1yKRLiJyTDLgY1ppazXEmdE.jpg
The Canyons,2013,4.41,273,4.7888,"The discovery of an illicit love affair leads two young Angelenos on a violent, sexually charged tour through the dark side of human nature.",[],[],https://image.tmdb.org/t/p/w500/5tZR5o2KJXY6UGxoCsuCmZqROwO.jpg
The Corruption of Melba,2013,0.0,0,5.0362,"Melba is the wife of a slain farmer-leader whose murder is attributed to an incumbent governor. She goes to the city to appeal the case and to seek out a new life after the tragedy. Working as a staff member at the office of City Councilor, she is introduced to the life inside politics. Eventually she will be deeply involved, as her decision to marry the budding politician lays a carefully planned agenda.",[],[],
The Physician,2013,7.341,1124,5.7392,"England, 1021. Rob Cole, a boy born in a miserable mining town, swears to become a physician and vanquish disease and death. His harsh path of many years, a quest for knowledge besieged by countless challenges and sacrifices, leads him to the remote Isfahan, in Persia, where he meets Ibn Sina, the greatest healer of his time.",[],[],https://image.tmdb.org/t/p/w500/18eJr4Fc4HKymLgKLgGQbD37SPK.jpg
Age of Dinosaurs,2013,3.932,88,5.5299,"Using breakthrough flesh-regeneration technology, a biotech firm creates a set of living dinosaurs. But when the creatures escape their museum exhibit and terrorize Los Angeles, a former firefighter must rescue his teenage daughter from the chaos brought on by the Age of Dinosaurs",[],[],https://image.tmdb.org/t/p/w500/pBqIxwCKWGKKOzsiaSbeYsQxqeZ.jpg
Stoker,2013,6.635,2326,5.8133,"After India's father dies in an auto accident, her uncle Charlie, whom she never knew existed, comes to live with her and her emotionally unstable mother Evelyn. Soon after his arrival, she comes to suspect this mysterious, charming man has ulterior motives, but instead of feeling outrage or horror, this friendless girl becomes increasingly infatuated with him.",[],[],https://image.tmdb.org/t/p/w500/aK0PTgwDiLm2YCNpOrhD8JR3mqL.jpg
Assault on Wall Street,2013,5.895,486,4.9418,"Jim is an average New Yorker living a peaceful life with a well paying job and a loving family. Suddenly, everything changes when the economy crashes causing Jim to lose everything. Filled with anger and rage, Jim snaps and goes to extreme lengths to seek revenge for the life taken from him.",[],[],https://image.tmdb.org/t/p/w500/4dm5XEXIT73aB0g1nrplwYguaU9.jpg
American Promise,2013,6.7,6,5.0948,"In 1999, filmmakers Joe Brewster and Michèle Stephenson turned the camera on themselves and began filming their five-year-old son, Idris, and his best friend, Seun, as they started kindergarten at the prestigious Dalton School just as the private institution was committing to diversify its student body. Their cameras continued to follow both families for another 12 years as the paths of the two boys diverged—one continued private school while the other pursued a very different route through the public education system.",[],[],https://image.tmdb.org/t/p/w500/fhQsWqriTq1TjY8slKwaLYjl2Bn.jpg
A Spell to Ward Off the Darkness,2013,6.175,20,5.3898,"A man at three disparate moments in his life: as a member of a fifteen-person collective on a small Estonian island, alone in the wilderness of Northern Finland and as the singer of a neo-pagan black metal band in Norway. Three moments for a radical proposition for the creation of utopia in the present.",[],[],https://image.tmdb.org/t/p/w500/bkFcHfTNXhfJ5nP0JXkXTTT6dvO.jpg
Glen Campbell: The Rhinestone Cowboy,2013,7.0,2,4.4971,"Profile of singer-guitarist Glen Campbell, a story of success, disgrace and redemption.",[],[],
Kathleen Madigan: Madigan Again,2013,7.658,114,4.5666,"Kathleen Madigan drops in on Detroit to deliver material derived from time spent with her Irish Catholic Midwest family, eating random pills out of her mother's purse, touring Afghanistan, and her love of John Denver and the Lunesta butterfly.",[],[],https://image.tmdb.org/t/p/w500/qZvuMcFIXtrAxqkcgF3JjQGXk1B.jpg
Blood of Redemption,2013,4.554,56,5.0059,"Quinn Forte had it all: power, money, a brother who idolized him, and a woman who loved him. He also had enemies. In the course of one night, he loses everything. Betrayed by someone in his inner circle, Quinn is set up and arrested. His father, the patriarch of the criminal empire is killed and his brother suspects that Quinn is behind it all. When he's released from jail he tries to escape the demons from his past, but that becomes an impossible task. Campbell, the ruthless new leader of ""The Company"" won't let him leave in peace. So instead of escaping them, Quinn fights back. He joins forces with his former henchman and friend, The Swede, and takes on his enemies head on.",[],[],https://image.tmdb.org/t/p/w500/vxMQiHh2lP6Dq46R2OyvXYA8XqB.jpg
Nothing Left to Fear,2013,5.191,175,5.1679,"Wendy, her husband Dan and their kids have just moved to the small town of Stull, Kansas, where Dan is the new pastor. But in this sleepy community of friendly neighbors, a horrific series of occurrences awaits them: Their teenage daughter is being tormented by grisly visions. Her younger sister has been marked for a depraved ritual. And deep within the heartland darkness, one of The Seven Gates of Hell demands the blood of the innocent to unleash the creatures of the damned.",[],[],https://image.tmdb.org/t/p/w500/65aDPoEpgFvnAK1bgZysjxgSgyG.jpg
Fading Gigolo,2013,5.82,598,5.6498,"Fioravante decides to become a professional Don Juan as a way of making money to help his cash-strapped friend, Murray. With Murray acting as his ""manager"", the duo quickly finds themselves caught up in the crosscurrents of love and money.",[],[],https://image.tmdb.org/t/p/w500/bThnmRhh0d3oKcmte2w0aArm8Lq.jpg
Belle,2013,7.114,700,4.6722,"Dido Elizabeth Bell, the illegitimate, mixed-race daughter of a Royal Navy admiral, plays an important role in the campaign to abolish slavery in England.",[],[],https://image.tmdb.org/t/p/w500/qCK00C3L0bM5jphoYU0gFpG3Hly.jpg
The English Teacher,2013,5.564,366,5.4921,"Small-town Pennsylvania schoolteacher Linda Sinclair balances her staid home life with an incredible passion for her subject. Then a former star pupil reenters her life after failing as a playwright in New York City. Seeing in his script the inspiration that she has always longed to instill in her students, this dyed-in-the-wool romantic enlists the help of long-suffering drama teacher Carl to mount the work as the high school’s next and riskiest production.",[],[],https://image.tmdb.org/t/p/w500/mF14chZNzgDRZffs8Wk8lPwdNQA.jpg
Paranoia,2013,5.734,880,5.5029,"An entry-level employee at a powerful corporation finds himself occupying a corner office, but at a dangerous price—he must spy on his boss's old mentor to secure for him a multi-billion dollar advantage.",[],[],https://image.tmdb.org/t/p/w500/isbiljuGztxLlcOvrSw5FkQDGEd.jpg
Getaway,2013,5.025,648,5.9084,"Former race car driver Brent Magna is pitted against the clock. Desperately trying to save the life of his kidnapped wife, Brent commandeers a custom Ford Shelby GT500 Super Snake, taking it and its unwitting owner on a high-speed race against time, at the command of the mysterious villain holding his wife hostage.",[],[],https://image.tmdb.org/t/p/w500/z4sEWm1ykf9WX5WJU4XMD4oI5sI.jpg
The Cemetery,2013,4.367,15,4.5797,"Deep in the Pennsylvania hills, a cemetery for those who died during exorcism remains a dark secret for the church. In 1671, hundreds of men, women, and children suffered in bloody, torturous rituals at the hands of priests unable to contain the evil of the possessed. Were these possessions real, or is the story a hoax to cover up the sins of the deranged priests thirsty for human blood? Bill and his team of cynical paranormal investigators plan to find out the truth.  Armed with the church's historical record, they set out into the wilderness to uncover this series of forgotten atrocities. Alternately gut-punching hilarious and brutally violent, The Cemetery takes the best elements of the old-school slasher film and pushes them to the edge.",[],[],https://image.tmdb.org/t/p/w500/mVAsW6zKNEwFK3itCjZ7znok3Ru.jpg
Enough Said,2013,6.718,880,5.6394,"Eva is a divorced soon-to-be empty-nester wondering about her next act. Then she meets Marianne, the embodiment of her perfect self. Armed with a restored outlook on being middle-aged and single, Eva decides to take a chance on her new love interest Albert — a sweet, funny and like-minded man. But things get complicated when Eva discovers that Albert is in fact the dreaded ex–husband of Marianne...",[],[],https://image.tmdb.org/t/p/w500/p5naJg0K8xF0h0HWEfiz6rc9lC4.jpg
The Spectacular Now,2013,6.671,2943,5.0256,"Sutter, a popular party animal, unexpectedly meets the introverted Aimee after waking up on a stranger's lawn. As Sutter deals with the problems in his life and Aimee plans for her future beyond school, an unexpected romance blossoms between them.",[],[],https://image.tmdb.org/t/p/w500/tYDbDuZ3K4Xwp3cwtmZM6k53bwq.jpg
The Wine of Summer,2013,5.6,9,5.0037,"A frustrated actor travels to Spain in search of a playwright, a trip that unexpectedly binds him to a group of five previously unconnected people.",[],[],https://image.tmdb.org/t/p/w500/3JfxSVCtUQRVuSOsX3wzaDvBzNN.jpg
Sofia the First: The Floating Palace,2013,7.1,92,4.3321,"After Sofia helps a little mermaid named Oona, Sofia's amulet grants her the power to transform into a mermaid and visit her new friend's underwater kingdom. But when Cedric (disguised as a seamonster) plots to steal Oona's enchanted Mermaid Comb, danger surfaces for both worlds. With a little help from special guest, Princess Ariel, Sofia embarks on an adventure to rescue Oona and prevent a typhoon before it's too late.",[],[],https://image.tmdb.org/t/p/w500/k3Hhgg4baysaL1c7GIZDhT351a8.jpg
The Lords of Salem,2013,5.45,893,5.1968,"Heidi, a radio DJ, is sent a box containing a record - a ""gift from the Lords"". The sounds within the grooves trigger flashbacks of her town's violent past. Is Heidi going mad, or are the Lords back to take revenge on Salem, Massachusetts?",[],[],https://image.tmdb.org/t/p/w500/nqZ6CGGZpQWt139YioekSYHvvkU.jpg
Madly Madagascar,2013,6.5,238,5.058,"Your favorite Madagascar pals are back in an all-new adventure! Alex's favorite holiday, Valentine's Day, brings hilarious surprises and excitement for the entire gang. Melman plans a big surprise for Gloria, Marty tries to impress a new friend and everyone wants to get their hands on King Julien's love potion. You'll fall in LOVE with Madly Madagascar!",[],[],https://image.tmdb.org/t/p/w500/1M8J7tpy5Vnkewp1BFS82abGOFD.jpg
Hansel and Gretel Get Baked,2013,5.116,229,4.8722,"An intense new marijuana strain named “Black Forest” is taking Los Angeles by storm, and Gretel’s stoner boyfriend can’t get enough. But when the old woman growing the popular drug turns out to be an evil witch, cooking and eating her wasted patrons for their youth, Gretel and her brother Hansel must save him from a gruesome death — or face the last high of their lives.",[],[],https://image.tmdb.org/t/p/w500/shYb3LezqJF4P90CGgp9zoD2MjF.jpg
A Normalista e o Anormal,2013,0.0,0,5.134,A group of girls meets a strange man in what was supposed to be a normal evening at an amusement park.,[],[],https://image.tmdb.org/t/p/w500/vM7usmseZnIWCNlhHGRG9Stwoty.jpg
Delivery Man,2013,6.246,1532,5.7119,An affable underachiever finds out he's fathered 533 children through anonymous donations to a fertility clinic 20 years ago. Now he must decide whether or not to come forward when 142 of them file a lawsuit to reveal his identity.,[],[],https://image.tmdb.org/t/p/w500/huXHYDclKT4RM1OvS3O7SXYRAU0.jpg
Palo Alto,2013,6.117,894,4.9148,A lack of parental guidance encourages teens in an affluent California town to rebel with substance abuse and casual sex.,[],[],https://image.tmdb.org/t/p/w500/yjcwwYP3eSigxLKKVBoVVz85ZWv.jpg
Krampus: The Christmas Devil,2013,3.886,105,5.3411,"Jeremy, a local police officer leads a life of a confusing past, spending his current time searching for his kidnapper as a child. After other children begin missing, Jeremy pieces together the truth and realizes that his childhood kidnapper could be a creature of ancient yuletide lore, Krampus, who is the brother of St. Nick, and punisher of children who perform acts of unspeakable evil without repercussion. Can Jeremy kill Krampus and prevent more missing children?",[],[],https://image.tmdb.org/t/p/w500/lz1BFvFfvOXOAvdozk7Jshp2QDF.jpg
A Single Shot,2013,5.703,256,4.9783,The tragic death of a beautiful young girl starts a tense and atmospheric game of cat and mouse between hunter John Moon and the hardened backwater criminals out for his blood.,[],[],https://image.tmdb.org/t/p/w500/zRGBGjdeGf12Pmalr1adT9IpoId.jpg
Epitaph: Bread and Salt,2013,1.0,1,4.8734,"A family of Estrie hunters, unite with a demon hunter to destroy a union of dark cults and their demonic companions.",[],[],https://image.tmdb.org/t/p/w500/vElDZKakXgn3obNqL1x5MlafvGW.jpg
Snow Bride,2013,6.3,95,5.0304,"When a reporter encounters the eldest son of a famous political family at a mountain retreat, she winds up pretending to be his girlfriend over Christmas so he can save face with his family. Should she secretly expose newsworthy scoops about the famous family in order to save her job, or trust that she's falling in love for real? Stars Patricia Richardson and Katrina Law.",[],[],https://image.tmdb.org/t/p/w500/QiRWSeBSY2LJxpTXfN5QeyJoLX.jpg
The Fifth Estate,2013,6.011,1041,5.537,"A look at the relationship between WikiLeaks founder Julian Assange and his early supporter and eventual colleague Daniel Domscheit-Berg, and how the website's growth and influence led to an irreparable rift between the two friends.",[],[],https://image.tmdb.org/t/p/w500/pUrL2eacUjAxkOS403DaOyXpgAG.jpg
Parsifal live at the Salzburg Easter Festival,2013,0.0,0,4.2732,"Christian Thielemann conducts the Staatskapelle Dresden in this performance of Wagner's opera recorded live in 2013. The performance was held for the Salzburg Easter Festival and featured vocalists including Johan Botha, Michaela Schuster, Stephen Milling and Wolfgang Koch.",[],[],https://image.tmdb.org/t/p/w500/n6uTPrJEKUJnSsFn5Vev6EKuy8b.jpg
Machete Kills,2013,5.617,1962,4.4177,Ex-Federale agent Machete is recruited by the President of the United States for a mission which would be impossible for any mortal man – he must take down a madman revolutionary and an eccentric billionaire arms dealer who has hatched a plan to spread war and anarchy across the planet.,[],[],https://image.tmdb.org/t/p/w500/3i4UgSZmAJXt6Euy5azvknmzsm9.jpg
The Thirteenth Tale,2013,6.5,65,4.8444,"Biographer Margaret Lea travels to the isolated rural mansion of the famous writer Vida Winter, who asks her to write her biography. Although initially she is reluctant, as Vida is known for constantly distorting the facts of her life, Margaret soon becomes fascinated with the story of a dark childhood, a disturbing tale that leads her to finally confront the traumas of her own past.",[],[],https://image.tmdb.org/t/p/w500/o3lWdFzIPFaNkwCDszhmmJ4d8LE.jpg
In a World...,2013,6.337,546,5.2186,"An underachieving vocal coach is motivated by her father, the king of movie-trailer voice-overs, to pursue her aspirations of becoming a voice-over star. Amidst pride, sexism and family dysfunction, she sets out to change the voice of a generation.",[],[],https://image.tmdb.org/t/p/w500/xbuiPYXOk1aHaNf7o2mAQxeDs7s.jpg
Nebraska,2013,7.45,1844,4.7794,"An aging, booze-addled father takes a trip from Montana to Nebraska with his estranged son in order to claim what he believes to be a million-dollar sweepstakes prize.",[],[],https://image.tmdb.org/t/p/w500/o1t2Mw18EEBnl8v4Nby3PFjxnM1.jpg
Anchorman 2: The Legend Continues,2013,6.136,2697,4.8389,"With the 70s behind him, San Diego's top rated newsman, Ron Burgundy, returns to take New York's first 24-hour news channel by storm.",[],[],https://image.tmdb.org/t/p/w500/BAdmxMdCqzjs6hx3KuEtnoWP8d.jpg
Big Joy: The Adventures of James Broughton,2013,4.833,6,4.6696,"A chronicle of the iconoclastic life of gay poet, filmmaker, and spiritual visionary James Broughton, one of the defining voices of the sexual revolution, whose groundbreaking artistic celebrations of sexuality and the body influenced generations of the 1960s and '70s to profoundly embrace life and ‘follow your own weird’.",[],[],https://image.tmdb.org/t/p/w500/5GUUfGetXdYB8JcW47KjsVb3XFL.jpg
The Colony,2013,5.449,1203,5.1695,"Forced underground by the next ice age, a struggling outpost of survivors must fight to preserve humanity against a threat even more savage than nature.",[],[],https://image.tmdb.org/t/p/w500/ppTqHex38Jkpg9fhPzDcYJuxqhR.jpg
The Odd Way Home,2013,6.1,7,4.9184,"Two strangers, each living at the edges of society, are fatefully united for a harrowing and inspirational journey through the enchanting vistas of New Mexico. A passionate young woman escaping her abusive past and a reclusive young man with autism take a journey that redefines the notion of family.",[],[],https://image.tmdb.org/t/p/w500/ic54DdbaNm36uK5KN1Oeyy3WL99.jpg
Let me survive,2013,2.0,4,5.1281,"A mother and young daughter are coerced into joining her ex-husband on a stolen yacht bound for the west coast of Africa. Five days into the journey a raging storm engulfs them, forcing the family to abandon the yacht. Trapped in a tiny life raft with little food or water they find themselves pitted not only against the elements but also against each other. Based on a true story.",[],[],https://image.tmdb.org/t/p/w500/bLOP88k0Lc7FdN3dIeWiXB6vVOG.jpg
Standing Up,2013,6.7,69,5.5491,"Based on one of the most beloved Young Adult novels of all time: Two kids are stripped naked and left together on an island in a lake - victims of a vicious summer camp prank; But rather than have to return to camp and face the humiliation, they decide to take off, on the run together. What follows is a three day odyssey of discovery and self-discovery.",[],[],https://image.tmdb.org/t/p/w500/kOfwxDQ1REdQyZ9lyiBKEqSM6K9.jpg
500 MPH Storm,2013,5.392,97,4.922,"When an energy experiment goes haywire, a rash of massive hurricanes rips across North America. A high school science teacher must get his family to safety before the hurricanes merge, creating a ""hypercane"" with the power to wipe the US off the map.",[],[],https://image.tmdb.org/t/p/w500/268rvZNZD7DM4D3dbE0pQQB18rT.jpg
No One Lives,2013,5.989,656,5.3313,A gang of ruthless highway killers kidnap a wealthy couple traveling cross country only to shockingly discover that things are not what they seem.,[],[],https://image.tmdb.org/t/p/w500/d9wDmRcQngl9Jo7Go3EU7f2W15m.jpg
Rise and Fall... In Love,2013,0.0,0,4.7606,"Annabelle, lead singer for the band Talegunner (Clear For Takeoff), is trying to be a success in show business. Annabelle meets a sleazy producer, Antonio, who promises an appearance on Fred Mulligan's TV show if she will go solo. Annabelle becomes infatuated with Antonio. He decides to take advantage of her. Jealous boyfriend, Nick, hires detective Candy West to find out if Antonio is on the level. Meanwhile, a visitor from another planet is captivated by the rock & roll. The Highs and Lows of Entertainment are explored in this fast-paced comedy.",[],[],https://image.tmdb.org/t/p/w500/wpjwnRGIUpNEUybsHAQhk2420rM.jpg
Unlucky Charms,2013,3.467,15,5.0624,"Five beautiful girls vie for a chance to become the spokesmodel for diva DeeDee DeVille's new high-end line of lingerie. The claws come out when the competition gets fierce, but when they begin to disappear one by one, they soon find that they are competing for their lives...",[],[],https://image.tmdb.org/t/p/w500/k9pY4HgCMZLTYGNzQw9uq7Ahz7E.jpg
A Night in Old Mexico,2013,5.354,79,4.4347,"Forced to give up his land and home, Texas rancher Red Bovie isn't about to retire quietly in a dismal trailer park. Instead he hops in his Cadillac and hits the road with his estranged grandson for one last wild adventure filled with guns, women and booze. It’s just another night in Old Mexico.",[],[],https://image.tmdb.org/t/p/w500/5tKNOPkle5weHfrobca4LnXJMD5.jpg
Lionel Bringuier & Nelson Freire Live at the Royal Albert Hall,2013,0.0,0,4.8779,"Leading Chopin interpreter Nelson Freire is the soloist in Chopin’s lyrical and brilliant Second Piano Concerto. On the podium the French conductor Lionel Bringuier makes his Proms debut conducting the BBC Symphony Orchestra and gives a sizzling performance of Roussel’s Symphony No.3 and of Ravel‘s score for the ballet Daphnis et Chloé – Suite No 2.  ‘’The programme, otherwise entirely French, highlights everywhere this purity of style and gesture (which would give him more in common with Pierre Monteux than Charles Munch), which charms all who see and hear the young conductor: a clear and understandable beat, subtle control of balance and level, natural rhythm and pulse, and expression without embellishment.’’",[],[],https://image.tmdb.org/t/p/w500/sjCdRFihbZbC3UFINKM2743XTlL.jpg
Weird Science 2: Strange Chemistry,2013,10.0,1,4.9373,"This is a short film inspired in the 80's classic ""Weird Science"". It does not follow the same story, but could be seen as a spoof remake.",[],[],https://image.tmdb.org/t/p/w500/c7cZ1dyB3bVBMGnulGt3ixxFnND.jpg
Ashens and the Quest for the Gamechild,2013,6.2,37,4.4055,Ashens goes on a quest to find the legendary and elusive piece of electronic tech known only as the GameChild.,[],[],https://image.tmdb.org/t/p/w500/kLM94Ek2yui3GtszhF61oBxfQCS.jpg
Bounty Killer,2013,5.7,215,4.7927,"It’s been 20 years since the corporations took over the world’s governments. Their thirst for power and profits led to the Corporate Wars, a fierce global battle that laid waste to society as we know it. Born from the ash, the Council of Nine rose as a new law and order for this dark age. To avenge the corporations’ reckless destruction, the Council issues death warrants for all white collar criminals. Their hunters—the bounty killer. From amateur savage to graceful assassin, the bounty killers now compete for body count, fame and a fat stack of cash. They’re ending the plague of corporate greed and providing the survivors of the apocalypse with retribution. These are the new heroes. This is the age of the BOUNTY KILLER.",[],[],https://image.tmdb.org/t/p/w500/bG7wdte8enWVc1uuLX6Ys7ckxwd.jpg
Knights of Badassdom,2013,5.577,428,5.0196,Three best friends and dedicated roleplayers take to the woods to reenact a dungeons and dragons-like scenario as a live action role-playing game. Trouble arises when a prop spellbook purchased from the internet ends up being a genuine grimoire and they unwittingly conjure up a blood-lusting succubus from hell.,[],[],https://image.tmdb.org/t/p/w500/7TP8E4nTqT0SFkwlj2kYRfMRwfH.jpg
Interstellar,2014,8.462,38111,57.4507,The adventures of a group of explorers who make use of a newly discovered wormhole to surpass the limitations on human space travel and conquer the vast distances involved in an interstellar voyage.,[],[],https://image.tmdb.org/t/p/w500/gEU2QniE6E77NI6lCU6MxlNBvIx.jpg
The Maze Runner,2014,7.191,17645,38.8983,"A teenager with no memory of his past finds himself among a group of boys living in a walled enclosure surrounded by a massive, ever-changing maze. As he struggles to adapt to their rules and society, he begins to uncover clues that may lead to escape and the truth behind their confinement.",[],[],https://image.tmdb.org/t/p/w500/ode14q7WtDugFDp78fo9lCsmay9.jpg
Gone Girl,2014,7.889,19362,22.4758,"With his wife's disappearance having become the focus of an intense media circus, a man sees the spotlight turned on him when it's suspected that he may not be innocent.",[],[],https://image.tmdb.org/t/p/w500/ts996lKsxvjkO2yiYG0ht4qAicO.jpg
The Equalizer,2014,7.28,9546,20.5029,"McCall believes he has put his mysterious past behind him and dedicated himself to beginning a new, quiet life. But when he meets Teri, a young girl under the control of ultra-violent Russian gangsters, he can’t stand idly by – he has to help her. Armed with hidden skills that allow him to serve vengeance against anyone who would brutalize the helpless, McCall comes out of his self-imposed retirement and finds his desire for justice reawakened. If someone has a problem, if the odds are stacked against them, if they have nowhere else to turn, McCall will help. He is The Equalizer.",[],[],https://image.tmdb.org/t/p/w500/9u4yW7yPA0BQ2pv9XwiNzItwvp8.jpg
Fury,2014,7.538,12538,20.1795,"April, 1945. As the Allies make their final push in the European Theatre, a battle-hardened army sergeant named Wardaddy commands a Sherman tank and her five-man crew on a deadly mission behind enemy lines. Outnumbered and outgunned, and with a rookie soldier thrust into their platoon, Wardaddy and his men face overwhelming odds in their heroic attempts to strike at the heart of Nazi Germany.",[],[],https://image.tmdb.org/t/p/w500/pfte7wdMobMF4CVHuOxyu6oqeeA.jpg
Big Hero 6,2014,7.726,16151,21.0293,"A special bond develops between plus-sized inflatable robot Baymax, and prodigy Hiro Hamada, who team up with a group of friends to form a band of high-tech heroes.",[],[],https://image.tmdb.org/t/p/w500/2mxS4wUimwlLmI1xp6QW6NSU361.jpg
The Hobbit: The Battle of the Five Armies,2014,7.328,14862,20.4351,"Following Smaug's attack on Laketown, Bilbo and the dwarves try to defend Erebor's mountain of treasure from others who claim it: the men of the ruined Laketown and the elves of Mirkwood. Meanwhile an army of Orcs led by Azog the Defiler is marching on Erebor, fueled by the rise of the dark lord Sauron. Dwarves, elves and men must unite, and the hope for Middle-Earth falls into Bilbo's hands.",[],[],https://image.tmdb.org/t/p/w500/xT98tLqatZPQApyRmlPL12LtiWp.jpg
Teenage Mutant Ninja Turtles,2014,5.923,7010,21.4847,"When a kingpin threatens New York City, a group of mutated turtle warriors must emerge from the shadows to protect their home.",[],[],https://image.tmdb.org/t/p/w500/azL2ThbJMIkts3ZMt3j1YgBUeDB.jpg
Taken 3,2014,6.264,5964,16.6711,"Ex-government operative Bryan Mills finds his life is shattered when he's falsely accused of a murder that hits close to home. As he's pursued by a savvy police inspector, Mills employs his particular set of skills to track the real killer and exact his unique brand of justice.",[],[],https://image.tmdb.org/t/p/w500/vzvMXMypMq7ieDofKThsxjHj9hn.jpg
Penguins of Madagascar,2014,6.53,4332,20.3133,"Skipper, Kowalski, Rico and Private join forces with undercover organization The North Wind to stop the villainous Dr. Octavius Brine from destroying the world as we know it.",[],[],https://image.tmdb.org/t/p/w500/dXbpNrPDZDMEbujFoOxmMNQVMHa.jpg
The Hunger Games: Mockingjay - Part 1,2014,6.815,16343,17.7853,"After surviving the Quarter Quell, Katniss finds herself in the hidden stronghold of District 13, where the rebellion against the Capitol is gaining momentum. Struggling with the weight of becoming the symbol of resistance, she must navigate fragile alliances while trying to protect those she loves. As propaganda battles rage and Panem moves closer to full-scale war, Katniss is forced to confront the true cost of revolution.",[],[],https://image.tmdb.org/t/p/w500/4FAA18ZIja70d1Tu5hr5cj2q1sB.jpg
The Amazing Spider-Man 2,2014,6.523,13805,15.9269,"For Peter Parker, life is busy. Between taking out the bad guys as Spider-Man and spending time with the person he loves, Gwen Stacy, high school graduation cannot come quickly enough. Peter has not forgotten about the promise he made to Gwen’s father to protect her by staying away, but that is a promise he cannot keep. Things will change for Peter when a new villain, Electro, emerges, an old friend, Harry Osborn, returns, and Peter uncovers new clues about his past.",[],[],https://image.tmdb.org/t/p/w500/dGjoPttcbKR5VWg1jQuNFB247KL.jpg
X-Men: Days of Future Past,2014,7.528,15837,15.5234,The ultimate X-Men ensemble fights a war for the survival of the species across two time periods as they join forces with their younger selves in an epic battle that must change the past – to save our future.,[],[],https://image.tmdb.org/t/p/w500/tYfijzolzgoMOtegh1Y7j2Enorg.jpg
The Imitation Game,2015,7.991,17596,15.5743,"Based on the real life story of legendary cryptanalyst Alan Turing, the film portrays the nail-biting race against time by Turing and his brilliant team of code-breakers at Britain's top-secret Government Code and Cypher School at Bletchley Park, during the darkest days of World War II.",[],[],https://image.tmdb.org/t/p/w500/zSqJ1qFq8NXFfi7JeIYMlzyR0dx.jpg
Whiplash,2014,8.4,16000,15.6704,"Under the direction of a ruthless instructor, a talented young drummer begins to pursue perfection at any cost, even his humanity.",[],[],https://image.tmdb.org/t/p/w500/7fn624j5lj3xTme2SgiLCeuedmO.jpg
How to Train Your Dragon 2,2014,7.676,10086,14.3065,"Five years have passed since Hiccup and Toothless united the dragons and Vikings of Berk. Now, they spend their time charting unmapped territories. During one of their adventures, the pair discover a secret cave that houses hundreds of wild dragons -- and a mysterious dragon rider. Hiccup and Toothless find themselves at the center of a battle to protect Berk from a power-hungry warrior.",[],[],https://image.tmdb.org/t/p/w500/d13Uj86LdbDLrfDoHR5aDOFYyJC.jpg
Maleficent,2014,7.088,13454,14.5509,"A beautiful, pure-hearted young woman, Maleficent has an idyllic life growing up in a peaceable forest kingdom, until one day when an invading army threatens the harmony of the land. She rises to be the land's fiercest protector, but she ultimately suffers a ruthless betrayal – an act that begins to turn her heart into stone. Bent on revenge, Maleficent faces an epic battle with the invading King's successor and, as a result, places a curse upon his newborn infant Aurora. As the child grows, Maleficent realizes that Aurora holds the key to peace in the kingdom – and to Maleficent's true happiness as well.",[],[],https://image.tmdb.org/t/p/w500/bDG3yei6AJlEAK3A5wN7RwFXQ7V.jpg
Dawn of the Planet of the Apes,2014,7.334,11877,13.4941,"A group of scientists in San Francisco struggle to stay alive in the aftermath of a plague that is wiping out humanity, while Caesar tries to maintain dominance over his community of intelligent apes.",[],[],https://image.tmdb.org/t/p/w500/kScdQEwS9jPEdnO23XjGAtaoRcT.jpg
Nightcrawler,2014,7.705,11292,12.9788,"When Lou Bloom, desperate for work, muscles into the world of L.A. crime journalism, he blurs the line between observer and participant to become the star of his own story. Aiding him in his effort is Nina, a TV-news veteran.",[],[],https://image.tmdb.org/t/p/w500/j9HrX8f7GbZQm1BrBiR40uFQZSb.jpg
Inherent Vice,2014,6.5,2601,11.5144,"In Los Angeles at the turn of the 1970s, drug-fueled detective Larry ""Doc"" Sportello investigates the disappearance of an ex-girlfriend.",[],[],https://image.tmdb.org/t/p/w500/pfVua7TzzttOh3RTOuBqT7xN0oY.jpg
Edge of Tomorrow,2014,7.631,14517,12.5184,"Major Bill Cage is an officer who has never seen a day of combat when he is unceremoniously demoted and dropped into combat. Cage is killed within minutes, managing to take an alpha alien down with him. He awakens back at the beginning of the same day and is forced to fight and die again... and again - as physical contact with the alien has thrown him into a time loop.",[],[],https://image.tmdb.org/t/p/w500/nBM9MMa2WCwvMG4IJ3eiGUdbPe6.jpg
The Book of Life,2014,7.5,2823,13.2157,"The journey of Manolo, a young man who is torn between fulfilling the expectations of his family and following his heart. Before choosing which path to follow, he embarks on an incredible adventure that spans three fantastical worlds where he must face his greatest fears.",[],[],https://image.tmdb.org/t/p/w500/aotTZos5KswgCryEzx2rlOjFsm1.jpg
Lucy,2014,6.469,16626,12.5792,"A woman, accidentally caught in a dark deal, turns the tables on her captors and transforms into a merciless warrior evolved beyond human logic.",[],[],https://image.tmdb.org/t/p/w500/kRbpUTRNm6QbLQFPFWUcNC4czEm.jpg
Hercules,2014,5.792,4214,12.5208,"When a new enemy threatens the innocent, Hercules must lead his fearless team of warriors in a battle against overwhelming odds.",[],[],https://image.tmdb.org/t/p/w500/5X3VOy9lD44VclKsWTi8gHZGjhL.jpg
Transformers: Age of Extinction,2014,5.951,8497,11.9775,"As humanity picks up the pieces after the battle of Chicago, a shadowy group reveals itself in an attempt to control the direction of history…while an ancient, powerful new menace sets Earth in its crosshairs. With help from Cade Yeager, Optimus Prime and the Autobots rise to meet their most fearsome challenge yet.",[],[],https://image.tmdb.org/t/p/w500/jyzrfx2WaeY60kYZpPYepSjGz4S.jpg
Night at the Museum: Secret of the Tomb,2014,6.217,6060,11.6128,"When the magic powers of The Tablet of Ahkmenrah begin to die out, Larry Daley spans the globe, uniting favorite and new characters while embarking on an epic quest to save the magic before it is gone forever.",[],[],https://image.tmdb.org/t/p/w500/xwgy305K6qDs3D20xUO4OZu1HPY.jpg
300: Rise of an Empire,2014,6.112,6743,11.4704,"Greek general Themistocles attempts to unite all of Greece by leading the charge that will change the course of the war. Themistocles faces the massive invading Persian forces led by mortal-turned-god, Xerxes and Artemesia, the vengeful commander of the Persian navy.",[],[],https://image.tmdb.org/t/p/w500/wYDdWN1McB1Sio4z1dPSkb40Z78.jpg
Horrible Bosses 2,2014,6.18,4264,12.2989,"Dale, Kurt and Nick decide to start their own business but things don't go as planned because of a slick investor, prompting the trio to pull off a harebrained and misguided kidnapping scheme.",[],[],https://image.tmdb.org/t/p/w500/boBOkwIqgrs8noxBUSDkkicKa4K.jpg
A Haunted House 2,2014,6.174,1527,13.6851,"After exorcising the demons of his ex, Malcolm starts afresh with his new girlfriend and her two children. After moving into their dream home, Malcolm is once again plagued by bizarre paranormal events.",[],[],https://image.tmdb.org/t/p/w500/oV7M00fPXy5P0nbdeMbSUjYv0vx.jpg
Automata,2014,5.866,1725,10.664,"Jacq Vaucan, an insurance agent of ROC robotics corporation, routinely investigates the case of manipulating a robot. What he discovers will have profound consequences for the future of humanity.",[],[],https://image.tmdb.org/t/p/w500/v2CokOK5RfdkTo6C26PifDCndoX.jpg
Divergent,2014,6.909,13152,11.7903,"In a world divided into factions based on personality types, Tris learns that she's been classified as Divergent and won't fit in. When she discovers a plot to destroy Divergents, Tris and the mysterious Four must find out what makes Divergents dangerous before it's too late.",[],[],https://image.tmdb.org/t/p/w500/aNh4Q3iuPKDMPi2SL7GgOpiLukX.jpg
Sin City: A Dame to Kill For,2014,6.396,4006,10.3343,Some of Sin City's most hard-boiled citizens cross paths with a few of its more reviled inhabitants.,[],[],https://image.tmdb.org/t/p/w500/50kALxDX4mmzIRljbNbPY0u4cie.jpg
John Wick,2014,7.452,20139,12.0017,Ex-hitman John Wick comes out of retirement to track down the gangsters that took everything from him.,[],[],https://image.tmdb.org/t/p/w500/fZPSd91yGE9fCcCe6OoQr6E3Bev.jpg
Let's Be Cops,2014,6.463,2888,11.1787,"Best pals Ryan and Justin are stalled in their respective careers -- a fact that is painfully driven home when they go to a college reunion. Dressed as police in the mistaken belief that they were to attend a costume party, Ryan and Justin find that the uniforms earn them much respect and attention. Although Justin is uncomfortable with the idea, Ryan decides to continue with the charade, putting them both in increasingly dangerous situations. When these newly-minted “heroes” get tangled in a real life web of mobsters and dirty detectives, they must put their fake badges on the line.",[],[],https://image.tmdb.org/t/p/w500/pf4FoUr2phn5WyZjU7rLXSiW1Ve.jpg
22 Jump Street,2014,6.829,8230,10.844,"After making their way through high school (twice), big changes are in store for officers Schmidt and Jenko when they go deep undercover at a local college. But when Jenko meets a kindred spirit on the football team, and Schmidt infiltrates the bohemian art major scene, they begin to question their partnership. Now they don't have to just crack the case - they have to figure out if they can have a mature relationship. If these two overgrown adolescents can grow from freshmen into real men, college might be the best thing that ever happened to them.",[],[],https://image.tmdb.org/t/p/w500/850chzYHYbT3IISl6Q7dbBuFP2B.jpg
The Drop,2014,6.811,2304,10.7208,"Bob Saginowski finds himself at the center of a robbery gone awry and entwined in an investigation that digs deep into the neighborhood's past where friends, families, and foes all work together to make a living - no matter the cost.",[],[],https://image.tmdb.org/t/p/w500/olQInYvVCW2wycMSU1ogo9Jshml.jpg
Blended,2014,6.894,3692,10.7725,"Recently divorced mom Lauren and widowed dad Jim let their friends push them into a blind date, which goes disastrously wrong. Unsurprisingly, neither wants to see the other ever again. However, fate intervenes when both Jim and Lauren, unbeknownst to each other, purchase one-half of the same vacation package at a South African resort for families, during spring break. They and their children are forced to share the same romantic suite and participate in a slew of family activities together.",[],[],https://image.tmdb.org/t/p/w500/o2YrH9jS7CAfWjETHFeL0tth79E.jpg
Exodus: Gods and Kings,2014,5.877,4711,10.0571,"The defiant leader Moses rises up against the Egyptian Pharaoh Ramses, setting 400,000 slaves on a monumental journey of escape from Egypt and its terrifying cycle of deadly plagues.",[],[],https://image.tmdb.org/t/p/w500/uaDj37JtvLan9tihxZ18e6qL33b.jpg
The Purge: Anarchy,2014,6.63,6556,9.4937,"One night per year, the government sanctions a 12-hour period in which citizens can commit any crime they wish -- including murder -- without fear of punishment or imprisonment. Leo, a sergeant who lost his son, plans a vigilante mission of revenge during the mayhem. However, instead of a death-dealing avenger, he becomes the unexpected protector of four innocent strangers who desperately need his help if they are to survive the night.",[],[],https://image.tmdb.org/t/p/w500/qwqHHZLZSUvMkAMQ47ymtfjEifY.jpg
Godzilla,2014,6.35,9483,10.0485,"Ford Brody, a Navy bomb expert, has just reunited with his family in San Francisco when he is forced to go to Japan to help his estranged father, Joe. Soon, both men are swept up in an escalating crisis when an ancient alpha predator arises from the sea to combat malevolent adversaries that threaten the survival of humanity. The creatures leave colossal destruction in their wake, as they make their way toward their final battleground: San Francisco.",[],[],https://image.tmdb.org/t/p/w500/zokD6uxR2iWfYM3Y84yGJvnNTK7.jpg
The Expendables 3,2014,6.21,5166,9.9945,"Barney, Christmas and the rest of the team comes face-to-face with Conrad Stonebanks, who years ago co-founded The Expendables with Barney. Stonebanks subsequently became a ruthless arms trader and someone who Barney was forced to kill… or so he thought. Stonebanks, who eluded death once before, now is making it his mission to end The Expendables -- but Barney has other plans. Barney decides that he has to fight old blood with new blood, and brings in a new era of Expendables team members, recruiting individuals who are younger, faster and more tech-savvy. The latest mission becomes a clash of classic old-school style versus high-tech expertise in the Expendables’ most personal battle yet.",[],[],https://image.tmdb.org/t/p/w500/ruW3malZtlg66ODfg614dFbXO68.jpg
American Sniper,2015,7.4,13308,10.2472,"U.S. Navy SEAL Chris Kyle takes his sole mission—protect his comrades—to heart and becomes one of the most lethal snipers in American history. His pinpoint accuracy not only saves countless lives but also makes him a prime target of insurgents. Despite grave danger and his struggle to be a good husband and father to his family back in the States, Kyle serves four tours of duty in Iraq. However, when he finally returns home, he finds that he cannot leave the war behind.",[],[],https://image.tmdb.org/t/p/w500/i1U46OwMc6vlm7OoSUKfqUH615e.jpg
Sex Tape,2014,5.412,4143,10.044,"When Jay and Annie first got together, their romantic connection was intense – but ten years and two kids later, the flame of their love needs a spark.  To kick things up a notch, they decide – why not? – to make a video of themselves trying out every position in The Joy of Sex in one marathon three-hour session.  It seems like a great idea – until they discover that their most private video is no longer private.  With their reputations on the line, they know they’re just one click away from being laid bare to the world... but as their race to reclaim their video leads to a night they'll never forget, they'll find that their video will expose even more than they bargained for.",[],[],https://image.tmdb.org/t/p/w500/pFdS7SIdjcrYXtf141dabWVly9B.jpg
Seventh Son,2014,5.518,2570,10.3279,"John Gregory, who is a seventh son of a seventh son and also the local spook, has protected the country from witches, boggarts, ghouls and all manner of things that go bump in the night. However John is not young anymore, and has been seeking an apprentice to carry on his trade. Most have failed to survive. The last hope is a young farmer's son named Thomas Ward. Will he survive the training to become the spook that so many others couldn't?",[],[],https://image.tmdb.org/t/p/w500/7Q8DfXSjcFSSQDOxz1Sk865wNqI.jpg
Tinker Bell and the Legend of the NeverBeast,2014,7.357,1152,8.9984,"An ancient myth of a massive creature sparks the curiosity of Tinker Bell and her good friend Fawn, an animal fairy who’s not afraid to break the rules to help an animal in need. But this creature is not welcome in Pixie Hollow — and the scout fairies are determined to capture the mysterious beast, who they fear will destroy their home. Fawn must convince her fairy friends to risk everything to rescue the NeverBeast.",[],[],https://image.tmdb.org/t/p/w500/3S0mmmpYStB3GqodRghcfOt81wQ.jpg
Where Hope Grows,2014,7.177,124,9.6939,"Calvin Campbell is a former professional baseball player sent to an early retirement due to his panic attacks at the plate. Even though he had all the talent for the big leagues, he struggles with the curveballs life has thrown him. Today, he mindlessly sleepwalks through his days and the challenge of raising his teenager daughter. His life is in a slow downward spiral when it is suddenly awakened and invigorated by the most unlikely person – Produce, a young-man with Down syndrome who works at the local grocery store.",[],[],https://image.tmdb.org/t/p/w500/gQmOsU2hA0PrGvxGjzty1S2OO3H.jpg
The Fault in Our Stars,2014,7.595,11382,9.4923,"Despite the tumor-shrinking medical miracle that has bought her a few years, Hazel has never been anything but terminal, her final chapter inscribed upon diagnosis. But when a patient named Augustus Waters suddenly appears at Cancer Kid Support Group, Hazel's story is about to be completely rewritten.",[],[],https://image.tmdb.org/t/p/w500/kcVuktIlrn9SAN1uBmPDnocTQmF.jpg
The Grand Budapest Hotel,2014,8.0,15489,9.7514,"The Grand Budapest Hotel tells of a legendary concierge at a famous European hotel between the wars and his friendship with a young employee who becomes his trusted protégé. The story involves the theft and recovery of a priceless Renaissance painting, the battle for an enormous family fortune and the slow and then sudden upheavals that transformed Europe during the first half of the 20th century.",[],[],https://image.tmdb.org/t/p/w500/eWdyYQreja6JGCzqHWXpWHDrrPo.jpg
Guardians of the Galaxy,2014,7.904,28975,9.4723,"Light years from Earth, 26 years after being abducted, Peter Quill finds himself the prime target of a manhunt after discovering an orb wanted by Ronan the Accuser.",[],[],https://image.tmdb.org/t/p/w500/r7vmZjiyZw9rpJMQJdXpjgiCOk9.jpg
Dumb and Dumber To,2014,5.568,3298,9.3034,"20 years since their first adventure, Lloyd and Harry go on a road trip to find Harry's newly discovered daughter, who was given up for adoption.",[],[],https://image.tmdb.org/t/p/w500/cvEi0xV7TUkabJGuzulhvbMjrHi.jpg
Paddington,2014,7.1,4028,8.7589,"A young Peruvian bear travels to London in search of a home. Finding himself lost and alone at Paddington Station, he meets the kindly Brown family, who offer him a temporary haven.",[],[],https://image.tmdb.org/t/p/w500/wpchRGhRhvhtU083PfX2yixXtiw.jpg
Annabelle,2014,5.786,6384,9.4052,A couple begins to experience terrifying supernatural occurrences involving a vintage doll shortly after their home is invaded by satanic cultists.,[],[],https://image.tmdb.org/t/p/w500/yLsuU2P2SpDYFwtZQ7dtfVAf6TE.jpg
The Lego Movie,2014,7.42,8173,8.8224,"An ordinary Lego mini-figure, mistakenly thought to be the extraordinary MasterBuilder, is recruited to join a quest to stop an evil Lego tyrant from conquering the universe.",[],[],https://image.tmdb.org/t/p/w500/oQeusrfyFx6DiSANOXKV3dc2G0g.jpg
Need for Speed,2014,6.428,4550,8.8214,"The film revolves around a local street-racer who partners with a rich and arrogant business associate, only to find himself framed by his colleague and sent to prison. After he gets out, he joins a New York-to-Los Angeles race to get revenge. But when the ex-partner learns of the scheme, he puts a massive bounty on the racer's head, forcing him to run a cross-country gauntlet of illegal racers in all manner of supercharged vehicles.",[],[],https://image.tmdb.org/t/p/w500/z42kyMizgDKetejusZgucSQsQ4l.jpg
The Interview,2014,6.188,6020,8.652,"Dave Skylark and his producer Aaron Rapaport run the celebrity tabloid show ""Skylark Tonight"". When they land an interview with a surprise fan, North Korean dictator Kim Jong-un, they are recruited by the CIA to turn their trip to Pyongyang into an assassination mission.",[],[],https://image.tmdb.org/t/p/w500/tIDC4xT65l7a8qbgg8GvwD5g8c5.jpg
Rio 2,2014,6.52,3645,8.7239,"It's a jungle out there for Blu, Jewel and their three kids after they're hurtled from Rio de Janeiro to the wilds of the Amazon. As Blu tries to fit in, he goes beak-to-beak with the vengeful Nigel, and meets the most fearsome adversary of all: his father-in-law.",[],[],https://image.tmdb.org/t/p/w500/gVNTBrjxh2YRmQFjlaqrNbHVvrd.jpg
A Million Ways to Die in the West,2014,6.052,4251,8.3864,"As a cowardly farmer begins to fall for the mysterious new woman in town, he must put his new-found courage to the test when her husband, a notorious gun-slinger, announces his arrival.",[],[],https://image.tmdb.org/t/p/w500/n9SicwnoNGWBwE75le27sUhCLMm.jpg
"As Above, So Below",2014,6.731,3696,8.9593,"When a team of explorers ventures into the uncharted maze of bones that lies beneath the streets of Paris, they embark on a journey into madness and terror.",[],[],https://image.tmdb.org/t/p/w500/oJZSajKLJkoTOzSZQN2ZwRnPwHZ.jpg
Birdman or (The Unexpected Virtue of Ignorance),2015,7.451,13217,6.8175,"A fading actor best known for his portrayal of a popular superhero attempts to mount a comeback by appearing in a Broadway play. As opening night approaches, his attempts to become more altruistic, rebuild his career, and reconnect with friends and family prove more difficult than expected.",[],[],https://image.tmdb.org/t/p/w500/rHUg2AuIuLSIYMYFgavVwqt1jtc.jpg
The Babadook,2014,6.5,6219,7.7234,"A single mother, plagued by the violent death of her husband, battles with her son's fear of a monster lurking in the house, but soon discovers a sinister presence all around her.",[],[],https://image.tmdb.org/t/p/w500/qt3fqapeo94TfvMyld8P7gkpXLz.jpg
The Taking of Deborah Logan,2014,6.55,1382,8.2847,"What starts as a poignant medical documentary about Deborah Logan's descent into Alzheimer's disease and her daughter's struggles as caregiver degenerates into a maddening portrayal of dementia at its most frightening, as hair-raising events begin to plague the family and crew and an unspeakable malevolence threatens to tear the very fabric of sanity from them all.",[],[],https://image.tmdb.org/t/p/w500/77i7EBUyQKOUiZeYQ5tWDGQb0AI.jpg
"I, Frankenstein",2014,5.374,1994,8.5767,"200 years after his shocking creation, Dr. Frankenstein's creature, Adam, still walks the earth. But when he finds himself in the middle of a war over the fate of humanity, Adam discovers he holds the key that could destroy humankind.",[],[],https://image.tmdb.org/t/p/w500/a53tIl4k20zCZCNyq73kiXkwWkl.jpg
Captain America: The Winter Soldier,2014,7.654,19478,7.7192,"After the cataclysmic events in New York with The Avengers, Steve Rogers, aka Captain America is living quietly in Washington, D.C. and trying to adjust to the modern world. But when a S.H.I.E.L.D. colleague comes under attack, Steve becomes embroiled in a web of intrigue that threatens to put the world at risk. Joining forces with the Black Widow, Captain America struggles to expose the ever-widening conspiracy while fighting off professional assassins sent to silence him at every turn. When the full scope of the villainous plot is revealed, Captain America and the Black Widow enlist the help of a new ally, the Falcon. However, they soon find themselves up against an unexpected and formidable enemy—the Winter Soldier.",[],[],https://image.tmdb.org/t/p/w500/tVFRpFw3xTedgPGqxW0AOI8Qhh0.jpg
The November Man,2014,6.112,1538,7.807,An ex-CIA operative is brought back in on a very personal mission and finds himself pitted against his former pupil in a deadly game involving high level CIA officials and the Russian president-elect.,[],[],https://image.tmdb.org/t/p/w500/4ejNFbCgLMDAuy7jFQmc7cr6UAW.jpg
The Gambler,2014,6.01,1491,7.0777,"Literature professor Jim Bennett leads a secret life as a high-stakes gambler. Always a risk-taker, Bennett bets it all when he borrows from a gangster and offers his own life as collateral. Staying one step ahead, he pits his creditor against the operator of an illicit gambling ring while garnering the attention of Frank, a paternalistic loan shark. As his relationship with a student deepens, Bennett must risk everything for a second chance.",[],[],https://image.tmdb.org/t/p/w500/hIgU3cxn7Y87joQGM3srofnXOm5.jpg
Noah,2014,5.668,6403,6.6589,A man who suffers visions of an apocalyptic deluge takes measures to protect his family from the coming flood.,[],[],https://image.tmdb.org/t/p/w500/9ftKmR9dXmI4aSJJikXNWHNSDq3.jpg
RoboCop,2014,5.883,5667,7.9286,"In RoboCop, the year is 2028 and multinational conglomerate OmniCorp is at the center of robot technology.  Overseas, their drones have been used by the military for years, but have been forbidden for law enforcement in America.  Now OmniCorp wants to bring their controversial technology to the home front, and they see a golden opportunity to do it.  When Alex Murphy – a loving husband, father and good cop doing his best to stem the tide of crime and corruption in Detroit – is critically injured, OmniCorp sees their chance to build a part-man, part-robot police officer.  OmniCorp envisions a RoboCop in every city and even more billions for their shareholders, but they never counted on one thing: there is still a man inside the machine.",[],[],https://image.tmdb.org/t/p/w500/gM5ql3BKYmHG3WtZ0buKXN7xY8O.jpg
Beyond the Reach,2014,5.894,379,7.5243,A high-rolling corporate shark and his impoverished young guide play the most dangerous game during a hunting trip in the Mojave Desert.,[],[],https://image.tmdb.org/t/p/w500/t6m6ICEG7KrnyYQpROISURkuCD5.jpg
Mr. Peabody & Sherman,2014,6.7,2451,7.0404,"A young boy and his dog, who happens to have a genius-level IQ, spring into action when their time-machine is stolen and moments in history begin to be changed.",[],[],https://image.tmdb.org/t/p/w500/hPcImYndWESKHzT2GHVCDsUxzYg.jpg
Stonehearst Asylum,2014,6.861,1496,7.7684,"An Oxford Medical School graduate takes a position at a mental institution and soon becomes obsessed with a female mental patient, but he has no idea of a recent and horrifying staffing change.",[],[],https://image.tmdb.org/t/p/w500/fZxGCCQ0NAtraevqULJ84wSSjo0.jpg
Jack Ryan: Shadow Recruit,2014,6.118,2964,6.792,"Jack Ryan, as a young covert CIA analyst, uncovers a Russian plot to crash the U.S. economy with a terrorist attack.",[],[],https://image.tmdb.org/t/p/w500/m7HcLUodrD4lM4s0Hui1tzO2pjO.jpg
Non-Stop,2014,6.81,5537,7.1526,"Bill Marks is a Federal Air Marshall for whom every day is the same until this one. On this plane ride, he starts receiving text messages from someone claiming to be on the flight and threatening to kill passengers. In a race against the clock, he must identify and stop the killer to save everyone on board.",[],[],https://image.tmdb.org/t/p/w500/Nkgaj3X0W2jHQ1TzHEgWFpN3kJ.jpg
Aftermath,2014,4.727,55,5.6883,"Searching for a happy ending to a tale of unimaginable disaster and horror, nine strangers find themselves holed up together in a farmhouse cellar in rural Texas. The United States has hastily become embroiled in World War 3. A young doctor named Hunter survives the nuclear attack and is thrown together by happenstance with a group of wounded and frightened victims, including Elizabeth, a strong-willed confidant to Hunter, Brad - an antagonistic redneck jackass, and Jennifer, a barely coherent young woman suffering from severe post-traumatic stress. Together, they attempt to endure the devastating holocaust as they struggle with claustrophobia and conflicting personalities. In a makeshift shelter, Hunter and his dying companions wait for news from the government while fending off hunger, radiation sickness, and a horde of frightened and dying refugees",[],[],https://image.tmdb.org/t/p/w500/3QsMEN5Vkjusez9Q1bZTaFJJWOM.jpg
The Judge,2014,7.328,4279,7.4006,"A successful lawyer returns to his hometown for his mother's funeral only to discover that his estranged father, the town's judge, is suspected of murder.",[],[],https://image.tmdb.org/t/p/w500/3K93GWotLXe4FqpErri0xkpLaD5.jpg
What We Do in the Shadows,2014,7.556,3736,7.85,Vampire housemates try to cope with the complexities of modern life and show a newly turned hipster some of the perks of being undead.,[],[],https://image.tmdb.org/t/p/w500/a2rD3i3DBMeYbA34rBv6z3B9S3a.jpg
Codebreaker Alan Turing Persecution Of A Genius,2014,0.0,0,17.0821,"The highs and lows of Alan Turing's life, tracking his extraordinary accomplishments, his government persecution through to his tragic death in 1954. In the last 18 months of his short life, Turing visited a psychiatrist, Dr. Franz Greenbaum, who tried to help him. Each therapy session in this drama documentary is based on real events. The conversations between Turing and Greenbaum explore the pivotal moments in his controversial life and examine the pressures that may have contributed to his early death. The film also includes the testimony of people who actually knew and remember Turing. Plus, this film features interviews with contemporary experts from the world of technology and high science including Apple co-founder Steve Wozniak. These contributors bring Turing's exciting impact up to the present day, explaining why, in many ways, modern technology has only just begun to explore the potential of Turing's ideas.",[],[],https://image.tmdb.org/t/p/w500/8D9B5o7AjZbJnmit1GqEU5sY441.jpg
Starship: Rising,2014,4.1,35,6.7395,"A corrupt planetary federation…  The ultimate weapon of destruction....  One starship captain stands between them….and intergalactic armageddon.  STARSHIP: RISING - RISE UP OR DIE  In the distant future, an immortal bionic leader, the product of genetic engineering, has ruled over the universe for 200 years. An uprising is being staged by those preserving natural birth.",[],[],https://image.tmdb.org/t/p/w500/mRR2eR5V75jVUXVs65v8BYNswkp.jpg
Enemy,2021,6.853,6180,7.3906,A mild-mannered college professor discovers a look-alike actor and delves into the other man's private affairs.,[],[],https://image.tmdb.org/t/p/w500/vf40tyDRKZsBmaLsYeopzfFLzLx.jpg
The Skeleton Twins,2014,6.634,671,7.251,"Estranged twins Maggie and Milo coincidentally cheat death on the same day, prompting them to reunite and confront the reasons their lives went so wrong. As the twins' reunion reinvigorates them, they realize the key to fixing their lives may just lie in repairing their relationship.",[],[],https://image.tmdb.org/t/p/w500/lDygTdg1KlrVJVzqsFL515uGzSe.jpg
Heaven Is for Real,2014,6.758,852,7.3676,"The true story of the 4-year old son of a small-town pastor who, during emergency surgery, slips from consciousness and enters heaven. When he awakes, he recounts his experiences on the other side.",[],[],https://image.tmdb.org/t/p/w500/w4k7KCwLPDixM13J2JYcqt9kHZ7.jpg
Predestination,2014,7.421,6801,8.086,"Predestination chronicles the life of a Temporal Agent sent on an intricate series of time-travel journeys designed to prevent future killers from committing their crimes. Now, on his final assignment, the Agent must stop the one criminal that has eluded him throughout time and prevent a devastating attack in which thousands of lives will be lost.",[],[],https://image.tmdb.org/t/p/w500/38Xr1JnV1ZcLQ55zmdSp6n475cZ.jpg
In Secret,2014,6.12,241,7.2791,"In 1860s Paris, a young woman, Therese, is trapped in a loveless marriage to the sickly Camille by her domineering aunt, Madame Raquin. She spends her days behind the counter of a small shop and her evenings watching Madame play dominos with an eclectic group. After she meets her husband’s alluring friend, Laurent, she embarks on an illicit affair that leads to tragic consequences. Based on Emile Zola’s novel, Thérèse Raquin.",[],[],https://image.tmdb.org/t/p/w500/iJSTzDyF2BKB9mcor7slIOOXSBD.jpg
The Theory of Everything,2014,7.839,10858,6.9923,"The Theory of Everything is the extraordinary story of one of the world’s greatest living minds, the renowned astrophysicist Stephen Hawking, who falls deeply in love with fellow Cambridge student Jane Wilde.",[],[],https://image.tmdb.org/t/p/w500/kJuL37NTE51zVP3eG5aGMyKAIlh.jpg
Ouija,2014,5.148,2720,7.0016,A group of friends must confront their most terrifying fears when they awaken the dark powers of an ancient spirit board.,[],[],https://image.tmdb.org/t/p/w500/gwjHlGjK2xXKpjd65BWyAMwzTWC.jpg
Barefoot,2014,6.636,654,6.1604,"The ""black sheep"" son of a wealthy family meets a young psychiatric patient who's been raised in isolation her entire life. He takes the naive young woman home for his brother's wedding an improbable romance blooms, as she impresses everyone with her genuine, simple charms.",[],[],https://image.tmdb.org/t/p/w500/7CWdmxafzSVEUv4mMlOpw89NKXE.jpg
Planes: Fire & Rescue,2014,6.2,885,6.9146,"When world-famous air racer Dusty learns that his engine is damaged and he may never race again, he must shift gears and is launched into the world of aerial firefighting. Dusty joins forces with veteran fire and rescue helicopter Blade Ranger and his team, a bunch of all-terrain vehicles known as The Smokejumpers. Together, the fearless team battles a massive wildfire, and Dusty learns what it takes to become a true hero.",[],[],https://image.tmdb.org/t/p/w500/pOmteFeBDI9FJOPTDvYJYFeAtdp.jpg
"Love, Rosie",2014,7.816,6380,7.5589,"Since the moment they met at age 5, Rosie and Alex have been best friends, facing the highs and lows of growing up side by side. A fleeting shared moment, one missed opportunity, and the decisions that follow send their lives in completely different directions. As each navigates the complexities of life, love, and everything in between, they always find their way back to each other - but is it just friendship, or something more?",[],[],https://image.tmdb.org/t/p/w500/8Mf9GgyNv5jjLAAPGsom9skH2Du.jpg
Unbroken,2015,7.426,4245,7.3108,"A chronicle of the life of Louis Zamperini, an Olympic runner who was taken prisoner by Japanese forces during World War II.",[],[],https://image.tmdb.org/t/p/w500/vAlHUjHwLWMV5mg4epGR9WSIfiy.jpg
St. Vincent,2014,7.115,1981,6.1518,"A young boy whose parents just divorced finds an unlikely friend and mentor in the misanthropic, bawdy, hedonistic, war veteran who lives next door.",[],[],https://image.tmdb.org/t/p/w500/1bb7MTHCIPhpKZFysDpxNaNrdMk.jpg
Playing It Cool,2014,5.845,785,6.6347,A young man meets and instantly falls in love with an engaged woman.,[],[],https://image.tmdb.org/t/p/w500/96htqghZlKctNJqDLo2DuC9PEap.jpg
"Monster High: Frights, Camera, Action!",2014,7.5,146,6.3419,"When Draculaura is led to believe she's the rightful heir to the vampire throne, she and her best ghoulfriends are whisked away to Transylvania for a royal coronation to die for. But they soon discover the hunt for the queen is not over yet. The Ghouls must locate an ancient artifact known as the Vampire's Heart in order to discover the identity of the true Vampire Queen. It's a fangtastic adventure that will lead them from the Tower of Londoom, to a haunted river boat in New Goreleans and finally to the glamorous boo-vie lots of Hauntlywood. Could this be the moment when Draculara finally receives her vampire powers and discovers screams really can come true?",[],[],https://image.tmdb.org/t/p/w500/5gTNnqidaAfTHlOIB7tiMkGh3hK.jpg
Neighbors,2014,6.183,7093,6.9106,A couple with a newborn baby face unexpected difficulties after they are forced to live next to a fraternity house.,[],[],https://image.tmdb.org/t/p/w500/sN1RU08CMi8xkRIibremh3AOdgw.jpg
Tusk,2014,5.513,1515,6.6531,"When his best friend and podcast co-host goes missing in the backwoods of Canada, a young guy joins forces with his friend's girlfriend to search for him.",[],[],https://image.tmdb.org/t/p/w500/pA2SgITmH0lzet9Nn5cxeinRKMv.jpg
"Remo, Rambo, Reagan and Reds: The Eighties Action Movie Explosion",2014,8.0,1,6.0902,"This feature-length documentary from High Rise Productions takes a close look at some of the most popular action movies from the '80s and the different political overtones in them, as well as the very specific characterizations they promoted, their general attitude towards violence, the political climate in Hollywood, etc. - www.blu-ray.com",[],[],https://image.tmdb.org/t/p/w500/lzwnK8LRDjx9NCsD2e7RkgDG2Zr.jpg
A Merry Friggin' Christmas,2014,5.4,247,6.3618,"Boyd Mitchler and his family must spend Christmas with his estranged family of misfits. Upon realizing that he left all his son's gifts at home, he hits the road with his dad in an attempt to make the 8-hour round trip before sunrise.",[],[],https://image.tmdb.org/t/p/w500/eR9muFXkNCknGdfTQSeDS6tdPdZ.jpg
Escobar: Paradise Lost,2014,6.274,791,6.3734,"For Pablo Escobar family is everything. When young surfer Nick falls for Escobar's niece, Maria, he finds his life on the line when he's pulled into the dangerous world of the family business.",[],[],https://image.tmdb.org/t/p/w500/4HngNLzCmUYCPB8FbxSZWN0eDKM.jpg
The Brittany Murphy Story,2014,3.9,26,5.2654,"A look at Brittany Murphy's rise to Hollywood fame in the 1990s, her struggles with celebrity and self-esteem, and her mysterious death in 2009 at the age of 32.",[],[],https://image.tmdb.org/t/p/w500/fbJDO3nPgDEa61RuxbEMkrpIwri.jpg
The Boxtrolls,2014,6.696,1746,6.6173,"An orphaned boy raised by underground creatures called Boxtrolls comes up from the sewers and out of his box to save his family and the town from the evil exterminator, Archibald Snatcher.",[],[],https://image.tmdb.org/t/p/w500/npBf0yc5Gt7aAyyVOcYtFyT2IPa.jpg
Endless Love,2014,6.903,1718,5.7294,A privileged girl and a charismatic boy's instant desire sparks a love affair made only more reckless by parents trying to keep them apart.,[],[],https://image.tmdb.org/t/p/w500/z7FZP6uivgVc4t0mnmia0B8YygW.jpg
Wrong Turn 6: Last Resort,2014,5.391,941,6.3668,"A sudden and mysterious inheritance brings Danny and his friends to Hobb Springs, a forgotten resort deep in the West Virginia hills. Hobb Springs is being looked after under the watchful care of Jackson and Sally, a socially awkward couple who introduce Danny to the long lost family he's never known. A clan by the name of Hillicker. But soon Danny learns his relatives have a different way of living, that for generations, the Hillickers have observed ancient traditions rooted in cannibalism and other taboo rituals.",[],[],https://image.tmdb.org/t/p/w500/cV1biK7jlHVXlQ7ErYe5MUSBGcx.jpg
The Loft,2014,6.423,1519,6.3401,"For five men, the opportunity to share a penthouse in the city -- in which to carry on extramarital affairs -- is a dream come true, until the dead body of an unknown woman turns up. Realizing that her killer must be one of their group, the men are gripped by paranoia as each one suspects another. Friendships are tested, loyalties are questioned, and marriages crumble while fear and suspicion run rampant.",[],[],https://image.tmdb.org/t/p/w500/msHg4MRKZBcGwIakhMEaYRSdYag.jpg
Tinker Bell and the Pirate Fairy,2014,6.953,1046,5.6011,"Zarina, a smart and ambitious dust-keeper fairy who’s captivated by Blue Pixie Dust and its endless possibilities, flees Pixie Hollow and joins forces with the scheming pirates of Skull Rock, who make her captain of their ship. Tinker Bell and her friends must embark on an epic adventure to find Zarina, and together they go sword-to-sword with the band of pirates led by a cabin boy named James, who’ll soon be known as Captain Hook himself.",[],[],https://image.tmdb.org/t/p/w500/81oxrsugqqs8sAVNX9fdlz57cVU.jpg
The Best of Me,2014,7.463,2642,6.1265,A pair of former high school sweethearts reunite after many years when they return to visit their small hometown.,[],[],https://image.tmdb.org/t/p/w500/twv17hergmeqXR2jVpKdv0JRPir.jpg
Sub Rosa,2014,5.765,17,6.1571,"Bullied by his father to grow up, a teen fights between the love of his step-mother over his father's life.",[],[],https://image.tmdb.org/t/p/w500/yVwt1gPaQxCUV8iC8i1rca6FSji.jpg
The Normal Heart,2014,7.739,896,6.5586,"The story of the onset of the HIV-AIDS crisis in New York City in the early 1980s, taking an unflinching look at the nation's sexual politics as gay activists and their allies in the medical community fight to expose the truth about the burgeoning epidemic to a city and nation in denial.",[],[],https://image.tmdb.org/t/p/w500/rQwdv1bNdc0OSG8svAEfWACcAAU.jpg
The Giver,2014,6.556,4526,6.5144,"In a seemingly perfect community, without war, pain, suffering, differences or choice, a young boy is chosen to learn from an elderly man about the true pain and pleasure of the ""real"" world.",[],[],https://image.tmdb.org/t/p/w500/dul62Av4pgi5x8LP7ELHzNyka9Z.jpg
Redirected,2014,5.826,390,5.5812,"Four friends become stranded in Eastern Europe and have to become hit men, prostitutes, corrupt cops, smugglers and more to make it home.",[],[],https://image.tmdb.org/t/p/w500/kA6lnOcfyd5EnSqgv4dRwKYvvo4.jpg
Into the Storm,2014,6.058,2099,5.926,"As a new day begins in the town of Silverton, its residents have little reason to believe it will be anything other than ordinary. Mother Nature, however has other plans. In the span of just a few hours, an unprecedented onslaught of powerful tornadoes ravages Silverton. Storm trackers predict that the worst is still to come, as terrified residents seek shelter, and professional storm-chasers run toward the danger, hoping to study the phenomenon close up and get a once-in-a-lifetime shot.",[],[],https://image.tmdb.org/t/p/w500/kBgrhrES9kMKSPxawUYV61KjlnB.jpg
Chef,2014,7.114,3471,7.3156,"When Chef Carl Casper suddenly quits his job at a prominent Los Angeles restaurant after refusing to compromise his creative integrity for its controlling owner, he is left to figure out what's next. Finding himself in Miami, he teams up with his ex-wife, his friend and his son to launch a food truck. Taking to the road, Chef Carl goes back to his roots to reignite his passion for the kitchen -- and zest for life and love.",[],[],https://image.tmdb.org/t/p/w500/hyp8EXDmO4dSC8V6Q5jU7gD1kcg.jpg
Think Like a Man Too,2014,6.417,575,5.9544,"All the couples are back for a wedding in Las Vegas, but plans for a romantic weekend go awry when their various misadventures get them into some compromising situations that threaten to derail the big event.",[],[],https://image.tmdb.org/t/p/w500/bsKfhf0y9Zx7h4j5GHu1JANpKwl.jpg
Sabotage,2014,5.596,1467,6.42,"John 'Breacher' Wharton leads an elite DEA task force that takes on the world's deadliest drug cartels. When the team successfully executes a high-stakes raid on a cartel safe house, they think their work is done – until, one-by-one, the team members mysteriously start to be eliminated. As the body count rises, everyone is a suspect.",[],[],https://image.tmdb.org/t/p/w500/ygG17WukZCidKm7wGM3Zzrr5WRi.jpg
Parasite Memories: The Making of 'Shivers',2014,5.5,1,5.6351,"""Parasite Memories"" is a brand new retrospective piece on the film produced by High Rising Productions with lively contribution from effects artist Joe Blasco, actresses Lynn Lowry and Barbara Steele, actor Allan Kolman, and Canadian critic Kier La-Janisse.",[],[],https://image.tmdb.org/t/p/w500/AmOcdupFtwrZnkdLoZgYWT2gIcS.jpg
Winter's Tale,2014,6.264,1369,6.0592,"A burglar falls for an heiress as she dies in his arms. When he learns that he has the gift of reincarnation, he sets out to save her.",[],[],https://image.tmdb.org/t/p/w500/dwDAUpidqVEql6w1o51VIPlMtbG.jpg
Son of a Gun,2014,6.379,786,6.3944,"Locked up for a minor crime, 19 year old JR quickly learns the harsh realities of prison life. Protection, if you can get it, is paramount. JR soon finds himself under the watchful eye of Australia's most notorious criminal, Brendan Lynch, but protection comes at a price.",[],[],https://image.tmdb.org/t/p/w500/yRLVyhQfkW2hn15e8NIqarswLAr.jpg
Blood Valley: Seed's Revenge,2014,3.22,41,6.2529,"Coming back from her bachelor party in Las Vegas, Christine and her friends are driving through the hot desert of Nevada. But they are not alone - serial killer Max Seed is back and he brought the whole family.",[],[],https://image.tmdb.org/t/p/w500/ibrgN2LD4vlhTfxltPdfTGUB2OZ.jpg
A Walk Among the Tombstones,2014,6.328,2909,5.492,Private investigator Matthew Scudder is hired by a drug kingpin to find out who kidnapped and murdered his wife.,[],[],https://image.tmdb.org/t/p/w500/euPgyPsiNFp6gOBB7nUFxvN5ZaY.jpg
Expecting Amish,2014,6.636,33,5.6323,"Expecting Amish tells the story of 18-year-old Hannah Yoder, who is ready to join the Amish Church and marry her boyfriend Samuel. But things change when she goes to Hollywood and gets a glimpse of the world beyond.",[],[],https://image.tmdb.org/t/p/w500/7MK5CsotGluZtNlRC1gskCJVmcK.jpg
Lolita from Interstellar Space,2014,4.967,15,5.4909,"An undeniably beautiful alien is sent to Earth to study the complex mating rituals of human beings, which leads to the young interstellar traveler experiencing the passion that surrounds the centuries-old ritual of the species.",[],[],https://image.tmdb.org/t/p/w500/nhWlip1s5YzhRFKGlHABGJrBhZn.jpg
Batman: Assault on Arkham,2014,7.325,1161,6.1683,Batman works desperately to find a bomb planted by the Joker while Amanda Waller sends her newly-formed Suicide Squad to break into Arkham Asylum and recover vital information stolen by the Riddler.,[],[],https://image.tmdb.org/t/p/w500/b9KxvIAZkl2f57kjObj8Z9z9LhL.jpg
Transcendence,2014,6.057,5606,5.6525,"Two leading computer scientists work toward their goal of Technological Singularity,  as a radical anti-technology organization fights to prevent them from creating a world where computers can transcend the abilities of the human brain.",[],[],https://image.tmdb.org/t/p/w500/qmOKJWl3wnXDcLhjtJHnCCCvAiO.jpg
Pompeii,2014,5.546,3310,6.1831,"In 79 A.D., Milo, a slave turned gladiator, finds himself in a race against time to save his true love Cassia, the beautiful daughter of a wealthy merchant who has been unwillingly betrothed to a corrupt Roman Senator. As Mount Vesuvius erupts in a torrent of blazing lava, Milo must fight his way out of the arena in order to save his beloved as the once magnificent Pompeii crumbles around him.",[],[],https://image.tmdb.org/t/p/w500/dxxM3lLDjGRC50i5rhvfQziskAN.jpg
Unfriended,2014,5.537,3436,5.7611,"While video chatting one night, six high school friends receive a Skype message from a classmate who killed herself exactly one year ago. At first they think it's a prank, but when the girl starts revealing the friends' darkest secrets, they realize they are dealing with something out of this world, something that wants them dead.",[],[],https://image.tmdb.org/t/p/w500/8byPxREr3BqBNyyij5WHVSOVtYk.jpg
Before I Go to Sleep,2014,6.48,2074,5.1496,"A woman wakes up every day, remembering nothing as a result of a traumatic accident in her past. One day, new terrifying truths emerge that force her to question everyone around her.",[],[],https://image.tmdb.org/t/p/w500/1sSWpTupVixOanIpZdLGzsKvcZS.jpg
The Other Woman,2014,6.43,3640,6.0357,"After discovering her boyfriend is married, Carly soon meets the wife he's been cheating on. And when yet another affair is discovered, all three women team up to plot mutual revenge on the three-timing SOB.",[],[],https://image.tmdb.org/t/p/w500/yHnbb6z8REuFIyBLT2Nj3MX54dY.jpg
Monster High: Freaky Fusion,2014,7.738,126,5.4868,"While attempting to help Frankie Stein learn more about her freakycool scaritage, the fashionably fierce ghoulfriends travel back in time to the first day ever of Monster High! There, they meet Sparky, a skullastic teen with an obsession for creating life. But when Sparky follows the ghouls through a killer time portal to modern-day Monster High, the event results in eight of them fusing together into four creeperiffic hybrid Monsters. Now, they'll really have to work together to control their bodies in the big Bitecentennial Play and stop one of Sparky's experiments from destroying imperfectly perfect Monster High!",[],[],https://image.tmdb.org/t/p/w500/iqt6XJmJP4sPuIjYDkbcLyBVlPw.jpg
Outcast,2014,5.142,493,6.0979,"A mysterious warrior teams up with the daughter and son of a deposed Chinese Emperor to defeat their cruel brother, who seeks their deaths.",[],[],https://image.tmdb.org/t/p/w500/efsgCTlofzIuysfokEp7hwQnUho.jpg
Ride Along,2014,6.259,2332,5.6054,"For the past two years, high-school security guard Ben has been trying to show decorated APD detective James that he's more than just a video-game junkie who's unworthy of James' sister, Angela. When Ben finally gets accepted into the academy, he thinks he's earned the seasoned policeman's respect and asks for his blessing to marry Angela. Knowing that a ride along will demonstrate if Ben has what it takes to take care of his sister, James invites him on a shift designed to scare the hell out of the trainee. But when the wild night leads them to the most notorious criminal in the city, James will find that his new partner's rapid-fire mouth is just as dangerous as the bullets speeding at it.",[],[],https://image.tmdb.org/t/p/w500/qrt65VVaP5DEEBZgB5XYctA82Qv.jpg
Afternoon of a Faun: Tanaquil Le Clercq,2014,6.4,7,5.3243,"Of all the great ballerinas, Tanaquil Le Clercq may have been the most transcendent. With a body unlike any before hers, she mesmerized viewers and choreographers alike. With her elongated, race-horse physique, she became the new prototype for the great George Balanchine. Because of her extraordinary movement and unique personality on stage, she became a muse to two of the greatest choreographers in dance, George Balanchine and Jerome Robbins. She eventually married Balanchine, and Robbins created his famous version of Afternoon of a Faun for her. She had love, fame, adoration, and was the foremost dancer of her day until it suddenly all stopped. At the age of 27, she was struck down by polio and paralyzed. She never danced again. The ballet world has been haunted by her story ever since.",[],[],https://image.tmdb.org/t/p/w500/zVS3XjxsJW7ZaSJEcpSmnco6yEa.jpg
Beethoven's Treasure Tail,2014,5.7,94,5.524,"After everyone's favorite St. Bernard gets fired from a movie, Beethoven begins the long journey home with his trainer, Eddie. On their way, they become stranded in a small coastal town where the beloved canine befriends a young boy who is searching for buried treasure.",[],[],https://image.tmdb.org/t/p/w500/lfDaMeq8vfH0oQbry6hrbSIXbbw.jpg
Best Christmas Party Ever,2014,6.0,57,5.3755,"With the holidays approaching, a young party planner arranges a special Christmas party for a New York toy store. When a powerful corporation threatens to shut her down, she decides to follow her heart, moving forward with the party plans and finding true love in time for Christmas.",[],[],https://image.tmdb.org/t/p/w500/agoyhbjPUsPZH7kBBK445RjingQ.jpg
A Wife's Nightmare,2014,6.229,35,5.7461,"Liz, just returned home after a mental breakdown, has to welcome a relative stranger into her home when Caitlin, a young, vivacious woman, claims to be her husband's daughter.",[],[],https://image.tmdb.org/t/p/w500/pn7RmgsaG67g6HjrYMShLII3O4Z.jpg
Clown,2016,5.777,1422,6.1003,"A loving father finds a clown suit for his son's birthday party, only to realize the suit is part of an evil curse that turns its wearer into a killer.",[],[],https://image.tmdb.org/t/p/w500/gp5QyaU49utfWVVL698BzlN2vMh.jpg
Walk of Shame,2014,5.962,1478,5.6384,"A reporter's dream of becoming a news anchor is compromised after a one-night stand leaves her stranded in downtown L.A. without a phone, car, ID or money - and only 8 hours to make it to the most important job interview of her life.",[],[],https://image.tmdb.org/t/p/w500/3zMS66gtw8ccvy1BWD6thJ67jgX.jpg
How to Build a Better Boy,2014,6.4,399,5.7398,"After inadvertently inputting the qualities of the ideal boyfriend into a high-tech government computer, two social outcasts named Mae and Gabby must contend with Albert, a cybernetic sweetheart with only one directive: to treat Mae to the perfect highschool romance.",[],[],https://image.tmdb.org/t/p/w500/ivo09vYN76w3epqAv9jS9BEXi5N.jpg
Circus of the Dead,2014,5.3,11,5.2593,"A sadistic group of clowns kidnap an unsuspecting man and his daughters, forcing him to play a deadly game in order to save his family.",[],[],https://image.tmdb.org/t/p/w500/rJ5hsWtHGGySbIu3kOxSmLb9hp8.jpg
Born to Race: Fast Track,2014,6.5,102,5.9489,"Danny Krueger is a twenty-year old drag racer who plays by his own rules. After winning a scholarship to the prestigious Fast Lane Racing Academy, Danny finds himself competing against some of the fiercest young drivers in the world. Tension soars on and off the track, and a terrible incident leaves Danny without a racing partner. Facing dismissal from the academy, Danny is forced to team up with an old rival. The pair must learn to set aside their differences as they vie for rookie spots on a professional racing team.",[],[],https://image.tmdb.org/t/p/w500/sYYQ9kS6Twvt0UcjxGLmBcq5k11.jpg
Love Finds You In Sugarcreek,2014,6.4,46,5.4784,Will a mysterious stranger's past wreak havoc on a quiet Amish community after they've opened their doors -- and hearts -- to him and his son?,[],[],https://image.tmdb.org/t/p/w500/8munjaSfqp561Dj98GHRLZdFscd.jpg
Shaquille O'Neal Presents: All Star Comedy Jam - Live from Las Vegas,2014,0.0,0,4.5133,"Comedian and film star Mike Epps (The Hangover) takes center stage as the host of the newest installment in Shaquille O'Neal's All Star Comedy Jam franchise. Epps called on some of stand-up comedy's freshest talent to help him bring down the house; Lil' Rel, Henry Welch, Deon Cole and DeRay Davis. This hilarious lineup delivers nonstop laughs in this high-energy night of comedy.",[],[],https://image.tmdb.org/t/p/w500/iY6G2YJEBMGRZUWVhrn8yNdcHcu.jpg
Tammy,2014,5.347,1248,5.3264,"For Tammy, a burger-joint employee, a bad day keeps getting worse. She wrecks her car, loses her job, and finds that her husband has been unfaithful. It's time for Tammy to hit the road, but without money or transportation, her options are limited. Her only choice is a road trip with her hard-drinking grandmother, Pearl, who has a car, cash, and an itch to see Niagara Falls. It's not the escape Tammy had in mind, but it may be what she needs.",[],[],https://image.tmdb.org/t/p/w500/efsVMziwE9BNTDX5fNmYVA5oAzJ.jpg
This Is Where I Leave You,2014,6.618,1415,4.8529,"When their father passes away, four grown, world-weary siblings return to their childhood home and are requested -- with an admonition -- to stay there together for a week, along with their free-speaking mother and a collection of spouses, exes and might-have-beens. As the brothers and sisters re-examine their shared history and the status of each tattered relationship among those who know and love them best, they reconnect in hysterically funny and emotionally significant ways.",[],[],https://image.tmdb.org/t/p/w500/rVUI2267FdetVWz9UBQbqTmRVhQ.jpg
Camp X-Ray,2014,6.724,1070,6.3971,"A young woman joins the military to be part of something bigger than herself and her small-town roots. Instead, she ends up as a new guard at Guantanamo Bay, where her mission is far from black and white. Surrounded by hostile jihadists and aggressive squadmates, she strikes up an unusual friendship with one of the detainees.",[],[],https://image.tmdb.org/t/p/w500/aqNzRiaEsfv567Ji9njJofblRBE.jpg
The King of Arcades,2014,5.7,18,4.2957,"Follow the rise and fall of the King of Arcades as one man pursues his dream against all odds. The King of Arcades details the life and times of punk rock musician and classic arcade collector Richie Knucklez, on his journey to cultural prominence when he takes his passion for collecting to new heights by opening an arcade business in Flemington, New Jersey, only to watch it fall in the wake of economic hardship.",[],[],https://image.tmdb.org/t/p/w500/xYDFvTIqD7gCjAYxXaPV49Z1KMk.jpg
Step Up All In,2014,6.826,1963,5.7195,"All-stars from the previous Step Up installments come together in glittering Las Vegas, battling for a victory that could define their dreams and their careers.",[],[],https://image.tmdb.org/t/p/w500/hgAjyJyEvj5S9CeztXs39iEUJKS.jpg
Falcon Rising,2014,6.336,370,5.9121,"Chapman is an ex-marine in Brazil's slums, battling the yakuza outfit who attacked his sister and left her for dead.",[],[],https://image.tmdb.org/t/p/w500/4wnfTO8mvqcTU62YMkUeKq49VMT.jpg
"Signed, Sealed, Delivered for Christmas",2014,6.7,31,5.0692,"With a duty to deliver every last letter before Christmas, the beloved quartet of post office detectives—Oliver, Shane, Rita and Norman—are working around the clock to redirect Santa’s mail just as Oliver runs into his former Sunday school teacher. When they receive an emotional last-minute plea not meant for Saint Nick, but instead written to God, they must delay their own travel plans to make sure one little girl doesn’t lose her Christmas joy—something Oliver and Shane are also struggling to find as they each face painful holiday memories. With a little guidance from a mysterious post office volunteer, Jordan, the Postables are more surprised than anyone to discover they've been a part of more than one miracle on this Christmas Eve.",[],[],https://image.tmdb.org/t/p/w500/yoMg33yFaBs7JYt2pPAoe0E6q0Z.jpg
Annie,2015,6.234,1325,5.8817,"Annie is a young, happy foster kid who's also tough enough to make her way on the streets of New York in 2014. Originally left by her parents as a baby with the promise that they'd be back for her someday, it's been a hard knock life ever since with her mean foster mom Miss Hannigan. But everything's about to change when the hard-nosed tycoon and New York mayoral candidate Will Stacks—advised by his brilliant VP and his shrewd and scheming campaign advisor—makes a thinly-veiled campaign move and takes her in. Stacks believes he's her guardian angel, but Annie's self-assured nature and bright, sun-will-come-out-tomorrow outlook on life just might mean it's the other way around.",[],[],https://image.tmdb.org/t/p/w500/aKAM9V0izx4VhsdyAdBvAB26UCZ.jpg
Revelation Road 3: The Black Rider,2014,4.3,13,4.8365,"Josh McManus finds himself in a dangerous border-town at the edge of the wild-lands. The beleaguered Mayor sends Josh on a vital mission to find the mysterious and elusive ""Shepherd"". Is the Shepherd a prophet or a pariah? A true man of God or a cult leader? With the aid of a beautiful survivor, Josh will discover the truth in an action-packed adventure that puts his skills and his faith to the test.",[],[],https://image.tmdb.org/t/p/w500/iD3xXWqEXdpEl6M3cmgUOHmbOTO.jpg
Under the Skin,2014,6.1,3638,5.4434,A seductive stranger prowls the streets of Glasgow in search of prey: unsuspecting men who fall under her spell.,[],[],https://image.tmdb.org/t/p/w500/55wmcXJIDYITr7JDijJTdvwSaAv.jpg
School Dance,2014,7.3,149,6.0243,"High schooler Jason has found his dream girl—the gorgeous Anastacia. There’s just one problem: she doesn’t know he exists. If he can win a spot on the school’s hottest dance crew, Jason might have a shot. But before he does, he’ll have to overcome his battle-ax of a mother, survive Anastacia’s gangsta brother, and pass the crew’s initiation—in this fresh, sexy, and outrageously funny comedy.",[],[],https://image.tmdb.org/t/p/w500/nplQTnjWiE4mGP1eeaDmNqaF0oR.jpg
Draft Day,2014,6.7,965,5.8469,"At the NFL Draft, general manager Sonny Weaver has the opportunity to rebuild his team when he trades for the number one pick. He must decide what he's willing to sacrifice on a life-changing day for a few hundred young men with NFL dreams.",[],[],https://image.tmdb.org/t/p/w500/bnl2ocjS1io4UCPhjoFuPKmJ9bf.jpg
A Most Violent Year,2014,6.6,1479,5.5772,"A thriller set in New York City during the winter of 1981, statistically one of the most violent years in the city's history, and centered on the lives of an immigrant and his family trying to expand their business and capitalize on opportunities as the rampant violence, decay, and corruption of the day drag them in and threaten to destroy all they have built.",[],[],https://image.tmdb.org/t/p/w500/i2jWXgaie4a2Nwn55GDuNVn6RK3.jpg
Dracula Untold,2014,6.444,6326,6.5014,"Vlad Tepes is a great hero, but when he learns the Sultan is preparing for battle and needs to form an army of 1,000 boys, he vows to find a way to protect his family. Vlad turns to dark forces in order to get the power to destroy his enemies and agrees to go from hero to monster as he's turned into the mythological vampire, Dracula.",[],[],https://image.tmdb.org/t/p/w500/xJJFZ7tYASyQ7rNOLTrb2JpDc7A.jpg
Seven Lucky Gods,2014,5.636,11,4.7882,An illegal immigrant from Albania infiltrates the lives of a group of Londoners with devastating consequences.,[],[],https://image.tmdb.org/t/p/w500/fknTuIkjZr2XdadAk3ExxmO1uIF.jpg
Tom Holland's Twisted Tales,2014,4.3,13,5.057,"Horror legend Tom Holland dares you to join him for nine nerve-shredding, totally Twisted Tales. Serving up a mind-bending assortment of the macabre, it’s an anthology fine-tuned to keep you on the edge of your seat. A new drug offers users a glimpse of the future… with beastly consequences. A murderous husband is stalked by his own cell phone. A jilted lover wreaks satanic vengeance. The nightmarish action then leads to worlds haunted by dark magic, demonic possession, vampires, witches and more in this seriously freaky festival of fear.",[],[],https://image.tmdb.org/t/p/w500/3fZOVhBhaiStErUeFHKDbQP5a4z.jpg
The Guest,2014,6.7,2051,5.5298,"A soldier introduces himself to the Peterson family, claiming to be a friend of their son who died in action. After the young man is welcomed into their home, a series of accidental deaths seem to be connected to his presence.",[],[],https://image.tmdb.org/t/p/w500/8hGMD8PhOJrzkew0RZyOWqDhGJR.jpg
Begin Again,2015,7.232,3888,6.3904,"Gretta, a budding songwriter, finds herself alone after her boyfriend Dave ditches her. Her life gains purpose when Dan, a record label executive, notices her talent.",[],[],https://image.tmdb.org/t/p/w500/qx4HXHXt528hS4rwePZbZo20xqZ.jpg
Kill the Messenger,2014,6.612,885,6.1764,A reporter becomes the target of a vicious smear campaign that drives him to the point of suicide after he exposes the CIA's role in arming Contra rebels in Nicaragua and importing cocaine into California. Based on the true story of journalist Gary Webb.,[],[],https://image.tmdb.org/t/p/w500/8gaNZiKZHvKCqMDByY00dUIV0YC.jpg
Two Night Stand,2014,6.413,1882,5.594,"After an extremely regrettable one night stand, two strangers wake up to find themselves snowed in after sleeping through a blizzard that put all of Manhattan on ice. They're now trapped together in a tiny apartment, forced to get to know each other way more than any one night stand should.",[],[],https://image.tmdb.org/t/p/w500/rz0YnlHieXP9SBuJU4ANBW8ttIw.jpg
Little Accidents,2014,5.409,82,5.5041,"In a small American coal town living in the shadow of a recent mining accident, the disappearance of a teenage boy draws three people together—a surviving miner, the lonely wife of a mine executive, and a local boy—in a web of secrets.",[],[],https://image.tmdb.org/t/p/w500/8nGltRVl58E5GEwCqCtk9HOifV5.jpg
Reasonable Doubt,2014,5.824,571,5.1127,"When up-and-coming District Attorney Mitch Brockden commits a fatal hit-and-run, he feels compelled to throw the case against the accused criminal who was found with the body and blamed for the crime. Following the trial, Mitch's worst fears come true when he realizes that he acquitted a guilty man, and he soon finds himself on the hunt for the killer before more victims pile up.",[],[],https://image.tmdb.org/t/p/w500/n0BUpxa6E8PYoZWbx5g6CxbdalX.jpg
The Legend of Hercules,2014,4.8,1366,4.7182,"In Ancient Greece 1200 B.C., a queen succumbs to the lust of Zeus to bear a son promised to overthrow the tyrannical rule of the king and restore peace to a land in hardship. But this prince, Hercules, knows nothing of his real identity or his destiny. He desires only one thing: the love of Hebe, Princess of Crete, who has been promised to his own brother. When Hercules learns of his greater purpose, he must choose: to flee with his true love or to fulfill his destiny and become the true hero of his time. The story behind one of the greatest myths is revealed in this action-packed epic - a tale of love, sacrifice and the strength of the human spirit.",[],[],https://image.tmdb.org/t/p/w500/aAnRHLq50AbGWEibXHjmLbp2Tze.jpg
Feast,2014,7.84,874,5.4394,"This Oscar-winning animated short film tells the story of one man's love life as seen through the eyes of his best friend and dog, Winston, and revealed bite by bite through the meals they share.",[],[],https://image.tmdb.org/t/p/w500/6hAgSxgd2YIK5pYhwowtnlGpwbe.jpg
The Better Angels,2014,6.3,41,5.6001,"At an isolated log cabin in the harsh wilderness of Indiana circa 1817, the rhythms of love, tragedy, and the daily hardships of life on the developing frontier shaped one of our nation’s greatest heroes: Abraham Lincoln. Abe is a thoughtful and quiet boy who spends his days at the side of his beloved mother while learning to work the land from his stern father. When illness takes his mother, Abe's new guardian angel comes in the form of his new stepmother, who sees the potential in the boy and pushes for his further education.",[],[],https://image.tmdb.org/t/p/w500/k6qHQrKBNnUdTLnWfzQ4T1XnU4Z.jpg
Toy Story That Time Forgot,2014,7.0,1016,4.7362,"During a post-Christmas play date, the gang find themselves in uncharted territory when the coolest set of action figures ever turn out to be dangerously delusional. It's all up to Trixie, the triceratops, if the gang hopes to return to Bonnie's room in this Toy Story That Time Forgot.",[],[],https://image.tmdb.org/t/p/w500/kVOaFo8RaYQceHfTqbZGmV9R80q.jpg
The Homesman,2014,6.531,834,4.0086,"When three women living on the edge of the American frontier are driven mad by harsh pioneer life, the task of saving them falls to the pious, independent-minded Mary Bee Cuddy. Transporting the women by covered wagon to Iowa, she soon realizes just how daunting the journey will be, and employs a low-life drifter, George Briggs, to join her. The unlikely pair and the three women head east, where a waiting minister and his wife have offered to take the women in. But the group first must traverse the harsh Nebraska Territories marked by stark beauty, psychological peril and constant threat.",[],[],https://image.tmdb.org/t/p/w500/eGpuOhkm1wG2AxEJShazH5NVGAO.jpg
The Prince,2014,4.914,498,5.4137,A family man who turns out to be a retired mob enforcer must travel across the country to find his daughter who has gone missing.,[],[],https://image.tmdb.org/t/p/w500/22b2fmxhZveWSyWkgUz2y94fp3w.jpg
E N V O Y,2014,6.5,25,5.343,A young boy discovers a deadly alien creature and winds up entangled in a top secret government operation.,[],[],https://image.tmdb.org/t/p/w500/aFwXw3rGizINp77yKe9hAzftVzz.jpg
Phantom Halo,2014,5.866,56,5.0843,Two brothers barely scrape by as their father continues to gamble and drink away the money they do bring home. They hatch a plan for a robbery but at what price?,[],[],https://image.tmdb.org/t/p/w500/hr9oFmxy3jAQwK1PkBwQI5tbOH0.jpg
October 1,2014,6.0,18,5.1214,"September 1960. As Nigeria prepares for independence from the British, a seasoned police detective rushes to find the serial killer slaughtering its native young women.",[],[],https://image.tmdb.org/t/p/w500/bwP6r44YzP58Dxdiupj5NVWgZgT.jpg
Awake: The Life of Yogananda,2014,6.8,23,4.7356,"An unconventional biography by Oscar nominee Paola di Florio and Sundance winner Lisa Leeman about Hindu mystic Paramahansa Yogananda who brought yoga and meditation to the West in 1920 and authored the spiritual classic ""Autobiography of a Yogi,"" which became the go-to book for seekers from George Harrison to Steve Jobs.",[],[],https://image.tmdb.org/t/p/w500/nPiUpBhb16F2bAw7EWg4Jo7hjyF.jpg
The Cobbler,2014,5.865,1740,5.4906,"Max Simkin repairs shoes in the same New York shop that has been in his family for generations. Disenchanted with the grind of daily life, Max stumbles upon a magical heirloom that allows him to step into the lives of his customers and see the world in a new way. Sometimes walking in another man's shoes is the only way one can discover who they really are.",[],[],https://image.tmdb.org/t/p/w500/k6CYisrf2J2FXzvSXVJSscHc7Kj.jpg
Brick Mansions,2014,5.891,1555,4.9254,"In a dystopian Detroit, grand houses that once housed the wealthy are now homes of the city's most-dangerous criminals. Surrounding the area is a giant wall to keep the rest of Detroit safe. For undercover cop Damien Collier, every day is a battle against corruption as he struggles to bring his father's killer, Tremaine, to justice. Meanwhile, Damien and an ex-con named Lino work together to save the city from a plot to destroy it.",[],[],https://image.tmdb.org/t/p/w500/6OopiNRk7lWP0hPsY0eYqq2kQTi.jpg
Four Corners,2014,6.2,5,4.3968,"Directed by Ian Gabriel, “Four Corners” revolves around a 13-year-old chess whiz drawn into the Cape Town’s well-known child-gang culture. Touted as the first film to delve into the 100-year-old war between South Africa’s so-called Number gangs, the 26 and the 28, it blends the Sabela, Tsotsi-taal and Cape Afrikaans dialects and mixes established talents with non-actors and first-time thesps from schools and communities across the Cape Flats.",[],[],https://image.tmdb.org/t/p/w500/9366HqFCKk8WCOFty3gUU9xP499.jpg
And So It Goes,2014,6.036,469,5.4705,"Nobody likes self-centered realtor Oren Little, and he prefers it that way. He's deliberately mean to anyone who crosses his path and wants nothing more than to sell one final house and retire. His life turns upside-down when his estranged son drops off a granddaughter he never knew existed. Suddenly left in charge of her and with no idea how to take care of a child, he pawns the girl off on his neighbor, Leah -- but he eventually learns how to open his heart.",[],[],https://image.tmdb.org/t/p/w500/mp6aEHJa1SUQD0BvmbytvVjHk8.jpg
The Signal,2014,6.013,1760,5.5196,"On a road trip, Nic and two friends are drawn to an isolated area by a computer genius. When everything suddenly goes dark, Nic regains consciousness – only to find himself in a waking nightmare.",[],[],https://image.tmdb.org/t/p/w500/r5v3gzfxtnO9bKebs5Ujee6LLP1.jpg
Frontera,2014,6.523,198,5.3265,"After crossing the border illegally for work, Miguel, a hard-working father and devoted husband, finds himself wrongfully accused of murdering a former sheriff’s wife. After learning of his imprisonment, Miguel’s pregnant wife tries to come to his aid and lands in the hands of corrupt coyotes who hold her for ransom. Dissatisfied with the police department’s investigation, the former sheriff tries to uncover the truth about his wife’s death and discovers disturbing evidence that will destroy one family’s future, or tear another’s apart.",[],[],https://image.tmdb.org/t/p/w500/rjdJN48tBaLB7HdmyzBnlypXvPj.jpg
Stand Clear of the Closing Doors,2014,6.2,13,4.3616,"When autistic teen Ricky is scolded for skipping class, he escapes into the subway for a days-long odyssey among the subway’s disparate denizens. Meanwhile, his mother wages an escalating search effort above ground. Based on a true story and set in Far Rockaway, Queens, in the days leading up to Hurricane Sandy, these parallel stories of mother and son take the viewer on a touching journey of community and connection in and below New York City.",[],[],https://image.tmdb.org/t/p/w500/oKFywm0BSOBVYkSpW7JmXVM8SDo.jpg
The Remaining,2014,6.074,478,5.5716,"When a group of close-knit friends assemble for the marriage of Skylar and Dan, they have no idea they will witness The Rapture and face a series of catastrophic events turning the celebration into a life-or-death struggle.",[],[],https://image.tmdb.org/t/p/w500/fFeTfXI67Oj80s65jtbq4uQ4InP.jpg
Wolves,2014,5.909,317,4.7456,"The coming-of-age story of Cayden Richards. Forced to hit the road after the murder of his parents, Cayden wanders lost without purpose... Until he meets a certifiable lunatic named Wild Joe who sets him on a path to the ominous town of Lupine Ridge to hunt down the truths of his history. But in the end| who's really hunting whom?",[],[],https://image.tmdb.org/t/p/w500/cJw3pKFRaoO7HoWPswks1CKALIB.jpg
Teen Lust,2014,4.669,80,5.0612,A shy high schooler struggles to lose his virginity before the local Satanic cult can sacrifice him to the devil.,[],[],https://image.tmdb.org/t/p/w500/5ZpzxZ5NpoOiYuOZqiiKEyDt4pN.jpg
Every Secret Thing,2014,6.136,346,5.0546,"One clear summer day in a Baltimore suburb, a baby goes missing from her front porch. Two young girls serve seven years for the crime and are released into a town that hasn't fully forgiven or forgotten. Soon, another child is missing, and two detectives are called in to investigate the mystery in a community where everyone seems to have a secret.",[],[],https://image.tmdb.org/t/p/w500/jR3rrAtFhK6MufgJIlNYoo0Iyfd.jpg
Wyrmwood: Road of the Dead,2014,6.052,475,4.767,"Barry is a talented mechanic and family man whose life is torn apart on the eve of a zombie apocalypse. His sister, Brooke, is kidnapped by a sinister team of gas-mask wearing soldiers and experimented on by a psychotic doctor. While Brooke plans her escape Barry goes out on the road to find her and teams up with Benny, a fellow survivor – together they must arm themselves and prepare to battle their way through hordes of flesh-eating monsters in a harsh Australian bushland.",[],[],https://image.tmdb.org/t/p/w500/oyF0zNkTfvodHvkSEs9E88jvQRi.jpg
Son of Batman,2014,7.058,1110,5.4265,"Batman learns he has a violent, unruly pre-teen son, secretly raised by the terrorist group known as The League of Assassins.",[],[],https://image.tmdb.org/t/p/w500/yHx8OLSKc3VtIBB5lIe90c0fHOX.jpg
Scooby-Doo! WrestleMania Mystery,2014,7.4,324,4.847,"The mystery begins when Shaggy and Scooby win tickets to ""WrestleMania"" and convince the crew to go with them to WWE City. But this city harbors a spooky secret - a ghastly Ghost Bear holds the town in his terrifying grip! To protect the coveted WWE Championship Title, the gang gets help from WWE Superstars like John Cena, Triple H, Sin Cara, Brodus Clay, AJ Lee, The Miz and Kane. Watch Scooby and the gang grapple with solving this case before it's too late.",[],[],https://image.tmdb.org/t/p/w500/vgnxicD1qvhTrh4db9F7hJLoOaa.jpg
Justice League: War,2014,7.424,1132,5.1043,"The world is under attack by an alien armada led by the powerful Apokoliptian, Darkseid. A group of superheroes consisting of Superman, Batman, Wonder Woman, The Flash, Green Lantern, Cyborg, and Shazam must set aside their differences and gather together to defend Earth.",[],[],https://image.tmdb.org/t/p/w500/pdNprWYdgcB8z4FLD3BhRmhEys1.jpg
The Radiator Springs 500½,2014,6.239,92,5.1318,"A 'leisurely drive' planned in honor of Radiator Springs’ town founder, Stanley, turns precarious as Baja pros descend on the town and challenge Lightning McQueen to an off-road race. Meanwhile, the townsfolk, led by a Stanley-costumed Mater, enjoy the planned 'leisurely drive' to retrace Stanley’s original frontier route. Thinking they’re on the same course, a wrong turn sends McQueen and the Baja pros on a treacherously wild bid for survival. The misunderstanding leaves the racing professionals in awe of the 'legend' of Stanley: the Original Off-Road Racer.",[],[],https://image.tmdb.org/t/p/w500/oKuGXTnggOmut8A0ZvU1Hh2yOa8.jpg
3 Days to Kill,2014,6.106,2235,6.526,"A dangerous international spy is determined to give up his high stakes life to finally build a closer relationship with his estranged wife and daughter. But first, he must complete one last mission - even if it means juggling the two toughest assignments yet: hunting down the world's most ruthless terrorist and looking after his teenage daughter for the first time in ten years, while his wife is out of town.",[],[],https://image.tmdb.org/t/p/w500/8xOH2JhBHPmk2ZCniBpWhiZ6xeC.jpg
Lost Soul: The Doomed Journey of Richard Stanley's Island of Dr. Moreau,2014,6.672,116,5.0965,"The story of the insane scandals related to the remake of “Island of Dr. Moreau” —originally a novel by H. G. Wells—, which was brought to the big screen in 1996. How director Richard Stanley spent four years developing the project just to find an abrupt end to his work while leading actor Marlon Brando pulled the strings in the shadows. Now for the first time, the living key players recount what really happened and why it all went so spectacularly wrong.",[],[],https://image.tmdb.org/t/p/w500/rySKp5esmRPVDMm33mr4szxR6IU.jpg
We Still Kill the Old Way,2014,6.0,80,5.0344,A group of aging London gangsters go on a vigilante killing spree when one of their number is murdered by a street gang.,[],[],https://image.tmdb.org/t/p/w500/A8ezFMixyVkxMPptmd3dqiZUp2W.jpg
Creep,2014,6.389,1540,4.7675,"Looking for work, Aaron comes across a cryptic online ad: “$1,000 for the day. Filming service. Discretion is appreciated.” Low on cash and full of naiveté, he decides to go for it. He drives to a cabin in a remote mountain town where he meets Josef, his cinematic subject for the day. Josef is sincere and the project seems heartfelt, so Aaron begins to film. But as the day goes on, it becomes clear that Josef is not who he says, and his intentions are not at all pure.",[],[],https://image.tmdb.org/t/p/w500/qn53D574tT0YRyLgirEFHQwGUXw.jpg
Adult Beginners,2014,5.4,198,5.2205,"A young, hipster entrepreneur crashes and burns on the eve of his company’s big launch. With his entire life in disarray, he leaves Manhattan to move in with his estranged pregnant sister, brother-in-law and three year-old nephew in the suburbs — only to become their manny.  Faced with real responsibility, he may finally have to grow up — but not without some bad behavior first.",[],[],https://image.tmdb.org/t/p/w500/H9zeZ4Vr1lPUfOCz07FPn1ENRX.jpg
A Wish for the Dead,2014,5.0,1,5.1865,"A mysterious man offers John hope with his dying wife. A locket, which will grant a single wish. John wishes that death cease to exist. Chaos ensues as the living can't die, and the dead can't remain in the grave.",[],[],https://image.tmdb.org/t/p/w500/hq5OUiOaw2wXHQStskrycBmdjbf.jpg
Clipper Gold,2014,0.0,0,4.332,"It's a fine, frail line between fantasy and reality when the doleful, downtrodden state of a couple's relationship unfurls against the backdrop of a feed of moose sausages and tea. Sexual frustration, co-dependency, domestic despair and just a hint of missing male libido all play out within the crestfallen subtleties of opposing table manners and passive aggressive tea-brewing rituals.",[],[],
It's a Zoo in Here,2014,10.0,1,5.3619,"New kid in town Chris has trouble fitting in, until his neighbor tells him she plans to rescue animals from the local circus. After the animals follow them home, they take one in and teach him what being a kid is all about!",[],[],
The Ganzfeld Haunting,2014,4.208,36,4.6286,"In a world where past meets present and the present gets lost in time, reality is blurred for 5 College psychology students who are pushing all boundaries during an ESP experiment over a lost weekend...",[],[],https://image.tmdb.org/t/p/w500/6ZUDVL4EdT94jqHPFCr5SfrvPR6.jpg
Marvel Studios: Assembling a Universe,2014,6.907,167,4.3563,"A look at the story behind Marvel Studios and the Marvel Cinematic Universe, featuring interviews and behind-the-scenes footage from all of the Marvel films, the Marvel One-Shots and ""Marvel's Agents of S.H.I.E.L.D.""!",[],[],https://image.tmdb.org/t/p/w500/41Ke02UzYoPsiTc3YbomPGiQKMl.jpg
Left Behind,2014,4.269,1352,5.4378,A small group of survivors are left behind after millions of people suddenly vanish during the rapture and the world is plunged into chaos and destruction.,[],[],https://image.tmdb.org/t/p/w500/b9Q2WR62yB5Aq0hd6kyRFS9cc3Y.jpg
The Kick,2014,6.0,1,4.9853,The dramatic behind-the-scenes story of All Black Stephen Donald and the pentaly kick that saved the 2011 World Cup.,[],[],
"Men, Women & Children",2014,6.449,938,4.8653,"Follows the story of a group of high school teenagers and their parents as they attempt to navigate the many ways the internet has changed their relationships, their communication, their self-image, and their love lives.",[],[],https://image.tmdb.org/t/p/w500/dzFHIxCcvq2CZVFCsgz7n1z5oIM.jpg
The Water Diviner,2014,6.789,1280,4.931,"In 1919, Australian farmer Joshua Connor travels to Turkey to discover the fate of his three sons, reported missing in action. Holding on to hope, Joshua must travel across the war-torn landscape to find the truth and his own peace.",[],[],https://image.tmdb.org/t/p/w500/kIlVtC22BDNiiAiCvSZoOS7FhY9.jpg
Fifty Shades of Grey,2015,5.878,12139,26.4394,"When college senior Anastasia Steele steps in for her sick roommate to interview prominent businessman Christian Grey for their campus paper, little does she realize the path her life will take. Christian, as enigmatic as he is rich and powerful, finds himself strangely drawn to Ana, and she to him. Though sexually inexperienced, Ana plunges headlong into an affair -- and learns that Christian's true sexual proclivities push the boundaries of pain and pleasure.",[],[],https://image.tmdb.org/t/p/w500/63kGofUkt1Mx0SIL4XI4Z5AoSgt.jpg
Scouts Guide to the Zombie Apocalypse,2015,6.551,2025,24.8735,"Three scouts and lifelong friends join forces with one badass cocktail waitress to become the world’s most unlikely team of heroes.  When their peaceful town is ravaged by a zombie invasion, they’ll fight for the badge of a lifetime and put their scouting skills to the test to save mankind from the undead.",[],[],https://image.tmdb.org/t/p/w500/lUKvvSnjFlazrdh6wyHxHrdMknD.jpg
Cinderella,2015,6.8,7243,20.03,"When her father unexpectedly passes away, young Ella finds herself at the mercy of her cruel stepmother and her daughters. Never one to give up hope, Ella's fortunes begin to change after meeting a dashing stranger in the woods.",[],[],https://image.tmdb.org/t/p/w500/j91LJmcWo16CArFOoapsz84bwxb.jpg
Inside Out,2015,7.91,22879,18.2872,"When 11-year-old Riley moves to a new city, her Emotions team up to help her through the transition. Joy, Fear, Anger, Disgust and Sadness work together, but when Joy and Sadness get lost, they must journey through unfamiliar places to get back home.",[],[],https://image.tmdb.org/t/p/w500/2H1TmgdfNtsKlU9jKdeNyYL5y8T.jpg
Avengers: Age of Ultron,2015,7.271,23807,17.4691,"When Tony Stark tries to jumpstart a dormant peacekeeping program, things go awry and Earth’s Mightiest Heroes are put to the ultimate test as the fate of the planet hangs in the balance. As the villainous Ultron emerges, it is up to The Avengers to stop him from enacting his terrible plans, and soon uneasy alliances and unexpected action pave the way for an epic and unique global adventure.",[],[],https://image.tmdb.org/t/p/w500/4ssDuvEDkSArWEdyBl2X5EHvYKU.jpg
It Follows,2015,6.6,6668,17.1866,A young woman is followed by an unknown supernatural force after a sexual encounter.,[],[],https://image.tmdb.org/t/p/w500/iwnQ1JH1wdWrGYkgWySptJ5284A.jpg
Mad Max: Fury Road,2015,7.627,23458,16.8523,"An apocalyptic story set in the furthest reaches of our planet, in a stark desert landscape where humanity is broken, and most everyone is crazed fighting for the necessities of life. Within this world exist two rebels on the run who just might be able to restore order.",[],[],https://image.tmdb.org/t/p/w500/hA2ple9q4qnwxp3hKVNhroipsir.jpg
The Martian,2015,7.69,20532,13.8215,"During a manned mission to Mars, Astronaut Mark Watney is presumed dead after a fierce storm and left behind by his crew. But Watney has survived and finds himself stranded and alone on the hostile planet. With only meager supplies, he must draw upon his ingenuity, wit and spirit to subsist and find a way to signal to Earth that he is alive.",[],[],https://image.tmdb.org/t/p/w500/3ndAx3weG6KDkJIRMCi5vXX6Dyb.jpg
Pixels,2015,5.76,7821,15.3373,Video game experts are recruited by the military to fight 1980s-era video game characters who've attacked New York.,[],[],https://image.tmdb.org/t/p/w500/d26S5EfVXLNxRXqyFy1yyl3qRq3.jpg
Jurassic World,2015,6.699,21078,14.6636,"Twenty-two years after the events of Jurassic Park, Isla Nublar now features a fully functioning dinosaur theme park, Jurassic World, as originally envisioned by John Hammond.",[],[],https://image.tmdb.org/t/p/w500/rhr4y79GpxQF9IsfJItRXVaoGs4.jpg
Maze Runner: The Scorch Trials,2015,6.733,10744,13.6347,"Thomas and his fellow Gladers face their greatest challenge yet: searching for clues about the mysterious and powerful organization known as WCKD. Their journey takes them to the Scorch, a desolate landscape filled with unimaginable obstacles. Teaming up with resistance fighters, the Gladers take on WCKD’s vastly superior forces and uncover its shocking plans for them all.",[],[],https://image.tmdb.org/t/p/w500/mYw7ZyejqSCPFlrT2jHZOESZDU3.jpg
The Revenant,2016,7.536,18742,13.5159,"In the 1820s, a frontiersman, Hugh Glass, sets out on a path of vengeance against those who left him for dead after a bear mauling.",[],[],https://image.tmdb.org/t/p/w500/ji3ecJphATlVgWNY0B0RVXZizdf.jpg
Ted 2,2015,6.316,7771,13.5769,"Newlywed couple Ted and Tami-Lynn want to have a baby, but in order to qualify to be a parent, Ted will have to prove he's a person in a court of law.",[],[],https://image.tmdb.org/t/p/w500/38C91I7Xft0gyY7BITm8i4yvuRb.jpg
Furious 7,2015,7.223,10997,13.1895,Deckard Shaw seeks revenge against Dominic Toretto and his family for his comatose brother.,[],[],https://image.tmdb.org/t/p/w500/wurKlC3VKUgcfsn0K51MJYEleS2.jpg
Star Wars: The Force Awakens,2015,7.255,20035,14.2437,"Thirty years after defeating the Galactic Empire, Han Solo and his allies face a new threat from the evil Kylo Ren and his army of Stormtroopers.",[],[],https://image.tmdb.org/t/p/w500/wqnLdwVXoBjKibFRR5U3y0aDUhs.jpg
Terminator Genisys,2015,5.945,8715,11.9494,"The year is 2029. John Connor, leader of the resistance continues the war against the machines. At the Los Angeles offensive, John's fears of the unknown future begin to emerge when TECOM spies reveal a new plot by SkyNet that will attack him from both fronts; past and future, and will ultimately change warfare forever.",[],[],https://image.tmdb.org/t/p/w500/oZRVDpNtmHk8M1VYy1aeOWUXgbC.jpg
The Hunger Games: Mockingjay - Part 2,2015,6.898,12994,11.4164,"As the war between the Capitol and the districts reaches its peak, Katniss Everdeen embarks on a perilous mission to liberate Panem and confront President Snow. Joined by a team of trusted allies, she navigates deadly traps, shifting loyalties, and the heavy cost of rebellion, determined to bring freedom to her people and end the Hunger Games once and for all.",[],[],https://image.tmdb.org/t/p/w500/lImKHDfExAulp16grYm8zD5eONE.jpg
Tomorrowland,2015,6.285,7185,12.3013,"Bound by a shared destiny, a bright, optimistic teen bursting with scientific curiosity and a former boy-genius inventor jaded by disillusionment embark on a danger-filled mission to unearth the secrets of an enigmatic place somewhere in time and space that exists in their collective memory as ""Tomorrowland.""",[],[],https://image.tmdb.org/t/p/w500/kziYpr5Nfw60P0My8aj1sgCEqed.jpg
Southpaw,2015,7.366,5640,11.0156,"Billy ""The Great"" Hope, the reigning junior middleweight boxing champion, has an impressive career, a loving wife and daughter, and a lavish lifestyle. However, when tragedy strikes, Billy hits rock bottom, losing his family, his house and his manager. He soon finds an unlikely savior in Tick Willis, a former fighter who trains the city's toughest amateur boxers. With his future on the line, Hope fights to reclaim the trust of those he loves the most.",[],[],https://image.tmdb.org/t/p/w500/kSQ49Fi3NVTqGGXILmxV2T2pdkG.jpg
The Intern,2015,7.224,7050,12.0757,"70-year-old widower Ben Whittaker has discovered that retirement isn't all it's cracked up to be. Seizing an opportunity to get back in the game, he becomes a senior intern at an online fashion site, founded and run by Jules Ostin.",[],[],https://image.tmdb.org/t/p/w500/9UoAC9tu8kIyRy8AcJnGhnH0gOH.jpg
Tales from the Tour Bus: Rock 'n' Roll on the Road,2015,10.0,2,7.6125,"Rock legend and tour bus aficionado Rick Wakeman takes us on a time-travelling trip through the decades in this first-hand account of rockers on the road from the late 1950s to the 80s and beyond. It's a secret history of transport cafes, transit vans, B&Bs, sleepless roadies and of loved ones left at home or, on one occasion, by the roadside. Also audiences both good and bad, and the gigs themselves - from the early variety package to the head clubs, the stadiums, and the pubs.",[],[],https://image.tmdb.org/t/p/w500/uEHxoQJF5dPHodqmN5d5ta6xwJj.jpg
Creed,2015,7.407,7714,10.8324,"The former World Heavyweight Champion Rocky Balboa serves as a trainer and mentor to Adonis Johnson, the son of his late friend and former rival Apollo Creed.",[],[],https://image.tmdb.org/t/p/w500/1BfTsk5VWuw8FCocAhCyqnRbEzq.jpg
Knock Knock,2015,5.4,3356,12.1341,"When a devoted husband and father is left home alone for the weekend, two stranded young women unexpectedly knock on his door for help. What starts out as a kind gesture results in a dangerous seduction and a deadly game of cat and mouse.",[],[],https://image.tmdb.org/t/p/w500/cUC4rUb1Cs2KMaZ6RD4uYUEEwls.jpg
Mission: Impossible - Rogue Nation,2015,7.217,9353,10.7075,"Ethan and team take on their most impossible mission yet—eradicating 'The Syndicate', an International and highly-skilled rogue organization committed to destroying the IMF.",[],[],https://image.tmdb.org/t/p/w500/jwqL7croP7JMVfz0l9o7V4yJsJO.jpg
Hotel Transylvania 2,2015,6.767,5957,12.428,"When the old-old-old-fashioned vampire Vlad arrives at the hotel for an impromptu family get-together, Hotel Transylvania is in for a collision of supernatural old-school and modern day cool.",[],[],https://image.tmdb.org/t/p/w500/3nFnrivNgipSKZ8LZJJbRSlAcTR.jpg
Sicario,2015,7.415,9151,11.5272,An idealistic FBI agent is enlisted by a government task force to aid in the escalating war against drugs at the border area between the U.S. and Mexico.,[],[],https://image.tmdb.org/t/p/w500/lz8vNyXeidqqOdJW9ZjnDAMb5Vr.jpg
The Good Dinosaur,2015,6.739,5821,11.3878,An epic journey into the world of dinosaurs where an Apatosaurus named Arlo makes an unlikely human friend.,[],[],https://image.tmdb.org/t/p/w500/8RSkxOO80btfKjyiC5ZiTaCHIT8.jpg
Kingsman: The Secret Service,2015,7.622,17345,11.0922,The story of a super-secret spy organization that recruits an unrefined but promising street kid into the agency's ultra-competitive training program just as a global threat emerges from a twisted tech genius.,[],[],https://image.tmdb.org/t/p/w500/r6q9wZK5a2K51KFj4LWVID6Ja1r.jpg
Chappie,2015,6.783,8215,10.1231,"Every child comes into the world full of promise, and none more so than Chappie: he is gifted, special, a prodigy. Like any child, Chappie will come under the influence of his surroundings—some good, some bad—and he will rely on his heart and soul to find his way in the world and become his own man. But there's one thing that makes Chappie different from any one else: he is a robot.",[],[],https://image.tmdb.org/t/p/w500/uuDUpzlMFomdSfNWlpEPS9nVZWV.jpg
Insurgent,2015,6.364,10226,10.4838,Beatrice Prior must confront her inner demons and continue her fight against a powerful alliance which threatens to tear her society apart.,[],[],https://image.tmdb.org/t/p/w500/dP5Fb6YRfzmCQtRbHOr2kO7tJW9.jpg
Survivor,2015,5.677,1043,9.4102,"A Foreign Service Officer in London tries to prevent a terrorist attack set to hit New York, but is forced to go on the run when she is framed for crimes she did not commit.",[],[],https://image.tmdb.org/t/p/w500/npyCpfYyYknFoY2iJPyfqp70FVX.jpg
Ant-Man,2015,7.067,20386,10.6447,"Armed with the astonishing ability to shrink in scale but increase in strength, master thief Scott Lang must embrace his inner-hero and help his mentor, Doctor Hank Pym, protect the secret behind his spectacular Ant-Man suit from a new generation of towering threats. Against seemingly insurmountable obstacles, Pym and Lang must plan and pull off a heist that will save the world.",[],[],https://image.tmdb.org/t/p/w500/rQRnQfUl3kfp78nCWq8Ks04vnq1.jpg
Entourage,2015,6.254,1067,9.9167,"Movie star Vincent Chase, together with his boys, Eric, Turtle and Johnny, are back…and back in business with super agent-turned-studio head Ari Gold. Some of their ambitions have changed, but the bond between them remains strong as they navigate the capricious and often cutthroat world of Hollywood.",[],[],https://image.tmdb.org/t/p/w500/28dqsx1jCxhR05DfH35ui13ywNZ.jpg
Spectre,2015,6.563,10881,10.4512,"A cryptic message from Bond’s past sends him on a trail to uncover a sinister organization. While M battles political forces to keep the secret service alive, Bond peels back the layers of deceit to reveal the terrible truth behind SPECTRE.",[],[],https://image.tmdb.org/t/p/w500/zj8ongFhtWNsVlfjOGo8pSr7PQg.jpg
Jupiter Ascending,2015,5.458,6921,9.6305,"In a universe where human genetic material is the most precious commodity, an impoverished young Earth woman becomes the key to strategic maneuvers and internal strife within a powerful dynasty…",[],[],https://image.tmdb.org/t/p/w500/z8dXSSadzpfTF2wHQlREkuB4d5y.jpg
Legend,2017,7.054,4091,11.3204,"Suave, charming and volatile, Reggie Kray and his unstable twin brother Ronnie start to leave their mark on the London underworld in the 1960s. Using violence to get what they want, the siblings orchestrate robberies and murders while running nightclubs and protection rackets. With police Detective Leonard ""Nipper"" Read hot on their heels, the brothers continue their rapid rise to power and achieve tabloid notoriety.",[],[],https://image.tmdb.org/t/p/w500/4shf5Alq4KWCKqrAAQe0JGJHYp5.jpg
The Hateful Eight,2016,7.755,14777,9.8225,Bounty hunters seek shelter from a raging blizzard and get caught up in a plot of betrayal and deception.,[],[],https://image.tmdb.org/t/p/w500/jIywvdPjia2t3eKYbjVTcwBQlG8.jpg
Alvin and the Chipmunks: The Road Chip,2015,6.017,1716,9.0964,"Through a series of misunderstandings, Alvin, Simon and Theodore come to believe that Dave is going to propose to his new girlfriend in New York City - and dump them. They have three days to get to him and stop the proposal.",[],[],https://image.tmdb.org/t/p/w500/16OcuuW5z509WILR6BmscNdXgw0.jpg
San Andreas,2015,6.245,8809,9.2887,"In the aftermath of a massive earthquake in California, a rescue-chopper pilot makes a dangerous journey across the state in order to rescue his estranged daughter.",[],[],https://image.tmdb.org/t/p/w500/2Gfjn962aaFSD6eST6QU3oLDZTo.jpg
The Scorpion King 4: Quest for Power,2015,5.1,234,8.757,"When he is betrayed by a trusted friend, Mathayus must marshal all his strength and cunning to outwit a formidable opponent who will stop at nothing to unlock a supreme ancient power.",[],[],https://image.tmdb.org/t/p/w500/5GISNwtHWbmYJdbFHMpLoaotYhL.jpg
Luisa Miller - San Francisco Opera,2015,0.0,0,7.696,"She didn’t know his name. She didn’t know his background. But what Luisa Miller did know was that her heart belonged to the stranger Carlo as soon as she clapped eyes on him. But the secret behind Carlo’s identity is the least of her problems in Giuseppe Verdi’s star-crossed romance Luisa Miller, a tale of class, deception and betrayal set in the Alps.",[],[],https://image.tmdb.org/t/p/w500/5uYq86tDNZs0UvSsoI2FTUEhHVD.jpg
Paul Blart: Mall Cop 2,2015,5.174,1631,9.1311,"Security guard Paul Blart is headed to Las Vegas to attend a Security Guard Expo with his teenage daughter Maya before she departs for college. While at the convention, he inadvertently discovers a heist - and it's up to Blart to apprehend the criminals.",[],[],https://image.tmdb.org/t/p/w500/qML63w7vgspicwLK6xXGLK17cM0.jpg
The Big Short,2016,7.358,9446,8.9562,The men who made millions from a global economic meltdown.,[],[],https://image.tmdb.org/t/p/w500/scVEaJEwP8zUix8vgmMoJJ9Nq0w.jpg
Bridge of Spies,2015,7.235,7062,9.6267,"During the Cold War, the Soviet Union captures U.S. pilot Francis Gary Powers after shooting down his U-2 spy plane. Sentenced to 10 years in prison, Powers' only hope is New York lawyer James Donovan, recruited by a CIA operative to negotiate his release. Donovan boards a plane to Berlin, hoping to win the young man's freedom through a prisoner exchange. If all goes well, the Russians would get Rudolf Abel, the convicted spy who Donovan defended in court.",[],[],https://image.tmdb.org/t/p/w500/fmOOjHAQzxr0c1sfcY4qkiSRBH6.jpg
The Little Prince,2015,7.613,2879,8.3777,"Based on the best-seller book 'The Little Prince', the movie tells the story of a little girl that lives with resignation in a world where efficiency and work are the only dogmas. Everything will change when accidentally she discovers her neighbor that will tell her about the story of the Little Prince that he once met.",[],[],https://image.tmdb.org/t/p/w500/je5Z7gbFTzrs3FPHINo9yGiHoVo.jpg
Carol,2015,7.495,3831,8.2024,"In 1950s New York, a department-store clerk who dreams of a better life falls for an older, married woman.",[],[],https://image.tmdb.org/t/p/w500/cJeled7EyPdur6TnCA5GYg0UVna.jpg
Spy,2015,6.834,6217,8.1482,"A desk-bound CIA analyst volunteers to go undercover to infiltrate the world of a deadly arms dealer, and prevent diabolical global disaster.",[],[],https://image.tmdb.org/t/p/w500/vPBmfMHxQvRRNGYD5S5ko2KnX56.jpg
Goosebumps,2015,6.31,3886,9.3505,"After moving to a small town, Zach Cooper finds a silver lining when he meets next door neighbor Hannah, the daughter of bestselling Goosebumps series author R.L. Stine. When Zach unintentionally unleashes real monsters from their manuscripts and they begin to terrorize the town, it’s suddenly up to Stine, Zach and Hannah to get all of them back in the books where they belong.",[],[],https://image.tmdb.org/t/p/w500/aeZT9pqEgrmXOGdESFkAuVjX6kw.jpg
Fantastic Four,2015,4.432,6253,8.6756,"Four young outsiders teleport to a dangerous universe, which alters their physical form in shocking ways. Their lives irrevocably upended, the team must learn to harness their daunting new abilities and work together to save Earth from a former friend turned enemy.",[],[],https://image.tmdb.org/t/p/w500/cDroz5qSlP8xZ6tOpeYoPkBvKyL.jpg
Blackhat,2015,5.512,2110,7.9847,"Nicholas Hathaway, a furloughed convict, and his American and Chinese partners hunt a high-level cybercrime network from Chicago to Los Angeles to Hong Kong to Jakarta. As Hathaway closes in, the stakes become personal as he discovers that the attack on a Chinese nuclear power plant was just the beginning.",[],[],https://image.tmdb.org/t/p/w500/7zu6HPnKPjNA7NuR4DGRdaH0PdX.jpg
I Spit on Your Grave III: Vengeance Is Mine,2015,5.786,1009,7.3686,"Jennifer Hills is still tormented by the brutal sexual assault she endured years ago. She’s changed identities and cities, reluctantly joining a support group where she begins to piece together a new life. But when her new friend’s murderer goes free and the tales of serial rapists haunt her, Jennifer will hunt down the men responsible and do what the system won’t – make them pay for their crimes in the most horrific ways imaginable. Only this time, no jury may be able to save her.",[],[],https://image.tmdb.org/t/p/w500/jG5GDIcqiqHXkvINZSjyzBUO2vH.jpg
Vacation,2015,6.302,3846,7.4759,"Hoping to bring his family closer together and to recreate his childhood vacation for his own kids, a grown up Rusty Griswold takes his wife and their two sons on a cross-country road trip to the coolest theme park in America, Walley World. Needless to say, things don't go quite as planned.",[],[],https://image.tmdb.org/t/p/w500/fYDALvoCt3DBlSWN6pSAnGQ9ld7.jpg
Sin Fronteras Without Borders,2015,0.0,0,6.9269,"What happens to the Mexican deported once they are sent back home? The amazing achievement of Sergio Tamai, founder of Angeles Sin Fronteras, who has created one of the most efficient shelter for the deported in Mexicali.",[],[],https://image.tmdb.org/t/p/w500/gfccccLKxPCDBRNMt5XNkulzx3J.jpg
The Man from U.N.C.L.E.,2015,7.082,6606,7.3656,"At the height of the Cold War, a mysterious criminal organization plans to use nuclear weapons and technology to upset the fragile balance of power between the United States and Soviet Union. CIA agent Napoleon Solo and KGB agent Illya Kuryakin are forced to put aside their hostilities and work together to stop the evildoers in their tracks. The duo's only lead is the daughter of a missing German scientist, whom they must find soon to prevent a global catastrophe.",[],[],https://image.tmdb.org/t/p/w500/y5yZaForGSJbPD66Cvq9AT5WMAD.jpg
The Age of Adaline,2015,7.478,6917,9.2065,"After 29-year-old Adaline recovers from a nearly lethal accident, she inexplicably stops growing older. As the years stretch on and on, Adaline keeps her secret to herself  until she meets a man who changes her life.",[],[],https://image.tmdb.org/t/p/w500/MbILysGhjAbnZi1Okae9wYqLMx.jpg
Child 44,2015,6.3,1730,7.3274,"Set in Stalin-era Soviet Union, a disgraced MGB agent is dispatched to investigate a series of child murders -- a case that begins to connect with the very top of party leadership.",[],[],https://image.tmdb.org/t/p/w500/p8uTx2xm72vXqI0H4W5kU3ku9ND.jpg
Sword of Vengeance,2015,4.756,90,6.1915,"Returning to his homeland after years of slavery, a Norman prince seeks revenge on his father's  murderer – his ruthless uncle, Earl Durant. Gaining the trust of a band of exiled farmers, he leads them into battle against Durant, exploiting them in his inexorable quest for vengeance. As one by one they are slaughtered in the brutal battle, will the prince sacrifice everything an everyone to fulfil his quest for blood?",[],[],https://image.tmdb.org/t/p/w500/jzGCV0V4B5L0VgmAYGMawqaIhha.jpg
Descendants,2015,7.146,2438,7.8879,"A present-day idyllic kingdom where the benevolent teenage son of King Adam and Queen Belle offers a chance of redemption for the troublemaking offspring of Disney's classic villains: Cruella De Vil (Carlos), Maleficent (Mal), the Evil Queen (Evie) and Jafar (Jay).",[],[],https://image.tmdb.org/t/p/w500/65DkgHPSLVjgr6IYkpY9Aqqqid5.jpg
Daddy's Home,2016,6.291,3318,7.9003,"The story of a mild-mannered radio executive who strives to become the best stepdad ever to his wife's two children, but complications ensue when their freewheeling, freeloading real father arrives, forcing stepdad to compete for the affection of the kids.",[],[],https://image.tmdb.org/t/p/w500/fB9lALk9zKsMYWvf0bJSkJN219Z.jpg
Trainwreck,2015,5.799,2650,7.9376,"Having thought that monogamy was never possible, a commitment-phobic career woman may have to face her fears when she meets a good guy.",[],[],https://image.tmdb.org/t/p/w500/wrY629UTCUAKLJ4CxQXz6DCE7pr.jpg
No Escape,2015,6.9,2628,7.1194,"In their new overseas home, an American family soon finds themselves caught in the middle of a coup, and they frantically look for a safe escape in an environment where foreigners are being immediately executed.",[],[],https://image.tmdb.org/t/p/w500/jIXZEvL4dmgkjyhD5JUDeOaASKB.jpg
Crimson Peak,2015,6.7,5096,7.4007,"In the aftermath of a family tragedy, an aspiring author is torn between love for her childhood friend and the temptation of a mysterious outsider. Trying to escape the ghosts of her past, she is swept away to a house that breathes, bleeds… and remembers.",[],[],https://image.tmdb.org/t/p/w500/f9TOb5anVwZeSbYjU1qNxPk3KUk.jpg
In the Heart of the Sea,2015,6.756,4235,7.743,"In the winter of 1820, the New England whaling ship Essex is assaulted by something no one could believe—a whale of mammoth size and will, and an almost human sense of vengeance.",[],[],https://image.tmdb.org/t/p/w500/weVvNPfk6FM9vBg3BXtRtNAmiYM.jpg
Burnt,2015,6.515,3462,7.6323,"Adam Jones is a Chef who destroyed his career with drugs and diva behavior. He cleans up and returns to London, determined to redeem himself by spearheading a top restaurant that can gain three Michelin stars.",[],[],https://image.tmdb.org/t/p/w500/iptu4zfvbeULkeuoVkTl2mOqTPS.jpg
Superfast!,2015,5.09,483,8.2264,"Undercover cop Lucas White joins Vin Serento's gang of illegal street racers. They are fast and they are furious and they plan to double cross Los Angeles kingpin Juan Carlos de la Sol, who hides his cash in a downtown Taco Bell.",[],[],https://image.tmdb.org/t/p/w500/iuIWl90qCpoxv6g775JB6Kg0m86.jpg
Home,2015,6.793,4116,7.1019,"When Earth is taken over by the overly-confident Boov, an alien race in search of a new place to call home, all humans are promptly relocated, while all Boov get busy reorganizing the planet. But when one resourceful girl, Tip, manages to avoid capture, she finds herself the accidental accomplice of a banished Boov named Oh. The two fugitives realize there’s a lot more at stake than intergalactic relations as they embark on the road trip of a lifetime.",[],[],https://image.tmdb.org/t/p/w500/usFenYnk6mr8C62dB1MoAfSWMGR.jpg
American Ultra,2015,6.1,2864,6.701,"Mike is an unmotivated stoner whose small-town life with his live-in girlfriend, Phoebe, is suddenly turned upside down.  Unbeknownst to him, Mike is actually a highly trained, lethal sleeper agent. In the blink of an eye, as his secret past comes back to haunt him, Mike is thrust into the middle of a deadly government operation and is forced to summon his inner action-hero in order to survive.",[],[],https://image.tmdb.org/t/p/w500/g9JX6RZQoTInDJhbrKItnOr47qr.jpg
The Last Witch Hunter,2015,6.002,3731,7.9675,"The modern world holds many secrets, but by far the most astounding is that witches still live among us; vicious supernatural creatures intent on unleashing the Black Death upon the world and putting an end to the human race once and for all. Armies of witch hunters have battled this unnatural enemy for centuries, including Kaulder, a valiant warrior who many years ago slayed the all-powerful Witch Queen, decimating her followers in the process. In the moments right before her death, the Queen cursed Kaulder with immortality, forever separating him from his beloved wife and daughter. Today, Kaulder is the last living hunter who has spent his immortal life tracking down rogue witches, all the while yearning for his long-lost family.",[],[],https://image.tmdb.org/t/p/w500/gPA6PFBQPlAY7sCOCKKSSB7HyNl.jpg
Wild Card,2015,5.692,1863,7.5289,"When a Las Vegas bodyguard with lethal skills and a gambling problem gets in trouble with the mob, he has one last play… and it's all or nothing.",[],[],https://image.tmdb.org/t/p/w500/2zeLw6jFNkODSar3NValf5HnARh.jpg
Focus,2015,6.871,8078,6.5313,"Nicky, an accomplished con artist, gets romantically involved with his disciple Jess but later ends their relationship. Years later, she returns as a femme fatale to spoil his plans.",[],[],https://image.tmdb.org/t/p/w500/lOzGWjceYTd0kd5HyX7Ch46O9kh.jpg
Krampus,2015,6.189,2296,7.8536,"When his dysfunctional family clashes over the holidays, young Max is disillusioned and turns his back on Christmas.  Little does he know, this lack of festive spirit has unleashed the wrath of Krampus: a demonic force of ancient evil intent on punishing non-believers.",[],[],https://image.tmdb.org/t/p/w500/mzPCU6xQ2XQmD76cDVZPm5PZAaS.jpg
Pitch Perfect 2,2015,6.8,5415,6.9947,"The Bellas are back, and they are better than ever. After being humiliated in front of none other than the President of the United States of America, the Bellas are taken out of the Aca-Circuit. In order to clear their name, and regain their status, the Bellas take on a seemingly impossible task: winning an international competition no American team has ever won. In order to accomplish this monumental task, they need to strengthen the bonds of friendship and sisterhood and blow away the competition with their amazing aca-magic! With all new friends and old rivals tagging along for the trip, the Bellas can hopefully accomplish their dreams.",[],[],https://image.tmdb.org/t/p/w500/oFBQUufCV4c8WZoNhtGM17p884H.jpg
The Lobster,2016,7.037,6591,6.2473,"In a dystopian near future, single people, according to the laws of The City, are taken to The Hotel, where they are obliged to find a romantic partner in forty-five days or are transformed into animals and sent off into The Woods.",[],[],https://image.tmdb.org/t/p/w500/7Y9ILV1unpW9mLpGcqyGQU72LUy.jpg
Everest,2015,6.825,5062,6.459,"Inspired by the incredible events surrounding a treacherous attempt to reach the summit of the world's highest mountain, ""Everest"" documents the awe-inspiring journey of two different expeditions challenged beyond their limits by one of the fiercest snowstorms ever encountered by mankind. Their mettle tested by the harshest of elements found on the planet, the climbers will face nearly impossible obstacles as a lifelong obsession becomes a breathtaking struggle for survival.",[],[],https://image.tmdb.org/t/p/w500/2jKOu2bjpLP6NXJcm7Ep14bDGtA.jpg
Angels with Tethered Wings,2015,3.0,9,6.5414,"Angels with Tethered Wings is an unusual, quirky and erotic three-part drama - a back-from-the-grave revenge flick about hope and forgiveness! The film follows what happens when a good man does a bad thing for a good reason. He tries to right a wrong by freeing two young lovers but instead forever entraps them to their mortal coils. In the end their collective love for each other will give an almost perfect stranger the wings to fly.",[],[],https://image.tmdb.org/t/p/w500/eSXgjFDCTVnR1GOtDiXpbzi3sR2.jpg
The SpongeBob Movie: Sponge Out of Water,2015,6.086,2449,6.7977,"Burger Beard is a pirate who is in search of the final page of a magical book that makes any evil plan he writes in it come true, which happens to be the Krabby Patty secret formula. When the entire city of Bikini Bottom is put in danger, SpongeBob, Patrick, Mr. Krabs, Squidward, Sandy, and Plankton need to go on a quest that takes them to the surface. In order to get back the recipe and save their city, the gang must retrieve the book and transform themselves into superheroes.",[],[],https://image.tmdb.org/t/p/w500/2WDmjUlSAPlA27i2OwEC7sRTFw3.jpg
3-Headed Shark Attack,2015,4.46,201,6.6522,"The world’s greatest killing machine is three times as deadly, when a mutated shark threatens a cruise ship. As the shark eats its way from one end of the ship to the next, the passengers fight the deadly predator using anything they can find.",[],[],https://image.tmdb.org/t/p/w500/qiwQDfhNyvtTVEO7lZVTUhkkgpp.jpg
Monster High: Haunted,2015,7.449,196,6.9906,"Lurk what's waiting for the Monster High ghouls when they bring their killer fashion to the howlways of the spooktacular Haunted High! When the ghouls of Monster High follow Spectra Vondergeist one day, they discover a creeperiffic Ghost World with an all-spirit school. But their scary-cute student bodies are hardly welcome with the very strict Principal Revenant, and she punishes Spectra with frightful detention chains that prevent her from re-joining Monster High. Now, it's up to the imperfectly perfect friends to take on ghostly forms in order to save one of their own from disappearing forever!",[],[],https://image.tmdb.org/t/p/w500/jvwpfW0xRt2pQGD5tJbqmkc9STb.jpg
Ex Machina,2021,7.571,13786,8.226,"Caleb, a coder at the world's largest internet company, wins a competition to spend a week at a private mountain retreat belonging to Nathan, the reclusive CEO of the company. But when Caleb arrives at the remote location he finds that he will have to participate in a strange and fascinating experiment in which he must interact with the world's first true artificial intelligence, housed in the body of a beautiful robot girl.",[],[],https://image.tmdb.org/t/p/w500/dmJW8IAKHKxFNiUnoDR7JfsK7Rp.jpg
The Human Centipede 3 (Final Sequence),2015,3.729,807,5.7407,"Taking inspiration from The Human Centipede films, the warden of a notorious and troubled prison looks to create a 500-person human centipede as a solution to his problems.",[],[],https://image.tmdb.org/t/p/w500/xUk5AGcGvybPBvvMqrDPbAFAknD.jpg
X-Rated: The Greatest Adult Movies of All Time,2015,6.4,191,6.6359,"The evolution of adult cinema through the most influential films in history, a journey that begins in the 1970s and ends nowadays. An in-depth analysis of the success of the most prestigious erotic films, their impact on industry and society, and their influence on cinema and contemporary culture.",[],[],https://image.tmdb.org/t/p/w500/uYzHkzZPp84B7nHOKaJZWjyGFUL.jpg
Poltergeist,2015,5.217,2346,6.5251,"A family's suburban home is invaded by angry spirits. When the terrifying apparitions escalate their attacks and take the youngest daughter, the family must come together to rescue her.",[],[],https://image.tmdb.org/t/p/w500/jBXupXZ7WEPUpkYFpkQsdipwBQn.jpg
Mortdecai,2015,5.515,2699,7.0506,"An art dealer, Charles Mortdecai, searches for a stolen painting rumored to contain a secret code that gains access to hidden Nazi gold.",[],[],https://image.tmdb.org/t/p/w500/zIRDhdAuMevOuY2vs3s1HNcqDq7.jpg
The Peanuts Movie,2015,6.94,1734,6.8888,"Snoopy embarks upon his greatest mission as he and his team take to the skies to pursue their arch-nemesis, while his best pal Charlie Brown begins his own epic quest.",[],[],https://image.tmdb.org/t/p/w500/aiwdwnl7RFs1vcBanOKr13ye3wE.jpg
Insidious: Chapter 3,2015,6.283,3493,6.5141,"A twisted new tale of terror begins for a teenage girl and her family, and revealing more mysteries of the otherworldly realm, 'The Further'.",[],[],https://image.tmdb.org/t/p/w500/iDdGfdNvY1EX0uDdA4Ru77fwMfc.jpg
Far from the Madding Crowd,2015,7.022,1071,6.4023,"In Victorian England, the independent and headstrong Bathsheba Everdene attracts three very different suitors: Gabriel Oak, a hardworking young sheep farmer; Frank Troy, a handsome and reckless Sergeant; and William Boldwood, a prosperous and mature bachelor.",[],[],https://image.tmdb.org/t/p/w500/cr4cctBPv9qHDtjDps4wi0kqI7h.jpg
Run All Night,2015,6.4,2882,6.6423,"Brooklyn mobster and prolific hit man Jimmy Conlon has seen better days. Longtime best friend of a mob boss, Jimmy is haunted by the sins of his past—as well as a dogged police detective who’s been one step behind Jimmy for 30 years. But when Jimmy’s estranged son becomes a target, Jimmy must make a choice between the crime family he chose and the real family he abandoned long ago. Now, with nowhere safe to turn, Jimmy has just one night to figure out exactly where his loyalties lie and to see if he can finally make things right.",[],[],https://image.tmdb.org/t/p/w500/iGvSMoPbWZWDnIhh54yiq3sW7wH.jpg
Point Break,2015,5.956,2371,5.6981,"A young undercover FBI agent infiltrates a gang of thieves who share a common interest in extreme sports. A remake of the 1991 film, ""Point Break"".",[],[],https://image.tmdb.org/t/p/w500/z7JOvw5Lqs9ezoFTJxmz3nx3av2.jpg
Justice League: Throne of Atlantis,2015,6.983,965,5.5016,"After the events of Justice League: War, Ocean Master and Black Manta have declared a war against the surface in retaliation of the aftermath of Apokoliptian-tyrant Darkseid's planetary invasion. Queen Atlanna seeks out her other son, Ocean Master’s half-brother Arthur Curry, a half-human with aquatic powers with no knowledge of his Atlantean heritage, to restore balance.  Living with powers he doesn’t understand and seeing the danger around him, Curry takes steps to embrace his destiny, joining the Justice League, and with his new teammates he battles to save Earth from total destruction.",[],[],https://image.tmdb.org/t/p/w500/iaYZA8teYeIxmR8wRrEED5wwR0u.jpg
Self/less,2015,6.41,3201,6.283,An extremely wealthy elderly man dying from cancer undergoes a radical medical procedure that transfers his consciousness to the body of a healthy young man but everything may not be as good as it seems when he starts to uncover the mystery of the body's origins and the secret organization that will kill to keep its secrets.,[],[],https://image.tmdb.org/t/p/w500/jhzjPJnwiQwBzW0nIHBC01fr9GG.jpg
Hitman: Agent 47,2015,5.883,3171,6.1302,An assassin teams up with a woman to help her find her father and uncover the mysteries of her ancestry.,[],[],https://image.tmdb.org/t/p/w500/cx9AOBOv9Qf5ufZYQMbfTV7w7VY.jpg
Barbie in Rock 'N Royals,2015,6.934,309,6.2457,"When royal Princess Courtney trades places with famous rock star Erika, two worlds collide while both learn to appreciate new friends and experiences.",[],[],https://image.tmdb.org/t/p/w500/aCKWWQpEijagMEfIOz0vW0aTDmv.jpg
Joy,2016,6.55,4199,6.1438,A story based on the life of a struggling Long Island single mom who became one of the country's most successful entrepreneurs.,[],[],https://image.tmdb.org/t/p/w500/nZAs0HbW82TI1i4Xid83M941Pki.jpg
A Bone to Pick: An Aurora Teagarden Mystery,2015,6.9,106,5.6875,"A librarian with a sharp mind for murder, Aurora Teagarden is known around her small town as a master  sleuth. When her friend Jane unexpectedly dies and leaves Aurora everything in her will, she also leaves a  troubling murder mystery haunting her neighborhood. It is up to Aurora to piece together the clues—including a  skull, its missing skeleton and a suspicious group of neighbors—and solve the murder before she becomes the  unlikely killer’s next victim.",[],[],https://image.tmdb.org/t/p/w500/7H7Sdy7W5NL2w2evrnwx7xgWSEL.jpg
Straight Outta Compton,2015,7.783,4063,6.0157,"In 1987, five young men, using brutally honest rhymes and hardcore beats, put their frustration and anger about life in the most dangerous place in America into the most powerful weapon they had: their music.  Taking us back to where it all began, Straight Outta Compton tells the true story of how these cultural rebels—armed only with their lyrics, swagger, bravado and raw talent—stood up to the authorities that meant to keep them down and formed the world’s most dangerous group, N.W.A.  And as they spoke the truth that no one had before and exposed life in the hood, their voice ignited a social revolution that is still reverberating today.",[],[],https://image.tmdb.org/t/p/w500/1CiLJx8Xtv3TbbFj6k7BboSmKgC.jpg
The Stanford Prison Experiment,2015,6.838,961,5.8507,"In 1971, Stanford's Professor Philip Zimbardo conducts a controversial psychology experiment in which college students pretend to be either prisoners or guards, but the proceedings soon get out of hand. Based on a true story.",[],[],https://image.tmdb.org/t/p/w500/orMkBkPqu7szuBRdMLUB4TWKiVV.jpg
A Hitman in London,2015,4.2,48,5.4254,"After his last assignment ended with the death of an innocent woman, a hitman's new job in London is compromised when he is overcome with guilt, and ends up helping a desperate woman who is caught up in a human trafficking operation.",[],[],https://image.tmdb.org/t/p/w500/4xy9mg9c1YW38kBKLLA8AoaUs7s.jpg
Bad Sister,2015,6.556,242,6.0414,"As a top student at St. Adeline's Catholic Boarding School, Zoe senses that something is not quite right about the school's new nun-- a sense proven to be true when it is revealed the ""good' nun is an imposter with a fatal attraction to Zoe's brother.",[],[],https://image.tmdb.org/t/p/w500/jKrIlgfJPIWNeowaOZPBZuOPmq0.jpg
The Transporter Refueled,2015,5.517,1542,6.1258,"The fast-paced action movie is again set in the criminal underworld in France, where Frank Martin is known as The Transporter, because he is the best driver and mercenary money can buy. In this installment, he meets Anna and they attempt to take down a group of ruthless Russian human traffickers who also have kidnapped Frank’s father.",[],[],https://image.tmdb.org/t/p/w500/71kaQfdrMy0LHSeLRADsvlDGCgb.jpg
Sisters,2015,5.966,1423,5.9728,Two disconnected sisters are summoned to clean out their childhood bedrooms before their parents sell their family home.,[],[],https://image.tmdb.org/t/p/w500/hpvHqAiusQtGNDx48dA3z5ejjon.jpg
The Longest Ride,2015,7.6,3246,6.1709,The lives of a young couple intertwine with a much older man as he reflects back on a lost love while he's trapped in an automobile crash.,[],[],https://image.tmdb.org/t/p/w500/qdUVfvPBvT6cetDDM7rn8y2CNZE.jpg
Extinction,2015,6.278,723,6.3508,"And suddenly, overnight, the world came to a halt. Two men, two survivors, one kid, and hatred that separates them. A place forgotten by everyone, including the creatures that inhabit the Earth... until now.",[],[],https://image.tmdb.org/t/p/w500/zwIDreu9pYCqKpv4jomqVM9yX1e.jpg
Minions,2015,6.416,10868,6.0222,"Minions Stuart, Kevin and Bob are recruited by Scarlet Overkill, a super-villain who, alongside her inventor husband Herb, hatches a plot to take over the world.",[],[],https://image.tmdb.org/t/p/w500/dr02BdCNAUPVU07aOodwPYv6HCf.jpg
Catching Faith,2015,6.2,21,5.2944,"From the outside, Alexa has the perfect life. Her son is the high school football star, daughter a straight A student and her husband is CFO of a booming start-up company. The sudden death ...",[],[],https://image.tmdb.org/t/p/w500/AqOJtYoPPRsKiVYfNLJqrmaQSzE.jpg
Strange Magic,2015,7.2,528,5.6991,"A love potion works its devious charms on fairies, elves and the swamp-dwelling Bog King as they all try to possess the potion for themselves.",[],[],https://image.tmdb.org/t/p/w500/vjCdrK8gGRFnyuZb1j9BzgN2RaY.jpg
Sinister 2,2015,5.878,2213,6.1656,A young mother and her twin sons move into a rural house that's marked for death.,[],[],https://image.tmdb.org/t/p/w500/hF6ORyihtAWHqKkIQI8BSpLQyON.jpg
Every Thing Will Be Fine,2015,5.421,227,5.8369,"One day, driving aimlessly around the outskirts of town after a trivial domestic quarrel, a writer named Tomas accidentally hits and kills a child. Will he be able to move on?",[],[],https://image.tmdb.org/t/p/w500/qTQC2MVoxYl0Qi336fB7iOBBuEN.jpg
Eisenstein in Guanajuato,2015,6.103,87,5.1991,"In 1931, following the success of the film Battleship Potemkin, Soviet filmmaker Sergei Eisenstein travels to the city of Guanajuato, Mexico, to shoot a new film. Freshly rejected by Hollywood, Eisenstein soon falls under Mexico’s spell. Chaperoned by his guide Palomino Cañedo, the director opens up to his suppressed fears as he embraces a new world of sensual pleasures and possibilities that will shape the future of his art.",[],[],https://image.tmdb.org/t/p/w500/dUB98OAPQ3HVspcTVyQ9At1EuQR.jpg
College Coeds vs. Zombie Housewives,2015,5.393,14,5.4794,"Efforts to develop a new sexual enhancement formula go terribly wrong when the beautiful test subjects lapse into a trance-like state.  With the Zombie Housewives wandering the neighborhood, no one is safe until a trio of College Cheerleaders rush in to save the day!",[],[],https://image.tmdb.org/t/p/w500/7Mk9DNb4SA4YFWyYaeoJhnM2AUN.jpg
Get Hard,2015,6.024,2798,5.8825,"When obscenely rich hedge-fund manager James is convicted of fraud and sentenced to a stretch in San Quentin, the judge gives him one month to get his affairs in order. Knowing that he won't survive more than a few minutes in prison on his own, James desperately turns to Darnell-- a black businessman who's never even had a parking ticket -- for help. As Darnell puts James through the wringer, both learn that they were wrong about many things, including each other.",[],[],https://image.tmdb.org/t/p/w500/rJPbS2cYOYhDCjT5NmW1Fm6gFl3.jpg
The Thousand Year Journey,2015,0.0,0,4.8871,"Routine is the enemy of time. Jedidiah Jenkins rides his bicycle from Oregon to Patagonia, the southern tip of South America, while expounding upon ideas that made him leave a job he loved for the open road.",[],[],https://image.tmdb.org/t/p/w500/3BxEj8TFszlBALNKmnJwWbmvoPp.jpg
You Cast A Spell On Me,2015,6.8,45,5.462,"Despite agreeing to an arranged marriage to a childhood friend, a successful businessman tries to track down a beautiful woman that he met at a Halloween party.",[],[],https://image.tmdb.org/t/p/w500/b2G8efmhPl8hXtQCCmWXNuXRjF6.jpg
Do You Believe?,2015,6.472,142,5.9497,"When a pastor is shaken by the visible faith of a street-corner preacher, he is reminded that true belief always requires action. His response ignites a journey that impacts everyone it touches in ways that only God could orchestrate.",[],[],https://image.tmdb.org/t/p/w500/89fJ4hV9fCB01EvhhLOgjMJI4A6.jpg
The Visit,2015,6.321,4967,6.0986,"A brother and sister are sent to their grandparents' remote Pennsylvania farm for a week, where they discover that the elderly couple is involved in something deeply disturbing.",[],[],https://image.tmdb.org/t/p/w500/hDrToKMpKYTdwdpOhshL8ko6WVp.jpg
Beasts of No Nation,2015,7.588,1804,5.4599,"Based on the experiences of Agu, a child fighting in the civil war of an unnamed, fictional West African country. Follows Agu's journey as he's forced to join a group of soldiers. While he fears his commander and many of the men around him, his fledgling childhood has been brutally shattered by the war raging through his country, and he is at first torn between conflicting revulsion and fascination.",[],[],https://image.tmdb.org/t/p/w500/1D4vcJmJc58WXarpRtwgd2do9Rg.jpg
He Never Died,2015,6.216,503,5.6314,Jack is a solitary man with a mysterious past. His strange habits will soon become stranger when his past catches up with him.,[],[],https://image.tmdb.org/t/p/w500/vzqwe4uuINJhbPqvlbVShBnCvHv.jpg
Tremors 5: Bloodlines,2015,5.5,440,5.9134,"When Gummer is hired to capture a deadly creature terrorizing South Africa, he and his new sidekick, Travis Welker, engage in another battle of survival against the fiercely aggressive Graboids.",[],[],https://image.tmdb.org/t/p/w500/xGoCQeYGW63Is0iaAxVEcpCFNwY.jpg
Black Mass,2015,6.524,3475,6.3914,"The true story of Whitey Bulger, the brother of a state senator and the most infamous violent criminal in the history of South Boston, who became an FBI informant to take down a Mafia family invading his turf.",[],[],https://image.tmdb.org/t/p/w500/zfwciv4LIJkNQsfuhYGv0Nkiweg.jpg
Momentum,2015,5.65,554,5.2825,"When Alex, an infiltration expert with a secret past, accidentally reveals her identity during what should have been a routine heist, she quickly finds herself mixed up in a government conspiracy and entangled in a deadly game of cat-and-mouse with a master assassin and his team of killers.  Armed with her own set of lethal skills, Alex looks to exact revenge for her murdered friends while uncovering the truth.",[],[],https://image.tmdb.org/t/p/w500/49bPrxvgwUqEtvOfvTe3x92hEFV.jpg
Chi-Raq,2015,5.721,213,5.8703,"A modern day adaptation of the ancient Greek play Lysistrata by Aristophanes, set against the backdrop of gang violence in Chicago.",[],[],https://image.tmdb.org/t/p/w500/goT9g4Lem6mwkwmehR3mOGJXLBQ.jpg
We Are Your Friends,2015,6.785,2396,5.2729,"Young Cole Carter dreams of hitting the big time as a Hollywood disc jockey, spending his days and nights hanging with buddies and working on the one track that will set the world on fire. Opportunity comes knocking when he meets James Reed, a charismatic DJ who takes the 23-year-old under his wing. Soon, his seemingly clear path to success gets complicated when he starts falling for his mentor's girlfriend, jeopardizing his new friendship and the future he seems destined to fulfill.",[],[],https://image.tmdb.org/t/p/w500/7RzpN4aLjM5FUc7Q3WsvNn2MuaR.jpg
The Condemned 2,2015,5.134,157,5.5009,"A former bounty hunter who finds himself on the run as part of a revamped Condemned tournament, in which convicts are forced to fight each other to the death as part of a game that's broadcast to the public.",[],[],https://image.tmdb.org/t/p/w500/jXySxn7QUaBhPlJ2pzT1HViQzZh.jpg
"Signed, Sealed, Delivered: From Paris with Love",2015,6.8,26,5.0696,"The Postables, Oliver, Shane, Rita and Norman, explore the mystery of true love as they deliver divorce papers to one couple the same day Oliver's missing wife reappears.",[],[],https://image.tmdb.org/t/p/w500/q03Qy0JLnrE72Dfbva4di9k57Xb.jpg
Eye in the Sky,2016,7.002,1652,5.8317,"A UK-based military officer in command of a top secret drone operation to capture terrorists in Kenya discovers the targets are planning a suicide bombing and the mission escalates from “capture” to “kill.” As American pilot Steve Watts is about to engage, a nine-year old girl enters the kill zone, triggering an international dispute reaching the highest levels of US and British government over the moral, political, and personal implications of modern warfare.",[],[],https://image.tmdb.org/t/p/w500/xMY2XbaRtmto9LXwo83wnYRKN2U.jpg
Knight of Cups,2015,5.704,690,5.9437,"Rick is a screenwriter living in Los Angeles. While successful in his career, his life feels empty. Haunted and confused, he finds temporary solace in the decadent Hollywood excess that defines his existence. Women provide a distraction to his daily pain, and every encounter brings him closer to finding his place in the world.",[],[],https://image.tmdb.org/t/p/w500/xejFBC19Nc7Xi1MiIvcf84ZCy2g.jpg
Mr. Holmes,2015,6.482,1909,6.0742,"In 1947, long-retired and near the end of his life, Sherlock Holmes grapples with an unreliable memory and must rely on his housekeeper's son as he revisits the still-unsolved case that led to his retirement.",[],[],https://image.tmdb.org/t/p/w500/nNHkoefLcdtaHyG08G8aDn1yFMw.jpg
Terror in Times Square: A Guide To Nightmare's Grindhouse Kingdom,2015,0.0,0,4.9133,2015 featurette documentary behind the experience of Nightmare and grindhouse cinema.,[],[],
Solace,2016,6.42,2301,4.9214,"A psychic doctor, John Clancy, works with an FBI special agent in search of a serial killer.",[],[],https://image.tmdb.org/t/p/w500/pbcXpZgem8kgr90RwIUNAbC2ite.jpg
Suite Française,2015,7.25,1127,5.5888,"France, 1940. In the first days of occupation, beautiful Lucile Angellier is trapped in a stifled existence with her controlling mother-in-law as they both await news of her husband: a prisoner of war. Parisian refugees start to pour into their small town, soon followed by a regiment of German soldiers who take up residence in the villagers' own homes. Lucile initially tries to ignore Bruno von Falk, the handsome and refined German officer staying with them. But soon, a powerful love draws them together and leads them into the tragedy of war.",[],[],https://image.tmdb.org/t/p/w500/mPgijY9f79FfD7K8MmzsynXpq0R.jpg
Open Season: Scared Silly,2015,6.0,370,5.3345,"The humans and animals believe a werewolf is on the loose, and former hunter Shaw uses the opportunity to re-open the season. Boog, Elliot, and Mr. Weenie have to face their fears and find the werewolf to get the season closed permanently.",[],[],https://image.tmdb.org/t/p/w500/tFD3HdVIXVbvVixIGhNmJBaqyAI.jpg
Harvest Moon,2015,6.105,86,6.1122,"When her family goes bankrupt, privileged city girl Jen Stone travels to the country to try and fix up a struggling pumpkin farm that her father bought as an investment to get her money back. Not everyone is on board with her changes, least of all Brett, the farm's handsome manager. By working with what she knows best, she discovers the magic of pumpkin skincare and turns the struggling farm around while also falling in love.",[],[],https://image.tmdb.org/t/p/w500/x6vNuIcObszzgoAUd9ZMGGiGh5h.jpg
A Christmas Horror Story,2015,5.8,355,5.5179,"Christmas is supposed to be a time of joy, peace and goodwill. But for some folks in the small town of Bailey Downs, it turns into something much less festive.",[],[],https://image.tmdb.org/t/p/w500/v7GkDorZgmD090U4Uhf0g6gng05.jpg
The Doo Dah Man,2015,4.3,3,5.6136,A New Jersey college student running away from home finds himself travelling through the back roads of Texas with a con man who's just escaped from prison.,[],[],https://image.tmdb.org/t/p/w500/t9C4OdoWlHyFF5lUeGWdqo5A2Hs.jpg
Forsaken,2015,6.155,364,4.8077,"John Henry returns to his hometown in hopes of repairing his relationship with his estranged father, but a local gang is terrorizing the town. John Henry is the only one who can stop them, however he has abandoned both his gun and reputation as a fearless quick-draw killer.",[],[],https://image.tmdb.org/t/p/w500/fbTpSiqGn6ImqSAyawHlLf7goat.jpg
Seed Money: The Chuck Holmes Story,2015,5.833,6,5.1793,"Seed Money is the story of Chuck Holmes, a San Francisco pornographer turned philanthropist. Holmes helped shaped and create gay identity in the years after Stonewall, and later became a major contributor to gay advocacy groups like the Human Rights Campaign and the LGBT Victory Fund, only to find later in life that while his money was welcome in philanthropic circles, he sometimes wasn't.",[],[],https://image.tmdb.org/t/p/w500/z3e8nOao6cxlPGfDdzr69qeODbD.jpg
Spotlight,2016,7.812,8517,5.7704,"The true story of how the Boston Globe uncovered the massive scandal of child molestation and cover-up within the local Catholic Archdiocese, shaking the entire Catholic Church to its core.",[],[],https://image.tmdb.org/t/p/w500/8DPGG400FgaFWaqcv11n8mRd2NG.jpg
Rudolf Nureyev: Dance to Freedom,2015,7.9,4,4.7619,"Dance, espionage and passion come together in this powerful and exciting docudrama that tells the extraordinary story of how Soviet ballet dancer Rudolf Nureyev defected to the West in 1961 and became a living legend.",[],[],https://image.tmdb.org/t/p/w500/aiXLyshoc9AcTmO8hXUr28xywqO.jpg
Behind the Mask: The Batman Dead End Story,2015,7.8,5,4.4935,"Director and Writer Eric Dow (""Honor in the Valley of Tears"") brings us his second documentary as he goes behind the scenes of the fan fiction short film, ""Batman: Dead End."" In the winter of 2003 commercial director Sandy Collora and some of his friends set out to make a low-budget short film for his demo reel. What they wound up actually doing was making one of the most elaborate, most watched, most talked about and most controversial short films ever made: Batman Dead End. Considering the amount of press and admiration Batman: Dead End garnered,",[],[],https://image.tmdb.org/t/p/w500/mYJJeoi5hZKFJAFNT139DD2CAti.jpg
The Curse of Downers Grove,2015,4.725,71,4.9146,"The town of Downers Grove looks like your average suburban neighborhood -- but Downers Grove has a disturbing secret.... For the past eight years, one senior from every high school graduating class has met a bizarre death right before graduation day. And this year, Chrissie Swanson has a terrible feeling that she is going to be the one to die. Can Chrissie survive the curse of Downers Grove or will she, like those seniors before her, fall prey to the town's deadly secret?",[],[],https://image.tmdb.org/t/p/w500/fTpYTV0a23Diw344tE199bIHo7l.jpg
Curious George 3: Back to the Jungle,2015,7.0,38,4.8307,"When Curious George is offered a special space mission, Ted (The Man in the Yellow Hat) can't deny his little friend this exciting journey, especially after Curious George completes the training. But when he crash-lands in Africa, a worried Ted goes searching, expecting the worst, only to have it turn out to be the best.",[],[],https://image.tmdb.org/t/p/w500/rPKrI43SisZh3Q1jnzzwzQXNmTz.jpg
Love the Coopers,2015,5.986,831,5.8624,"When four generations of the Cooper clan come together for their annual Christmas Eve celebration, a series of unexpected visitors and unlikely events turn the night upside down, leading them all toward a surprising rediscovery of family bonds and the spirit of the holiday.",[],[],https://image.tmdb.org/t/p/w500/fPW1BHZhUEViOmDAHFfyLezoQdI.jpg
A Night of Horror Volume 1,2015,5.081,37,5.104,"Whether you’re a fan of Sydney's iconic genre film festival A Night of Horror, or just a fan of the best and bloodiest in new horror cinema, you can’t afford to miss this fright-filled anthology. Zombies, demonic entities, self-surgery, cannibalism and more await in the dark corners of this terrifying offering from some of the most talented filmmakers working in the genre today.",[],[],https://image.tmdb.org/t/p/w500/jLjFflnX9shuq1HHD3D2FmkharT.jpg
Paranormal Activity: The Ghost Dimension,2015,5.3,1425,4.7399,"Using a special camera that can see spirits, a family must protect their daughter from an evil entity with a sinister plan.",[],[],https://image.tmdb.org/t/p/w500/1YpFQ2MQKzlDoa8diLWkapdRI8t.jpg
Pod,2015,4.292,118,5.6502,A family intervention goes horrifically awry within the snowy confines of an isolated lake house.,[],[],https://image.tmdb.org/t/p/w500/bL3wnFJ9mbsEsYyFC5bHhuJCft9.jpg
The Gunman,2015,5.755,987,6.4062,"Eight years after fleeing the Congo following his assassination of that country's minister of mining, former assassin Jim Terrier is back, suffering from PTSD and digging wells to atone for his violent past. After an attempt is made on his life, Terrier flies to London to find out who wants him dead -- and why. Terrier's search leads him to a reunion with Annie, a woman he once loved, who is now married to an oily businessman with dealings in Africa.",[],[],https://image.tmdb.org/t/p/w500/fhwRY5aprUyUG7maRWCmtoTb4lh.jpg
Jimmy Dore: Sentenced To Live,2015,7.5,5,4.891,"Comedian and author, Jimmy Dore has been Sentenced To Live. His outrageous political humor promises to make you think, while you laugh. From the President, to the media, to his dog - he covers it all.",[],[],https://image.tmdb.org/t/p/w500/mEqXkNkzhb1fxEdg1Rn4jKAWEaB.jpg
Max,2015,7.137,860,5.0632,A dog that helped soldiers in Afghanistan returns to the U.S. and is adopted by his handler's family after suffering a traumatic experience.,[],[],https://image.tmdb.org/t/p/w500/d3ACos3t4YwXML8keTA0wKN8e36.jpg
The Benefactor,2015,4.866,247,4.5667,"A newly married couple are forced to navigate the all-consuming interest of a powerful, mysterious, and possessive philanthropist.",[],[],https://image.tmdb.org/t/p/w500/uL0fCJuT0ERaKVM8ftduLlhObaM.jpg
"It's Me, Hilary: The Man Who Drew Eloise",2015,5.3,10,5.0221,"This portrait of Hilary Knight, the artist behind the iconic Eloise books, sees him reflecting on his life as an illustrator and his relationship to his most successful work.",[],[],https://image.tmdb.org/t/p/w500/8Vmzsf3RWMDul4biamQE6CeWvWC.jpg
An American Girl: Grace Stirs Up Success,2015,7.5,22,4.8347,"Grace is excited for the summer so she can start a business with her friends, but things take an unexpected turn when her mom announces a trip to Paris. There, Grace must learn to get along with her French cousin, Sylvie, and she finds unexpected inspiration for her business. Then, Grace finds out her grandparents bakery, that inspired her to start a business, is closing. Can she and her friends find a way to save it?",[],[],https://image.tmdb.org/t/p/w500/bbUDQv3DMVpAbJ8d7ohwfUemZAF.jpg
The Wedding Ringer,2015,6.459,1632,5.3575,"Doug Harris is a loveable but socially awkward groom-to-be with a problem: he has no best man.  With less than two weeks to go until he marries the girl of his dreams, Doug is referred to Jimmy Callahan, owner and CEO of Best Man, Inc., a company that provides flattering best men for socially challenged guys in need.  What ensues is a hilarious wedding charade as they try to pull off the big con, and an unexpected budding bromance between Doug and his fake best man Jimmy.",[],[],https://image.tmdb.org/t/p/w500/ciR2suRkfJen9lQvfz22lgCj7g7.jpg
The Exorcism of Molly Hartley,2015,5.004,223,5.232,"Accused of murder and confined to a mental institution, Molly Hartley falls under the possession of a powerful demonic force. As she undergoes a monstrous transformation, a defrocked priest is her only hope of salvation.",[],[],https://image.tmdb.org/t/p/w500/5dtUJLQv5h3otMcstpeEUu394Ao.jpg
Slow West,2015,6.682,1016,5.2814,"In the Old West, a 17-year-old Scottish boy teams up with a mysterious gunman to find the woman with whom he is infatuated.",[],[],https://image.tmdb.org/t/p/w500/j3PmbRZvf5KpNbapSjn8b0CpD6a.jpg
Paranormal Extremes: Text Messages from the Dead,2015,4.2,4,5.0249,"Two loves are separated by a tragic accident but death cannot keep them apart. This is a haunting tale of love, life, death, and the intervention of the dead.",[],[],https://image.tmdb.org/t/p/w500/o7AsKKxQq1KS8h2rXFv2dzOwapt.jpg
A Gift Wrapped Christmas,2015,6.191,47,4.9312,"Personal shopper Gwen's newest client, Charlie, is a high-rolling, workaholic, single father. When Gwen meets his 8-year-old son, Owen, during a package drop, she is saddened to see just how little time Charlie spends with him. Determined to get Charlie to appreciate his family, Gwen makes it her Christmas mission to get him into the festive spirit.",[],[],https://image.tmdb.org/t/p/w500/mMhcB2v3dO7zuufueCuFDDlschC.jpg
Reluctant Witness,2015,4.8,5,5.0143,"After giving up her mafia husband to the police, and starting a new life in witness protection, Erin thinks she's rid of Jimmy forever. However, a mysterious stranger has her worrying Jimmy is back.",[],[],https://image.tmdb.org/t/p/w500/iMUCkdw8S7HByVp0dDVkQsBIBrJ.jpg
Testament of Youth,2015,7.269,772,5.2964,"Testament of Youth is a powerful story of love, war and remembrance, based on the First World War memoir by Vera Brittain, which has become the classic testimony of that war from a woman’s point of view. A searing journey from youthful hopes and dreams to the edge of despair and back again, it’s a film about young love, the futility of war and how to make sense of the darkest times.",[],[],https://image.tmdb.org/t/p/w500/a6kFsaDCulCLfYHmKLDKTYaddM4.jpg
Bone Tomahawk,2015,6.87,2400,5.6382,"During a shootout in a saloon, Sheriff Hunt injures a suspicious stranger. The doctor's assistant, wife of the local foreman, tends to him in prison. That night, the town is attacked and they both disappear—only the arrow of a cannibal tribe is found. Hunt and a few of his men go in search of the prisoner and the foreman's wife.",[],[],https://image.tmdb.org/t/p/w500/4MmTHpn2Y8emqvBgvOjufImUmKZ.jpg
"Aimless Sightseeing, Seoul",2015,0.0,0,4.2345,A 3D film by Ken Jacobs,[],[],
LEGO DC Comics Super Heroes: Justice League - Attack of the Legion of Doom!,2015,6.62,138,5.2144,"Crime is on the run as the newly formed Justice League keeps Metropolis safe and this makes evil genius Lex Luthor very unhappy. Together with Black Manta, Sinestro and a gang of ruthless recruits, Lex builds his own league and declares them the Legion of Doom. With this super powered team of terror and a plan to attack the top-secret government site, Area 52, can Lex finally be on the verge of victory? Sound the alarm and get ready for the bricks to fly when Superman, Batman, Wonder Woman and the rest of the Justice League face off against the world's greatest Super-Villains! It's the next all-new original movie from LEGO® and DC Comics.",[],[],https://image.tmdb.org/t/p/w500/x7RowYDdokZgb8yW2cAlOS70JiK.jpg
Bleeding Heart,2015,4.989,91,4.9607,"Reserved yoga instructor May's peaceful, clean-living life is thrown out of balance by the arrival of her long-lost sister Shiva, a street-smart yet naive young woman trapped in an abusive relationship. May feels compelled to rescue the hapless Shiva, but she finds herself increasingly drawn out of her sedate world and deeper into Shiva's chaotic one.",[],[],https://image.tmdb.org/t/p/w500/u04tUftlaqBsrpRCwqR6bKHgrVm.jpg
I'm Not Ready for Christmas,2015,5.3,62,4.7491,"Holly finds her world turned upside-down when she suddenly finds herself incapable of lying. (Don’t you hate when that happens?) It’s because of a wish her niece made to Santa Claus. And now, with Christmas coming up fast, she has to come to terms with her natural penchant to want to fib while trying to do the right thing. And that’s no lie.",[],[],https://image.tmdb.org/t/p/w500/qjos0Ijhp2w2AhDtVhN4vrwCmMS.jpg
Justice League: Gods and Monsters,2015,7.108,597,5.1428,"In an alternate universe, very different versions of DC's Trinity fight against the government after they are framed for an embassy bombing.",[],[],https://image.tmdb.org/t/p/w500/9EoqQuEZKmQIYjexoUbkxMcMCVr.jpg
7 Days in Hell,2015,6.478,415,5.1187,A fictional documentary-style expose on the rivalry between two tennis stars who battled it out in a 1999 match that lasted seven days.,[],[],https://image.tmdb.org/t/p/w500/h5yZf1uHyGstsGoWkjO8W1ccSzn.jpg
Just Jim,2015,5.6,38,4.5613,"In a small Welsh town where people talk to themselves we meet Jim, a lonely  teenager who is given the chance to increase his popularity when a cool American kid moves in next door.  Written and directed by Craig Roberts, who also plays the lead role.",[],[],https://image.tmdb.org/t/p/w500/8lFSRcFdxr9sGbYqWZrs03Lin7u.jpg
The Danish Girl,2015,7.6,5856,5.25,"When Gerda Wegener asks her husband Einar to fill in as a portrait model, Einar discovers the person she's meant to be and begins living her life as Lili Elbe. Having realized her true self and with Gerda's love and support, Lili embarks on a groundbreaking journey as a transgender pioneer.",[],[],https://image.tmdb.org/t/p/w500/mXZZIacI5FC8thzSC0lgQBQ2uAX.jpg
Once I Was a Beehive,2015,6.3,66,5.104,"After losing her father to cancer, a teenage girl reluctantly joins her new step-cousin at a summer camp for Mormon girls.",[],[],https://image.tmdb.org/t/p/w500/zOV0bO2ZSnwsu9JsiujZFHr1kY7.jpg
The Final Girls,2015,6.392,1335,5.2252,"A young woman grieving the loss of her mother, a famous scream queen from the 1980s, finds herself pulled into the world of her mom's most famous movie. Reunited, the women must fight off the film's maniacal killer.",[],[],https://image.tmdb.org/t/p/w500/gQYKSRVo5iZACFOY6x50RblI6rx.jpg
Vice,2015,4.363,564,6.2809,"Julian Michaels has designed the ultimate resort: VICE, where anything goes and the customers can play out their wildest fantasies with artificial inhabitants who look, think and feel like humans. When an artificial becomes self-aware and escapes, she finds herself caught in the crossfire between Julian's mercenaries and a cop who is hell-bent on shutting down Vice, and stopping the violence once and for all.",[],[],https://image.tmdb.org/t/p/w500/cBwZIq1QFasmsC9Wi3HvyEljfYN.jpg
Sharkansas Women's Prison Massacre,2015,4.589,62,4.6134,"When a fracking mishap accidentally rips apart the earth’s crust, the resulting hole opens up a gaping underground water way to a vast and mysterious ocean somewhere deep below. Instantly, giant prehistoric sharks begin wending their way upward toward a murky bog in the heart of the Arkansas Bayou. Unfortunately, for a group of female prisoners on a work detail in the swamp, the deadly sharks attack without warning – pinning a hapless group of intended victims in a small deserted cabin in the heart of the wetlands. Death may be the only means of escape!",[],[],https://image.tmdb.org/t/p/w500/kB7jXKuObdVq83JjAC9prIa2pM1.jpg
Zazie Learns About Money,2015,0.0,0,4.3505,Film by Ken Jacobs. Exists as both 2D and 3D Version,[],[],
No Way Jose,2015,4.8,22,5.0747,"Jose Stern, an erstwhile indie-rocker relegated to playing children's birthday parties, is on the verge of turning 40 and at a crossroads in his life.",[],[],https://image.tmdb.org/t/p/w500/bUFrAhqlER7oJVdfCcfp2rzHfeC.jpg
Isolation,2015,5.5,35,4.8915,"Inspired by the true events of a couple vacationing on a remote island in the Bahamas who are hunted by a group of modern-day pirates, after their identities and their lives.",[],[],https://image.tmdb.org/t/p/w500/2yTUJ2rKlcRaWAlATHU4fclL9YB.jpg
The Lady in the Van,2015,6.414,778,5.0966,"The true story of the relationship between Alan Bennett and the singular Miss Shepherd, a woman of uncertain origins who ‘temporarily’ parked her van in Bennett’s London driveway and proceeded to live there for 15 years.",[],[],https://image.tmdb.org/t/p/w500/sqz4CGInI1bysFH674HYWtQSmYn.jpg
Straight Outta Tompkins,2015,4.6,11,4.8303,"A forlorn teenager abandoned in New York City spirals out of control, from a troubled kid to an accidental addict, after he mistakes the welcoming embrace of a Lower East Side drug dealer for the love of family.",[],[],https://image.tmdb.org/t/p/w500/shrYD7I145fACskGOdsgLoiKL94.jpg
"And When I Die, I Won't Stay Dead",2015,5.7,3,4.6063,A journey into the life and work of beat poet and activist Bob Kaufman and his insistence that poetry is fundamental to humanity's moral survival.,[],[],https://image.tmdb.org/t/p/w500/wsUSAIeTAnFmA9EIVlVFhACziPF.jpg
Some Kind of Hate,2015,4.679,120,5.1923,"When troubled teen Lincoln is subjected to severe bullying, he accidentally conjures the vengeful ghost of Moira Karp. Once a teenage girl pushed to suicide, Moira is now an unstoppable force on a mission of gruesome retribution. But when she goes too far, Lincoln must prevent her from spiraling out of control.",[],[],https://image.tmdb.org/t/p/w500/61dDiDbYgs3dXRVomk976Lf5G7Z.jpg
Gourmet Detective: A Healthy Place to Die,2015,6.534,44,4.3607,"When Henry is invited as a guest speaker at a luxury resort spa, he quickly finds himself at the center of another murder. With Maggie at his side, our favorite duo must not only find the killer but be careful they don't become his latest victim.",[],[],https://image.tmdb.org/t/p/w500/6tNpD8NCMojed9X9bYyi4IrXpaI.jpg
Pay the Ghost,2015,5.373,789,4.8908,"One year after his young son disappeared during a Halloween carnival, Mike Cole is haunted by eerie images and terrifying messages he can’t explain. Together with his estranged wife, he will stop at nothing to unravel the mystery and find their son—and, in doing so, he unearths a legend that refuses to remain buried in the past.",[],[],https://image.tmdb.org/t/p/w500/iHG1QcxaRCiFIdSK1HZA6zOEFsl.jpg
Seeds of Yesterday,2015,6.459,109,5.2415,"The Sheffield family reveal and go through some home truths as their middle child inherits the Foxworth mansion. The family's ghosts looming over, and more tragedies are in store as the curse lives on.",[],[],https://image.tmdb.org/t/p/w500/xj2wTGex2P9sEbMILBG9iOebc4A.jpg
Hot Girls Wanted,2015,6.077,684,5.0724,A first-ever look at the realities of the professional “amateur” porn world and the steady stream of 18-to-19-year old girls entering into it.,[],[],https://image.tmdb.org/t/p/w500/75ot83QOkc02vujyzmIbumQCU6Y.jpg
Hot Pursuit,2015,5.753,1660,4.9893,"Straight-arrow policewoman Cooper is excited and thrilled about her next assignment. Her task is to escort Daniella Riva, a wisecracking Colombian beauty, from San Antonio to Dallas so both she and her husband can testify against a drug lord. Plans go awry when Mr. Riva gets ambushed, leaving Daniella a widow. Cooper and her witness must now use their wits to escape from crooked cops and murderous gunmen, while not killing each other in the process.",[],[],https://image.tmdb.org/t/p/w500/lobNOBHuJQCP9ZYAf86MBMwRrmZ.jpg
Hidden,2015,6.905,1095,5.1215,A family takes refuge in a fallout shelter to avoid a dangerous outbreak.,[],[],https://image.tmdb.org/t/p/w500/mPuaHaczkoJDzlYD9GyXiDjMXig.jpg
Pan,2015,5.957,2788,5.1387,"Living a bleak existence at a London orphanage, 12-year-old Peter finds himself whisked away to the fantastical world of Neverland. Adventure awaits as he meets new friend James Hook and the warrior Tiger Lily. They must band together to save Neverland from the ruthless pirate Blackbeard. Along the way, the rebellious and mischievous boy discovers his true destiny, becoming the hero forever known as Peter Pan.",[],[],https://image.tmdb.org/t/p/w500/w8i0mZR7MEL7c3bXSsuYg7VJsew.jpg
Concussion,2015,7.079,2643,4.4706,"A dramatic thriller based on the incredible true David vs. Goliath story of American immigrant Dr. Bennet Omalu, the brilliant forensic neuropathologist who made the first discovery of CTE, a football-related brain trauma, in a pro player and fought for the truth to be known. Omalu's emotional quest puts him at dangerous odds with one of the most powerful institutions in the world.",[],[],https://image.tmdb.org/t/p/w500/uuRFr7Jhsq7bITDyyvxZrQMAr9e.jpg
If Not for His Grace,2015,0.0,0,4.2516,If Not for His Grace,[],[],https://image.tmdb.org/t/p/w500/4tRaIkJ6ZLNW5vGGfeU1u3ceQlb.jpg
Lake Placid vs. Anaconda,2015,5.026,235,4.1926,A giant alligator goes head to head with a giant Anaconda. The town sheriff must find a way to destroy the two monsters before they kill the whole town.,[],[],https://image.tmdb.org/t/p/w500/qF3TYXksv1O0zX3SIS12kNmJLmN.jpg
The Hollow,2015,4.753,91,4.7132,"It's Halloween eve on Shelter Island, and the small town is preparing for a killer storm. But the dark clouds gathering over the island are bringing with them a curse one-hundred years in waiting. As the woods give birth to an ungodly and insatiable creature of fire, bones, and earth, three sisters must scramble to stay alive through the long dark night of the Hollow. For it's not something you can kill. It's only something you can try and survive.",[],[],https://image.tmdb.org/t/p/w500/v0k9gjdxjrG2vQKxRRrrjStTLiG.jpg
Keepers of the Covenant: Making 'Exodus: Gods and Kings',2015,5.8,31,4.6505,"An in-depth documentary on the making of Ridley Scott's ""Exodus: Gods and Kings,"" featuring interviews with the cast and crew. Featured in the Deluxe Edition Blu-ray set.",[],[],https://image.tmdb.org/t/p/w500/pWWjAjEmQJAf3tZG4l6gWtc2OoH.jpg
Samurai Cop 2: Deadly Vengeance,2015,3.646,79,4.7961,"25 years later after the events of Samurai Cop (1991), Detective Frank Washington is forced to team up with his long estranged partner Joe Marshall to solve a series of assassinations being committed by a secret group of female vigilante killers.",[],[],https://image.tmdb.org/t/p/w500/yYoWUAzGe5PH8E3lltUiM1LzTD0.jpg
Jem and the Holograms,2015,5.487,394,4.2809,"As a small-town girl catapults from underground video sensation to global superstar, she and her three sisters begin a one-in-a-million journey of discovering that some talents are too special to keep hidden. Four aspiring musicians will take the world by storm when they see that the key to creating your own destiny lies in finding your own voice.",[],[],https://image.tmdb.org/t/p/w500/7UiDWxXzpZSh8e3EJKYWyM88qb6.jpg
The Diabolical,2015,4.988,202,4.3442,"When a single mother and her two young children are tormented by an increasingly strange and intense presence in their quiet suburban home, she turns to her scientist boyfriend to take on the violent forces that paranormal experts are too frightened to face.",[],[],https://image.tmdb.org/t/p/w500/7hGRSbGChh9RY4Luw0PqPLcOJEc.jpg
Absolutely Anything,2015,5.895,1546,4.3871,Eccentric aliens give a man the power to do anything he wants to determine if Earth is worth saving.,[],[],https://image.tmdb.org/t/p/w500/2gkyLFG3MpbqXC1eF8dlSge886s.jpg
Maggie,2015,5.4,1635,5.2045,"There's a deadly zombie epidemic threatening humanity, but Wade, a small-town farmer and family man, refuses to accept defeat even when his daughter Maggie becomes infected. As Maggie's condition worsens and the authorities seek to eradicate those with the virus, Wade is pushed to the limits in an effort to protect her. Joely Richardson co-stars in this post-apocalyptic thriller.",[],[],https://image.tmdb.org/t/p/w500/twa9gXjocLM629sJrQYVtmF306R.jpg
"Churchill: Winning the War, Losing the Peace",2015,10.0,1,4.5386,"Just weeks after VE day, Winston Churchill found himself in new battle: to be reelected Prime Minister. Confident of his victory after leading through WWII, he never expected his countrymen to turn so vehemently on their Great British Bulldog",[],[],https://image.tmdb.org/t/p/w500/4TbPICGqWPJF48boBVtcLR2E4Zx.jpg
The Night Before,2015,6.09,1755,5.2086,"In New York City for their annual tradition of Christmas Eve debauchery, three lifelong best friends set out to find the Holy Grail of Christmas parties since their yearly reunion might be coming to an end.",[],[],https://image.tmdb.org/t/p/w500/rfeNBaiMBg0UQsBQFv1qsjTjZWn.jpg
Bridal Wave,2015,6.2,94,4.9985,"With her wedding day rapidly approaching, an anxious bride-to-be has doubts about her pending marriage. At a romantic island resort, she encounters a handsome kindred spirit and must now decide if her ""perfect"" fiancé is really her true love.",[],[],https://image.tmdb.org/t/p/w500/yZMUAsU9MxTDls737iU23XeywND.jpg
Jesse Stone: Lost in Paradise,2015,6.554,101,4.6554,"Police Chief Jesse Stone now presides over the quiet, seaside village of Paradise, Massachusetts. When the facts don't add up in a brutal Boston-area murder case, Jesse opens an investigation filled with surprises, unlikely suspects and grave danger. Though it's widely believed the murder was committed by an incarcerated serial killer, Jesse suspects another killer is at large and is hell-bent on bringing him to justice.",[],[],https://image.tmdb.org/t/p/w500/gw5ax5lElk0G1MRDFIQT4V8xUZU.jpg
Big Gold Dream: Scottish Post-Punk and Infiltrating the Mainstream,2015,6.0,3,4.5246,"Documentary on the independent Edinburgh record label Fast Product and Postcard Records and associated bands like Fire Engines, Scars and Josef K",[],[],https://image.tmdb.org/t/p/w500/xkg1RITrcmc8iacRlG3XdL3oA5e.jpg
Winning: The Racing Life of Paul Newman,2015,7.5,24,4.2213,"The world knows Paul Newman as an Academy Award winning actor with a fifty-plus year career as one of the most prolific and revered actors in American Cinema. He was also well known for his philanthropy; Newman's Own has given more than four hundred and thirty million dollars to charities around the world. Yet few know the gasoline-fueled passion that became so important in this complex, multifaceted man's makeup. Newman’s deep-seated passion for racing was so intense it nearly sidelined his acting career. His racing career spanned thirty-five years; Newman won four national championships as a driver and eight championships as an owner. Not bad for a guy who didn't even start racing until he was forty-seven years old.",[],[],https://image.tmdb.org/t/p/w500/hsTxEODkmcHvVhR9junDH8I43dt.jpg
Zootopia,2016,7.751,17016,27.7454,"Determined to prove herself, Officer Judy Hopps, the first bunny on Zootopia's police force, jumps at the chance to crack her first case - even if it means partnering with scam-artist fox Nick Wilde to solve the mystery.",[],[],https://image.tmdb.org/t/p/w500/hlK0e0wAQ3VLuJcsfIYPvb4JVud.jpg
The Conjuring 2,2016,7.3,8898,19.8041,Lorraine and Ed Warren travel to north London to help a single mother raising four children alone in a house plagued by malicious spirits.,[],[],https://image.tmdb.org/t/p/w500/zEqyD0SBt6HL7W9JQoWwtd5Do1T.jpg
Hacksaw Ridge,2016,8.192,14377,18.7803,"WWII American Army Medic Desmond T. Doss, who served during the Battle of Okinawa, refuses to kill people and becomes the first Conscientious Objector in American history to receive the Congressional Medal of Honor.",[],[],https://image.tmdb.org/t/p/w500/wuz8TjCIWR2EVVMuEfBnQ1vuGS3.jpg
Batman v Superman: Dawn of Justice,2016,5.987,18569,15.4006,"Fearing the actions of a god-like Super Hero left unchecked, Gotham City’s own formidable, forceful vigilante takes on Metropolis’s most revered, modern-day savior, while the world wrestles with what sort of hero it really needs. And with Batman and Superman at war with one another, a new threat quickly arises, putting mankind in greater danger than it’s ever known before.",[],[],https://image.tmdb.org/t/p/w500/5UsK3grJvtQrtzEgqNlDljJW96w.jpg
Deadpool,2016,7.622,32016,17.868,"The origin story of former Special Forces operative turned mercenary Wade Wilson, who, after being subjected to a rogue experiment that leaves him with accelerated healing powers, adopts the alter ego Deadpool. Armed with his new abilities and a dark, twisted sense of humor, Deadpool hunts down the man who nearly destroyed his life.",[],[],https://image.tmdb.org/t/p/w500/3E53WEZJqP6aM84D8CckXx4pIHw.jpg
Boyka: Undisputed IV,2016,7.168,1402,15.3834,"In the fourth installment of the fighting franchise, Boyka is shooting for the big leagues when an accidental death in the ring makes him question everything he stands for. When he finds out the wife of the man he accidentally killed is in trouble, Boyka offers to fight in a series of impossible battles to free her from a life of servitude.",[],[],https://image.tmdb.org/t/p/w500/7QGdIJWWTkPhVjpQ0zA6z69khod.jpg
Me Before You,2016,7.927,12859,15.519,"A small town girl is caught between dead-end jobs. A high-profile, successful man becomes wheelchair bound following an accident. The man decides his life is not worth living until the girl is hired for six months to be his new caretaker. Worlds apart and trapped together by circumstance, the two get off to a rocky start. But the girl becomes determined to prove to the man that life is worth living and as they embark on a series of adventures together, each finds their world changing in ways neither of them could begin to imagine.",[],[],https://image.tmdb.org/t/p/w500/Ia3dzj5LnCj1ZBdlVeJrbKJQxG.jpg
Arrival,2017,7.621,18659,14.5941,"Taking place after alien crafts land around the world, an expert linguist is recruited by the military to determine whether they come in peace or are a threat.",[],[],https://image.tmdb.org/t/p/w500/pEzNVQfdzYDzVK0XqxERIw2x2se.jpg
Captain America: Civil War,2016,7.448,23480,14.3322,"Following the events of Age of Ultron, the collective governments of the world pass an act designed to regulate all superhuman activity. This polarizes opinion amongst the Avengers, causing two factions to side with Iron Man or Captain America, which causes an epic battle between former allies.",[],[],https://image.tmdb.org/t/p/w500/rAGiXaUfPzY7CDEyNKUofk3Kw2e.jpg
Alice Through the Looking Glass,2016,6.561,6619,12.4378,Alice Kingsleigh returns to Underland and faces a new adventure in saving the Mad Hatter.,[],[],https://image.tmdb.org/t/p/w500/kbGamUkYfgKIYIrU8kW5oc0NatZ.jpg
Sing,2016,7.119,8239,12.3358,A koala named Buster recruits his best friend to help him drum up business for his theater by hosting a singing competition.,[],[],https://image.tmdb.org/t/p/w500/b8UiFXwMrSXVTHM0fb2twl8uE8a.jpg
The Accountant,2016,7.129,7021,12.3589,"As a math savant uncooks the books for a new client, the Treasury Department closes in on his activities and the body count starts to rise.",[],[],https://image.tmdb.org/t/p/w500/fceheXB5fC4WrLVuWJ6OZv9FXYr.jpg
Jack Reacher: Never Go Back,2016,5.992,5115,11.1697,"Years after resigning command of an elite military police unit, the nomadic, righter-of-wrongs Reacher is drawn back into the life he left behind when his friend and successor, Major Susan Turner is framed for espionage. Reacher will stop at nothing to prove her innocence and to expose the real perpetrators behind the killings of his former soldiers.",[],[],https://image.tmdb.org/t/p/w500/cOg3UT2NYWHZxp41vpxAnVCOC4M.jpg
Now You See Me 2,2016,6.824,11095,12.3244,"One year after outwitting the FBI and winning the public’s adulation with their mind-bending spectacles, the Four Horsemen resurface only to find themselves face to face with a new enemy who enlists them to pull off their most dangerous heist yet.",[],[],https://image.tmdb.org/t/p/w500/A81kDB6a1K86YLlcOtZB27jriJh.jpg
Doctor Strange,2016,7.418,22877,13.0995,"After his career is destroyed, a brilliant but arrogant surgeon gets a new lease on life when a sorcerer takes him under her wing and trains him to defend the world against evil.",[],[],https://image.tmdb.org/t/p/w500/xf8PbyQcR5ucXErmZNzdKR0s8ya.jpg
X-Men: Apocalypse,2016,6.517,13409,12.5047,"After the re-emergence of the world's first mutant, world-destroyer Apocalypse, the X-Men must unite to defeat his extinction level plan.",[],[],https://image.tmdb.org/t/p/w500/ikA8UhYdTGpqbatFa93nIf6noSr.jpg
Hidden Figures,2017,8.05,10136,12.4824,"The untold story of Katherine G. Johnson, Dorothy Vaughan and Mary Jackson – brilliant African-American women working at NASA and serving as the brains behind one of the greatest operations in history – the launch of astronaut John Glenn into orbit. The visionary trio crossed all gender and race lines to inspire generations to dream big.",[],[],https://image.tmdb.org/t/p/w500/9lfz2W2uGjyow3am00rsPJ8iOyq.jpg
La La Land,2017,7.898,17576,11.1464,"Mia, an aspiring actress, serves lattes to movie stars in between auditions and Sebastian, a jazz musician, scrapes by playing cocktail party gigs in dingy bars, but as success mounts they are faced with decisions that begin to fray the fragile fabric of their love affair, and the dreams they worked so hard to maintain in each other threaten to rip them apart.",[],[],https://image.tmdb.org/t/p/w500/uDO8zWDhfWwoFdKS4fzkUJt0Rf0.jpg
Mechanic: Resurrection,2016,6.025,3512,10.3929,"Arthur Bishop thought he had put his murderous past behind him when his most formidable foe kidnaps the love of his life. Now he is forced to travel the globe to complete three impossible assassinations, and do what he does best, make them look like accidents.",[],[],https://image.tmdb.org/t/p/w500/bG3Q6EFcngpPn7uPuQTzTuq9DgV.jpg
13 Hours: The Secret Soldiers of Benghazi,2016,7.269,3768,11.8618,An American Ambassador is killed during an attack at a U.S. compound in Libya as a security team struggles to make sense out of the chaos.,[],[],https://image.tmdb.org/t/p/w500/AskDcQ6Sa6jImyt2KDQbgRuPebH.jpg
The Witch,2016,7.0,7372,10.1929,"In 1630, a farmer relocates his family to a remote plot of land on the edge of a forest where strange, unsettling things happen. With suspicion and paranoia mounting, each family member's faith, loyalty and love are tested in shocking ways.",[],[],https://image.tmdb.org/t/p/w500/zap5hpFCWSvdWSuPGAQyjUv2wAC.jpg
The Jungle Book,2016,6.864,8304,10.3352,"A man-cub named Mowgli fostered by wolves. After a threat from the tiger Shere Khan, Mowgli is forced to flee the jungle, by which he embarks on a journey of self discovery with the help of the panther, Bagheera and the free-spirited bear, Baloo.",[],[],https://image.tmdb.org/t/p/w500/2Epx7F9X7DrFptn4seqn4mzBVks.jpg
The Family Fang,2016,5.8,335,7.5052,A brother and sister return to their family home in search of their world famous parents who have disappeared.,[],[],https://image.tmdb.org/t/p/w500/gVLOpMH3p8PpnbGa1UOGDr78xSS.jpg
The Magnificent Seven,2016,6.469,6161,10.0074,"Looking to mine for gold, greedy industrialist Bartholomew Bogue seizes control of the Old West town of Rose Creek. With their lives in jeopardy, Emma Cullen and other desperate residents turn to bounty hunter Sam Chisolm for help. Chisolm recruits an eclectic group of gunslingers to take on Bogue and his ruthless henchmen. With a deadly showdown on the horizon, the seven mercenaries soon find themselves fighting for more than just money once the bullets start to fly.",[],[],https://image.tmdb.org/t/p/w500/ezcS78TIjgr85pVdaPDd2rSPVNs.jpg
Suicide Squad,2016,5.92,21672,8.8648,"From DC Comics comes the Suicide Squad, an antihero team of incarcerated supervillains who act as deniable assets for the United States government, undertaking high-risk black ops missions in exchange for commuted prison sentences.",[],[],https://image.tmdb.org/t/p/w500/sk3FZgh3sRrmr8vyhaitNobMcfh.jpg
The Autopsy of Jane Doe,2016,6.824,4521,9.4871,"Father and son coroners receive a mysterious unidentified corpse with no apparent cause of death. As they attempt to examine the ""Jane Doe,"" they discover increasingly bizarre clues that hold the key to her terrifying secrets.",[],[],https://image.tmdb.org/t/p/w500/6K0wjP8kPCiPYy9PtXBGuypyt5I.jpg
Fantastic Beasts and Where to Find Them,2016,7.31,19302,10.2589,"In 1926, Newt Scamander arrives at the Magical Congress of the United States of America with a magically expanded briefcase, which houses a number of dangerous creatures and their habitats. When the creatures escape from the briefcase, it sends the American wizarding authorities after Newt, and threatens to strain even further the state of magical and non-magical relations.",[],[],https://image.tmdb.org/t/p/w500/h6NYfVUyM6CDURtZSnBpz647Ldd.jpg
Rogue One: A Star Wars Story,2016,7.5,15931,9.6532,A rogue band of resistance fighters unite for a mission to steal the Death Star plans and bring a new hope to the galaxy.,[],[],https://image.tmdb.org/t/p/w500/i0yw1mFbB7sNGHCs7EXZPzFkdA1.jpg
Kung Fu Panda 3,2016,6.917,6345,10.0061,"While Po and his father are visiting a secret panda village, an evil spirit threatens all of China, forcing Po to form a ragtag army to fight back.",[],[],https://image.tmdb.org/t/p/w500/oajNi4Su39WAByHI6EONu8G8HYn.jpg
2149: The Aftermath,2016,6.548,63,7.8605,"In an oppressive future, where everyone's only contact is their computer, one lonely young man is forced to venture forth in search of human contact.",[],[],https://image.tmdb.org/t/p/w500/oHBGb6MKYvT6j1ICCV53t2Kn1Te.jpg
Miss Peregrine's Home for Peculiar Children,2016,6.837,10268,9.2182,A teenager finds himself transported to an island where he must help protect a group of orphans with special powers from creatures intent on destroying them.,[],[],https://image.tmdb.org/t/p/w500/CIlbMFOfYDj0MP23hsIYhFGrL6.jpg
Independence Day: Resurgence,2016,5.349,6269,9.5449,"We always knew they were coming back. Using recovered alien technology, the nations of Earth have collaborated on an immense defense program to protect the planet. But nothing can prepare us for the aliens’ advanced and unprecedented force. Only the ingenuity of a few brave men and women can bring our world back from the brink of extinction.",[],[],https://image.tmdb.org/t/p/w500/9S50foUIYGwiNPWOxi1WJF6IPwI.jpg
Allegiant,2016,6.106,6793,8.921,Beatrice Prior and Tobias Eaton venture into the world outside of the fence and are taken into protective custody by a mysterious agency known as the Bureau of Genetic Welfare.,[],[],https://image.tmdb.org/t/p/w500/faq9JlF8znUGQ5p3En1W61Fi5p0.jpg
Trolls,2016,6.63,3720,9.1492,"After the monstrous Bergens invade Troll Village, Princess Poppy, the happiest Troll ever born, and overly-cautious, curmudgeonly outcast Branch set off on a journey to rescue her friends. Their mission is full of adventure and mishaps, as this mismatched duo try to tolerate each other long enough to get the job done.",[],[],https://image.tmdb.org/t/p/w500/9VlK2j0THZWzhQPq0W3Oc0IIdBB.jpg
Sausage Party,2016,5.748,7533,9.1398,Hot dog Frank leads a group of supermarket products on a quest to discover the truth about their existence and what really happens when they become chosen to leave the grocery store.,[],[],https://image.tmdb.org/t/p/w500/vNgdPJQ5CI60oEiiHLKRNrsDhMy.jpg
The Angry Birds Movie,2016,6.245,3831,9.1314,"An island populated entirely by happy, flightless birds or almost entirely. In this paradise, Red, a bird with a temper problem, speedy Chuck, and the volatile Bomb have always been outsiders. But when the island is visited by mysterious green piggies, it’s up to these unlikely outcasts to figure out what the pigs are up to.",[],[],https://image.tmdb.org/t/p/w500/iOH0fEFtV9z9rZp9zmBFGGeWicv.jpg
Ice Age: Collision Course,2016,6.115,4754,8.8785,"Set after the events of Continental Drift, Scrat's epic pursuit of his elusive acorn catapults him outside of Earth, where he accidentally sets off a series of cosmic events that transform and threaten the planet. To save themselves from peril, Manny, Sid, Diego, and the rest of the herd leave their home and embark on a quest full of thrills and spills, highs and lows, laughter and adventure while traveling to exotic new lands and locations.",[],[],https://image.tmdb.org/t/p/w500/dWyaaP1dmW5peBvgiVaugdRuyYD.jpg
The Purge: Election Year,2016,6.386,5376,8.9628,"Two years after choosing not to kill the man who killed his son, former police sergeant Leo Barnes has become head of security for Senator Charlene Roan, the front runner in the next Presidential election due to her vow to eliminate the Purge. On the night of what should be the final Purge, a betrayal from within the government forces Barnes and Roan out onto the street where they must fight to survive the night.",[],[],https://image.tmdb.org/t/p/w500/gg7tlp45xqGWMra0sqQVPvybje2.jpg
Deadly Pickup,2016,5.114,22,8.1312,"Breezy isn't your ordinary hitch-hiker: she's sexy, fun... and a cold-blooded killer. As deadly as a viper, Breezy murders her victims with a poisonous ring. As she preys on highway pickups, Breezy moves from town to town, finally settling briefly as a boarder in the house of a young couple who have no idea what kind of sexual wolf they've just let in the door.",[],[],https://image.tmdb.org/t/p/w500/kq0B2DAXRhauo3MACv8MKlliakW.jpg
Central Intelligence,2016,6.415,6161,8.972,"Calvin Joyner, a mild-mannered accountant whose high school glory days are long behind him, reconnects with an awkward pal from high school through Facebook. After meeting up, Calvin’s mundane life takes an unexpectedly thrilling turn when he's thrust into the world of international espionage.",[],[],https://image.tmdb.org/t/p/w500/hXQVMbRNpf7c93e8clMY4W5DRm6.jpg
Never Back Down: No Surrender,2016,7.054,495,7.233,"Picking up after the events of Never Back Down 2, former MMA champion Case Walker is on the comeback trail to become champion once again.",[],[],https://image.tmdb.org/t/p/w500/pHVswTDHAvq9Npi0XCZ0qVMSiM2.jpg
The Nice Guys,2016,7.1,8302,8.48,A private eye investigates the apparent suicide of a fading porn star in 1970s Los Angeles and uncovers a conspiracy.,[],[],https://image.tmdb.org/t/p/w500/clq4So9spa9cXk3MZy2iMdqkxP2.jpg
The Legend of Tarzan,2016,5.914,6358,7.5771,"Tarzan, having acclimated to life in London, is called back to his former home in the jungle to investigate the activities at a mining encampment.",[],[],https://image.tmdb.org/t/p/w500/eJrfz178xBGlxjDGxnBXTzWWa4w.jpg
"Crouching Tiger, Hidden Dragon: Sword of Destiny",2016,6.159,693,6.6962,"A story of lost love, young love, a legendary sword and one last opportunity at redemption.",[],[],https://image.tmdb.org/t/p/w500/te3aeAyhkfqgpa5BSTq3oNxGqQD.jpg
Warcraft,2016,6.389,7046,8.3396,"The peaceful realm of Azeroth stands on the brink of war as its civilization faces a fearsome race of invaders: orc warriors fleeing their dying home to colonize another. As a portal opens to connect the two worlds, one army faces destruction and the other faces extinction. From opposing sides, two heroes are set on a collision course that will decide the fate of their family, their people, and their home.",[],[],https://image.tmdb.org/t/p/w500/nZIIOs06YigBnvmlJ2hxZeA8eTO.jpg
Ghostbusters,2016,5.348,6624,8.1504,"Following a ghost invasion of Manhattan, paranormal enthusiasts Erin Gilbert and Abby Yates, nuclear engineer Jillian Holtzmann, and subway worker Patty Tolan band together to stop the otherworldly threat.",[],[],https://image.tmdb.org/t/p/w500/wJmWliwXIgZOCCVOcGRBhce7xPS.jpg
The Founder,2016,7.1,5207,7.8349,"The true story of how Ray Kroc, a salesman from Illinois, met Mac and Dick McDonald, who were running a burger operation in 1950s Southern California. Kroc was impressed by the brothers’ speedy system of making the food and saw franchise potential. He maneuvered himself into a position to be able to pull the company from the brothers and create a billion-dollar empire.",[],[],https://image.tmdb.org/t/p/w500/8gLIksu5ggdfBL1UbeTeonHquxl.jpg
West Side Stories: The Making of a Classic,2016,8.0,3,17.3398,"As the world prepares to celebrate the 60th anniversary of West Side Story in 2017, dancer Bruno Tonioli and broadcaster Suzy Klein go in search of the true stories behind the inception of this classic show. For the first time on television, they hear first-hand from those involved in the show when it opened on Broadway in September 1957, including Sondheim himself, producer Hal Prince and original cast members from both show and movie, including Chita Rivera Carol Lawrence and Rita Moreno. With the BBC Symphony Orchestra and specially cast singers, we re-live some of the wonderful music and, in the company of Suzy and Bruno, we discover how West Side Story placed the 1950s phenomena of racial tension and teenage gangs centre stage to create a hit that changed musical theatre forever.",[],[],
The Great Wall,2016,6.0,5365,8.2985,European mercenaries searching for black powder become embroiled in the defense of the Great Wall of China against a horde of monstrous creatures.,[],[],https://image.tmdb.org/t/p/w500/p70dq1YxabemdZDm5K6Q8G10wSn.jpg
London Has Fallen,2016,6.218,4930,7.5786,"In London for the Prime Minister's funeral, Mike Banning discovers a plot to assassinate all the attending world leaders.",[],[],https://image.tmdb.org/t/p/w500/iEbLkYzyiUdOKNK4WNBFyGH7r2Y.jpg
Jason Bourne,2016,6.367,5966,7.6989,The most dangerous former operative of the CIA is drawn out of hiding to uncover hidden truths about his past.,[],[],https://image.tmdb.org/t/p/w500/xA7N41glw17MBQtcWSm2eBlBRuG.jpg
Never Say Can't: The Bruce Cook Story,2016,0.0,0,4.987,"This is the story of how Bruce Cook, a rising FMX star, suffered a catastrophic injury that would have ended most riders' desire to ever want to ride again, let alone continue an FMX career. Bruce broke his back and became paralyzed while attempting to land the first-ever double frontflip on a motorcycle. Despite a grim prognosis, he made it his goal to get back on the bike and break more records despite his permanent injury.",[],[],
Underworld: Blood Wars,2016,5.91,3816,7.982,"Vampire death dealer Selene fends off brutal attacks from both the Lycan clan and the Vampire faction that betrayed her. With her only allies, David and his father Thomas, she must stop the eternal war between Lycans and Vampires, even if it means she has to make the ultimate sacrifice.",[],[],https://image.tmdb.org/t/p/w500/v1ciDCWMG47gdT4kMyjyQbnLQQn.jpg
Inferno,2016,6.084,6455,7.4175,"After waking up in a hospital with amnesia, professor Robert Langdon and a doctor must race against time to foil a deadly global plot.",[],[],https://image.tmdb.org/t/p/w500/cnqvFvjAaV28F1tU7986VVg0WP7.jpg
I Am Wrath,2016,5.674,690,7.8027,A man is out for justice after a group of corrupt police officers are unable to catch his wife's killer.,[],[],https://image.tmdb.org/t/p/w500/6NvLA3BP5ktLaZ1qdLY0oHsaqwD.jpg
Star Trek Beyond,2016,6.782,6859,6.9016,"The USS Enterprise crew explores the furthest reaches of uncharted space, where they encounter a mysterious new enemy who puts them and everything the Federation stands for to the test.",[],[],https://image.tmdb.org/t/p/w500/yOnd3XQIg7JBmu0UuBjZyLdsxQD.jpg
Gods of Egypt,2016,5.683,4211,7.2565,A common thief joins a mythical god on a quest through Egypt.,[],[],https://image.tmdb.org/t/p/w500/hzH7fwaTyQNITLo40Hu3R7cVMqv.jpg
Autumn in the Vineyard,2016,6.1,51,6.5881,"When Frankie Baldwin and Nate Deluca both have a claim to ownership of Sorrento Farm, they are forced to divide the vineyard right down the middle and work the fields alongside each other to bring in the harvest leading up to the Best Wine competition at the annual Autumn Harvest Festival -- only this rivalry won't be settled in the fields, because in spite of their contentious bickering, the simplest way to settle this particular legal dispute is with a romance.",[],[],https://image.tmdb.org/t/p/w500/17GH8ACvkrNdYhJx9yLd1FWlxjo.jpg
10 Cloverfield Lane,2016,6.993,8329,7.8094,"After a catastrophic car crash, a young woman wakes up in a survivalist's underground bunker, where he claims to have saved her from an apocalyptic attack that has left the outside world uninhabitable.",[],[],https://image.tmdb.org/t/p/w500/84Dhwz93vCin6T1PX6ctSvWEuNE.jpg
Green Room,2016,6.725,2824,7.0203,A punk rock band is forced to fight for survival after witnessing an act of violence at a skinhead bar.,[],[],https://image.tmdb.org/t/p/w500/evZicaR7nXe4LiD9G6QYTorcJGO.jpg
Ballerina,2016,7.192,1941,7.2259,"In 1879 Paris, a young orphan dreams of becoming a ballerina and flees her rural Brittany for Paris, where she passes for someone else and accedes to the position of pupil at the Grand Opera house.",[],[],https://image.tmdb.org/t/p/w500/qBxMhcmNnFniuDAZTKEHcSgKtsn.jpg
Finding Dory,2016,7.039,12413,7.355,Dory is reunited with her friends Nemo and Marlin in the search for answers about her past. What can she remember? Who are her parents? And where did she learn to speak Whale?,[],[],https://image.tmdb.org/t/p/w500/3UVe8NL1E2ZdUZ9EDlKGJY5UzE.jpg
Sully,2016,7.195,7472,7.1248,"On 15 January 2009, the world witnessed the 'Miracle on the Hudson' when Captain 'Sully' Sullenberger glided his disabled plane onto the Hudson River, saving the lives of all 155 souls aboard. However, even as Sully was being heralded by the public and the media for his unprecedented feat of aviation skill, an investigation was unfolding that threatened to destroy his reputation and career.",[],[],https://image.tmdb.org/t/p/w500/4vs83YcJ8TsabADDtaeCJ6ZTjYY.jpg
Money Monster,2016,6.435,3060,6.8546,Financial TV host Lee Gates and his producer Patty are put in an extreme situation when an irate investor takes over their studio.,[],[],https://image.tmdb.org/t/p/w500/r0Es5M6zTFpuV2sSaYtAlzz10qw.jpg
Dirty Grandpa,2016,5.933,4486,7.0771,"Jason Kelly is one week away from marrying his boss's uber-controlling daughter, putting him on the fast track for a partnership at the law firm. However, when the straight-laced Jason is tricked into driving his foul-mouthed grandfather, Dick, to Daytona for spring break, his pending nuptials are suddenly in jeopardy. Between riotous frat parties, bar fights, and an epic night of karaoke, Dick is on a quest to live his life to the fullest and bring Jason along for the ride.",[],[],https://image.tmdb.org/t/p/w500/k0Lz1TfSlbcQthQKYGwE7blDfwN.jpg
War Dogs,2016,6.926,5222,7.0144,"Based on the true story of two young men, David Packouz and Efraim Diveroli, who won a $300 million contract from the Pentagon to arm America's allies in Afghanistan.",[],[],https://image.tmdb.org/t/p/w500/mDcPRjZC1bb6LavFU3gwsWdVfCM.jpg
Fallen,2016,6.1,1636,7.25,"Lucinda Price is sent to a reform academy under the assumption that she has killed a boy. There, she meets two mysterious boys, Cam and Daniel, to whom she feels drawn to both. But as the love triangle unfurls, it is Daniel that Luce cannot keep herself away from, and things begin to take a darker turn when she finds out his true identity.",[],[],https://image.tmdb.org/t/p/w500/usGCM7wiUQhijEwz39brIaoGlVa.jpg
XXXXXXX,2016,6.9,8,6.9605,"A tarot card reading as a starting point.  A disruptive relationship as a point.  Translation of the cards' symbols to a joint. Of the domestic exploration for finding my voice.",[],[],https://image.tmdb.org/t/p/w500/vHwkMU0gKTDlg5A5kdgvcwKLtP3.jpg
Teenage Mutant Ninja Turtles: Out of the Shadows,2016,6.05,3667,7.06,"After supervillain Shredder escapes custody, he joins forces with mad scientist Baxter Stockman and two dimwitted henchmen, Bebop and Rocksteady, to unleash a diabolical plan to take over the world. As the Turtles prepare to take on Shredder and his new crew, they find themselves facing an even greater evil with similar intentions: the notorious Krang.",[],[],https://image.tmdb.org/t/p/w500/euVaCiCWz3AALcQXHT6aUqdGUo6.jpg
Patriots Day,2016,7.058,2741,7.0067,"In the aftermath of an unspeakable act of terror, Police Sergeant Tommy Saunders joins courageous survivors, first responders and investigators in a race against the clock to hunt down the Boston Marathon bombers before they strike again.",[],[],https://image.tmdb.org/t/p/w500/mIDxsJTrOC7NhgOo3GziiHyKfsQ.jpg
Don't Breathe,2016,7.016,7738,6.8707,A group of teens break into a blind man's home thinking they'll get away with the perfect crime. They're wrong.,[],[],https://image.tmdb.org/t/p/w500/dSxHyPZ2nipSfvdft4IhQKjk5eZ.jpg
Assassin's Creed,2016,5.429,7937,6.6262,"Through a technology that unlocks the generic memories of his ancestor in 15th century Spain, Callum Lynch discovers he is a descendant of an ancient line of Assassins and amasses lethal skills to take on the oppressive Templar Order.",[],[],https://image.tmdb.org/t/p/w500/kDXewoEcvbn0pUvJ8W3vfkuWgHw.jpg
The Fundamentals of Caring,2016,7.294,2251,6.4589,"Having suffered a tragedy, Ben becomes a caregiver to earn money. His first client, Trevor, is a hilarious 18-year-old with muscular dystrophy. One paralyzed emotionally, one paralyzed physically, Ben and Trevor hit the road on a trip into the western states. The folks they collect along the way will help them test their skills for surviving outside their calculated existence. Together, they come to understand the importance of hope and the necessity of true friendship.",[],[],https://image.tmdb.org/t/p/w500/zZ0eda1GyHILNSoq9KF5u0hcq6O.jpg
Bridget Jones's Baby,2016,6.408,3018,6.9641,"After breaking up with Mark Darcy five years earlier, Bridget Jones' happily-ever-after hasn't quite gone according to plan. Fortysomething and single again, she decides to focus on her job as top news producer and surround herself with old friends and new. For once, Bridget has everything completely under control. Then her love life takes a turn - while a weekend away at a music festival, she meets a dashing American named Jack, who is everything Mark is not, and spends a night with him. A week later, she runs into newly-separated Mark, and has a one-night dalliance. In an unlikely twist, she finds herself pregnant, but with one hitch - she's not sure of the identity of her baby's father - Mark or Jack.",[],[],https://image.tmdb.org/t/p/w500/5hHomngoPZrNoXOPlyaHV6eXaQW.jpg
The BFG,2016,6.283,3511,7.1057,"An orphan little girl befriends a benevolent giant who takes her to Giant Country, where they attempt to stop the man-eating giants that are invading the human world.",[],[],https://image.tmdb.org/t/p/w500/vssXmCrfCiARkQ0512oG0wjh2h9.jpg
Sophie and the Rising Sun,2016,6.661,31,6.0523,"In a small Southern town in the autumn of 1941, Sophie’s lonely life is transformed when an Asian man arrives under mysterious circumstances. Their love affair becomes the lightning rod for long-buried conflicts that erupt in bigotry and violence with the outbreak of World War ll.",[],[],https://image.tmdb.org/t/p/w500/csvqNng0vpRdEgE06aLuq44i3G9.jpg
Neighbors 2: Sorority Rising,2016,5.818,4502,6.2133,A sorority moves in next door to the home of Mac and Kelly Radner who have a young child. The Radner's enlist their former nemeses from the fraternity to help battle the raucous sisters.,[],[],https://image.tmdb.org/t/p/w500/eyjcLLwxuRXACbglIbwWwaXK9DN.jpg
Manchester by the Sea,2019,7.546,6170,6.5501,"After his older brother passes away, Lee Chandler is forced to return home to care for his 16-year-old nephew. There he is compelled to deal with a tragic past that separated him from his family and the community where he was born and raised.",[],[],https://image.tmdb.org/t/p/w500/o9VXYOuaJxCEKOxbA86xqtwmqYn.jpg
Bilal: A New Breed of Hero,2016,6.814,156,6.6762,"A thousand years ago, one boy with a dream of becoming a great warrior is abducted with his sister and taken to a land far away from home. Thrown into a world where greed and injustice rule all, Bilal finds the courage to raise his voice and make a change. Inspired by true events, this is a story of a real hero who earned his remembrance in time and history.",[],[],https://image.tmdb.org/t/p/w500/ncWuEzxnXqssxRfHghZuUAIezCo.jpg
"Liza, Liza, Skies Are Grey",2016,5.7,3,6.5532,A teenage girl and her boyfriend set off on an eventful road trip up the coast of California hoping to figure out the meaning of love and life.,[],[],https://image.tmdb.org/t/p/w500/54XDVjXruiusiTKLIMzNr1q89C.jpg
Hush,2016,6.7,4712,6.5536,A deaf woman is stalked by a psychotic killer in her secluded home.,[],[],https://image.tmdb.org/t/p/w500/zHzBTd502IZf60x8n2g0TB01vPF.jpg
Kubo and the Two Strings,2016,7.631,3696,7.3815,"Kubo mesmerizes the people in his village with his magical gift for spinning wild tales with origami. When he accidentally summons an evil spirit seeking vengeance, Kubo is forced to go on a quest to solve the mystery of his fallen samurai father and his mystical weaponry, as well as discover his own magical powers.",[],[],https://image.tmdb.org/t/p/w500/la6QA9tk4Foq8OBH2Dyh5dTcw6H.jpg
The Crooked Man,2016,4.523,43,6.224,"While at a slumber party, twelve-year-old Olivia is blamed for the horrific and mysterious death of her friend after singing a song, created by a reclusive mastermind, Milo, which summons a demonic figure known as “The Crooked Man.” Returning to her hometown six years later, a string of unusual deaths lead Olivia to believe that she’s still being haunted by whatever she saw that fateful night. Once you sing the rhyme, everyone in the house is cursed to die by his hands.",[],[],https://image.tmdb.org/t/p/w500/wWTsClmyLTsUV7FNzv1uxibAKMv.jpg
God's Not Dead 2,2016,6.121,416,6.5618,"When a high school teacher is asked a question in class about Jesus, her reasoned response lands her in deep trouble and could expel God from the public square once and for all.",[],[],https://image.tmdb.org/t/p/w500/l0Di5mvlFhIxTn8VPGhcrYE0MCT.jpg
Passengers,2016,6.952,13814,7.2736,"A spacecraft traveling to a distant colony planet and transporting thousands of people has a malfunction in its sleep chambers. As a result, two passengers are awakened 90 years early.",[],[],https://image.tmdb.org/t/p/w500/jK9S6HANSf2no64v1x1HxfcpmcA.jpg
The Promise,2016,6.9,482,6.6383,"Set during the last days of the Ottoman Empire, a love triangle develops between Mikael, a brilliant medical student, the beautiful and sophisticated artist Ana, and Chris, a renowned American journalist based in Paris.",[],[],https://image.tmdb.org/t/p/w500/iDWer2VFikupdqDc7d5sxCWZ3gW.jpg
Model for Murder: The Centerfold Killer,2016,4.462,13,5.9733,"Supermodels compete for a coveted centerfold spread as a merciless killer stalks the glamorous women. Meanwhile, two detectives attempt to unravel the mystery before the body count mounts.",[],[],https://image.tmdb.org/t/p/w500/6Kf49vsaVDdxcXavEeDrulRsrbD.jpg
Viral,2016,5.646,538,7.164,"Following the outbreak of a virus that wipes out the majority of the human population, a young woman documents her family's new life in quarantine and tries to protect her infected sister.",[],[],https://image.tmdb.org/t/p/w500/2Rul30PXj13zTAx9RgYZQ8fnlif.jpg
Ouija: Origin of Evil,2016,6.147,2547,5.7101,"In 1967 Los Angeles, a widowed mother and her two daughters add a new stunt to bolster their séance scam business and unwittingly invite authentic evil into their home. When the youngest daughter is overtaken by the merciless spirit, this small family confronts unthinkable fears to save her and send her possessor back to the other side.",[],[],https://image.tmdb.org/t/p/w500/gwynHc2RrOFaplYMMpQRpr3TIA4.jpg
The Lovers and the Despot,2016,6.9,30,6.4841,"Hong Kong, 1978. South Korean actress Choi Eun-hee is kidnapped by North Korean operatives following orders from dictator Kim Jong-il.",[],[],https://image.tmdb.org/t/p/w500/sHrGyxpPL6rsJpPY9qz7GZ3qjqA.jpg
Moonlight,2017,7.367,7298,5.7177,"The tender, heartbreaking story of a young man’s struggle to find himself, told across three defining chapters in his life as he experiences the ecstasy, pain, and beauty of falling in love, while grappling with his own sexuality.",[],[],https://image.tmdb.org/t/p/w500/rcICfiL9fvwRjoWHxW8QeroLYrJ.jpg
The Neon Demon,2016,6.509,3832,6.5742,"When aspiring model Jesse moves to Los Angeles, her youth and vitality are devoured by a group of beauty-obsessed women who will take any means necessary to get what she has.",[],[],https://image.tmdb.org/t/p/w500/d93h9dHIez9zRg4ooG6o1ZiQ776.jpg
Monster Trucks,2016,6.09,882,6.8237,"Tripp is a high school senior with a knack for building trucks who makes an incredible discovery - a gas-guzzling creature named Creech. To protect his mischievous new friend, Tripp hides Creech under the hood of his latest creation, turning it into a real-life super-powered Monster Truck. Together, this unlikely duo with a shared taste for speed team up on a wild and unforgettable journey to reunite Creech with his family.",[],[],https://image.tmdb.org/t/p/w500/aUzNybWqURfeg9BveLr4GOVCkti.jpg
Bastille Day,2016,6.306,1451,6.5289,"Michael Mason is an American pickpocket living in Paris who finds himself hunted by the CIA when he steals a bag that contains more than just a wallet. Sean Briar, the field agent on the case, soon realises that Michael is just a pawn in a much bigger game and is also his best asset to uncover a large-scale conspiracy.",[],[],https://image.tmdb.org/t/p/w500/lTby7l0zX7xG8Pt0eNrWBrNzdqX.jpg
The 5th Wave,2016,5.94,5884,6.6944,16-year-old Cassie Sullivan tries to survive in a world devastated by the waves of an alien invasion that has already decimated the population and knocked mankind back to the Stone Age.,[],[],https://image.tmdb.org/t/p/w500/ja34BV577dtjWl2S5G1tB93IjYb.jpg
"Hail, Caesar!",2016,5.93,3897,6.3527,"When a Hollywood star mysteriously disappears in the middle of filming, the studio sends their fixer to get him back.",[],[],https://image.tmdb.org/t/p/w500/ozY79UvbYvJUWFg2UCM1CDQ7rBl.jpg
Silence,2016,7.123,3177,6.1592,"In the 17th century, two Portuguese Jesuit priests travel to Japan in an attempt to locate their mentor, who is rumored to have committed apostasy, and to propagate Catholicism.",[],[],https://image.tmdb.org/t/p/w500/x5T0cQDYws0xRBVG4Q3wpcrcmax.jpg
The Do-Over,2016,5.711,1557,6.7691,The life of a bank manager is turned upside down when a friend from his past manipulates him into faking his own death and taking off on an adventure.,[],[],https://image.tmdb.org/t/p/w500/z9VCm2E6gCAwbM2SELRawfqdXBO.jpg
Free State of Jones,2016,6.764,1563,6.3088,"In 1863, Mississippi farmer Newt Knight serves as a medic for the Confederate Army. Opposed to slavery, Knight would rather help the wounded than fight the Union. After his nephew dies in battle, Newt returns home to Jones County to safeguard his family but is soon branded an outlaw deserter. Forced to flee, he finds refuge with a group of runaway slaves hiding out in the swamps. Forging an alliance with the slaves and other farmers, Knight leads a rebellion that would forever change history.",[],[],https://image.tmdb.org/t/p/w500/fTB6p9QwPRKIuK5LtB5CZXlkx5b.jpg
Sniper: Ghost Shooter,2016,6.299,276,5.8068,"Elite snipers Brandon Beckett and Richard Miller are fighting extremists in the Middle East when the Colonel gives them a new mission: to protect a gas pipeline stretching from the Republic of Georgia to Western Europe from extremists eager to make a political statement. But when skirmishes with the enemy lead to U.S. snipers being killed by a ghost shooter who locks into their exact location, a security breach is suspected. Fingers are pointed and battle lines are drawn, all leading up to an explosive climax.",[],[],https://image.tmdb.org/t/p/w500/92YFviTZnjA6rj2jADoA2gmsjsz.jpg
Spectral,2016,6.517,1855,6.7064,A special-ops team is dispatched to fight supernatural beings that have taken over a European city.,[],[],https://image.tmdb.org/t/p/w500/b38TATFWkb3TRNUIPcvGiErRzrw.jpg
The Man Who Knew Infinity,2016,7.158,1514,6.0918,"Growing up poor in Madras, India, Srinivasa Ramanujan Iyengar earns admittance to Cambridge University during WWI, where he becomes a pioneer in mathematical theories with the guidance of his professor, G.H. Hardy.",[],[],https://image.tmdb.org/t/p/w500/v2X1BtkxaV8pzLbmM8a5gTdpg7B.jpg
Storks,2016,6.667,2438,6.6348,"Storks deliver babies…or at least they used to. Now they deliver packages for a global internet retail giant. Junior, the company’s top delivery stork, is about to be promoted when he accidentally activates the Baby Making Machine, producing an adorable and wholly unauthorized baby girl...",[],[],https://image.tmdb.org/t/p/w500/pwGolX8JmGJhhcUjO5SJt38Uk0m.jpg
Diablo,2016,4.9,174,5.5743,A young civil war veteran is forced on a desperate journey to save his kidnapped wife.,[],[],https://image.tmdb.org/t/p/w500/6uAVDyWhkXfaMo09hNpyqR0xkFp.jpg
Imperium,2016,6.469,1438,5.9272,"Nate Foster, a young, idealistic FBI agent, goes undercover to take down a radical white supremacy terrorist group. The bright up-and-coming analyst must confront the challenge of sticking to a new identity while maintaining his real principles as he navigates the dangerous underworld of white supremacy. Inspired by real events.",[],[],https://image.tmdb.org/t/p/w500/fEwo3gZfbeoovdcTyf4o4wATE1r.jpg
Deepwater Horizon,2016,6.886,4719,5.9532,"A story set on the offshore drilling rig Deepwater Horizon, which exploded during April 2010 and created the worst oil spill in U.S. history.",[],[],https://image.tmdb.org/t/p/w500/jgBIYCZACe3iaS9TL2XzVGkO5p5.jpg
Ben-Hur,2016,5.756,1729,5.1967,A falsely accused nobleman survives years of slavery to take vengeance on his best friend who betrayed him.,[],[],https://image.tmdb.org/t/p/w500/c9CoGrBA5yw8A7YBMz0hGzfzpNq.jpg
A Quiet Passion,2016,6.037,187,5.2058,"The story of American poet Emily Dickinson from her early days as a young schoolgirl to her later years as a reclusive, unrecognized artist.",[],[],https://image.tmdb.org/t/p/w500/k2WWlrMbuINyzDCfBuD48eN22QY.jpg
Grimsby,2016,5.952,2393,5.3336,"Wrongfully accused and on the run, a top MI6 assassin joins forces with his long-lost, football hooligan brother to save the world from a sinister plot.",[],[],https://image.tmdb.org/t/p/w500/2jQGFmShpdflApc5oidJZ97m1d1.jpg
Fences,2016,6.9,2718,5.8941,"In 1950s Pittsburgh, a frustrated African-American father struggles with the constraints of poverty, racism, and his own inner demons as he tries to raise a family.",[],[],https://image.tmdb.org/t/p/w500/8NvnB8aeWQvBEz2ruN4g313j991.jpg
Anthropoid,2016,7.136,1090,5.6619,"In December 1941, Czech soldiers Jozef Gabčík and Jan Kubiš parachute into their occupied homeland to assassinate Nazi officer Reinhard Heydrich.",[],[],https://image.tmdb.org/t/p/w500/5hUghRVVkBYufftfNQkGevY5AmE.jpg
The Curse of Sleeping Beauty,2016,5.17,221,5.4008,"Thomas Kaiser inherits an ancestral mansion that has been in his family for generations — only to learn that he has also inherited an ancient curse stemming back to the Crusades. Forced into his new role as “protector” — the guardian appointed to keep the evil demons in the house at bay — Thomas teams with an ambitious local realtor and paranormal cleric to unravel the mystery of the house, while struggling to awaken the beautiful Briar Rose, held captive in a terrifying netherworld seen previously in his dreams.",[],[],https://image.tmdb.org/t/p/w500/fUyVUMVaZyEauIjjdkcEx4AU9p2.jpg
Lights Out,2016,6.366,4003,6.3286,"Rebecca must unlock the terror behind her little brother's experiences that once tested her sanity, bringing her face to face with a supernatural spirit attached to their mother.",[],[],https://image.tmdb.org/t/p/w500/8BnElzAQQpp7ZgdJJiAe1diomr4.jpg
Demolition,2016,6.831,2370,5.4557,An emotionally desperate investment banker finds hope through a woman he meets.,[],[],https://image.tmdb.org/t/p/w500/4t56LZ1KbOOxgKfqMKN6truBDVc.jpg
Destination: Pluto Beyond the Flyby,2016,10.0,1,5.0477,The New Horizons team examines the latest findings and imagery from Pluto and the fringes of our solar system revealing a world unlike any other we've seen before.,[],[],https://image.tmdb.org/t/p/w500/3oojBbU1GuAyXw8m46Q3hVZWWo7.jpg
Whisky Galore,2016,5.875,48,5.2346,"The story of the inhabitants of the isolated Scottish island of Todday, in the Outer Hebrides, where gloom sets in as their wartime rationing of whisky runs out. When cargo ship the SS Cabinet Minister runs aground the shrewd islanders run rings around the buffoonish English Home Guard commander Captain Waggett and conspire to hide away cases of the precious amber nectar.",[],[],https://image.tmdb.org/t/p/w500/A15APXObFPol0J1YqHp1nbAe1A7.jpg
The Huntsman: Winter's War,2016,6.285,4929,5.9774,"As two evil sisters prepare to conquer the land, two renegades—Eric the Huntsman, who aided Snow White in defeating Ravenna in Snowwhite and the Huntsman, and his forbidden lover, Sara—set out to stop them.",[],[],https://image.tmdb.org/t/p/w500/ekHPrneEoa1EoDclWdillOKznqM.jpg
Love in the Vineyard,2016,5.638,29,5.8334,"Real estate rising star Molly, who breaks up with Jackson, a smitten but seeming underachiever, on Valentine’s Day because he may have lied to her. Molly moves to New Mexico for a high-profile promotion and soon finds herself close to being engaged to the generous but immature Greg. In a twist of fate, a proposed business deal for a trendy winery puts Molly face-to-face again with the remorseful Jackson, who has a few more surprises for the woman he still loves.",[],[],https://image.tmdb.org/t/p/w500/oBk02cCSoP6HpiOIT2HmNHIB5db.jpg
I'm Not Ashamed,2016,7.17,279,6.4475,"Based on the journal entries of Rachel Joy Scott, the first student killed in the Columbine High School shooting in 1999.",[],[],https://image.tmdb.org/t/p/w500/P4bxuNq5XT0Wc3MYpoLP52e0P6.jpg
My Blind Brother,2016,5.888,103,5.8072,Love for the same woman causes conflict between an over-achieving blind athlete and the brother who made him that way.,[],[],https://image.tmdb.org/t/p/w500/eD1YeAGlYvdxab3PZV66wAyd2Dx.jpg
Nowhere Boys: The Book of Shadows,2016,5.7,50,5.6326,"A year after the boys crossed dimensions, discovered magic and battled the restoring demon, they are back home in Bremin and are struggling with everyday teenage life. Felix has high hopes for the four heroes. He wants them to push the limits of their magical ability, working as a team to become masters of the arcane. But although he's unwilling to admit it, the boys have grown apart. The boys, once in perfect magical and elemental alignment, are a tangle of rivalry and distrust.  On the verge of separating, the Nowhere Boys are drawn together for one last spell when Felix discovers a magically sealed 'Book of Shadows'. Unwittingly this releases a powerful force of chaos, and the gang is reluctantly drawn into a showdown that threatens their world and all they love...",[],[],https://image.tmdb.org/t/p/w500/gBeidAMoaYGSqtRQsmu1o8Slpdj.jpg
Captain Fantastic,2016,7.892,6629,6.7571,"Deep in the forests of the Pacific Northwest, a father devoted to raising his six kids with a rigorous physical and intellectual education is forced to leave his paradise and enter the world, beginning a journey that challenges his idea of what it means to be a parent.",[],[],https://image.tmdb.org/t/p/w500/2sFME73GaD8UsUxPUKe60cPdLif.jpg
Allied,2016,6.801,4655,5.9106,"In 1942, an intelligence officer in North Africa encounters a female French Resistance fighter on a deadly mission behind enemy lines. When they reunite in London, their relationship is tested by the pressures of war.",[],[],https://image.tmdb.org/t/p/w500/sV4lXM32quwminL3TP36nlNPp7Q.jpg
Pride and Prejudice and Zombies,2016,6.163,2237,5.0179,"A zombie outbreak has fallen upon the land in this reimagining of Jane Austen's classic tale of the tangled relationships between lovers from different social classes in 19th century England. Feisty heroine Elizabeth Bennet is a master of martial arts and weaponry and the handsome Mr. Darcy is a fierce zombie killer, yet the epitome of upper class prejudice. As the zombie outbreak intensifies, they must swallow their pride and join forces on the blood-soaked battlefield in order to conquer the undead once and for all.",[],[],https://image.tmdb.org/t/p/w500/jsJlOhVHiz1xXr36616EI8tJ4b2.jpg
Manhunt,2016,7.7,3,5.2643,"Two hunters discover a dead body hidden in the wood: it's impossible to recognize the identity of the murdered, because of a gunshot that has disfigured his face.",[],[],https://image.tmdb.org/t/p/w500/tUcmlw0lhVRjBTMcJ7beufweH73.jpg
A Monster Calls,2016,7.287,3465,5.8203,12-year-old Conor encounters an ancient tree monster who proceeds to help him cope with his mother's terminal illness and being bullied in school.,[],[],https://image.tmdb.org/t/p/w500/vNzWJwVqjszWwXrA7ZfsrJmhgV9.jpg
Monster High: Great Scarrier Reef,2016,7.782,117,5.2628,"Join your favourite ghoulfriends in an all-new aquatic adventure! When the ghouls get pulled into the school pool, they're transported to the gore-geous underwater world of the Great Scarrier Reef. Lagoon realizes she's come home and, in a fintastic mission of the heart, decides to come to terms with her own freaky flaws. Of course she'll need help from the most creeperific firends ever as she confronts a frenemy from her past, competes in a scaretastic dance extravaganze, and fights a terrible beast from the deep!",[],[],https://image.tmdb.org/t/p/w500/fSyx6I8PVT91d6LgNReYLRyDt0e.jpg
The Sea of Trees,2016,6.206,525,5.5699,"In Japan's Aokigahara Forest, a troubled teacher meets a mysterious lost stranger who takes him on a life-changing journey of love and redemption.",[],[],https://image.tmdb.org/t/p/w500/gmVGIEfzxupZUTer1Z5n80CHFnD.jpg
True Memoirs of an International Assassin,2016,5.8,824,5.4716,"After a publisher changes a writer's debut novel about a deadly assassin from fiction to nonfiction, the author finds himself thrust into the world of his lead character, and must take on the role of his character for his own survival.",[],[],https://image.tmdb.org/t/p/w500/hPoSSqDqkKSIP2l3t6pyre9u5Ze.jpg
Vixens from Venus,2016,6.857,7,5.6117,Beautiful female prisoners agree to a mind exchange experiment in which they will swap places with visitors from Venus. Before long it becomes apparent that the alien guests have a nefarious plan in place to conquer the earth!,[],[],https://image.tmdb.org/t/p/w500/nflFzdXONLMCs0RFaESzx5cJY65.jpg
Bad Moms,2016,6.495,4170,5.8793,"When three overworked and under-appreciated moms are pushed beyond their limits, they ditch their conventional responsibilities for a jolt of long overdue freedom, fun, and comedic self-indulgence.",[],[],https://image.tmdb.org/t/p/w500/u9q10ljhkLj0tNCjlVqe3DCjoU4.jpg
Loving,2016,6.701,941,5.8424,"The story of Richard and Mildred Loving, an interracial couple, whose challenge of their anti-miscegenation arrest for their marriage in Virginia led to a legal battle that would end at the US Supreme Court.",[],[],https://image.tmdb.org/t/p/w500/teNPeDIRGWxtvMaJsNa7lw5IgiL.jpg
Blue Mountain State: The Rise of Thadland,2016,5.576,308,5.5155,"With Blue Mountain State football star Thad Castle recently signing a multi-million dollar NFL contract, his teammates and college life seem like a distant memory. However, when a new school dean threatens to clean up the BMS image by auctioning off the infamous Goat House, Alex, Sammy and the boys must find a way to convince him to get involved. Despite his new fortune and fame, there is one small favor that Thad needs done before he saves the day: the biggest booze-and-sloot fest in BMS history. Welcome to Thadland!",[],[],https://image.tmdb.org/t/p/w500/rZz8AmDvFqUY4tBcD69ou3OfiWx.jpg
Jarhead 3: The Siege,2016,6.2,242,6.1996,"Corporal Evan Albright joined the elite Marine Corps Security Guards to save the world and see some action-not necessarily in that order. But his first assignment, protecting a U. S. Embassy in a seemingly safe Middle Eastern capitol, relegates his unit to wrangling ""gate groupies"" protesting outside the compound and honing their marksmanship by playing video games. So Albright and his team are caught off guard when well-armed and well-trained militants launch a surprise attack aimed at killing an informant in the embassy. Heavily out-gunned, they will have to muster all the courage and fire power they can as their once routine assignment spirals into all-out war.",[],[],https://image.tmdb.org/t/p/w500/nVV0egJSawDYOSMyzUbOL6wfzmZ.jpg
The Love Witch,2016,6.466,588,5.7871,"A modern-day witch uses spells and magic to get men to fall in love with her, with deadly consequences.",[],[],https://image.tmdb.org/t/p/w500/q6mZjCwGn9KCTrStTRM88pui0is.jpg
Krampus 2: The Devil Returns,2016,5.126,87,5.1536,"Five years after the murder of his wife and disappearance of his daughter, former police officer Jeremy Duffin is brought back to help in the hunt for a yuletide monster that punishes children that have been ""naughty."" As the monster becomes more erratic and unpredictable, Jeremy learns the truth about the disappearance of his daughter and the fate that has been bestowed upon him by an unlikely source. Can Jeremy finally end the nightmare Christmas monster that has terrorized this town for years?",[],[],https://image.tmdb.org/t/p/w500/vRvTYDZ08mbXOPKx9tdYWNXdu9w.jpg
Race,2016,7.253,1578,5.2933,"Based on the story of Jesse Owens, the athlete whose quest to become the greatest track and field athlete in history thrusts him onto the world stage of the 1936 Olympics, where he faces off against Adolf Hitler's vision of Aryan supremacy.",[],[],https://image.tmdb.org/t/p/w500/3pKLVyz6LGQU8xEDhYHSHsfy5Bg.jpg
Miss Sloane,2017,7.418,1899,5.6493,An ambitious lobbyist faces off against the powerful gun lobby in an attempt to pass gun control legislation.,[],[],https://image.tmdb.org/t/p/w500/ptfvQlqe2xJiMSewSj52qAVq5z0.jpg
Rules Don't Apply,2016,5.74,486,5.3284,"It's Hollywood, 1958. Small town beauty queen and devout Baptist virgin Marla Mabrey, under contract to the infamous Howard Hughes, arrives in Los Angeles. At the airport, she meets her driver Frank Forbes, who is engaged to be married to his seventh grade sweetheart and is a deeply religious Methodist. Their instant attraction not only puts their religious convictions to the test, but also defies Hughes' number one rule: No employee is allowed to have any relationship whatsoever with a contract actress. Hughes' behavior intersects with Marla and Frank in very separate and unexpected ways, and as they are drawn deeper into his bizarre world, their values are challenged and their lives are changed.",[],[],https://image.tmdb.org/t/p/w500/y7MlOsOYMFcaG8a29ELRN0jw18T.jpg
Tell Me How I Die,2016,5.4,228,6.1289,"When a group of college students take part in a clinical drug trial, an unexpected side effect of the experimental medicine gives them terrifying visions of their own deaths...which begin to come true. As they scramble to escape their fate, they discover that the killer is among them and shares their ability to see the future - only he seems to be one step ahead of their efforts to survive.",[],[],https://image.tmdb.org/t/p/w500/edfgo6pyT1QFjbThLR1HfbNYl3g.jpg
The Girl with All the Gifts,2017,6.563,2083,6.1081,"In the future, a strange fungus has changed nearly everyone into thoughtless, flesh-eating monsters. When a scientist and a teacher find a girl who seems to be immune to the fungus, they all begin a journey to save humanity.",[],[],https://image.tmdb.org/t/p/w500/vdCD8z55a4RNmHQDPIpuMFqoY2B.jpg
Goodnight Charlie,2016,0.0,0,5.5089,A short film about child abuse.,[],[],https://image.tmdb.org/t/p/w500/tkyXnWugczhFwwJwkx0PJDPeuWK.jpg
Middle School: The Worst Years of My Life,2016,6.942,443,4.8795,A quiet teenage artist Rafe Katchadorian has a wild imagination and is sick of middle school and the rules that have been put before him. Rafe and his best friend Leo have come up with a plan: break every rule in the school hand book and as you expect trouble follows.,[],[],https://image.tmdb.org/t/p/w500/3rlcvuGlLETfGCq0aaVD526Emlc.jpg
Stalked by My Doctor: The Return,2016,6.1,102,4.9607,"Dr. Beck, who has changed his name, saves a young teenage girl drowning in Mexico, whom he falls in love with. As always, there are some complications in his way, but he has plans to possibly get past them and get the girl of his dreams.",[],[],https://image.tmdb.org/t/p/w500/cNR9qhsV05lZpFCgT8YfTqnsHCP.jpg
My Entire High School Sinking Into the Sea,2016,6.7,38,5.089,"Dash and his best friend Assaf are preparing for another year at Tides High School muckraking on behalf of their widely-distributed but little-read school newspaper, edited by their friend Verti. But just when a blossoming relationship between Assaf and Verti threatens to destroy the boys' friendship, Dash learns of a cover-up by the administration that puts the entire student body in danger.",[],[],https://image.tmdb.org/t/p/w500/j3hcw7faHyIlVBixdgNMkLW6CzT.jpg
Snowden,2016,7.104,4489,5.7729,CIA employee Edward Snowden leaks thousands of classified documents to the press.,[],[],https://image.tmdb.org/t/p/w500/yfK7zxNL63VWfluFuoUaJj5PdNw.jpg
Little Dead Rotting Hood,2016,3.565,77,5.5493,The residents of a small town discover that something more sinister than killer wolves is lurking in the backwoods: first the wolves start turning up dead...then people.,[],[],https://image.tmdb.org/t/p/w500/19IlmRCJYb7kOmtYouAOUxIesnn.jpg
The Lion Guard: Return of the Roar,2016,6.7,1215,4.9715,"Set in the African savannah, the film follows Kion as he assembles the members of the 'Lion Guard'. Throughout the film, the diverse team of young animals will learn how to utilize each of their unique abilities to solve problems and accomplish tasks to maintain balance within the Circle of Life, while also introducing viewers to the vast array of animals that populate the prodigious African landscape.",[],[],https://image.tmdb.org/t/p/w500/pzcQ7cQBHIdsKLN4exd7bCyy1pk.jpg
Hard Target 2,2016,6.161,292,5.354,"Forced into a deadly cat-and-mouse game, a disgraced mixed martial arts fighter is hunted through the jungles of Southeast Asia.",[],[],https://image.tmdb.org/t/p/w500/jO8C2AIIdFyi5ceI6whev0RYt0k.jpg
LEGO DC Comics Super Heroes: Justice League - Cosmic Clash,2016,6.3,147,5.1061,"Earth, a shiny jewel floating in the blackness of space... and for the robot known as Brainiac, the last piece to capture for his collection of planets. Not if the Justice League has anything to say about it!",[],[],https://image.tmdb.org/t/p/w500/aRsWTDTf0YJhcoDEDIW6xAFxBiG.jpg
Justice League vs. Teen Titans,2016,7.276,1011,5.1436,Robin is sent by Batman to work with the Teen Titans after his volatile behavior botches up a Justice League mission. The Titans must then step up to face Trigon after he possesses the League and threatens to conquer the world.,[],[],https://image.tmdb.org/t/p/w500/ctHGhbe19xIX6wlECsFydHiha4W.jpg
Patient Seven,2016,5.2,135,4.8585,"Dr. Marcus, a renowned psychiatrist, has selected 6 severe mentally ill and dangerous patients from the Spring Valley Mental Hospital to interview as part of research for his new book. As Dr. Marcus interviews each patient, one by one the horrors they have committed begin to unfold. However, Dr. Marcus soon learns that there is one patient who ties them all together - Patient Seven.",[],[],https://image.tmdb.org/t/p/w500/m5r7gdj65mfcghrzEob42YRyvAX.jpg
City of Tiny Lights,2016,5.212,85,4.6364,"In the teeming, multicultural metropolis of modern-day London, a seemingly straightforward missing-person case launches a down-at-heel private eye into a dangerous world of religious fanaticism and political intrigue.",[],[],https://image.tmdb.org/t/p/w500/eX9iEZdU2w1elGQhNY50DmKqiaE.jpg
LEGO DC Comics Super Heroes: Justice League - Gotham City Breakout,2016,6.646,147,5.052,"The caped crusader reluctantly agrees to let Batgirl and Nightwing take him on a long overdue vacation from crime-fighting, while Superman and the Justice League watch over Gotham City.",[],[],https://image.tmdb.org/t/p/w500/lVlV77juRfkB4gXtkgEqZyqHzkk.jpg
The Other Side of the Door,2016,5.566,864,4.7015,"Grieving over the loss of her son, a mother struggles with her feelings for her daughter and her husband. She seeks out a ritual that allows her say goodbye to her dead child, opening the veil between the world of the dead and the living. Her daughter becomes the focus of terror. She must now protect against the evil that was once her beloved son.",[],[],https://image.tmdb.org/t/p/w500/z5HubVaGLp1EXQbEXhg6hbEYee9.jpg
Ratchet & Clank,2016,5.749,640,5.0013,"When the galaxy comes under the threat of a nefarious space captain, a mechanic and his newfound robot ally join an elite squad of combatants to save the universe.",[],[],https://image.tmdb.org/t/p/w500/649xP2LST4VIrZ5cLPw7Ys9movF.jpg
The Late Bloomer,2016,5.417,350,5.1214,A sex therapist goes through puberty after the successful removal of a benign tumor resting against his pituitary gland. He experiences all the changes and effects of puberty over a three-week period.,[],[],https://image.tmdb.org/t/p/w500/al9PDW3lxsDGNnphpVWdO9GvSGU.jpg
A Teachable Moment,2016,5.0,1,4.3255,"Henry lies at the side of the road, bleeding out from a gunshot wound. A young mother with a bizarre sense of appropriate uses his final moments as a teachable lesson for her 6 year old son.",[],[],https://image.tmdb.org/t/p/w500/cSLU9bnk4YHF2Zu3dG8g59PbqY6.jpg
Boo! A Madea Halloween,2016,5.8,427,5.3811,"Madea winds up in the middle of mayhem when she spends a hilarious, haunted Halloween fending off killers, paranormal poltergeists, ghosts, ghouls, and zombies while keeping a watchful eye on a group of misbehaving teens.",[],[],https://image.tmdb.org/t/p/w500/82TLEZv1rOJNgllfYD22NkivGDH.jpg
Joe Pera Talks You to Sleep,2016,7.0,15,4.9913,Joe Pera makes an honest attempt to talk you to sleep using mild jokes and low-key stories.,[],[],https://image.tmdb.org/t/p/w500/qFlR5XkyaT0I4lkDfW1O2Vj7xfx.jpg
Dreaming Purple Neon,2016,3.8,5,5.349,"Dallas returns home after years away to try to reconnect with his ex Denise. Cat steals her boss Ray Ray's stash of ""Purple Neon"" and goes to meet Denise at her boss's office. Ray Ray and Tyrone follow her there, looking for his drugs while a demonic cult is operating out of the basement trying to raise demons by using the drug to bridge the gap between the land of the living and Hell.",[],[],https://image.tmdb.org/t/p/w500/wkA0xhq3Fs1aRSHgKcJHWezimIf.jpg
Criminal,2016,6.204,1803,4.847,"CIA Agent Bill Pope is on a mission to track down a shadowy hacker named 'The Dutchman'. When he gets mysteriously killed, an experimental procedure transfers his memories into a dangerous ex-convict. When he wakes up Pope's memories, his mission is to eliminate The Dutchman before the hacker launches ICBMs and starts World War III.",[],[],https://image.tmdb.org/t/p/w500/hn6HmGTopbbxv4Myy2IwGWxViFP.jpg
Hell or High Water,2016,7.3,4668,5.0912,A divorced dad and his ex-con brother resort to a desperate scheme in order to save their family's farm in West Texas.,[],[],https://image.tmdb.org/t/p/w500/ljRRxqy2aXIkIBXLmOVifcOR021.jpg
The Girl on the Train,2016,6.441,5866,7.1158,"Rachel Watson, devastated by her recent divorce, spends her daily commute fantasizing about the seemingly perfect couple who live in a house that her train passes every day, until one morning she sees something shocking happen there and becomes entangled in the mystery that unfolds.",[],[],https://image.tmdb.org/t/p/w500/AhTO2QWG0tug7yDoh0XoaMhPt3J.jpg
All the Way,2016,6.677,302,5.7293,"Lyndon B. Johnson's amazing 11-month journey from taking office after JFK's assassination, through the fight to pass the 1964 Civil Rights Act and his own presidential campaign, culminating on the night LBJ is actually elected to the office – no longer the 'accidental President.'",[],[],https://image.tmdb.org/t/p/w500/j4AEurmnYoRsA1nHhRK9AE4j2CL.jpg
Friends Effing Friends Effing Friends,2016,4.333,6,4.6004,"A post-modern romantic comedy about luck and timing in relationships, missed opportunities, unrequited love and how the grass always appears to be greener on the other side.",[],[],https://image.tmdb.org/t/p/w500/6PIUvcx8Cdja0kpn0X8QAfpiMsX.jpg
Love Finds You in Valentine,2016,6.277,74,4.6756,"Kennedy Blaine, a Californian girl, inherits a ranch in the small town of Valentine in Nebraska. Before she sells the property, she decides to spend the summer in her house and learn more about her family.",[],[],https://image.tmdb.org/t/p/w500/ezne6rc2Zm4EQn86kjoZ2VIJZTN.jpg
I Saw the Light,2016,6.24,210,5.4703,"Singer and songwriter Hank Williams rises to fame in the 1940s, but alcohol abuse and infidelity take a toll on his career and marriage to fellow musician Audrey Mae Williams.",[],[],https://image.tmdb.org/t/p/w500/A2AryRwBcPDhet25eyQCyupXl0D.jpg
Cyborg Nemesis: The Dark Rift,2016,5.8,4,4.4273,A U.S. Marine special ops team awakens from hypersleep in a long-abandoned underground laboratory complex with no memory of who they are or why they are there - and they are not alone. Something has infiltrated the complex.,[],[],https://image.tmdb.org/t/p/w500/hiGNRlOk956lvxIBV6dZ5rJGn0l.jpg
The Golden Rut,2016,3.4,5,4.5053,"Opposites attract when a broke, bohemian playboy actor falls for a sweet natured, career driven entrepreneur with a sexy identical twin sister.",[],[],https://image.tmdb.org/t/p/w500/cZIow0sTLiNIEVXXFzUWOBWRC0J.jpg
The Infiltrator,2016,6.686,1737,5.3025,A U.S Customs official uncovers a massive money laundering scheme involving Pablo Escobar.,[],[],https://image.tmdb.org/t/p/w500/758F57DxVRLe38S1Je4O1Bjx2u6.jpg
Monolith,2016,5.324,375,5.4025,A mother and her son plan a surprise visit to Los Angeles to see her husband/his father. Halfway there they get into a terrible accident in the middle of nowhere and now must fight to survive.,[],[],https://image.tmdb.org/t/p/w500/gyI1M8toCUr6xlVnVqXOdATg9gY.jpg
Nocturnal Animals,2016,7.4,8054,5.6645,"Susan Morrow receives a book manuscript from her ex-husband – a man she left 20 years earlier – asking for her opinion of his writing. As she reads, she is drawn into the fictional life of Tony Hastings, a mathematics professor whose family vacation turns violent.",[],[],https://image.tmdb.org/t/p/w500/mdLDgQBD0va09npSQX5Zgo2evXM.jpg
Live by Night,2016,6.27,1351,4.5078,"A group of Boston-bred gangsters set up shop in balmy Florida during the Prohibition era, facing off against the competition and the Ku Klux Klan.",[],[],https://image.tmdb.org/t/p/w500/bkd46T4RplawnDjpHoI8mhzTLks.jpg
Faces of Snuff,2016,1.0,1,4.917,"Shane Ryan presents the worlds first snuff anthology, with stomach- turning short films collected from over 20 filmmakers around the world, who all reach deep into the darkest cervices of their humanity to put on a gruesome and unforgettable show of depravity and pain. Some of the filmmakers contributing to this anthology refuse to be named, and some claim their entries are real. Now you can be the judge.",[],[],https://image.tmdb.org/t/p/w500/n8tjfkqrz3fdzqyZROhaS5u6PO2.jpg
The Bad Kids,2016,7.0,22,5.0718,"On a remote patch of the Mojave Desert, amidst dusty tumbleweeds and rangy Joshua Trees, sits an anomaly: a high school where educators believe empathy, life skills, and the constancy of a caring adult are the differences that will give at-risk students command of their fates. On any given day, principal Vonda Viland calls kids at the crack of dawn to see if they’ll make it to school. And if they need a ride? Well, she’ll pick them up. Vonda knows each student’s challenges and coaches them tirelessly, never fostering false hopes. Her philosophy combines loving compassion with realism, and given her school’s rising graduation rate, it seems to be working.",[],[],https://image.tmdb.org/t/p/w500/u06QPcJJOp3CS80kOKgXNpfuk2d.jpg
Allegiance,2016,6.5,2,5.829,"Inspired by the true-life experience of its star George Takei, Allegiance follows one family's extraordinary journey in this untold American story following the events of Pearl Harbor. Their loyalty was questioned, their freedom taken away, but their spirit could never be broken.",[],[],https://image.tmdb.org/t/p/w500/g8lQn726BO0eUeOpobcKrpypSgT.jpg
Why Him?,2016,6.382,4284,5.0569,A dad forms a bitter rivalry with his daughter's young rich boyfriend.,[],[],https://image.tmdb.org/t/p/w500/eezFoKz7bXgdbjeieeCYJFXPKSu.jpg
Closet Space: The Movie,2016,0.0,0,4.2662,"A romantic comedy about a man's wife that has a closet secret literally. When James begins to work for the company that rents Closet Spaces, he finds out what his wife has going on behind his back.",[],[],https://image.tmdb.org/t/p/w500/3n1cR56sGfOwKPpxc4xQrlqJqBU.jpg
When Pop Went Epic: The Crazy World of the Concept Album,2016,7.0,2,4.6401,Rick Wakeman tells the story of the concept album from Woody Guthrie to the present day - a musical format usually based around a structured narrative that developed to become the equivalent of rock 'n' roll theatre.,[],[],https://image.tmdb.org/t/p/w500/typad5xMeatdQ2YcNPS4ZB0jMKU.jpg
Broken Vows,2016,5.042,108,4.8183,"On her bachelorette-party weekend with friends in New Orleans, Tara falls for the darkly-sexy bartender Patrick. Waking in his bed the next morning, Tara instantly regrets her unfaithfulness and flies back home to her fiancé. But her secret flame becomes a full-on fire when Patrick shows up at her house and begins stalking her every move. He spirals into madness and delusion, determined to have Tara no matter what the cost.",[],[],https://image.tmdb.org/t/p/w500/rqxCm1xyd5f2wKeUOCjXy3Brhsc.jpg
CBeebies Presents: A Midsummer Night's Dream,2016,6.0,2,4.1081,"Fairies, magic, celebration and comical confusion! Join Swashbuckle's Cook and Line as they help William Shakespeare put together a magical production of A Midsummer Night's Dream. Filmed at the Everyman Theatre in Liverpool, the production features lots of CBeebies favourites, including Justin Fletcher as Nick Bottom - the star of the play within a play who undergoes a magical transformation! Whoever heard of a talking and singing donkey?  English",[],[],https://image.tmdb.org/t/p/w500/cwGw0mHAVAQOjyupmpquSyY2rmF.jpg
Holidays,2016,4.947,507,5.2306,"An anthology feature film that puts a uniquely dark and original spin on some of the most iconic and beloved holidays of all time by challenging our folklore, traditions and assumptions.",[],[],https://image.tmdb.org/t/p/w500/5FXtPtetZaB0giJEqC6mOLBr15A.jpg
Good Kids,2016,6.285,318,5.1208,Four high school students look to redefine themselves after graduation.,[],[],https://image.tmdb.org/t/p/w500/9R3hZnqFNyFmG10qwKzaUntlUbg.jpg
Pete's Dragon,2016,6.369,2265,5.4823,"For years, old wood carver Mr. Meacham has delighted local children with his tales of the fierce dragon that resides deep in the woods of the Pacific Northwest. To his daughter, Grace, who works as a forest ranger, these stories are little more than tall tales... until she meets Pete, a mysterious 10-year-old with no family and no home who claims to live in the woods with a giant, green dragon named Elliott. And from Pete's descriptions, Elliott seems remarkably similar to the dragon from Mr. Meacham's stories. With the help of Natalie, an 11-year-old girl whose father Jack owns the local lumber mill, Grace sets out to determine where Pete came from, where he belongs, and the truth about this dragon.",[],[],https://image.tmdb.org/t/p/w500/A9x4Ogk8KUXTfU649NS6lS9TCmu.jpg
Blood Feast,2016,3.912,34,5.1777,"Fuad Ramses and his family have moved from the United States to France, where they run a American diner. Since business is not going too well, Fuad also works night shifts in a museum of Egyptian culture. During these long lonely nights he is repeatedly drawn to a statue representing the seductive ancient goddess ISHTAR. He becomes more and more allured by the goddess as she speaks to him in visions. Eventually he succumbs to her deadly charms.",[],[],https://image.tmdb.org/t/p/w500/xpGSILt2ZbBR9kGCFGM58WPddOo.jpg
Jim: The James Foley Story,2016,7.167,42,4.4809,"In August, 2014, a video of the public execution of American photojournalist James Foley rippled across the globe. Foley wore an orange jumpsuit as he knelt beside an ISIS militant dressed in black. That image challenged the world to deal with a new face of terror. And it tested one American family.  Seen through the lens of filmmaker Brian Oakes, Foley’s close childhood friend, Jim takes us from small-town New England to the adrenaline-fueled front lines of Libya and Syria, where Foley pushed the limits of danger to report on the plight of civilians impacted by war.",[],[],https://image.tmdb.org/t/p/w500/ng7aABnVoUp9dUHv92E3Uo5nqul.jpg
Marauders,2016,5.823,679,4.7394,An untraceable group of elite bank robbers is chased by a suicidal FBI agent who uncovers a deeper purpose behind the robbery-homicides.,[],[],https://image.tmdb.org/t/p/w500/bAvmDn5C7arBoRrfaG3b3Kdue1q.jpg
Lady Macbeth,2016,6.567,793,5.2425,"Rural England, 1865. Katherine, suffocated by her loveless marriage to a bitter man and restrained by his father's tyranny, unleashes an irresistible force within her, so powerful that she will stop at nothing to get what she wants.",[],[],https://image.tmdb.org/t/p/w500/xWTJbhTwSTJmhLlX5xAOxPhdnXc.jpg
USS Indianapolis: Men of Courage,2016,5.871,634,4.5223,"The harrowing true story of the crew of the USS Indianapolis, who were stranded in the Philippine Sea for five days after delivering the atomic weapons that would eventually end WWII. As they awaited rescue, they endured extreme thirst, hunger, and relentless shark attacks.",[],[],https://image.tmdb.org/t/p/w500/aREeJV7avhlLnCicVG3fBjXiaW1.jpg
How to Be Single,2016,6.259,3272,4.9568,"New York City is full of lonely hearts seeking the right match, and what Alice, Robin, Lucy, Meg, Tom and David all have in common is the need to learn how to be single in a world filled with ever-evolving definitions of love.",[],[],https://image.tmdb.org/t/p/w500/a4Ce3qHqIyHM3QfGsiVTAu3YADJ.jpg
HyperNormalisation,2016,7.503,149,5.3994,"We live in a world where the powerful deceive us. We know they lie. They know we know they lie. They do not care. We say we care, but we do nothing, and nothing ever changes. It is normal. Welcome to the post-truth world. How we got to where we are now…",[],[],https://image.tmdb.org/t/p/w500/tTqI2xoB7cGO7HASB22Sss6x44J.jpg
The Duel,2016,5.4,361,5.6629,A Texas Ranger investigates a series of unexplained deaths in a town called Helena.,[],[],https://image.tmdb.org/t/p/w500/qF7PKbM4KpjF7e6KOUoluoz78fl.jpg
Shadow World,2016,7.4,15,5.0951,"A detailed investigation into the political and economic interests that, since the beginning of the 20th century, have pulled the strings of the arms trade, hidden in the shadows, feeding the shameful corruption of politicians and government officials and promoting a state of permanent war throughout the world, while they cynically asked for a lasting and universal peace.",[],[],https://image.tmdb.org/t/p/w500/xPbgP2Ii8SJkxnTWl3QBn7pgEgR.jpg
The Windmill Massacre,2016,4.967,165,4.9665,"Jennifer, an Australian girl on the run from her past, turns up in Amsterdam and, in a desperate attempt to blend in, joins a coach-load of tourists on a tour of Holland's old windmills. When the bus breaks down in the middle of nowhere, she and the other tourists are forced to seek shelter in a disused shed beside a sinister windmill where a devil-worshiping miller once ground the bones of locals instead of grain. As members of the group start to disappear, Jennifer learns that they all have something in common – a shared secret that seems to mark them all for doom.",[],[],https://image.tmdb.org/t/p/w500/jlmbMnrzxkFaSa8UnHefY4tNuOp.jpg
In a Valley of Violence,2016,6.104,603,5.2857,"The story of a drifter named Paul who arrives in a small town seeking revenge on the thugs who murdered his friend. Sisters Mary Anne and Ellen, who run the town's hotel, help Paul in his quest for vengeance.",[],[],https://image.tmdb.org/t/p/w500/otuBE30CGhmIUznkX0AwkAQerMF.jpg
The Whole Truth,2016,6.539,1230,5.2339,A defense attorney works to get his teenage client acquitted of murdering his wealthy father.,[],[],https://image.tmdb.org/t/p/w500/iL3Bx4YOqYdAMlx4czLyygA09MC.jpg
The Irresistible Blueberry Farm,2016,6.048,42,4.7306,"Ellen Branford, a high-powered attorney, finds love, purpose, and the promise of a simpler life when she sets off on a journey to fulfill her grandmother’s dying wish – to find the hometown boy she once loved and give him her last letter. Based on a book by Mary Simses.",[],[],https://image.tmdb.org/t/p/w500/aoGCzoEnc2cCJmveOI5Trwl50oq.jpg
Popstar: Never Stop Never Stopping,2016,6.6,1309,4.464,"When his new album fails to sell records, pop/rap superstar Conner4real goes into a major tailspin and watches his celebrity high life begin to collapse. He'll try anything to bounce back, anything except reuniting with his old rap group The Style Boyz.",[],[],https://image.tmdb.org/t/p/w500/jBZeZZNjYBUU21zFvBnin5n62bv.jpg
Pumpkin Pie Wars,2016,6.2,60,4.9822,"Competing bakery owners, Faye McKenzie and Lydia Harper have been feuding for years with the  Lake Shore County Harvest Festival’s annual pumpkin pie bake-off at the center of it all. The winner not only gets bragging rights and a trophy, but a substantial boost to her business, as well. This year, however, the women are passing the torch to their respective children, Casey and Sam, and when romantic sparks fly between them, this bake-off promises to be one to remember.",[],[],https://image.tmdb.org/t/p/w500/3Cf1XSafdv5t4reOV3FrVvi9PIb.jpg
Coco,2017,8.2,20322,53.2,"Despite his family’s baffling generations-old ban on music, Miguel dreams of becoming an accomplished musician like his idol, Ernesto de la Cruz. Desperate to prove his talent, Miguel finds himself in the stunning and colorful Land of the Dead following a mysterious chain of events. Along the way, he meets charming trickster Hector, and together, they set off on an extraordinary journey to unlock the real story behind Miguel's family history.",[],[],https://image.tmdb.org/t/p/w500/6Ryitt95xrO8KXuqRGm1fUuNwqF.jpg
Spider-Man: Homecoming,2017,7.33,22580,22.1586,"Following the events of Captain America: Civil War, Peter Parker, with the help of his mentor Tony Stark, tries to balance his life as an ordinary high school student in Queens, New York City, with fighting crime as his superhero alter ego Spider-Man as a new threat, the Vulture, emerges.",[],[],https://image.tmdb.org/t/p/w500/c24sv2weTHPsmDa7jEMN0m2P3RT.jpg
It,2017,7.237,19689,24.4886,"In a small town in Maine, seven children known as The Losers Club come face to face with life problems, bullies and a monster that takes the shape of a clown called Pennywise.",[],[],https://image.tmdb.org/t/p/w500/9E2y5Q7WlCVNEhP5GiVTjhEhx1o.jpg
Wonder Woman,2017,7.214,20506,19.9011,An Amazon princess comes to the world of Man in the grips of the First World War to confront the forces of evil and bring an end to human conflict.,[],[],https://image.tmdb.org/t/p/w500/v4ncgZjG2Zu8ZW5al1vIZTsSjqX.jpg
Blade Runner 2049,2017,7.6,14490,19.8873,"Thirty years after the events of the first film, a new blade runner, LAPD Officer K, unearths a long-buried secret that has the potential to plunge what's left of society into chaos. K's discovery leads him on a quest to find Rick Deckard, a former LAPD blade runner who has been missing for 30 years.",[],[],https://image.tmdb.org/t/p/w500/gajva2L0rPYkEWjzgFlBXCAVBE5.jpg
xXx: Return of Xander Cage,2017,6.136,9115,16.719,"Xander Cage is left for dead after an incident, though he secretly returns to action for a new, tough assignment with his handler Augustus Gibbons.",[],[],https://image.tmdb.org/t/p/w500/hba8zREJpP1AYhaXgb2oJLQeO0K.jpg
John Wick: Chapter 2,2017,7.3,13752,16.5272,"John Wick is forced out of retirement by a former associate looking to seize control of a shadowy international assassins’ guild. Bound by a blood oath to aid him, Wick travels to Rome and does battle against some of the world’s most dangerous killers.",[],[],https://image.tmdb.org/t/p/w500/hXWBc0ioZP3cN4zCu6SN3YHXZVO.jpg
Guardians of the Galaxy Vol. 2,2017,7.611,22358,16.138,The Guardians must fight to keep their newfound family together as they unravel the mysteries of Peter Quill's true parentage.,[],[],https://image.tmdb.org/t/p/w500/y4MBh0EjBlMuOzv9axM4qJlmhzz.jpg
Get Out,2017,7.619,18223,14.2183,"Chris and his girlfriend Rose go upstate to visit her parents for the weekend. At first, Chris reads the family's overly accommodating behavior as nervous attempts to deal with their daughter's interracial relationship, but as the weekend progresses, a series of increasingly disturbing discoveries lead him to a truth that he never could have imagined.",[],[],https://image.tmdb.org/t/p/w500/tFXcEccSQMf3lfhfXKSU9iRBpa3.jpg
Cars 3,2017,6.854,6178,14.4358,"Blindsided by a new generation of blazing-fast racers, the legendary Lightning McQueen is suddenly pushed out of the sport he loves. To get back in the game, he will need the help of an eager young race technician with her own plan to win, inspiration from the late Fabulous Hudson Hornet, and a few unexpected turns. Proving that #95 isn't through yet will test the heart of a champion on Piston Cup Racing’s biggest stage!",[],[],https://image.tmdb.org/t/p/w500/fyy1nDC8wm553FCiBDojkJmKLCs.jpg
Pirates of the Caribbean: Dead Men Tell No Tales,2017,6.652,12449,14.0255,"Thrust into an all-new adventure, a down-on-his-luck Capt. Jack Sparrow feels the winds of ill-fortune blowing even more strongly when deadly ghost sailors led by his old nemesis, the evil Capt. Salazar, escape from the Devil's Triangle. Jack's only hope of survival lies in seeking out the legendary Trident of Poseidon, but to find it, he must forge an uneasy alliance with a brilliant and beautiful astronomer and a headstrong young man in the British navy.",[],[],https://image.tmdb.org/t/p/w500/qwoGfcg6YUS55nUweKGujHE54Wy.jpg
Beauty and the Beast,2017,6.968,15806,13.8152,A live-action adaptation of Disney's version of the classic tale of a cursed prince and a beautiful young woman who helps him break the spell.,[],[],https://image.tmdb.org/t/p/w500/hKegSKIDep2ewJWPUQD7u0KqFIp.jpg
Star Wars: The Last Jedi,2017,6.766,15866,13.1506,"Rey develops her newly discovered abilities with the guidance of Luke Skywalker, who is unsettled by the strength of her powers. Meanwhile, the Resistance prepares to do battle with the First Order.",[],[],https://image.tmdb.org/t/p/w500/kOVEVeg59E0wsnXmF9nrh6OmWII.jpg
Thor: Ragnarok,2017,7.582,21477,12.6564,"Thor is imprisoned on the other side of the universe and finds himself in a race against time to get back to Asgard to stop Ragnarok, the destruction of his home-world and the end of Asgardian civilization, at the hands of a powerful new threat, the ruthless Hela.",[],[],https://image.tmdb.org/t/p/w500/rzRwTcFvttcN1ZpX2xv4j3tSdJu.jpg
Kong: Skull Island,2017,6.547,10843,12.0336,"Explore the mysterious and dangerous home of the king of the apes as a team of explorers ventures deep inside the treacherous, primordial island.",[],[],https://image.tmdb.org/t/p/w500/r2517Vz9EhDhj88qwbDVj8DCRZN.jpg
Justice League,2017,6.073,13355,11.9313,"Fuelled by his restored faith in humanity and inspired by Superman's selfless act, Bruce Wayne and Diana Prince assemble a team of metahumans consisting of Barry Allen, Arthur Curry and Victor Stone to face the catastrophic threat of Steppenwolf and the Parademons who are on the hunt for three Mother Boxes on Earth.",[],[],https://image.tmdb.org/t/p/w500/eifGNCSDuxJeS1loAXil5bIGgvC.jpg
Baby Driver,2017,7.445,16328,12.8456,"After being coerced into working for a crime boss, a young getaway driver finds himself taking part in a heist doomed to fail.",[],[],https://image.tmdb.org/t/p/w500/tYzFuYXmT8LOYASlFCkaPiAFAl0.jpg
Alien: Covenant,2017,6.16,9094,10.844,"The crew of the colony ship Covenant, bound for a remote planet on the far side of the galaxy, discovers what they think is an uncharted paradise but is actually a dark, dangerous world.",[],[],https://image.tmdb.org/t/p/w500/zecMELPbU5YMQpC81Z8ImaaXuf9.jpg
Cinderella's Hot Night,2017,5.698,81,10.2654,"Cinderella's Hot Night presents a lively retelling of the classic fairy tale...with a slightly more mature, erotic twist. Follow the adventures of the bewildered Cindy as she falls prey to her wicked sex-crazed benefactor all the while pining for her secret love, a noble European Prince. With the help of her smoking hot Fairy Godmother, Cindy finally realizes her dream of becoming a real-life Princess.",[],[],https://image.tmdb.org/t/p/w500/9CwaR4p3CK0NAIbZ72LrqUENJup.jpg
Split,2017,7.342,17917,11.7279,"Though Kevin has evidenced 23 personalities to his trusted psychiatrist, Dr. Fletcher, there remains one still submerged who is set to materialize and dominate all the others. Compelled to abduct three teenage girls led by the willful, observant Casey, Kevin reaches a war for survival among all of those contained within him — as well as everyone around him — as the walls between his compartments shatter apart.",[],[],https://image.tmdb.org/t/p/w500/lli31lYTFpvxVBeFHWoe5PMfW5s.jpg
Call Me by Your Name,2018,8.104,12467,10.5845,"In the summer of 1983, a 17-year-old Elio spends his days in his family's villa in Italy. One day Oliver, a graduate student, arrives to assist Elio's father, a professor of Greco-Roman culture. Soon, Elio and Oliver discover a summer that will alter their lives forever.",[],[],https://image.tmdb.org/t/p/w500/mZ4gBdfkhP9tvLH1DO4m4HYtiyi.jpg
King Arthur: Legend of the Sword,2017,6.547,5879,9.4497,"When the child Arthur’s father is murdered, Vortigern, Arthur’s uncle, seizes the crown. Robbed of his birthright and with no idea who he truly is, Arthur comes up the hard way in the back alleys of the city. But once he pulls the sword Excalibur from the stone, his life is turned upside down and he is forced to acknowledge his true legacy... whether he likes it or not.",[],[],https://image.tmdb.org/t/p/w500/9kKXH6eJpzoFGhCbTN3FVwSQK3n.jpg
Annabelle: Creation,2017,6.604,5845,10.8001,"Several years after the tragic death of their little girl, a doll maker and his wife welcome a nun and several girls from a shuttered orphanage into their home, soon becoming the target of the doll maker's possessed creation—Annabelle.",[],[],https://image.tmdb.org/t/p/w500/tb86j8jVCVsdZnzf8I6cIi65IeM.jpg
Logan,2017,7.819,19918,11.1994,"In the near future, a weary Logan cares for an ailing Professor X in a hideout on the Mexican border. But Logan's attempts to hide from the world and his legacy are upended when a young mutant arrives, pursued by dark forces.",[],[],https://image.tmdb.org/t/p/w500/fnbjcRDYn6YviCcePDnGdyAkYsB.jpg
The Fate of the Furious,2017,6.861,10578,10.8709,"When a mysterious woman seduces Dom into the world of crime and a betrayal of those closest to him, the crew face trials that will test them as never before.",[],[],https://image.tmdb.org/t/p/w500/dImWM7GJqryWJO9LHa3XQ8DD5NH.jpg
Kingsman: The Golden Circle,2017,6.953,10802,9.0966,"When an attack on the Kingsman headquarters takes place and a new villain rises, Eggsy and Merlin are forced to work together with the American agency known as the Statesman to save the world.",[],[],https://image.tmdb.org/t/p/w500/34xBL6BXNYFqtHO9zhcgoakS4aP.jpg
Baywatch,2017,6.091,8311,9.5883,"Devoted lifeguard Mitch Buchannon butts heads with a brash new recruit. Together, they uncover a local criminal plot that threatens the future of the Bay.",[],[],https://image.tmdb.org/t/p/w500/6HE4xd8zloDqmjMZuhUCCw2UcY1.jpg
Wind River,2017,7.434,5517,9.6509,An FBI agent teams with the town's veteran game tracker to investigate a murder that occurred on a Native American reservation.,[],[],https://image.tmdb.org/t/p/w500/pySivdR845Hom4u4T2WNkJxe6Ad.jpg
Romance at Reindeer Lodge,2017,6.0,44,8.3475,"Molly and Jared have both sworn off holiday events. When they find themselves stuck at a Christmas-themed ranch, they have no choice but to allow their cynical hearts to melt.",[],[],https://image.tmdb.org/t/p/w500/ouwogOw4qPSwPW1sJZQKCIVfS6q.jpg
Fifty Shades Darker,2017,6.477,7812,10.1947,"When a wounded Christian Grey tries to entice a cautious Ana Steele back into his life, she demands a new arrangement before she will give him another chance. As the two begin to build trust and find stability, shadowy figures from Christian’s past start to circle the couple, determined to destroy their hopes for a future together.",[],[],https://image.tmdb.org/t/p/w500/w3qa274gvca9t8pkUoG8nfQgTU3.jpg
Valerian and the City of a Thousand Planets,2017,6.63,7750,8.8779,"In the 28th century, Valerian and Laureline are special operatives charged with keeping order throughout the human territories. On assignment from the Minister of Defense, the two undertake a mission to Alpha, an ever-expanding metropolis where species from across the universe have converged over centuries to share knowledge, intelligence, and cultures. At the center of Alpha is a mysterious dark force which threatens the peaceful existence of the City of a Thousand Planets, and Valerian and Laureline must race to identify the menace and safeguard not just Alpha, but the future of the universe.",[],[],https://image.tmdb.org/t/p/w500/vlc95gl3PtrjxSEuM8RhTtSm2xU.jpg
The Greatest Showman,2017,7.868,9773,9.4712,"The story of American showman P.T. Barnum, founder of the circus that became the famous traveling Ringling Bros. and Barnum & Bailey Circus.",[],[],https://image.tmdb.org/t/p/w500/b9CeobiihCx1uG1tpw8hXmpi7nm.jpg
Shot Caller,2017,6.958,2134,8.8474,A newly-released prison gangster is forced by the leaders of his gang to orchestrate a major crime with a brutal rival gang on the streets of Southern California.,[],[],https://image.tmdb.org/t/p/w500/qLmLz2wtyYvmW8Ult3l2ngOnW8v.jpg
Jumanji: Welcome to the Jungle,2017,6.818,14100,8.6383,"Four teenagers in detention discover an old video game console with a game they’ve never heard of. When they decide to play, they are immediately sucked into the jungle world of Jumanji in the bodies of their avatars. They’ll have to complete the adventure of their lives filled with fun, thrills and danger or be stuck in the game forever!",[],[],https://image.tmdb.org/t/p/w500/pSgXKPU5h6U89ipF7HBYajvYt7j.jpg
A Dog's Purpose,2017,7.639,3443,9.55,A dog goes on quest to discover his purpose in life over the course of several lifetimes with multiple owners.,[],[],https://image.tmdb.org/t/p/w500/3jcNvhtVQe5Neoffdic39fRactM.jpg
Dunkirk,2017,7.4,17068,9.534,"The story of the miraculous evacuation of Allied soldiers from Belgium, Britain, Canada and France, who were cut off and surrounded by the German army from the beaches and harbour of Dunkirk between May 26th and June 4th 1940 during World War II.",[],[],https://image.tmdb.org/t/p/w500/b4Oe15CGLL61Ped0RAS9JpqdmCt.jpg
War for the Planet of the Apes,2017,7.209,9418,8.6655,"Caesar and his apes are forced into a deadly conflict with an army of humans led by a ruthless Colonel. After the apes suffer unimaginable losses, Caesar wrestles with his darker instincts and begins his own mythic quest to avenge his kind. As the journey finally brings them face to face, Caesar and the Colonel are pitted against each other in an epic battle that will determine the fate of both their species and the future of the planet.",[],[],https://image.tmdb.org/t/p/w500/mMA1qhBFgZX8O36qPPTC016kQl1.jpg
A Bad Idea Gone Wrong,2017,6.325,63,8.2609,Two would-be thieves forge a surprising relationship with an unexpected housesitter when they accidentally trap themselves in a house they just broke into.,[],[],https://image.tmdb.org/t/p/w500/zGA4aQzypmHiAa1xmpCynwWFHcD.jpg
Smurfs: The Lost Village,2017,6.35,1513,8.5713,"In this fully animated, all-new take on the Smurfs, a mysterious map sets Smurfette and her friends Brainy, Clumsy and Hefty on an exciting race through the Forbidden Forest leading to the discovery of the biggest secret in Smurf history.",[],[],https://image.tmdb.org/t/p/w500/swt9crREg1UcKgg3wGWfoFNlXOz.jpg
The Foreigner,2017,6.967,2790,7.9271,Quan is a humble London businessman whose long-buried past erupts in a revenge-fueled vendetta when the only person left for him to love – his teenage daughter – dies in an Irish Republican Army car bombing. His relentless search to find the terrorists leads to a cat-and-mouse conflict with a British government official whose own past may hold the clues to the identities of the elusive killers.,[],[],https://image.tmdb.org/t/p/w500/rwM4hzrmc5HiWfQD9ls9DL4QgGl.jpg
What Happened to Monday,2017,7.154,6272,8.2317,"In a world where families are limited to one child due to overpopulation, a set of identical septuplets must avoid being put to a long sleep by the government and dangerous infighting while investigating the disappearance of one of their own.",[],[],https://image.tmdb.org/t/p/w500/atOgZMJpMrTdpqvPiHVPfBhR61l.jpg
Transformers: The Last Knight,2017,6.055,6504,8.359,"Humans and Transformers are at war. Optimus Prime is gone. The key to saving our future lies buried in the secrets of the past, in the hidden history of Transformers on Earth. Saving our world falls upon the shoulders of an unlikely alliance: Cade Yeager; Bumblebee; an English Lord; and an Oxford Professor.",[],[],https://image.tmdb.org/t/p/w500/s5HQf2Gb3lIO2cRcFwNL9sn1o1o.jpg
Life,2017,6.444,7668,9.2529,"The six-member crew of the International Space Station is tasked with studying a sample from Mars that may be the first proof of extra-terrestrial life, which proves more intelligent than ever expected.",[],[],https://image.tmdb.org/t/p/w500/wztfli5NgYDgurVgShNflvnyA3Z.jpg
From Straight A's to XXX,2017,5.8,154,7.7977,"When a change of circumstances leaves Miriam unable to pay her college tuition, she makes a surprising decision: to start performing in adult films, using the pseudonym Belle Knox. Miriam lies to her family and her friends at school, keeping her double life a secret. But soon rumours spread and Miriam becomes the subject of vicious online attacks and unwanted attention. Miriam fights back: she talks to the media, saying her new line of work empowers her as a feminist. But her confident stand has unintended consequences. Miriam is shunned by her conservative family and her colleagues in the adult film world. One impulsive decision has quickly spiralled out of control - and Miriam's problems are just beginning.",[],[],https://image.tmdb.org/t/p/w500/pv5n66n3J9DzNeEzGymhQ0q2FcS.jpg
Vengeance: A Love Story,2017,5.543,326,9.5055,"When a new friend is brutally assaulted, Detective John Droomor is put by chance in charge of the investigation. Although the evidence against the perpetrators seems overwhelming, there is nothing definitive in the case that guarantees justice is served, even more so if some people are willing to twist and betray it.",[],[],https://image.tmdb.org/t/p/w500/kPUFcGPI9FChybFHIJJBZZLiIlg.jpg
Despicable Me 3,2017,6.466,7436,8.3681,Gru and his wife Lucy must stop former '80s child star Balthazar Bratt from achieving world domination.,[],[],https://image.tmdb.org/t/p/w500/6t3YWl7hrr88lCEFlGVqW5yV99R.jpg
Wonder,2017,8.112,8091,7.3818,"The story of August Pullman – a boy with facial differences – who enters fifth grade, attending a mainstream elementary school for the first time.",[],[],https://image.tmdb.org/t/p/w500/sONh3LYGFcVDTy8pm1tbSOB13Li.jpg
The Shape of Water,2018,7.241,12504,9.9687,"An other-worldly story, set against the backdrop of Cold War era America circa 1962, where a mute janitor working at a lab falls in love with an amphibious man being held captive there and devises a plan to help him escape.",[],[],https://image.tmdb.org/t/p/w500/9zfwPffUXpBrEP26yp0q1ckXDcj.jpg
Geostorm,2017,6.119,4991,7.4949,"After an unprecedented series of natural disasters threatened the planet, the world's leaders came together to create an intricate network of satellites to control the global climate and keep everyone safe. But now, something has gone wrong: the system built to protect Earth is attacking it, and it becomes a race against the clock to uncover the real threat before a worldwide geostorm wipes out everything and everyone along with it.",[],[],https://image.tmdb.org/t/p/w500/nrsx0jEaBgXq4PWo7SooSnYJTv.jpg
Only the Brave,2017,7.4,1732,8.0001,Members of the Granite Mountain Hotshots battle deadly wildfires to save an Arizona town.,[],[],https://image.tmdb.org/t/p/w500/lC7WdUNLOJI3sllaDGNdFy2GT8g.jpg
That Way Madness Lies...,2017,0.0,0,6.7886,"One woman and her family trek the broken mental health system in an effort to save her brother as he descends into madness. Beginning as a testimony of his sanity, his iPhone video diary ultimately becomes an unfiltered look at the mind of an untreated schizophrenic.",[],[],https://image.tmdb.org/t/p/w500/vw9nh2LhkiIDlAhbvfdLlUFOd6a.jpg
How the Beatles Changed the World,2017,7.4,48,8.1127,"The fascinating story of the cultural, social, spiritual, and musical revolution ignited by the coming of the Beatles. Tracing the impact that these four band members had, first in their native Britain and soon after worldwide, it reappraises the band and follows their path from young subversives to countercultural heroes. Featuring fresh, revealing interviews with key collaborators as well as a wealth of rarely-seen archival footage, this is a bold new take on the most significant band in the history of music and their enduring impact on popular culture.",[],[],https://image.tmdb.org/t/p/w500/qbmOhsiCPDGT0lqlCgz5M24bzCo.jpg
Goodbye Christopher Robin,2017,7.034,865,7.2005,The behind the scenes story of the life of A.A. Milne and the creation of the Winnie the Pooh stories inspired by his son Christopher Robin.,[],[],https://image.tmdb.org/t/p/w500/a6IK3hMlUHzXZZVLBTh0WZ5KoAb.jpg
Ferdinand,2017,7.223,2988,7.9672,"Ferdinand, a little bull, prefers sitting quietly under a cork tree just smelling the flowers versus jumping around, snorting, and butting heads with other bulls. As Ferdinand grows big and strong, his temperament remains mellow, but one day five men come to choose the ""biggest, fastest, roughest bull"" for the bullfights in Madrid and Ferdinand is mistakenly chosen.  Based on the classic 1936 children's book by Munro Leaf.",[],[],https://image.tmdb.org/t/p/w500/rMm94JsRfcOPiPVsTRcBiiVBOhz.jpg
The Lego Batman Movie,2017,7.231,5231,7.4639,"A cooler-than-ever Bruce Wayne must deal with the usual suspects as they plan to rule Gotham City, while discovering that he has accidentally adopted a teenage orphan who wishes to become his sidekick.",[],[],https://image.tmdb.org/t/p/w500/snGwr2gag4Fcgx2OGmH9otl6ofW.jpg
Christmas at Holly Lodge,2017,5.9,54,6.5903,"Sophie Bennett begins a new holiday tradition of spending every holiday at the Evergreen Inn and Ski Lodge, which she inherited from her parents. Evergreen Inn is a special place filled with people who cannot make it home for the holidays or who have had such wonderful experiences that it has become their home-away-from-holiday-home. This Christmas, Sophie will meet an unforgettable family, and her own life will be forever changed.",[],[],https://image.tmdb.org/t/p/w500/iwLkbvvDIBVVmILnoBUUSaqcvVm.jpg
Darkest Hour,2018,7.35,5325,8.1073,"In May 1940, the fate of World War II hangs on Winston Churchill, who must decide whether to negotiate with Adolf Hitler or fight on knowing that it could mean the end of the British Empire.",[],[],https://image.tmdb.org/t/p/w500/xa6G3aKlysQeVg9wOb0dRcIGlWu.jpg
The Little Hours,2017,5.872,621,7.7655,"Garfagnana, Italy, 1347. The handsome servant Masseto, fleeing from his vindictive master, takes shelter in a nunnery where three young nuns, Sister Alessandra, Sister Ginevra and Sister Fernanda, try unsuccessfully to find out what their purpose in life is, a conundrum that each of them faces in different ways.",[],[],https://image.tmdb.org/t/p/w500/wS69OOwBJzimoLIcmYMSVkmhCZM.jpg
"Election - ""The Passion of Martin"" Introduction",2017,0.0,0,5.8403,"Introductory piece to Alexander Payne's student film ""The Passion of Martin"" included on the Criterion Collection release of Election (1999).",[],[],https://image.tmdb.org/t/p/w500/6Oy6gSmxfztipvpvx4XnCkFUSq9.jpg
Cult of Chucky,2017,5.835,1364,9.277,"Confined to an asylum for the criminally insane for the past four years, Nica is wrongly convinced that she, not Chucky, murdered her entire family... until a string of grisly deaths occur after her psychiatrist introduces a new group therapy tool -- a ""Good Guy"" doll.",[],[],https://image.tmdb.org/t/p/w500/r5JUiMYfatwYeDkxkLWYUx5GIjY.jpg
Ghost in the Shell,2017,6.1,8332,7.0123,"In the near future, Major is the first of her kind: a human saved from a terrible crash, then cyber-enhanced to be a perfect soldier devoted to stopping the world's most dangerous criminals.",[],[],https://image.tmdb.org/t/p/w500/zCtL3UBgCoZzd7XTVGhvl6XY75E.jpg
Jeepers Creepers 3,2017,4.906,942,7.3502,"Taking place on the last day of the Creeper’s twenty-three-day feeding frenzy, as the skeptical Sergeant Tubbs teams up with a task force hellbent on destroying the Creeper for good. The Creeper fights back in gory glory as its enemies grow closer than ever before to learning the secret of its dark origins.",[],[],https://image.tmdb.org/t/p/w500/pK7ge28ubs45av9aGEbVWW7ZbA8.jpg
The Shack,2017,7.493,2201,6.8269,"A grieving man receives a mysterious, personal invitation to meet with God at a place called 'The Shack'.",[],[],https://image.tmdb.org/t/p/w500/doAzav9kfdtsoSdw1MDFvjKq3J4.jpg
The Dark Tower,2017,5.779,5351,7.1222,A boy haunted by visions of a parallel world aids its disillusioned guardian in preventing the destruction of the nexus of universes known as the Dark Tower.,[],[],https://image.tmdb.org/t/p/w500/i9GUSgddIqrroubiLsvvMRYyRy0.jpg
Palm Swings,2017,5.852,54,7.8719,"After moving to Palm Springs, a young married couple puts their love to the test when they discover that their neighbors are swingers.",[],[],https://image.tmdb.org/t/p/w500/nZYTZ861wP2z4S7Bd2ZIwKFj241.jpg
Security,2017,6.34,929,7.016,"An ex-special services veteran, down on his luck and desperate for work, takes a job as a security guard at a run-down mall in a rough area of town. On his first night on the job, he opens the door to a distraught and desperate young girl who has fled the hijacking of a Police motorcade that was transporting her to testify as a witness in a trial. Hot on her heels is the psychopathic hijacker and his team of henchmen, who will stop at nothing to extract and eliminate the witness.",[],[],https://image.tmdb.org/t/p/w500/9FN5n8wGYrfSJaKGF9uObdKimIh.jpg
Paddington 2,2017,7.5,2612,7.1407,"Paddington, now happily settled with the Browns, picks up a series of odd jobs to buy the perfect present for his Aunt Lucy, but it is stolen.",[],[],https://image.tmdb.org/t/p/w500/1OJ9vkD5xPt3skC6KguyXAgagRZ.jpg
Robot & Scarecrow,2017,7.8,10,6.0086,A love story between a robot and a scarecrow who meet and fall for each other at a summer music festival.,[],[],https://image.tmdb.org/t/p/w500/bWu3t7AMzHUCPwmLI625G7t7yQJ.jpg
The Hitman's Bodyguard,2017,6.89,6446,6.845,"The world’s top bodyguard gets a new client, a hitman who must testify at the International Court of Justice. They must put their differences aside and work together to make it to the trial on time.",[],[],https://image.tmdb.org/t/p/w500/5CGjlz2vyBhW5xHW4eNOZIdgzYq.jpg
King Arthur: Excalibur Rising,2017,4.612,76,6.475,A re-imagining of the Arthurian legend centered around Arthur's illegitimate son Owain who must learn to take up his father's mantle as king.,[],[],https://image.tmdb.org/t/p/w500/gUa5CmvFDoUU02KnG9ic58BC5iN.jpg
A Cure for Wellness,2017,6.341,4030,7.1312,"An ambitious young executive is sent to retrieve his company's CEO from an idyllic but mysterious ""wellness center"" at a remote location in the Swiss Alps but soon suspects that the spa's miraculous treatments are not what they seem.",[],[],https://image.tmdb.org/t/p/w500/8QWJtne0pTsNoJ86KE993aQYTLW.jpg
Power Rangers,2017,6.255,4530,6.181,"Five ordinary teens must become something extraordinary when they learn that their small town of Angel Grove — and the world — is on the verge of being obliterated by an alien threat. Chosen by destiny, our heroes quickly discover they are the only ones who can save the planet. But to do so, they will have to overcome their real-life issues and before it’s too late, band together as the Power Rangers.",[],[],https://image.tmdb.org/t/p/w500/bKYKyyIv5YnisxjZtDreWtYA386.jpg
Gifted,2017,8.002,5777,6.8606,"Frank, a single man raising his child prodigy niece Mary, is drawn into a custody battle with his mother.",[],[],https://image.tmdb.org/t/p/w500/9Ts7Vc4wLlpI9oox9mkVUE1tBHy.jpg
American Made,2017,6.897,4771,7.039,"The true story of pilot Barry Seal, who transported contraband for the CIA and the Medellin cartel in the 1980s.",[],[],https://image.tmdb.org/t/p/w500/23ILgoPSO5ShKcTZOuiTVfqFAUB.jpg
The Mummy,2017,5.515,7440,7.1194,"Though safely entombed in a crypt deep beneath the unforgiving desert, an ancient queen whose destiny was unjustly taken from her is awakened in our current day, bringing with her malevolence grown over millennia, and terrors that defy human comprehension.",[],[],https://image.tmdb.org/t/p/w500/zxkY8byBnCsXodEYpK8tmwEGXBI.jpg
The Glass Castle,2017,7.13,860,6.7445,"A young girl is raised in a dysfunctional family constantly on the run from the FBI. Living in poverty, she comes of age guided by her drunkard, ingenious father who distracts her with magical stories to keep her mind off the family's dire state, and her selfish, nonconformist mother who has no intention of raising a family, along with her younger brother and sister, and her other older sister. Together, they fend for each other as they mature in an unorthodox journey that is their family life.",[],[],https://image.tmdb.org/t/p/w500/8NPP7mliHLlVMHce8SjApiRxgzm.jpg
The Florida Project,2017,7.427,2956,6.2209,"The story of a precocious six year-old and her ragtag group of friends whose summer break is filled with childhood wonder, possibility and a sense of adventure while the adults around them struggle with hard times.",[],[],https://image.tmdb.org/t/p/w500/bnSTP1PY2fDyat0eUa4QouuGV7F.jpg
Rebel in the Rye,2017,6.613,257,7.1306,"The life of celebrated but reclusive author J.D. Salinger, who gained worldwide fame with the publication of his novel The Catcher in the Rye.",[],[],https://image.tmdb.org/t/p/w500/fjmMtBIqg65MPOJXOtoLCKYjVUn.jpg
Hostiles,2018,6.941,2413,6.5036,A legendary Native American-hating Army captain nearing retirement in 1892 is given one last assignment: to escort a Cheyenne chief and his family through dangerous territory back to his Montana reservation.,[],[],https://image.tmdb.org/t/p/w500/rqoezyB51GfhiloOB5ZErg5HXas.jpg
Sea Change,2017,5.8,30,6.9718,"A teenage girl makes a startling discovery about her connection to the Seawalkers, legendary beings who are half-human, half-sea creature.",[],[],https://image.tmdb.org/t/p/w500/reo3gZ3ZafLtVvVD27lPn8WryUw.jpg
The Book of Henry,2017,7.503,1322,6.53,"Susan, a single mother of two, works as a waitress in a small town. Her son, Henry, is an 11-year-old genius who not only manages the family finances but acts as emotional support for his mother and younger brother. When Henry discovers that the girl next door has a terrible secret, he implores Susan to take matters into her own hands.",[],[],https://image.tmdb.org/t/p/w500/suLFg4UjvM5BoDipg2Wu3gZ802T.jpg
Murder on the Orient Express,2017,6.704,10265,7.4924,Genius Belgian detective Hercule Poirot investigates the murder of an American tycoon aboard the Orient Express train.,[],[],https://image.tmdb.org/t/p/w500/7GtdJU6iAg6fjQu3E3zta3bIAQh.jpg
Jigsaw,2017,6.217,3837,6.4048,"Law enforcement finds itself chasing the ghost of a man dead for over a decade, embroiled in a diabolical new game that's only just begun.",[],[],https://image.tmdb.org/t/p/w500/7RwHxhdUNS996JPFNB9a7CJtlwR.jpg
Another Yeti a Love Story: Life on the Streets,2017,4.923,13,6.4969,"After moving to Los Angeles to start anew, Adam, an out of the closet single father of a yeti baby, is dragged into the underground sex trade when his child is kidnapped; Now with the help of his two new friends, a heroin-addicted yeti prostitute and a sexy stripper, they must fight the forces of evil to save the world.",[],[],https://image.tmdb.org/t/p/w500/3rduaHmzrxxNwuaWRNOxVwrw10Z.jpg
Dark Web,2017,4.3,21,6.3341,An anthology compiled from short horror films involving the internet.,[],[],https://image.tmdb.org/t/p/w500/idm9JcM6FMB1T15cso9cLxaOJM3.jpg
Destination Wedding,2017,5.823,31,5.74,Ellie Hamilton is helping plan her little sister’s wedding taking place in Acapulco. With the nuptials just a few days away—and no sign yet of the bride and groom—Ellie must work with her ex-boyfriend to make last minute decisions and stall worried family and guests.,[],[],https://image.tmdb.org/t/p/w500/wnvFZnzFNuoCldIdM7nENTqMThP.jpg
Hampstead,2017,5.99,200,6.4737,"Emily Walters is an American widow living a peaceful, uneventful existence in the idyllic Hampstead Village of London, when she meets  local recluse, Donald Horner. For 17 years, Donald has lived—wildly yet peacefully—in a ramshackle hut near the edge of the forest. When Emily learns his home is the target of developers who will stop at nothing to remove him, saving Donald and his property becomes her personal mission. Despite his gruff exterior and polite refusals for help, Emily is drawn to him—as he is to her—and what begins as a charitable cause evolves into a relationship that will grow even as the bulldozers close in.",[],[],https://image.tmdb.org/t/p/w500/svyFdV8QrOyheU2lEDuBnrcCQT5.jpg
But Deliver Us from Evil,2017,5.353,17,4.4443,"A demon (Succubus) wreaks havoc on a U.S city. Lilith, Adams first wife according to Jewish mysticism seeks revenge against all of God's creation. God expelled Lilith from the Garden of Eden because of her refusal to obey Adam, the man. Scorned she returns present day with a vengeance against man and his offspring.",[],[],https://image.tmdb.org/t/p/w500/b6wbvfAFgy7Z0u6sR1AYJyIQ3wl.jpg
Retaliation Mode: Making 'Resident Evil: The Final Chapter',2017,10.0,1,5.1155,"Join Milla Jovovich, Paul W.S. Anderson, the cast and crew of 'Resident Evil: The Final Chapter' as they discuss the making of the film.",[],[],https://image.tmdb.org/t/p/w500/tEJZynuvSPcXL4mclNI8QUaANZJ.jpg
A Royal Winter,2017,7.1,177,6.1439,"While on a last-minute European holiday, a young woman finds herself in the middle of a real-life fairy tale when a chance meeting with a handsome local leads to something more. However, things get complicated when she learns that the ""local"" is actually a prince who is about to be crowned King, and whose mother is dead-set against her royal son's romance with the tourist.",[],[],https://image.tmdb.org/t/p/w500/lxeJQe4lcW8AzDrRjzixOrlmihv.jpg
Teen Titans: The Judas Contract,2017,7.363,739,5.9954,Tara Markov is a girl who has power over earth and stone; she is also more than she seems. Is the newest Teen Titan an ally or a threat? And what are the mercenary Deathstroke's plans for the Titans?,[],[],https://image.tmdb.org/t/p/w500/nuGIlNAJUati4qEAH1nrYKUA3xa.jpg
Stronger,2017,6.972,1529,6.6973,A victim of the Boston Marathon bombing in 2013 helps the police track down the killers while struggling to recover from devastating trauma.,[],[],https://image.tmdb.org/t/p/w500/nnkxdFeY7YAgnicxkvwuxY7gVaT.jpg
Lady Bird,2018,7.256,8804,6.1736,"Lady Bird McPherson, a strong willed, deeply opinionated, artistic 17 year old comes of age in Sacramento. Her relationship with her mother and her upbringing are questioned and tested as she plans to head off to college.",[],[],https://image.tmdb.org/t/p/w500/gl66K7zRdtNYGrxyS2YDUP5ASZd.jpg
Rise of the Footsoldier 3: The Pat Tate Story,2017,6.109,46,6.3439,"Notorious gangster, Pat Tate, rises through the ranks of Essex's criminal underworld. A prequel to the 'Rise of the Footsoldier' franchise.",[],[],https://image.tmdb.org/t/p/w500/1LgOIQNpTfWKY3wizRrQ6CvNAXK.jpg
Atomic Blonde,2017,6.4,6438,6.4658,An undercover MI6 agent is sent to Berlin during the Cold War to investigate the murder of a fellow agent and recover a missing list of double agents.,[],[],https://image.tmdb.org/t/p/w500/kV9R5h0Yct1kR8Hf8sJ1nX0Vz4x.jpg
The Heart of Man,2017,8.4,12,6.2122,"The Heart of Man is a timeless tale of a father's relentless pursuit of his son -- interwoven with interviews of top thought-leaders on brokenness, identity, and shame.",[],[],https://image.tmdb.org/t/p/w500/jlhUOiPK38LmUITvNf8Fp07tHRs.jpg
American Assassin,2017,6.41,3144,5.951,"Following the murder of his fiancée, Mitch Rapp trains under the instruction of Cold War veteran Stan Hurley. The pair then is enlisted to investigate a wave of apparently random attacks on military and civilian targets.",[],[],https://image.tmdb.org/t/p/w500/w6vjeHx3UEaBXIyc8VFqyZYKznD.jpg
Logan Lucky,2021,6.731,3683,6.3127,"Trying to reverse a family curse, brothers Jimmy and Clyde Logan set out to execute an elaborate robbery during the legendary Coca-Cola 600 race at the Charlotte Motor Speedway.",[],[],https://image.tmdb.org/t/p/w500/2yfQR59Cu1ZFHdti0igSxAIL8hd.jpg
Below Her Mouth,2017,6.792,1252,6.5172,An unexpected affair quickly escalates into a heart-stopping reality for two women whose passionate connection changes their lives forever.,[],[],https://image.tmdb.org/t/p/w500/tPhBftWySbanfEialbsUzOuccgN.jpg
My Little Pony: The Movie,2017,7.3,401,6.3245,"A new dark force threatens Ponyville, and the Mane 6 – Twilight Sparkle, Applejack, Rainbow Dash, Pinkie Pie, Fluttershy and Rarity – embark on an unforgettable journey beyond Equestria where they meet new friends and exciting challenges on a quest to use the magic of friendship and save their home.",[],[],https://image.tmdb.org/t/p/w500/AiJRCzcZSVs9xPHoEKZRp80TyTA.jpg
The Perfect Catch,2017,6.3,65,5.3666,"When Jessica Parker’s former high school boyfriend, superstar baseball player Chase Taynor, returns to town, she finds the inspiration to reinvent her struggling diner… and revisits the past to find something even better for the future.",[],[],https://image.tmdb.org/t/p/w500/wLO64np21v6uKlHSMUGsRDG16II.jpg
Forgotten Evil,2017,4.8,16,5.0703,A woman with amnesia tries to restart her life until the past comes back to haunt her.,[],[],https://image.tmdb.org/t/p/w500/sJZnbXEb1c1Fu60VGI1wlau8Em0.jpg
Dragonheart: Battle for the Heartfire,2017,6.0,236,5.956,"When the King Gareth dies, his potential heirs, twin grandchildren who possess the dragon’s unique strengths, use their inherited powers against each other to vie for the throne. When Drago’s source of power – known as the Heartfire – is stolen, more than the throne is at stake; the siblings must end their rivalry with swords and sorcery or the kingdom may fall.",[],[],https://image.tmdb.org/t/p/w500/nPjqwumVHyx2nOCyZH5dpXAmhpf.jpg
The Emoji Movie,2017,5.415,3224,6.1397,"Gene, a multi-expressional emoji, sets out on a journey to become a normal emoji.",[],[],https://image.tmdb.org/t/p/w500/60bTx5z9zL1AqCjZ0gmWoRMJ6Bb.jpg
Flatliners,2017,5.648,2337,5.9403,"Five medical students, hoping to understand the mystery of what lies beyond life, embark on a dangerous experiment. When their hearts are stopped for a short period of time, they have a near-death experience…",[],[],https://image.tmdb.org/t/p/w500/e9NHATN0TJW6ZZPLLWFsKdilVl1.jpg
"I, Tonya",2018,7.475,6005,5.9498,"Competitive ice skater Tonya Harding rises amongst the ranks at the U.S. Figure Skating Championships, but her future in the sport is thrown into doubt when her ex-husband intervenes.",[],[],https://image.tmdb.org/t/p/w500/6gNXwSHxaksR1PjVZRqNapmkgj3.jpg
Comic Relief: Red Nose Day,2017,9.0,2,5.644,A fund-raising event organised by Comic Relief.,[],[],https://image.tmdb.org/t/p/w500/5ygZflDTWzE5wFl2VUGRKaOwR19.jpg
Bright,2017,6.161,5829,6.1906,"In an alternate present-day where magical creatures live among us, two L.A. cops become embroiled in a prophesied turf battle.",[],[],https://image.tmdb.org/t/p/w500/whkT53Sv2vKAUiknQ13pqcWaPXB.jpg
Knights of the Damned,2017,3.232,28,6.2786,"The King has sent his best Knights to defeat the Dragon besieging his castle. Along their epic adventure they encounter malicious sirens, warrior women on a mission of revenge and an unstoppable army of the undead.",[],[],https://image.tmdb.org/t/p/w500/kx1AtyDEJ4Cw4ylI635K5FkcXzo.jpg
Walk Away from Love,2017,3.5,2,5.2558,"WALK AWAY FROM LOVE is the story of Micah (Noree Victoria), a single attorney who hasn't been in a committed relationship in three years. After having her heart broken, Micah has no plans of falling in love again any time soon. But after an unexpected encounter with her ex (Robert Christopher Riley), Micah is forced to face her truths and make the biggest decision of her life.",[],[],https://image.tmdb.org/t/p/w500/y95432OTPCNjI7N6X8oZbWwTvNG.jpg
Daddy's Home 2,2017,6.306,2640,6.4237,Brad and Dusty must deal with their intrusive fathers during the holidays.,[],[],https://image.tmdb.org/t/p/w500/rF2IoKL0IFmumEXQFUuB8LajTYP.jpg
1922,2017,5.933,2827,5.9656,"A simple yet proud rancher conspires to murder his wife for financial gain, convincing his teenage son to participate.",[],[],https://image.tmdb.org/t/p/w500/q4FQOiSRhTLWulHl5Vpg37FMArH.jpg
Framed for Murder: A Fixer Upper Mystery,2017,6.6,42,5.5674,"In the small resort town of Lighthouse Cove, everyone knows that the best man for the job is a woman. And that woman is Shannon Hughes, owner of a construction company and an expert in Victorian home restoration and renovation. Through her renovations she will find clues to uncover the house’s secret past and in turn become an unlikely sleuth to help crack these unsolved mysteries",[],[],https://image.tmdb.org/t/p/w500/ysHgdMDuOlF9AeibZcH5jv38Q5.jpg
Justice League Dark,2017,7.289,1104,5.6539,"When innocent civilians begin committing unthinkable crimes across Metropolis, Gotham City and beyond, Batman must call upon mystical counterparts to eradicate this demonic threat to the planet; enter Justice League Dark. This team of Dark Arts specialists must unravel the mystery of Earth's supernatural plague and contend with the rising, powerful villainous forces behind the siege—before it's too late for all of mankind.",[],[],https://image.tmdb.org/t/p/w500/gWcTaDFXDrOAPfVzfBFz0Aya5BE.jpg
"Three Billboards Outside Ebbing, Missouri",2017,8.1,10523,6.0025,"After seven months have passed without a culprit in her daughter's murder case, Mildred Hayes makes a bold move, painting three signs leading into her town with a controversial message directed at Bill Willoughby, the town's revered chief of police. When his second-in-command Officer Jason Dixon, an immature mother's boy with a penchant for violence, gets involved, the battle between Mildred and Ebbing's law enforcement is only exacerbated.",[],[],https://image.tmdb.org/t/p/w500/uGMM9ZObmPUFrGqcbFMVyv8L1lU.jpg
Theresa vs Boris: How May Became PM,2017,5.0,1,5.2816,"This drama documentary tells the story of the Conservative Party's 2016 leadership campaign - how Boris Johnson, having won the referendum and in pole position to be the next PM, handed victory to Theresa May. Based on extensive research and first-person testimonies, this dramatized narrative goes beyond the headlines to lay bare the politicking and positioning, betrayals and blunders of this extraordinary political time. The programme also features key interviews with people who were intimately involved in the campaigns of the main contenders.",[],[],https://image.tmdb.org/t/p/w500/6TJhKeKvxouG5jcUVLTuy0mlTm1.jpg
Surf's Up 2: WaveMania,2017,6.0,285,5.5171,"Cody, Chicken Joe and Lani are back in their most epic adventure yet! The most radical surfing dream team, The Hang Five puts Cody and his friends to the test and teaches them the meaning of teamwork as they journey to the most legendary surfing spot on the planet.",[],[],https://image.tmdb.org/t/p/w500/wdSX8enQ5uEvNLQ3yXTnAVGtrCy.jpg
Going in Style,2017,6.697,2916,6.1309,"Desperate to pay the bills and come through for their loved ones, three lifelong pals risk it all by embarking on a daring bid to knock off the very bank that absconded with their money.",[],[],https://image.tmdb.org/t/p/w500/4nfWsdsJfO5srRZgxiWC9xHub0W.jpg
A Ghost Story,2017,7.084,2414,5.3014,"Recently deceased, a white-sheeted ghost returns to his suburban home to console his bereft wife, only to find that in his spectral state he has become unstuck in time, forced to watch passively as the life he knew and the woman he loves slowly slip away.",[],[],https://image.tmdb.org/t/p/w500/rp5JPIyZi9sMob15l46zNQLe5cO.jpg
Colossal,2017,6.28,2185,5.0856,A woman discovers that severe catastrophic events are somehow connected to the mental breakdown from which she's suffering.,[],[],https://image.tmdb.org/t/p/w500/4VOyofBd1pexblxtDZYtYIk7NI4.jpg
Loving Vincent,2017,7.991,2541,6.5251,A young man arrives at the last hometown of painter Vincent van Gogh to deliver the troubled artist's final letter and ends up investigating his final days there.,[],[],https://image.tmdb.org/t/p/w500/56sq57kDm7XgyXBYrgJLumo0Jac.jpg
Pitch Perfect 3,2017,6.5,3394,7.1428,"After the highs of winning the world championships, the Bellas find themselves split apart and discovering there aren't job prospects for making music with your mouth. But when they get the chance to reunite for an overseas USO tour, this group of awesome nerds will come together to make some music, and some questionable decisions, one last time.",[],[],https://image.tmdb.org/t/p/w500/v4tbRRX0OSOHcgz2869rEjcBwOJ.jpg
Death Fighter,2017,6.5,9,6.0141,"When an American cop witnesses his mentor's murder in a trade deal gone wrong, he finds himself on the wrong side of the law in Thailand. But despite the bounty on his head and pressure to leave the country, he teams up with an ex-military mercenary out to settle a score of his own to bring the killers to justice. Their quest for vengeance brings them face-to-face with a band of notorious",[],[],https://image.tmdb.org/t/p/w500/3G2nPaI93RurE7wOEy5hCg0v3X5.jpg
mother!,2018,6.967,6888,5.3942,"A couple's relationship is tested when uninvited guests arrive at their home, disrupting their tranquil existence.",[],[],https://image.tmdb.org/t/p/w500/fjny9chXPx69ln1LMJxbwi5yHMt.jpg
The Wizard of Lies,2017,6.61,618,5.5564,"A look behind the scenes at Bernie Madoff's massive Ponzi scheme, how it was perpetrated on the public and the trail of destruction it left in its wake, both for the victims and Madoff's family.",[],[],https://image.tmdb.org/t/p/w500/8k4lJ4e0hvDQtKpItXmmPdw69sO.jpg
Newness,2017,6.054,610,6.0807,"In contemporary Los Angeles, two millennials navigating a social media–driven hookup culture begin a relationship that pushes both emotional and physical boundaries.",[],[],https://image.tmdb.org/t/p/w500/vySlYPqOrI5s8Nu6bzpGKQbotVy.jpg
Kodachrome,2017,6.806,468,5.4198,"Matt Ryder is convinced to drive his estranged and dying father Benjamin Ryder cross country to deliver four old rolls of Kodachrome film to the last lab in the world that can develop them before it shuts down for good. Along with Ben's nurse Zooey, the three navigate a world changing from analogue to digital while trying to put the past behind them.",[],[],https://image.tmdb.org/t/p/w500/mseyc8v3UD1DhaZ3kSdXs4Dj9Xf.jpg
Ferrari: Race to Immortality,2017,7.1,81,5.2451,"The late 1950s were known as golden years in the world of motor racing, champions were made and lost on a Sunday, and no losses were greater than those of Enzo Ferrari’s Scuderia.  Based on Chris Nixon’s bestselling biography Mon Ami Mate, Ferrari: Race to Immortality tells the story of the loves and losses, triumphs and tragedy of a turbulent era that shook the motor racing world.",[],[],https://image.tmdb.org/t/p/w500/lkN67j8e6fszSuRL7XuNMTY0oeT.jpg
Olaf's Frozen Adventure,2017,6.5,1466,5.6211,"Olaf is on a mission to harness the best holiday traditions for Anna, Elsa, and Kristoff.",[],[],https://image.tmdb.org/t/p/w500/As8WTtxXs9e3cBit3ztTf7zoRmm.jpg
Holiday Inn: The New Irving Berlin Musical - Live on Broadway,2017,7.3,7,5.8756,"Jim leaves the bright lights of show business behind to settle down on his farmhouse in Connecticut… but life just isn’t the same without a bit of song and dance. Jim’s luck takes a spectacular turn when he meets Linda, a spirited schoolteacher with talent to spare. Together they turn the farmhouse into a fabulous inn with dazzling performances to celebrate each holiday, from Thanksgiving to the Fourth of July. But when Jim’s best friend Ted tries to lure Linda away to be his new dance partner in Hollywood, will Jim be able to salvage his latest chance at love?",[],[],https://image.tmdb.org/t/p/w500/da9hiD8Huzu199mVTSutHZi82NR.jpg
The Jade Pendant,2017,6.0,7,5.7556,"Fleeing an arranged marriage in China, the independent Peony signs a contract to work as a “flower girl” in America, where she meets Tom, an American Born Chinese cook whose father works on the Transcontinental Railroad. Thwarted by a Hong Kong Triad boss seeking to extend his power into America, theirs is the tale of the first great Chinese immigration to the United States – a story of romance, bigotry, passion, food and a search for everlasting love – set against the largest mass lynching in American history, in Los Angeles’ Chinatown, in 1871.",[],[],https://image.tmdb.org/t/p/w500/i8slDO1TaHFY0tzNHYvIDKw8XjE.jpg
Red Nose Day Actually,2017,7.0,267,5.1996,"Fourteen years after the events of the first film, a series of encounters between people in Britain reminds us that in these different times Love, actually exists.",[],[],https://image.tmdb.org/t/p/w500/m7gBvNIXFwvuZKXd0CdbX9vwj5B.jpg
The Beguiled,2017,5.915,2194,6.2939,"During the Civil War, at a Southern girls’ boarding school, young women take in an injured enemy soldier. As they provide refuge and tend to his wounds, the house is taken over with sexual tension and dangerous rivalries, and taboos are broken in an unexpected turn of events.",[],[],https://image.tmdb.org/t/p/w500/x4R9jyiZhJzevASus5n6WyHQTdR.jpg
A Mermaid's Tale,2017,5.33,50,6.315,"12-year-old Ryan moves to the town where her father was born—a bleak, dying fishing town. However, exploring the coast, she discovers a cove that is home to a mysterious girl named Coral who reveals herself to be a mermaid.",[],[],https://image.tmdb.org/t/p/w500/4m6MJnH7EdwQ6Tcli8pI8YgQscT.jpg
Brain on Fire,2017,7.026,1403,6.5968,"Susannah Cahalan, an up-and-coming journalist at the New York Post becomes plagued by voices in her head and seizures, causing a rapid descent into insanity.",[],[],https://image.tmdb.org/t/p/w500/kEwI53HNDO0ajSUWh4HSsGrlF6l.jpg
Marry Me at Christmas,2017,6.4,63,5.7907,"Organizing a Christmas wedding is a true treat for bridal boutique owner Madeline Krug. She loves the challenge of finding the perfect dress for the bride and orchestrating an exquisite event. What Madeline didn’t expect was to be swept off her feet by the bride’s gorgeous brother, movie star, Jonny Blaze. Jonny came to the quirky town of Fool’s Gold to support his sister -- not to fall in love. Yet Madeline is the most extraordinary woman he’s ever met, and she finds the real Jonny even more captivating than her celebrity crush. Will the action star be brave enough to take on the role of a lifetime?",[],[],https://image.tmdb.org/t/p/w500/aAzbrvZLiurV0i7rJdVCXlOmVOa.jpg
Suburbicon,2017,5.885,1762,5.7943,"In the quiet family town of Suburbicon during the 1950s, the best and worst of humanity is hilariously reflected through the deeds of seemingly ordinary people. When a home invasion turns deadly, a picture-perfect family turns to blackmail, revenge and murder.",[],[],https://image.tmdb.org/t/p/w500/yqYwf0kPK2SaCWM80msl4nYK6U7.jpg
Unforgettable,2017,5.91,674,6.1101,"Barely coping with the end of her marriage, Tessa Connover learns that her ex-husband, David, is now happily engaged to Julia. Trying to settle into her new life after moving in with David, Julia believes she has finally met the man of her dreams, the man who can help her forget her troubled past. Soon, Tessa's jealousy starts to consume her, and she will stop at nothing to turn Julia's paradise into the ultimate nightmare.",[],[],https://image.tmdb.org/t/p/w500/jKyjJu3N0bcF9TzcyGLb0Nn6Uqq.jpg
S.W.A.T.: Under Siege,2017,5.9,389,5.4754,"When a D.E.A. and S.W.A.T. cartel takedown ends in a shootout, S.W.A.T. Agent Travis Hall seizes a mysterious prisoner taking him into custody. Before long, the S.W.A.T. compound is under siege by wave-after-wave of assault teams attempting to recover the prisoner known as “The Scorpion” for the tattoo blazed across his back. When Travis discovers that his prisoner is a Secret Ops double agent planted within the cartel, it’s up to him and his expert S.W.A.T. team to keep “The Scorpion” and his billion dollar secrets safe.",[],[],https://image.tmdb.org/t/p/w500/sGcDltZ2aUgLV7oFxGlpO1oGmc0.jpg
Cops and Robbers,2017,4.9,23,4.7714,"A police hostage negotiator plays a dangerous game of cat and mouse with a cornered bank robber who is hell bent on getting out of the bank and humiliating his brother, the police hostage negotiator, in the process.",[],[],https://image.tmdb.org/t/p/w500/jtcEfJs4pKuJBEcTjnk3H9KCo0E.jpg
The Immortal Life of Henrietta Lacks,2017,6.437,103,4.7007,An African-American woman becomes an unwitting pioneer for medical breakthroughs when her cells are used to create the first immortal human cell line in the early 1950s.,[],[],https://image.tmdb.org/t/p/w500/njFJjXhK94NXAxo9MJrskFpqWMg.jpg
The Ritual,2017,6.3,3249,7.443,"A group of college friends reunite for a trip to the forest, but encounter a menacing presence in the woods that's stalking them.",[],[],https://image.tmdb.org/t/p/w500/9022CYEGqYETCeXN1oE3uwYJWub.jpg
The Big Sick,2017,7.331,2532,5.5545,"Pakistan-born comedian Kumail Nanjiani and grad student Emily Gardner fall in love but struggle as their cultures clash. When Emily contracts a mysterious illness, Kumail finds himself forced to face her feisty parents, his family's expectations, and his true feelings.",[],[],https://image.tmdb.org/t/p/w500/9fJTT8pBxxQsFILJHTtHhdYFr77.jpg
High Heel Homicide,2017,5.118,34,5.8498,"As a string of brutal murders plague the city, two undercover detectives race to solve the mystery and unmask the killer. Their only clues: each victim is a former cop and each has a blood-red letter painted on their body. How many will have to die before the killer spells out their message in blood?",[],[],https://image.tmdb.org/t/p/w500/u8qHMiRkWPhDeL4W85OKA5cahPI.jpg
Christmas Getaway,2017,7.0,148,5.0705,"When a reservation mix-up at a mountain resort forces a newly-single travel writer to share a cabin with a handsome widower and his precocious daughter over the holidays, their lives are transformed by the magic of Christmas and the unexpected power of love.",[],[],https://image.tmdb.org/t/p/w500/ohBJhAI7YJrlYmnr4czCvZj1FW7.jpg
Picture of Beauty,2017,4.254,57,4.7963,"In an early 20th century village, a painter with an unusual commission finds two pretty girls two model for him. The girls slowly come of age while exploring their sexuality and finding liberation in a repressed society.",[],[],https://image.tmdb.org/t/p/w500/mH9ngk8aY6a96rlMRoHcSMb1Wno.jpg
Give Me Future: Major Lazer in Cuba,2017,9.0,5,5.0896,"In the spring of 2016, global music sensation Major Lazer performed a free concert in Havana, Cuba—an unprecedented show that drew an audience of almost half a million. This concert documentary evolves into an exploration of youth culture in a country on the precipice of change.",[],[],https://image.tmdb.org/t/p/w500/5weTtUUYevS4fXZPV1DMG0eTGIY.jpg
The Show,2017,5.7,209,6.0388,"An unsettling look at reality television, where a disturbing game show has its contestants ending their lives for the public's enjoyment.",[],[],https://image.tmdb.org/t/p/w500/oe0WzIcsCfwYLu5WhHKOjXO4aYx.jpg
Happy Death Day,2017,6.7,6389,5.4558,"Caught in a bizarre and terrifying time warp, college student Tree finds herself repeatedly reliving the day of her murder, ultimately realizing that she must identify the killer and the reason for her death before her chances of survival run out.",[],[],https://image.tmdb.org/t/p/w500/cTaEIUYTt52ooq9quVbAQ7NpGwo.jpg
To the Bone,2017,7.207,3550,5.4952,A young woman dealing with anorexia meets an unconventional doctor who challenges her to face her condition and embrace life.,[],[],https://image.tmdb.org/t/p/w500/pkdxhdB3dRUqazqoy9lzUvhayjc.jpg
Papillon,2017,7.3,2041,5.8154,"Henri “Papillon” Charrière, a safecracker from the Parisian underworld, is wrongfully convicted and sentenced to life imprisonment in the penal colony of French Guiana, where he forges a strong friendship with Louis Dega, a counterfeiter who needs his protection.",[],[],https://image.tmdb.org/t/p/w500/ahF5c6vyP8HWMqIwlhecbRALkjq.jpg
The Power of the Present,2017,8.5,14,5.2916,"Exploring the history of the 'Power Rangers' franchise, casting, special effects and music.",[],[],https://image.tmdb.org/t/p/w500/935rKaSrvVvjjmdL0a1fnyVSg1W.jpg
Christmas in Evergreen,2017,6.382,106,5.6581,"Allie, a veterinarian in Evergreen, reluctantly will spend Christmas with her long-distance boyfriend. Bound for the airport, she has engine trouble, and Ryan, headed to Florida with his daughter Zoe, stops to help. Sure they won’t meet again, they ignore their attraction, and part ways. At the diner, Zoe wishes on a snow globe, and a storm seems to grant her wish.",[],[],https://image.tmdb.org/t/p/w500/i6nRUfxSGVkeTnuZ7uhJ4dF2ayX.jpg
Phantom Thread,2017,7.312,3625,5.4609,"In 1950s London, a renowned dressmaker's meticulous lifestyle begins drastically changing as his relationship with his young muse intensifies.",[],[],https://image.tmdb.org/t/p/w500/hgoWjp9Sh0MI97eAMZCnIoVfgvq.jpg
The Lost City of Z,2017,6.395,2998,5.1715,"A true-life drama in the 1920s, centering on British explorer Col. Percy Fawcett, who discovered evidence of a previously unknown, advanced civilization in the Amazon and disappeared whilst searching for it.",[],[],https://image.tmdb.org/t/p/w500/dgDVkGFltTm1MCoFtlq91r7jwi9.jpg
A Life in Waves,2017,6.7,7,5.2336,Explores the life and innovations of composer and electronic music pioneer Suzanne Ciani.,[],[],https://image.tmdb.org/t/p/w500/ltdQpBwLDts1kIIT8bVNd4IYtR5.jpg
6 Below: Miracle on the Mountain,2017,5.818,379,5.4835,An adrenaline seeking snowboarder gets lost in a massive winter storm in the back country of the High Sierras where he is pushed to the limits of human endurance and forced to battle his own personal demons as he fights for survival....,[],[],https://image.tmdb.org/t/p/w500/wgHFllRwPp5CUVbWNmQGX6lRBWt.jpg
Oceans Rising,2017,4.732,110,5.3437,"A scientist readies a boat after his warnings of an Earth-destroying flood are ignored. However, after the disasters reach a peak level of destruction those who maligned the scientist now turn to him in desperation, as he and other refugees look to save the world and stop the disaster using the two Supercolliders on opposite sides of the Atlantic.",[],[],https://image.tmdb.org/t/p/w500/3PzeV1qxvSQnu5BdG5tbTmEszDz.jpg
The Redemption of Vincent Young,2017,0.0,0,4.7936,"After the sudden death of his twin brother, aging slacker Vincent Young returns to his hometown to look over his nephew, Greg and sister-in-law, Cate. But suburban life proves to be too much for the puerile gamer as he struggles to hold a job and pursue his dreams of creating a virtual reality console while fighting for the affection of his new family when Cate's revered co-worker moves in. After a string of disastrous confrontations and on the verge of a mental breakdown, Vincent befriends a mysterious homeless man and re-unites with his best friend in a frantic attempt to connect with his nephew and prove himself as a worthy successor to his late sibling in this outrageous comedy.",[],[],https://image.tmdb.org/t/p/w500/4uIhMdK03AJfDQq6Iq8V1xqL3iv.jpg
Moonlight in Vermont,2017,6.1,59,5.1012,"After fast-paced New York City high-end real estate broker Fiona Rangely gets dumped by her boyfriend, she escapes to her family’s quaint Vermont Inn for a few days to slow down and evaluate her life. When her ex-boyfriend Nate shows up at the Inn with a brand new girlfriend, Fiona quickly devises a plan to win him back: pretend the handsome and very laid- back head chef Derek is her new boyfriend! Much to the surprise of Derek --and to Fiona herself-- in pretending to be in love, she realizes that she’s been thrown a curveball: sometimes the best things in life are worth the wait.",[],[],https://image.tmdb.org/t/p/w500/wITyFvOffnDi09fqBmORUhE6zS6.jpg
The Killing of a Sacred Deer,2018,7.011,4262,5.528,"Dr. Steven Murphy is a renowned cardiovascular surgeon who presides over a spotless household with his wife and two children. Lurking at the margins of his idyllic suburban existence is Martin, a fatherless teen who insinuates himself into the doctor's life in gradually unsettling ways.",[],[],https://image.tmdb.org/t/p/w500/e4DGlsc9g0h5AyoyvvAuIRnofN7.jpg
The Archer,2017,5.395,81,5.6618,"Archer champion Lauren Pierce escapes a corrupt juvenile correctional facility with Rebecca, a fierce but alluring inmate. Together they must survive a desperate warden who is bow-hunting his prey to make sure his secret stays buried",[],[],https://image.tmdb.org/t/p/w500/x59nM0V4T0fRVtorpAv2zxgjzZg.jpg
The Keeping Hours,2017,6.96,149,4.9978,"A supernatural love story that centers on two parents whose life together falls apart after their son dies. The man, now a successful lawyer, and the woman, now married and an author, get a chance at reconciliation ten years later.",[],[],https://image.tmdb.org/t/p/w500/34IyXcl44VG9VVEps0rBgNo9jQb.jpg
Game of Thrones: The Story So Far,2017,7.9,18,4.97,The story of Game Of thrones before the TV series.,[],[],https://image.tmdb.org/t/p/w500/eAi9qEEKMTVruWfDFrZ58wEy5xS.jpg
From Hell to the Wild West,2017,2.9,9,5.0933,"A psychotic killer has found a new hunting ground. A place where people frequently go missing so his murders can go un-noticed. The American frontier. The wild west has never been wilder as it encounters its first serial killer. A deranged psychopath slaughters his way through a mining town in the Sierra mountains. A law man is on his trail and is ready to serve justice. What he doesn’t know, is that this killer could be... Jack the Ripper.",[],[],https://image.tmdb.org/t/p/w500/aA66wC0oqBoGBUwGcm27c6jB53R.jpg
An Inconvenient Sequel: Truth to Power,2017,6.611,175,5.277,"A decade after An Inconvenient Truth brought climate change into the heart of popular culture comes the riveting and rousing follow-up that shows just how close we are to a real energy revolution. Vice President Al Gore continues his tireless fight, traveling around the world training an army of climate champions and influencing international climate policy. Cameras follow him behind the scenes—in moments private and public, funny and poignant—as he pursues the empowering notion that while the stakes have never been higher, the perils of climate change can be overcome with human ingenuity and passion.",[],[],https://image.tmdb.org/t/p/w500/2WauUg4DcUxng5nwhisu7UFZq4Z.jpg
Hollow in the Land,2017,5.4,60,5.1425,"With their father in prison for murder, siblings Alison and Brandon are instantly considered suspects when a string of killings plagues their town, and they must fight to clear their names.",[],[],https://image.tmdb.org/t/p/w500/972zKdDp4rJfu1IkOigiL97vsQh.jpg
The Christmas Cottage,2017,6.302,58,5.4861,"When Lacey takes a rare break from work for her friend Ava's Christmas Eve wedding, she reconnects with her former flame, Ean. The two decorate the cottage where the newlyweds will spend their honeymoon – a cottage said to bring true love to anyone who stays there – and feel their chemistry return.",[],[],https://image.tmdb.org/t/p/w500/qx2FnjqJGlw8BgIYRGVyid7rJ18.jpg
The Jetsons & WWE: Robo-WrestleMania,2017,7.8,57,4.6707,"Blast off to adventure in this animated feature where our favorite space-age family, The Jetsons, meet the superstars of WWE! When George unearths WWE’s Big Show, who has been frozen for 100 years, the futuristic face-off begins! Once thawed, Big Show wastes no time in taking the WWE belt from the current robot champ as well as taking total control of Orbit City. It’s up to The Jetsons to travel back in time and enlist help from WWE’s brightest stars: Sheamus, Alicia Fox, Roman Reigns, Seth Rollins and the Uso brothers. Can this cosmic tag-team prevail and set this twisted time-warp straight? Tune in and see with The Jetsons and WWE!",[],[],https://image.tmdb.org/t/p/w500/5IGnSewlijRC8lqYJVpYcszSu6M.jpg
Summer in the Vineyard,2017,5.547,43,5.011,"Frankie and Nate are now a couple and are gearing up for Summer Fest, the town's largest event. They can't wait to reveal their new wine and put the vineyard on the map. But when an issue with the wine puts things in jeopardy, both the relationship and the partnership will be put to the test.",[],[],https://image.tmdb.org/t/p/w500/1oU8QfjvBOWvzenbtQMC5s8Kc3A.jpg
Rough Night,2017,5.68,2056,5.2632,"Five best friends from college reunite 10 years later for a wild bachelorette weekend in Miami. Their hard partying takes a hilariously dark turn when they accidentally kill a male stripper. Amidst the craziness of trying to cover it up, they're ultimately brought closer together when it matters most.",[],[],https://image.tmdb.org/t/p/w500/ttC00xcQ5UIO04kU8y0h5OAIYYJ.jpg
Crooked House,2017,6.378,958,4.4467,"A private investigator helps a former flame solve the murder of her wealthy grandfather, who lived in a sprawling estate surrounded by his idiosyncratic family.",[],[],https://image.tmdb.org/t/p/w500/AewyKG2cvgZQBG4XU6SVomfu1k5.jpg
Deadly Vows,2017,5.1,27,4.8172,"Pastry chef Helena poisons men who don't meet her high standards. Her fiancé Charlie has nothing to worry about, at least until his sister Becca becomes suspicious of Helena's culinary killing past. It's up to Becca to save Charlie from both the altar and the grave.",[],[],https://image.tmdb.org/t/p/w500/3n9Os1kevuq4MTyYmfB7daofq0a.jpg
The Snowman,2017,5.217,2311,5.6418,Detective Harry Hole investigates the disappearance of a woman whose pink scarf is found wrapped around an ominous looking snowman.,[],[],https://image.tmdb.org/t/p/w500/mKsQ8KMOk0VBX26Ev0Lj6EmfGJu.jpg
Toxic Tutu,2017,5.2,4,4.8813,"Follow Mark Torgl star of 1984's The Toxic Avenger who played ""Melvin The Mopboy"" and transforms into Toxie, as he attends the Monster Convention circuit for the first time. Discover the convention world through Torgl's eyes, and learn a deep dark secret that has kept Torgl in hiding for 30 years.",[],[],https://image.tmdb.org/t/p/w500/zxnCJjb4Gs3eP5f3Vx3anWlcdLm.jpg
Newsies,2017,8.011,89,5.034,"A week in the life of the exploited, child newspaper sellers in turn-of-the-century New York. When their publisher, Joseph Pulitzer, tries to squeeze a little more profit out of their labours, they organize a strike, only to be confronted with the Pulitzer's hard-ball tactics.",[],[],https://image.tmdb.org/t/p/w500/3Gw7WM8xZ5xrJp1KniSbrbY9DMI.jpg
Last Rampage,2017,5.4,59,5.1157,"The true story of the infamous prison break of Gary Tison and Randy Greenwalt from the Arizona State prison in Florence, in the summer of 1978.",[],[],https://image.tmdb.org/t/p/w500/kZDF2GDto5WCPW9wbRqrqf9yRWM.jpg
The Man with the Iron Heart,2018,6.552,793,5.5054,"With the Third Reich at its peak in 1942, the Czech resistance in London plans the most ambitious military operation of WWII –  Anthropoid. Two young recruits are sent to Prague to assassinate the most ruthless Nazi leader – Reinhard Heydrich, head of the Reich Security Main Office, the Gestapo and the architect of the Final Solution.",[],[],https://image.tmdb.org/t/p/w500/ZVQfCY2DgCjrm8w2saXvT8Ao3B.jpg
Love Struck Café,2017,6.4,46,5.7199,"Megan Quinn, an aspiring architect, faces multiple tasks – developing her hometown lake into a commercialized entertainment center, forcing Mrs. Frances Figgins, her childhood mentor, out of her family’s home, and helping out at her family café after her father breaks his leg, all while also dealing with the return of her childhood sweetheart, Joe, who broke her heart.",[],[],https://image.tmdb.org/t/p/w500/qNJFSvXIqp7oAnEtfrfKohIJTm9.jpg
Unearthed & Untold: The Path to Pet Sematary,2017,6.7,31,4.8606,"This documentary is a detailed look into the making of PET SEMATARY, one of the most enduring cult-horror classics of our generation.",[],[],https://image.tmdb.org/t/p/w500/bX5L2eW2hDEq1WLAnjrlBahFY76.jpg
L7: Pretend We're Dead,2017,7.0,15,3.9679,"A real time journey witnessing the rise, fall, and ultimate redemption of the fierce feminist pioneers of American grunge punk: L7.",[],[],https://image.tmdb.org/t/p/w500/bAWbUsfGwx0YQMZcXbI6fWTQcuJ.jpg
A Witches' Ball,2017,6.258,62,5.4689,"Every year the Witching World gathers to celebrate the newly inducted witches into their world. Beatrix (12) is eager to become part of this world, but when her pending magical status is jeopardized she needs the help of her furry best friend Muggs (voiced by Joey Fatone) to solve some magical riddles before the big event. Will Beatrix sink or soar on the night of the Witches' Ball?",[],[],https://image.tmdb.org/t/p/w500/70RiLlSIi5q17Ybnq61rUt8JVoU.jpg
Great Great Great,2017,4.286,7,5.1174,"Lauren simultaneously starts an affair with her boss, rents a bachelor apartment, and asks her boyfriend Tom to marry her.",[],[],https://image.tmdb.org/t/p/w500/7zlCE6E2Q8xNCJ9h547v9RXIpN1.jpg
The Lego Ninjago Movie,2017,6.514,1126,5.1086,"Six young ninjas are tasked with defending their island home of Ninjago. By night, they’re gifted warriors using their skill and awesome fleet of vehicles to fight villains and monsters. By day, they’re ordinary teens struggling against their greatest enemy....high school.",[],[],https://image.tmdb.org/t/p/w500/vUo0pNXGhp2ffTJxiStWt6fHL7F.jpg
The Last Shaman,2017,7.2,31,5.1496,"James, giving himself 12 months before he has ""a license to kill himself,"" sets off to the Amazon rainforest with hopes of finding a shaman who can save his life.",[],[],https://image.tmdb.org/t/p/w500/52wrrla3cOVadcNNBNf3HVKeX7d.jpg
The Ottoman Lieutenant,2017,6.099,267,5.5552,"Lillie, a determined American woman, ventures overseas to join Dr. Jude at a remote medical mission in the Ottoman Empire (now Turkey). However, Lillie soon finds herself at odds with Jude and the mission’s founder, Woodruff, when she falls for the titular military man, Ismail, just as the war is about to erupt.",[],[],https://image.tmdb.org/t/p/w500/keHVpf7x6Na3KK7ep2BXzd2jlCv.jpg
LBJ,2017,6.386,162,4.8531,The story of U.S. President Lyndon Baines Johnson from his young days in West Texas to the White House.,[],[],https://image.tmdb.org/t/p/w500/780oVVWLDHMx2DCn0xUHeOEw0na.jpg
Most Beautiful Island,2017,5.585,123,5.4191,"Chronicling one harrowing day in the life of Luciana, a young woman struggling to make ends meet while striving to escape her past. As Luciana’s day unfolds, she is whisked, physically and emotionally, through a series of troublesome, unforeseeable extremes.",[],[],https://image.tmdb.org/t/p/w500/uRW4NGnfYHcV65QKnUC4Q5EyhVe.jpg
Cargo,2017,6.399,1797,4.3913,"After being infected in the wake of a violent pandemic and with only 48 hours to live, a father struggles to find a new home for his baby daughter.",[],[],https://image.tmdb.org/t/p/w500/cdPSUck4tBRvRu6DFk6XciDrssn.jpg
Wonderstruck,2018,6.1,419,4.5597,The story of a young boy in the Midwest is told simultaneously with a tale about a young girl in New York from fifty years ago as they both seek the same mysterious connection.,[],[],https://image.tmdb.org/t/p/w500/7hPnW1yWlIJcKCEQ5Kbr5dMtrDp.jpg
Descendants 2,2017,7.3,1729,5.1198,"When the pressure to be royal becomes too much for Mal, she returns to the Isle of the Lost where her archenemy Uma, Ursula's daughter, has taken her spot as self-proclaimed queen.",[],[],https://image.tmdb.org/t/p/w500/qoNlGfQmFZ37Gf5fRBaCTLlOZtx.jpg
The Time of Their Lives,2017,5.044,34,5.1055,"Determined to gatecrash her ex-lover's funeral on glamorous French hideaway Île de Ré, former Hollywood siren Helen escapes her London retirement home with help of repressed English housewife Priscilla and they hit the road together in a race to get to the funeral on time.",[],[],https://image.tmdb.org/t/p/w500/rsMPgsYc0OauPZuN2Fi1bAXmpaw.jpg
LEGO DC Super Hero Girls: Brain Drain,2017,6.4,50,4.6161,"When Supergirl, Wonder Woman, Batgirl, Bumblebee and Katana suddenly realize they cannot remember a single moment from their Monday at Super Hero High, the young DC Super Heroes spring into sleuthing action! Suspecting foul-play, they band together to retrace their steps and uncover the mystery of who exactly stole their memories – and what nefarious plan might be afoot?",[],[],https://image.tmdb.org/t/p/w500/niLX2txdI5GlVowJlnb5Hr26QpK.jpg
Gender Revolution: A Journey with Katie Couric,2017,5.675,20,4.3848,"Katie Couric travels across the U.S. to talk with scientists, psychologists, activists, authors and families about the complex issue of gender.",[],[],https://image.tmdb.org/t/p/w500/f7VM9nhPSNtuFqet26uMim0PCXd.jpg
2036: Nexus Dawn,2017,6.861,395,5.3625,"This in-world short film takes place in the year 2036 and revolves around Jared Leto’s character, Niander Wallace. In this short, Wallace introduces a new line of “perfected” replicants called the Nexus 9, seeking to get the prohibition on replicants repealed. This no doubt has serious ramifications that will be crucial to the plot of Blade Runner 2049.",[],[],https://image.tmdb.org/t/p/w500/qPci3811kFmPPEevGrnjeKWokD4.jpg
Dead Again in Tombstone,2017,4.916,83,5.1342,"The devil’s outlaw and reluctant servant, Guerrero returns from the dead again in this action-packed western which promises to be one hell of a ride. Guerrero is forced to protect a stolen relic from getting into the hands of Jackson Boomer and his gang of soldiers, but Jackson will stop at nothing to raise his comrades from the dead and bring the wrath of hell upon earth. Guerrero must use all his dark powers in order to defeat Jackson and find redemption…or die again trying.",[],[],https://image.tmdb.org/t/p/w500/yzwvAzM6TSgIlcD2HdKFVTw8TYO.jpg
Unlocked,2017,6.24,1151,5.6838,"After failing to apprehend the terrorist behind a Paris attack that claimed dozens of lives, CIA agent Alice Racine is forced to live in London as a caseworker. Her mentor unexpectedly calls her back into action when the CIA discovers that another attack is imminent. Alice soon learns that the classified information she's uncovered has been compromised...",[],[],https://image.tmdb.org/t/p/w500/fBDLdEraxCBKGmOPb6pJPYiDQh1.jpg
Paranormal Evil,2017,3.714,7,3.8035,"The child survivor of Victorville's most infamous murder case that brutally claimed the life of her mother, Alexis is now turning 21 and the sole heir to the Victorville estate. But when she receives the deed to her old family home, she also receives it's secrets. Making the house her new home yet unable to shake the feeling that evil forces within it are responsible for creepy occurrences, Alexis and her friends investigate the home's history and discover that the dangerous entity may have been responsible for her mother's death and so many more.",[],[],https://image.tmdb.org/t/p/w500/45L9Eiif5kGriiNK9RmEIZBQgj.jpg
Death Note,2017,4.3,4039,4.4532,"Light Turner finds a supernatural notebook and uses it to mete out death, attracting the attention of a detective, a demon and a girl in his class.",[],[],https://image.tmdb.org/t/p/w500/8xRQ0KG9ZZzjEiFa5fgEaTKhc0d.jpg
A Death in the Gunj,2017,7.0,50,4.686,Life for a shy young Indian student slowly falls to pieces during a family road trip.,[],[],https://image.tmdb.org/t/p/w500/vXSnbVgCJpsa3xQV93ol94eiXV0.jpg
Avengers: Infinity War,2018,8.235,31078,34.5638,"As the Avengers and their allies have continued to protect the world from threats too large for any one hero to handle, a new danger has emerged from the cosmic shadows: Thanos. A despot of intergalactic infamy, his goal is to collect all six Infinity Stones, artifacts of unimaginable power, and use them to inflict his twisted will on all of reality. Everything the Avengers have fought for has led up to this moment - the fate of Earth and existence itself has never been more uncertain.",[],[],https://image.tmdb.org/t/p/w500/7WsyChQLEftFiDOVTGkv3hFpyyt.jpg
Incredibles 2,2018,7.455,13324,23.7112,"Elastigirl springs into action to save the day, while Mr. Incredible faces his greatest challenge yet – taking care of the problems of his three children.",[],[],https://image.tmdb.org/t/p/w500/9lFKBtaVIhP7E2Pk0IY1CwTKTMZ.jpg
Fifty Shades Freed,2018,6.685,8215,21.8629,"Believing they have left behind shadowy figures from their past, newlyweds Christian and Ana fully embrace an inextricable connection and shared life of luxury. But just as she steps into her role as Mrs. Grey and he relaxes into an unfamiliar stability, new threats could jeopardize their happy ending before it even begins.",[],[],https://image.tmdb.org/t/p/w500/jjPJ4s3DWZZvI4vw8Xfi4Vqa1Q8.jpg
Spider-Man: Into the Spider-Verse,2018,8.396,16548,20.6415,"Struggling to find his place in the world while juggling school and family, Brooklyn teenager Miles Morales is unexpectedly bitten by a radioactive spider and develops unfathomable powers just like the one and only Spider-Man. While wrestling with the implications of his new abilities, Miles discovers a super collider created by the madman Wilson ""Kingpin"" Fisk, causing others from across the Spider-Verse to be inadvertently transported to his dimension.",[],[],https://image.tmdb.org/t/p/w500/iiZZdoQBEYBv6id8su7ImL0oCbD.jpg
The Nun,2018,5.9,6997,17.0742,A priest with a dark past and a novice nearing her final vows are sent by the Vatican to Romania to investigate a nun's death and face a demonic force.,[],[],https://image.tmdb.org/t/p/w500/sFC1ElvoKGdHJIWRpNB3xWJ9lJA.jpg
Venom,2018,6.827,16816,17.2833,"Investigative journalist Eddie Brock attempts a comeback following a scandal, but accidentally becomes the host of Venom, a violent, super powerful alien symbiote. Soon, he must rely on his newfound powers to protect the world from a shadowy organization looking for a symbiote of their own.",[],[],https://image.tmdb.org/t/p/w500/2uNW4WbgBXL25BAbXGLnLqX71Sw.jpg
Hereditary,2018,7.287,8192,15.4695,"Following the death of the Leigh family matriarch, Annie and her children uncover disturbing secrets about their heritage. Their daily lives are not only impacted, but they also become entangled in a chilling fate from which they cannot escape, driving them to the brink of madness.",[],[],https://image.tmdb.org/t/p/w500/hjlZSXM86wJrfCv5VKfR5DI2VeU.jpg
Terrifier,2018,6.3,2795,12.8633,A maniacal clown named Art terrorizes three young women on Halloween night and everyone else who stands in his way.,[],[],https://image.tmdb.org/t/p/w500/fjXqhGmaeQpB73WerhrYU6HlyV5.jpg
Green Book,2019,8.226,12326,14.2905,"Tony Lip, a bouncer in 1962, is hired to drive pianist Don Shirley on a tour through the Deep South in the days when African Americans, forced to find alternate accommodations and services due to segregation laws below the Mason-Dixon Line, relied on a guide called The Negro Motorist Green Book.",[],[],https://image.tmdb.org/t/p/w500/7BsvSuDQuoqhWmU2fL7W2GOcZHU.jpg
Ready Player One,2018,7.584,16320,15.1044,"When the creator of a popular video game system dies, a virtual contest is created to compete for his fortune.",[],[],https://image.tmdb.org/t/p/w500/pU1ULUq8D3iRxl1fdX2lZIzdHuI.jpg
Halloween,2018,6.563,4904,14.3227,"Laurie Strode comes to her final confrontation with Michael Myers, the masked figure who has haunted her since she narrowly escaped his killing spree on Halloween night four decades ago.",[],[],https://image.tmdb.org/t/p/w500/f7JAX5EGk4GgsEnus6OxyzwpFp7.jpg
Jurassic World: Fallen Kingdom,2018,6.538,12371,13.4676,"Three years after Jurassic World was destroyed, Isla Nublar now sits abandoned. When the island's dormant volcano begins roaring to life, Owen and Claire mount a campaign to rescue the remaining dinosaurs from this extinction-level event.",[],[],https://image.tmdb.org/t/p/w500/270MrJNqJovumHXGE6SSt0zwUIF.jpg
A Quiet Place,2018,7.4,14841,13.0108,A family is forced to live in silence while hiding from creatures that hunt by sound.,[],[],https://image.tmdb.org/t/p/w500/nAU74GmpUk7t5iklEp3bufwDq4n.jpg
Maze Runner: The Death Cure,2018,7.093,8141,12.9743,"Thomas leads his group of escaped Gladers on their final and most dangerous mission yet. To save their friends, they must break into the legendary Last City, a WCKD-controlled labyrinth that may turn out to be the deadliest maze of all. Anyone who makes it out alive will get answers to the questions the Gladers have been asking since they first arrived in the maze.",[],[],https://image.tmdb.org/t/p/w500/drbERzlA4cuRWhsTXfFOY4mRR4f.jpg
The Grinch,2018,6.866,4261,13.5829,The Grinch hatches a scheme to ruin Christmas when the residents of Whoville plan their annual holiday celebration.,[],[],https://image.tmdb.org/t/p/w500/1Bc9VNd9CIHIyJtPKFqSQzrXWru.jpg
Deadpool 2,2018,7.488,18680,13.4323,Wisecracking mercenary Deadpool battles the evil and powerful Cable and other bad guys to save a boy's life.,[],[],https://image.tmdb.org/t/p/w500/to0spRl1CMDvyUbOnbb4fTk3VAd.jpg
The Predator,2018,5.63,4915,12.8224,"When a young boy accidentally triggers the universe's most lethal hunters' return to Earth, only a ragtag crew of ex-soldiers and a disgruntled scientist can prevent the end of the human race.",[],[],https://image.tmdb.org/t/p/w500/a3eWGF6YPF7No5Rbtjc8QpDvz7l.jpg
Black Panther,2018,7.367,22899,13.1973,"King T'Challa returns home to the reclusive, technologically advanced African nation of Wakanda to serve as his country's new leader. However, T'Challa soon finds that he is challenged for the throne by factions within his own country as well as without. Using powers reserved to Wakandan kings, T'Challa assumes the Black Panther mantle to join with ex-girlfriend Nakia, the queen-mother, his princess-kid sister, members of the Dora Milaje (the Wakandan 'special forces') and an American secret agent, to prevent Wakanda from being dragged into a world war.",[],[],https://image.tmdb.org/t/p/w500/uxzzxijgPIY7slzFvMotPv8wjKA.jpg
Mission: Impossible - Fallout,2018,7.443,8781,11.6812,"When an IMF mission ends badly, the world is faced with dire consequences. As Ethan Hunt takes it upon himself to fulfill his original briefing, the CIA begin to question his loyalty and his motives. The IMF team find themselves in a race against time, hunted by assassins while trying to prevent a global catastrophe.",[],[],https://image.tmdb.org/t/p/w500/AkJQpZp9WoNdj7pLYSj1L0RcMMN.jpg
The First Purge,2018,6.002,4110,11.3089,"To push the crime rate below one percent for the rest of the year, the New Founding Fathers of America test a sociological theory that vents aggression for one night in one isolated community. But when the violence of oppressors meets the rage of the others, the contagion will explode from the trial-city borders and spread across the nation.",[],[],https://image.tmdb.org/t/p/w500/litjsBoiydO6JlO70uOX4N3WnNL.jpg
Creed II,2018,7.034,5616,10.3386,"Between personal obligations and training for his next big fight against an opponent with ties to his family's past, Adonis Creed is up against the challenge of his life.",[],[],https://image.tmdb.org/t/p/w500/v3QyboWRoA4O9RbcsqH8tJMe8EB.jpg
The Ballad of Buster Scruggs,2018,7.13,4246,10.4361,"Vignettes weaving together the stories of six individuals in the old West at the end of the Civil War. Following the tales of a sharp-shooting songster, a wannabe bank robber, two weary traveling performers, a lone gold prospector, a woman traveling the West to an uncertain future, and a motley crew of strangers undertaking a carriage ride.",[],[],https://image.tmdb.org/t/p/w500/voxl654m7p36y8FLu8oQD7dfwwK.jpg
Ocean's Eight,2018,6.967,8555,11.6701,"Debbie Ocean, a criminal mastermind, gathers a crew of female thieves to pull off the heist of the century at New York's annual Met Gala.",[],[],https://image.tmdb.org/t/p/w500/MvYpKlpFukTivnlBhizGbkAe3v.jpg
The Meg,2018,6.248,7970,9.9833,"A deep sea submersible pilot revisits his past fears in the Mariana Trench, and accidentally unleashes the seventy foot ancestor of the Great White Shark believed to be extinct.",[],[],https://image.tmdb.org/t/p/w500/eyWICPcxOuTcDDDbTMOZawoOn8d.jpg
Tomb Raider,2018,6.367,8119,10.0504,"Lara Croft, the fiercely independent daughter of a missing adventurer, must push herself beyond her limits when she finds herself on the island where her father disappeared.",[],[],https://image.tmdb.org/t/p/w500/s4Qn5LF6OwK4rIifmthIDtbqDSs.jpg
Pacific Rim: Uprising,2018,6.133,5162,11.1641,"It has been ten years since The Battle of the Breach and the oceans are still, but restless. Vindicated by the victory at the Breach, the Jaeger program has evolved into the most powerful global defense force in human history. The PPDC now calls upon the best and brightest to rise up and become the next generation of heroes when the Kaiju threat returns.",[],[],https://image.tmdb.org/t/p/w500/nFWhttU8PM50t25NPdy7PE7rv3G.jpg
Isle of Dogs,2018,7.8,5174,8.7901,"In the future, an outbreak of canine flu leads the mayor of a Japanese city to banish all dogs to an island used as a garbage dump. The outcasts must soon embark on an epic journey when a 12-year-old boy arrives on the island to find his beloved pet.",[],[],https://image.tmdb.org/t/p/w500/c0nUX6Q1ZB0P2t1Jo6EeFSVnOGQ.jpg
Game Night,2018,6.846,6048,10.1761,"Max and Annie's weekly game night gets kicked up a notch when Max's brother Brooks arranges a murder mystery party -- complete with fake thugs and federal agents. So when Brooks gets kidnapped, it's all supposed to be part of the game. As the competitors set out to solve the case, they start to learn that neither the game nor Brooks are what they seem to be. The friends soon find themselves in over their heads as each twist leads to another unexpected turn over the course of one chaotic night.",[],[],https://image.tmdb.org/t/p/w500/85R8LMyn9f2Lev2YPBF8Nughrkv.jpg
Hunter Killer,2018,6.897,2277,9.68,"Captain Glass of the USS Arkansas discovers that a coup d'état is taking place in Russia, so he and his crew join an elite group working on the ground to prevent a war.",[],[],https://image.tmdb.org/t/p/w500/ng7ukqGaSHOuJZ4GwLJP6AH9ixc.jpg
Beautiful Boy,2019,7.551,2733,10.7099,"After he and his first wife separate, journalist David Sheff struggles to help their teenage son, who goes from experimenting with drugs to becoming devastatingly addicted to methamphetamine.",[],[],https://image.tmdb.org/t/p/w500/zuw4QtOpOO0Ib1f866SG9WmduMN.jpg
Hotel Transylvania 3: Summer Vacation,2018,6.851,4593,10.0412,"Dracula, Mavis, Johnny and the rest of the Drac Pack take a vacation on a luxury Monster Cruise Ship, where Dracula falls in love with the ship’s captain, Ericka, who’s secretly a descendant of Abraham Van Helsing, the notorious monster slayer.",[],[],https://image.tmdb.org/t/p/w500/lzE5BwGQea1nek7TPXUuC5AZ6rq.jpg
The Equalizer 2,2018,6.777,5688,10.0468,"Robert McCall, who serves an unflinching justice for the exploited and oppressed, embarks on a relentless, globe-trotting quest for vengeance when his former partner is murdered.",[],[],https://image.tmdb.org/t/p/w500/cQvc9N6JiMVKqol3wcYrGshsIdZ.jpg
Bird Box,2018,6.827,10271,8.6922,"Five years after an ominous unseen presence drives most of society to suicide, a survivor and her two children make a desperate bid to reach safety.",[],[],https://image.tmdb.org/t/p/w500/rGfGfgL2pEPCfhIvqHXieXFn7gp.jpg
The Kingdom: How Fungi Made Our World,2018,8.7,11,7.93,"You find fungi in Antarctica and in nuclear reactors. They live inside your lungs and your skin is covered with them. Fungi are the most under appreciated and unexplained organisms, yet they could cure you from smallpox and turn cardboard boxes into forests. They could even transform Mars into Eden. There are vastly more fungi species than plants and each and every one of them play a crucial role in life’s support systems. Join us on a journey into the mysterious world of Fungi to witness their beauty, unravel their mysteries and discover how this secret kingdom is essential to life on Earth, and may in fact hold the key to our future.",[],[],https://image.tmdb.org/t/p/w500/fxa4qCcvDBk2vZ0cOjjtKziIE0k.jpg
Robin Hood,2018,5.915,3061,9.5644,A war-hardened Crusader and his Moorish commander mount an audacious revolt against the corrupt English crown.,[],[],https://image.tmdb.org/t/p/w500/AiRfixFcfTkNbn2A73qVJPlpkUo.jpg
Sicario: Day of the Soldado,2018,6.938,3837,8.9698,Agent Matt Graver teams up with operative Alejandro Gillick to prevent Mexican drug cartels from smuggling terrorists across the United States border.,[],[],https://image.tmdb.org/t/p/w500/qcLYofEhNh51Sk1jUWjmKHLzkqw.jpg
Ant-Man and the Wasp,2018,6.913,13802,9.2213,"Just when his time under house arrest is about to end, Scott Lang once again puts his freedom at risk to help Hope van Dyne and Dr. Hank Pym dive into the quantum realm and try to accomplish, against time and any chance of success, a very dangerous rescue mission.",[],[],https://image.tmdb.org/t/p/w500/cFQEO687n1K6umXbInzocxcnAQz.jpg
Annihilation,2018,6.432,9048,8.7693,"A biologist signs up for a dangerous, secret expedition into a mysterious zone where the laws of nature don't apply.",[],[],https://image.tmdb.org/t/p/w500/4YRplSk6BhH6PRuE9gfyw9byUJ6.jpg
The Favourite,2018,7.502,5712,8.431,"England, early 18th century. The close relationship between Queen Anne and Sarah Churchill is threatened by the arrival of Sarah's cousin, Abigail Hill, resulting in a bitter rivalry between the two cousins to be the Queen's favourite.",[],[],https://image.tmdb.org/t/p/w500/cwBq0onfmeilU5xgqNNjJAMPfpw.jpg
Ralph Breaks the Internet,2018,7.169,7863,10.0413,"Video game bad guy Ralph and fellow misfit Vanellope von Schweetz must risk it all by traveling to the World Wide Web in search of a replacement part to save Vanellope's video game, Sugar Rush. In way over their heads, Ralph and Vanellope rely on the citizens of the internet — the netizens — to help navigate their way, including an entrepreneur named Yesss, who is the head algorithm and the heart and soul of trend-making site BuzzzTube.",[],[],https://image.tmdb.org/t/p/w500/iVCrhBcpDaHGvv7CLYbK6PuXZo1.jpg
The Kissing Booth,2018,7.172,7343,7.6571,"When teenager Elle's first kiss leads to a forbidden romance with the hottest boy in high school, she risks her relationship with her best friend.",[],[],https://image.tmdb.org/t/p/w500/vcQNnnXgKLacoYF4LNWgkNiDXPd.jpg
A Star Is Born,2018,7.497,11974,8.3616,"Seasoned musician Jackson Maine discovers — and falls in love with — struggling artist Ally. She has just about given up on her dream to make it big as a singer — until Jack coaxes her into the spotlight. But even as Ally's career takes off, the personal side of their relationship is breaking down, as Jack fights an ongoing battle with his own internal demons.",[],[],https://image.tmdb.org/t/p/w500/wrFpXMNBRj2PBiN4Z5kix51XaIZ.jpg
Peppermint,2018,6.73,2150,9.0353,"A grieving mother transforms herself into a vigilante following the murders of her husband and daughter, eluding the authorities to deliver her own personal brand of justice.",[],[],https://image.tmdb.org/t/p/w500/jrzxS0vcbzIIay1sdYm0rgI2QfJ.jpg
Aquaman,2018,6.872,14534,9.2061,"Half-human, half-Atlantean Arthur Curry is taken on the journey of his lifetime to discover if he is worth of being a king.",[],[],https://image.tmdb.org/t/p/w500/ufl63EFcc5XpByEV2Ecdw6WJZAI.jpg
Red Sparrow,2018,6.532,6190,8.7164,"Prima ballerina Dominika Egorova faces a bleak and uncertain future after she suffers an injury that ends her career. She soon turns to Sparrow School, a secret intelligence service that trains exceptional young people to use their minds and bodies as weapons. Dominika emerges as the most dangerous Sparrow after completing the sadistic training process. As she comes to terms with her new abilities, she meets a CIA agent who tries to convince her that he is the only person she can trust.",[],[],https://image.tmdb.org/t/p/w500/vLCogyfQGxVLDC1gqUdNAIkc29L.jpg
The Strangers: Prey at Night,2018,5.699,1439,8.3304,"A family's road trip takes a dangerous turn when they arrive at a secluded mobile home park to stay with some relatives and find it mysteriously deserted. Under the cover of darkness, three masked killers pay them a visit to test the family's every limit as they struggle to survive.",[],[],https://image.tmdb.org/t/p/w500/vdxLpPsZkPZdFrREp7eSeSzcimj.jpg
Den of Thieves,2018,6.9,3232,8.5414,A gritty crime saga which follows the lives of an elite unit of the LA County Sheriff's Dept. and the state's most successful bank robbery crew as the outlaws plan a seemingly impossible heist on the Federal Reserve Bank.,[],[],https://image.tmdb.org/t/p/w500/dAP5NpkrMMczir5dUPjRR6ywqgz.jpg
Crazy Rich Asians,2018,7.061,3825,8.1934,"An American-born Chinese economics professor accompanies her boyfriend to Singapore for his best friend's wedding, only to get thrust into the lives of Asia's rich and famous.",[],[],https://image.tmdb.org/t/p/w500/1XxL4LJ5WHdrcYcihEZUCgNCpAW.jpg
Overlord,2018,6.729,2985,8.0746,"France, June 1944. On the eve of D-Day, some American paratroopers fall behind enemy lines after their aircraft crashes while on a mission to destroy a radio tower in a small village near the beaches of Normandy. After reaching their target, the surviving paratroopers realise that, in addition to fighting the Nazi troops that patrol the village, they also must fight against something else.",[],[],https://image.tmdb.org/t/p/w500/l76Rgp32z2UxjULApxGXAPpYdAP.jpg
Upgrade,2018,7.496,4722,8.515,"A brutal mugging leaves Grey Trace paralyzed in the hospital and his beloved wife dead. A billionaire inventor soon offers Trace a cure — an artificial intelligence implant called STEM that will enhance his body. Now able to walk, Grey finds that he also has superhuman strength and agility — skills he uses to seek revenge against the thugs who destroyed his life.",[],[],https://image.tmdb.org/t/p/w500/woLGROUdPWdBnLVFKYdGD3kFkPY.jpg
Alpha,2018,6.527,2647,8.2958,"In the prehistoric past, Keda, a young and inexperienced hunter, struggles to return home after being separated from his tribe when bison hunting goes awry. On his way back he will find an unexpected ally.",[],[],https://image.tmdb.org/t/p/w500/afdZAIcAQscziqVtsEoh2PwsYTW.jpg
Goosebumps 2: Haunted Halloween,2018,6.1,1583,9.0388,"Be careful what you wish for. With their after school junk business, best friends Sonny and Sam hope to find treasure in other people’s trash. But when cleaning out the old Stine house, they open a locked book that frees a supernatural nightmare – Slappy! Now, with the help of Sonny’s sister Sarah, they’re in a race against time to get the sinister dummy and all the creatures he’s brought to life back into the pages before he unleashes total pandemonium!",[],[],https://image.tmdb.org/t/p/w500/t2wy38iiMpB8WsgJi3lYeDnGh2H.jpg
Bohemian Rhapsody,2018,7.965,17358,8.7124,"Singer Freddie Mercury, guitarist Brian May, drummer Roger Taylor and bass guitarist John Deacon take the music world by storm when they form the rock 'n' roll band Queen in 1970. Hit songs become instant classics. When Mercury's increasingly wild lifestyle starts to spiral out of control, Queen soon faces its greatest challenge yet – finding a way to keep the band together amid the success and excess.",[],[],https://image.tmdb.org/t/p/w500/lHu1wtNaczFPGFDTrjCSzeLPTKN.jpg
The House That Jack Built,2021,7.125,2931,7.7888,"Failed architect, engineer and vicious murderer Jack narrates the details of some of his most elaborately orchestrated crimes, each of them a towering piece of art that defines his life's work as a serial killer for twelve years.",[],[],https://image.tmdb.org/t/p/w500/bMUGNkPaHOurcBK9g3XpJx3fxuO.jpg
Johnny English Strikes Again,2018,6.263,2631,7.6997,"Disaster strikes when a criminal mastermind reveals the identities of all active undercover agents in Britain. The secret service can now rely on only one man - Johnny English. Currently teaching at a minor prep school, Johnny springs back into action to find the mysterious hacker. For this mission to succeed, he’ll need all of his skills - what few he has - as the man with yesterday’s analogue methods faces off against tomorrow’s digital technology.",[],[],https://image.tmdb.org/t/p/w500/tCBxnZwLiY1BOKw3tH6AxHZdqPh.jpg
To All the Boys I've Loved Before,2018,7.597,8592,7.7888,Lara Jean's love life goes from imaginary to out of control when her secret letters to every boy she's ever fallen for are mysteriously mailed out.,[],[],https://image.tmdb.org/t/p/w500/hKHZhUbIyUAjcSrqJThFGYIR6kI.jpg
Breslin and Hamill: Deadline Artists,2018,7.1,9,6.7281,"Directors Jonathan Alter, John Block and Steve McCarthy bring New York columnists Jimmy Breslin and Pete Hamill’s courageous writing to life, celebrating the acclaimed journalists and the city they loved.",[],[],https://image.tmdb.org/t/p/w500/7kAtHtSRbI1ECorrGVbwRupL0cc.jpg
Truth or Dare,2018,5.939,4134,8.3009,"A harmless game of ""Truth or Dare"" among friends turns deadly when someone—or something—begins to punish those who tell a lie—or refuse the dare.",[],[],https://image.tmdb.org/t/p/w500/ei2waWQAG8NP244WShIFgGu9IOu.jpg
Suicide Squad: Hell to Pay,2018,7.091,692,7.0632,"It’s batter up at Belle Reve and that can only mean that Amanda Waller, the penitentiary’s cold and calculating warden, has a mission that only the damned will take on. It’s time to unleash Task Force X again, stacked with seasoned vets such as Deadshot, Captain Boomerang and Harley Quinn, these crafty criminals are joined by newcomers Copperhead, Killer Frost and the martial art master, Bronze Tiger! With the target objective being a mystical object so powerful that they’re willing to risk their own lives to steal it, you can be sure it will be collision of chaos, gunfire and attitudes. So, take aim for a raging road trip with the Suicide Squad!",[],[],https://image.tmdb.org/t/p/w500/va1IgsZeWBbKLsZcFwz3CM1MkMu.jpg
Rampage,2018,6.456,7297,8.5018,"Primatologist Davis Okoye shares an unshakable bond with George, the extraordinarily intelligent, silverback gorilla who has been in his care since birth.  But a rogue genetic experiment gone awry mutates this gentle ape into a raging creature of enormous size.  To make matters worse, it’s soon discovered there are other similarly altered animals.  As these newly created alpha predators tear across North America, destroying everything in their path, Okoye teams with a discredited genetic engineer to secure an antidote, fighting his way through an ever-changing battlefield, not only to halt a global catastrophe but to save the fearsome creature that was once his friend.",[],[],https://image.tmdb.org/t/p/w500/MGADip4thVSErP34FAAfzFBTZ5.jpg
Bad Samaritan,2018,6.733,735,7.2216,"A thief makes a disturbing discovery in the house where he breaks in. Later, when he returns to the same house with his partner in crime, things are no longer how he expected.",[],[],https://image.tmdb.org/t/p/w500/ojCu9SLxAPwhhC2tXtHNdrTmxCH.jpg
"Hitchcock, Hopper, and the Penultimate Moment",2018,0.0,0,6.2168,"In this new video by filmmaker Daniel Raim, production designer Robert F. Boyle uncovers how two great artists—Alfred Hitchcock and Edward Hopper—mastered the subtle art of suspense.",[],[],https://image.tmdb.org/t/p/w500/6K5XDTRL65TE0kg3r9EMqElMuKD.jpg
Mamma Mia! Here We Go Again,2018,7.088,3491,6.8296,"Five years after meeting her three fathers, Sophie Sheridan prepares to open her mother’s hotel. In 1979, young Donna Sheridan meets the men who each could be Sophie’s biological father.",[],[],https://image.tmdb.org/t/p/w500/aWicerX4Y7n7tUwRAVHsVcBBpj2.jpg
The Girl in the Spider's Web,2018,6.155,1441,7.0802,"After being enlisted to recover a dangerous computer program, hacker Lisbeth Salander and journalist Mikael Blomkvist find themselves caught in a web of spies, cybercriminals and corrupt government officials.",[],[],https://image.tmdb.org/t/p/w500/w4ibr8R702DCjwYniry1D1XwQXj.jpg
Insidious: The Last Key,2018,6.253,3040,6.9255,"Parapsychologist Elise Rainier and her team travel to Five Keys, NM, to investigate a man’s claim of a haunting. Terror soon strikes when Rainier realizes that the house he lives in was her family’s old home.",[],[],https://image.tmdb.org/t/p/w500/nb9fc9INMg8kQ8L7sE7XTNsZnUX.jpg
Bumblebee,2018,6.718,6416,7.4893,"On the run in the year 1987, Bumblebee finds refuge in a junkyard in a small Californian beach town. Charlie, on the cusp of turning 18 and trying to find her place in the world, discovers Bumblebee, battle-scarred and broken.  When Charlie revives him, she quickly learns this is no ordinary yellow VW bug.",[],[],https://image.tmdb.org/t/p/w500/fw02ONlDhrYjTSZV8XO6hhU3ds3.jpg
The Hate U Give,2018,8.09,2177,7.0007,"Raised in a poverty-stricken slum, a 16-year-old girl named Starr now attends a suburban prep school. After she witnesses a police officer shoot her unarmed best friend, she's torn between her two very different worlds as she tries to speak her truth.",[],[],https://image.tmdb.org/t/p/w500/2icwBom0t5nmOuZI9FVXF3gkMK0.jpg
Solo: A Star Wars Story,2018,6.6,8977,7.2812,"Through a series of daring escapades deep within a dark and dangerous criminal underworld, Han Solo meets his mighty future copilot Chewbacca and encounters the notorious gambler Lando Calrissian.",[],[],https://image.tmdb.org/t/p/w500/4oD6VEccFkorEBTEDXtpLAaz0Rl.jpg
City of Lies,2018,6.363,650,6.9729,"Los Angeles Police Department detective Russell Poole has spent years trying to solve his biggest case -- the murders of The Notorious B.I.G. and Tupac Shakur -- but after two decades, the investigation remains open. Jack Jackson, a reporter desperate to save his reputation and career, is determined to find out why. In search of the truth, the two team up and unravel a growing web of institutional corruption and lies.",[],[],https://image.tmdb.org/t/p/w500/pK7IYQdtdWtMDBJZfMqDxgMjXEt.jpg
Mowgli: Legend of the Jungle,2018,6.47,2544,6.2797,"A human child raised by wolves, must face off against a menacing tiger named Shere Khan, as well as his own origins.",[],[],https://image.tmdb.org/t/p/w500/clRnzMsFoMIdC7I5JsG6dnnHH8l.jpg
The Nutcracker and the Four Realms,2018,6.089,2190,7.0343,"When Clara’s mother leaves her a mysterious gift, she embarks on a journey to four secret realms—where she discovers her greatest strength could change the world.",[],[],https://image.tmdb.org/t/p/w500/9vPDY8e7YxLwgVum7YZIUJbr4qc.jpg
First Man,2018,7.041,5460,6.3395,"A look at the life of the astronaut, Neil Armstrong, and the legendary space mission that led him to become the first man to walk on the Moon on July 20, 1969.",[],[],https://image.tmdb.org/t/p/w500/i91mfvFcPPlaegcbOyjGgiWfZzh.jpg
The Darkest Minds,2018,7.0,2881,8.8392,"After a disease kills 98% of America's children, the surviving 2% develop superpowers and are placed in internment camps. A 16-year-old girl escapes her camp and joins a group of other teens on the run from the government.",[],[],https://image.tmdb.org/t/p/w500/8NdQneXBYVbBKt81bFhXiyThe0h.jpg
Forever My Girl,2018,7.61,1313,7.0765,"After being gone for a decade, a country star returns home to the love he left behind.",[],[],https://image.tmdb.org/t/p/w500/bKqdggnIPeOI15VqtBZTkvh4hA9.jpg
Suspiria,2018,6.897,2674,6.1043,"A darkness swirls at the center of a world-renowned dance company, one that will engulf the artistic director, an ambitious young dancer, and a grieving psychotherapist. Some will succumb to the nightmare. Others will finally wake up.",[],[],https://image.tmdb.org/t/p/w500/bRpKFPb8CWKRQxVo9NzOuPPlO3Q.jpg
Curse of the Nun,2018,4.1,55,6.9494,"A damaged young woman is looking forward to moving to a beautiful new home, but the spirit of a deranged nun wants her to stay right where she is.",[],[],https://image.tmdb.org/t/p/w500/3r0JKOYrOmTlI2NMJtToUr8D7dp.jpg
King of Thieves,2018,5.552,445,6.7849,"London, England, April 2015. Brian Reader, a retired thief, gathers an unlikely gang of burglars to perpetrate the biggest and boldest heist in British history. The thieves assault the Hatton Garden Safe Deposit Company and escape with millions in goods and money. But soon the cracks between the gang members begin to appear when they discuss how to share the loot.",[],[],https://image.tmdb.org/t/p/w500/rtfS7y2XQ0vjTrm6khq508N0Ehk.jpg
Christmas Catch,2018,5.3,43,5.8637,"Detective Mackenzie Bennett is hot on the trail of Carson, a suspected diamond thief, and goes undercover to catch him in the act. While undercover, Mack not only falls for Carson, but begins to suspect that he's been framed. Are feelings clouding Mack's judgment or are they focusing on the wrong suspect?",[],[],https://image.tmdb.org/t/p/w500/7gRwH4w0gihgoDGAPJ5rcYFEZO0.jpg
Dystopia,2018,5.158,57,7.6949,"It is the year 2037. Our world is dying, slowly, from a virus that has rendered mankind infertile. Not a single child has been born in 25 years. Governments are now powerless puppets for the biggest corporations and Biocorp, the world's biggest, keeps promising a cure that never comes",[],[],https://image.tmdb.org/t/p/w500/8luuxpom0e0u8q3x4MtvKR0tozA.jpg
Christmas with a View,2018,5.8,310,6.5566,"This Christmas, Thunder Mountain Ski Resort is abuzz when celebrity chef Shane Roarke is named the new head chef. Clara Garrison isn't as excited and is instead focused on getting resettled after her failed attempt at opening a restaurant in the city. With their paths constantly crossing, will their shared passion for cooking bring them together or will secrets keep them apart?",[],[],https://image.tmdb.org/t/p/w500/jzDSyPq80DPRzTryh9qBOiJQI8o.jpg
Instant Family,2018,7.508,3117,6.6058,"When Pete and Ellie decide to start a family, they stumble into the world of foster care adoption. They hope to take in one small child but when they meet three siblings, including a rebellious 15 year old girl, they find themselves speeding from zero to three kids overnight.",[],[],https://image.tmdb.org/t/p/w500/xYV1mODz99w7AjKDSQ7h2mzZhVe.jpg
Be Natural: The Untold Story of Alice Guy-Blaché,2018,7.2,39,5.6029,"The epic life story of Alice Guy-Blaché (1873–1968), a French screenwriter, director and producer, true pioneer of cinema, the first person who made a narrative fiction film; author of hundreds of movies, but banished from history books. Ignored and forgotten. At last remembered.",[],[],https://image.tmdb.org/t/p/w500/o5fz4qNgI5nfDirf6UcX0SpAG6T.jpg
Vice,2019,7.013,3470,6.4576,"George W. Bush picks Dick Cheney, the CEO of Halliburton Co., to be his Republican running mate in the 2000 presidential election. No stranger to politics, Cheney's impressive résumé includes stints as White House chief of staff, House Minority Whip and Defense Secretary. When Bush wins by a narrow margin, Cheney begins to use his newfound power to help reshape the country and the world.",[],[],https://image.tmdb.org/t/p/w500/1gCab6rNv1r6V64cwsU4oEr649Y.jpg
Death Wish,2018,6.2,2656,6.3477,A mild-mannered father is transformed into a killing machine after his family is torn apart by a violent act.,[],[],https://image.tmdb.org/t/p/w500/g0eEEZAqMf98ULQnoiORuazjOpn.jpg
6-Headed Shark Attack,2018,4.7,88,6.2265,"What is supposed to be a marriage boot camp on a remote island turns into the ultimate test for survival when a 6-headed shark starts attacking the beach. Trapped with minimal weapons they try to fight off the shark, but quickly discover that no one is safe in the water or on land.",[],[],https://image.tmdb.org/t/p/w500/fS37m9pRBG0QYTeCEtzNBVVVL3H.jpg
The Professor,2018,6.854,1211,6.7031,"A world-weary college professor is given a life-changing diagnosis and decides to throw all pretense and conventions to the wind and live his life as boldly and freely as possible with a biting sense of humor, a reckless streak and a touch of madness.",[],[],https://image.tmdb.org/t/p/w500/cypBSinhGuQaZ7VuOmGtcKMp91G.jpg
Time Trap,2018,6.274,1249,6.3326,A group of students become trapped inside a mysterious cave where they discover time passes differently underground than on the surface.,[],[],https://image.tmdb.org/t/p/w500/583rpyMn8UL8F2oH26Sz6WoKDDe.jpg
What Keeps You Alive,2018,5.8,278,5.7854,"Majestic mountains, a still lake and venomous betrayals engulf a married couple attempting to celebrate their first anniversary.",[],[],https://image.tmdb.org/t/p/w500/3M9xO7BhUTggWH5XXIHOHYmtXef.jpg
Believe Me: The Abduction of Lisa McVey,2018,8.051,660,6.0346,"On the night she plans on taking her own life, 17-year-old 'Lisa McVey' is kidnapped and finds herself fighting to stay alive and is raped. She manages to talk her attacker into releasing her, but when she returns home, no one believes her story except for one detective, who suspects she was abducted by a serial killer. Based on horrifying true events.",[],[],https://image.tmdb.org/t/p/w500/qbJEzCzEKDHPZDiRvSSBiYEKaAH.jpg
The Rankin File: Legacy of a Radical,2018,0.0,0,6.5432,"A feature documentary investigation into the colourful and sometimes controversial life of Vancouver lawyer, city councillor and socialist icon Harry Rankin.",[],[],https://image.tmdb.org/t/p/w500/pCzvHkE5UNO5fZEPPw05e2WnBK7.jpg
The Vanishing of Sidney Hall,2018,6.712,267,6.3877,"Over the course of 12 years, and three stages of life, Sidney Hall falls in love, writes the book of a generation and then disappears without a trace.",[],[],https://image.tmdb.org/t/p/w500/e8SJJEliAK9g0EG5agPsbxWoWoI.jpg
The Breeding,2018,3.4,5,4.2396,An erotic thriller about a young artist whose obsession with a taboo fetish leads to life altering consequences.,[],[],https://image.tmdb.org/t/p/w500/boXwcG0dB2z83O87DL5Fgahkikd.jpg
"Pride, Prejudice and Mistletoe",2018,6.0,77,5.7321,"Darcy has always worked hard to prove herself and be successful on her own terms, even choosing to start her own company, rather than work with her father. Returning to her hometown for Christmas, Darcy reconnects with an old rival, restaurant owner Luke, and they are forced to plan a charity event together. As Darcy spends time with her family and Luke, she starts to realize what matters most in life and sets out to mend her relationship with her father, and possibly fall in love.",[],[],https://image.tmdb.org/t/p/w500/brYEwaSk7ftFlo0PWquD2JFCDRg.jpg
Werewolves of the Third Reich,2018,2.815,27,5.9307,"In Germany at the height of World War II, a ragtag group of American soldiers discover Doctor Mengele's diabolical plan to create an unstoppable army of Nazi werewolves.",[],[],https://image.tmdb.org/t/p/w500/v0STupjcDiX6TeyfkxXWMxEOSyW.jpg
Mile 22,2018,6.235,2309,5.5151,"An elite group of American operatives, aided by a top-secret tactical command team, must transport an asset who holds life-threatening information to an extraction point 22 miles away through the hostile streets of an Asian city.",[],[],https://image.tmdb.org/t/p/w500/2L8ehd95eSW9x7KINYtZmRkAlrZ.jpg
A Mother's Worst Fear,2018,6.1,9,6.1819,"When her daughter is abducted with no demand for ransom, an ex-hostage negotiator will do anything to find her.",[],[],https://image.tmdb.org/t/p/w500/aoaWDE4pujx4OlQTzog5xQnAcjm.jpg
Widows,2018,6.486,2388,6.6416,"A police shootout leaves four thieves dead during an explosive armed robbery attempt in Chicago. Their widows have nothing in common except a debt left behind by their spouses' criminal activities. Hoping to forge a future on their own terms, they join forces to pull off a heist.",[],[],https://image.tmdb.org/t/p/w500/d31SGJSaX29ba5ZUbZcesGoDE7I.jpg
The Lost Viking,2018,6.382,157,6.2013,"A young Viking called Vitharr arrives in Britain with dreams of conquest and adventure, but when his family and clan are ambushed and killed, he must survive alone in this strange,dangerous new land as he searches for his Uncle's settlement.",[],[],https://image.tmdb.org/t/p/w500/gwLNpTRoJjPMTKyhYFGMQo5ra31.jpg
Accident Man,2018,6.235,547,6.5544,"Mike Fallon, the Accident Man, is a stone cold killer.  When a loved one is murdered by his own crew, Fallon is forced to avenge the one person who actually meant something to him.",[],[],https://image.tmdb.org/t/p/w500/bHFKej3Dbr8kGRSRHpkoFHq9TJQ.jpg
Destination Wedding,2021,5.783,788,5.4161,"Frank and Lindsay—two emotionally-broken strangers—meet on the way to a destination wedding. Over the course of the weekend and against all odds, they find themselves drawn together even though they are initially repulsed by one another.",[],[],https://image.tmdb.org/t/p/w500/ioj2FMnMgD0eHgYfd31HtWOtBWU.jpg
Feral,2018,6.175,269,5.3017,"A wild animal attacks six medical students on a weekend hike in the woods. One by one, they become infected with a “feral disease,” turning them into rabid, bloodthirsty creatures, and the vacation becomes a nightmare as they fight to survive each other.",[],[],https://image.tmdb.org/t/p/w500/vZ72SsxEP9XSx3StaazsMwBi9C0.jpg
Delirium,2018,5.714,299,6.4107,"A man recently released from a mental institute inherits a mansion after his parents die. After a series of disturbing events, he comes to believe it is haunted.",[],[],https://image.tmdb.org/t/p/w500/j2jIkjrASnjtwCmCNDwh9LDWvq9.jpg
Seven in Heaven,2018,5.658,101,5.2792,Sixteen year old Jude discovers each and every one of his fears is true.,[],[],https://image.tmdb.org/t/p/w500/elReufFR4NYFiBVRsD0wB2F6FDf.jpg
The Cloverfield Paradox,2018,5.627,3420,5.3222,"Orbiting above a planet on the brink of war, scientists test a device to solve an energy crisis and end up face-to-face with a dark alternate reality.",[],[],https://image.tmdb.org/t/p/w500/vJi2ExTcWdJR3150VPKqqtdGxsT.jpg
Aura,2018,3.339,31,5.6744,A couple discovers a Kirlian Photography apparatus in their new house. Intrigued by the concept of photographing peoples' Auras they unwittingly release an ancient evil. Only the local psychic can help and she knows far more than she reveals.,[],[],https://image.tmdb.org/t/p/w500/u0sbU4fz0V6sN98wuh5UehFl7Nw.jpg
Duck Duck Goose,2018,6.209,172,6.0596,"After he’s grounded by an injury, a high-flying bachelor is saddled with two wide-eyed orphans as they come face-to-face with the dangers and beauty of the outside world.",[],[],https://image.tmdb.org/t/p/w500/7XURM64DYa9DpS70I2rM4suvq1s.jpg
The Last Man,2018,5.552,124,6.0464,"Tov Matheson is a war veteran with PTSD who perceives that the apocalypse is coming. After starting a relationship with a dubious Messiah, he leaves his normal life and begins the construction of a shelter underground, training himself, in an extreme way, at the cost of losing everything and making people believe he is insane. When he also believes it, something extraordinary happens.",[],[],https://image.tmdb.org/t/p/w500/bBrr6RwxmfjZyWTEe3AaguEKbMO.jpg
Slaughterhouse Rulez,2018,5.591,477,5.7602,An illustrious British boarding school becomes a bloody battleground when a mysterious sinkhole appears at a nearby fracking site unleashing unspeakable horror.,[],[],https://image.tmdb.org/t/p/w500/y5VUfaAzRrYXOBKffZG4dfhTSvV.jpg
The White Orchid,2018,5.595,42,5.6121,A social services investigator helps a local sheriff solve the brutal murder of a beautiful blonde known only as The White Orchid.,[],[],https://image.tmdb.org/t/p/w500/2S4nPwv8dgvFDogpp5vCxscJjTB.jpg
When Jeff Tried to Save the World,2018,5.7,30,6.2024,"When Jeff discovers that the bowling alley he manages is being sold, he must do everything he can to save the place he's come to call home.",[],[],https://image.tmdb.org/t/p/w500/oKkgWHmOU98V8caEtE6Isv5cVab.jpg
Overboard,2018,6.656,1425,5.3496,"A spoiled, wealthy yacht owner is thrown overboard and becomes the target of revenge from his mistreated employee.",[],[],https://image.tmdb.org/t/p/w500/41Rzkgo9y7n6BNGD6O8j0LVs8Yu.jpg
Mortal Engines,2018,6.209,4908,6.3862,"Many thousands of years in the future, Earth’s cities roam the globe on huge wheels, devouring each other in a struggle for ever diminishing resources. On one of these massive traction cities, the old London, Tom Natsworthy has an unexpected encounter with a mysterious young woman from the wastelands who will change the course of his life forever.",[],[],https://image.tmdb.org/t/p/w500/gLhYg9NIvIPKVRTtvzCWnp1qJWG.jpg
Antrum,2018,5.8,331,6.249,"Rumored to have been lost, Antrum appears as a cursed film from the 1970s. Viewers are warned to proceed with caution. It’s said to be a story about a young boy and girl who enter the forest in an attempt to save the soul of their recently deceased pet. They journey to “The Antrum,” the very spot the devil landed after being cast out of heaven. There, the children begin to dig a hole to hell.",[],[],https://image.tmdb.org/t/p/w500/20de4Rcmy4B0L5zyOc3Nc5F7c0D.jpg
An Elephant's Journey,2018,4.9,13,5.7412,A lost orphan boy and a giant elephant team up to take down an elephant poaching syndicate.,[],[],https://image.tmdb.org/t/p/w500/dCRT8Gs0QrZpS1PwPB9QSQXQcpm.jpg
Fury of the Fist and the Golden Fleece,2018,3.9,15,5.4709,"When the Fist found a mystical gold fleece jacket, he became the biggest porn star of the 1970s. But in the ‘80s, he’s on the cusp of eviction from a run-down studio apartment, having lost his gold fleece and his mojo along with it. When a local street thug named Superfly enters the diner where Fist works, robbing his customers, Fist and friends fight back. And thus begins a wild adventure, as Superfly’s bosses come to collect from Fist, sending him on a journey that unravels a conspiracy to sell meat pumped full of estrogen, which threatens to emasculate men.",[],[],https://image.tmdb.org/t/p/w500/nxn8m6LEmhRe55ZyAItBjQC78mR.jpg
Peter Rabbit,2018,6.691,1857,6.2822,Peter Rabbit's feud with Mr. McGregor escalates to greater heights than ever before as they rival for the affections of the warm-hearted animal lover who lives next door.,[],[],https://image.tmdb.org/t/p/w500/lugOvdaNpbVGQK9TyMRDiUbLtY6.jpg
Night School,2018,6.131,1723,5.9328,"Teddy Walker is a successful salesman whose life takes an unexpected turn when he accidentally blows up his place of employment. Forced to attend night school to get his GED, Teddy soon finds himself dealing with a group of misfit students, his former high school nemesis and a feisty teacher who doesn't think he's too bright.",[],[],https://image.tmdb.org/t/p/w500/uQVIQDc3foTPodZw0ie1Or0CXBn.jpg
A Cambodian Spring,2018,6.0,10,5.4278,"""A Cambodian Spring"" is an intimate and unique portrait of three people caught up in the chaotic and often violent development that is shaping modern-day Cambodia. Shot over six years, the film charts the growing wave of land-rights protests that led to the 'Cambodian spring' and the tragic events that followed. This film is about the complexities - both political and personal, of fighting for what you believe in.",[],[],https://image.tmdb.org/t/p/w500/ba58VvRoXNdm619LcjJ3Myiz7PN.jpg
Wild Nights with Emily,2018,5.909,44,5.8652,"Explore Emily Dickinson's vivacious, irreverent side that was covered up for years — most notably her lifelong romantic relationship with another woman.",[],[],https://image.tmdb.org/t/p/w500/jWfJhvNxAy48QwQ3RI3MSPUMbj3.jpg
Harry & Meghan: A Royal Romance,2018,6.928,209,5.767,"Examine the history of Prince Harry and Meghan Markle from the moment they met after being set up by friends, through their initial courtship when they were able to keep their romance under wraps, and ultimately the intense global media attention surrounding their relationship and Meghan’s life as a divorced American actress.",[],[],https://image.tmdb.org/t/p/w500/2ODzSaM8EKF28mGjNTH3ptb3BJu.jpg
Midnight Sun,2018,7.816,3503,6.035,"Katie, a 17-year-old, has been sheltered since childhood and confined to her house during the day by a rare disease that makes even the smallest amount of sunlight deadly. Fate intervenes when she meets Charlie and they embark on a summer romance.",[],[],https://image.tmdb.org/t/p/w500/vPG2zEKPXhovPW9S91SRnwr5JM1.jpg
BlacKkKlansman,2018,7.492,7840,6.3165,"Colorado Springs, late 1970s. Ron Stallworth, an African American police officer, and Flip Zimmerman, his Jewish colleague, run an undercover operation to infiltrate the Ku Klux Klan.",[],[],https://image.tmdb.org/t/p/w500/8jxqAvSDoneSKRczaK8v9X5gqBp.jpg
An Interview with God,2018,7.009,270,5.7977,An up-and-coming journalist finds his world and faith increasingly challenged when he's granted the interview of a lifetime – with someone who claims to be God.,[],[],https://image.tmdb.org/t/p/w500/d9TeB8VLCgwSph2OSYK3lcHGf1f.jpg
Laboratory Conditions,2018,7.286,14,5.295,A physician investigating a missing body disrupts an unlawful experiment.,[],[],https://image.tmdb.org/t/p/w500/r0ruRU7uANOPfp8dMnjDIsSR8Hx.jpg
Every Day,2018,7.25,2269,5.7197,"16-year old Rhiannon falls in love with a mysterious spirit named “A” that inhabits a different body every day. Feeling an unmatched connection, Rhiannon and “A” work each day to find each other, not knowing what the next day will bring.",[],[],https://image.tmdb.org/t/p/w500/4UnME3icxSspwL0UoGZNSyyp7Xs.jpg
The Commuter,2018,6.365,4503,6.7847,"A businessman, on his daily commute home, gets unwittingly caught up in a criminal conspiracy that threatens not only his life but the lives of those around him.",[],[],https://image.tmdb.org/t/p/w500/rDeGK6FIUfVcXmuBdEORPAGPMNg.jpg
White Boy Rick,2018,6.353,1147,6.8657,"The story of Richard Wershe Jr., a teenager who became an undercover informant for the police during the 1980s, and was ultimately arrested for drug trafficking and sentenced to life in prison.",[],[],https://image.tmdb.org/t/p/w500/l15r2aLqdifXM9GFsJLkOq5Y8SI.jpg
12 Feet Deep,2018,6.011,322,5.3788,Two sisters are trapped under the fiberglass cover of an Olympic sized public pool and must brave the cold and each other to survive the harrowing night.,[],[],https://image.tmdb.org/t/p/w500/3B4MLYYr5WTjQiJMbA8fCFF8M4O.jpg
The Mule,2019,6.864,5186,5.6244,"Earl Stone, a man in his eighties, is broke, alone, and facing foreclosure of his business when he is offered a job that simply requires him to drive. Easy enough, but, unbeknownst to Earl, he's just signed on as a drug courier for a Mexican cartel. He does so well that his cargo increases exponentially, and Earl hit the radar of hard-charging DEA agent Colin Bates.",[],[],https://image.tmdb.org/t/p/w500/oeZh7yEz3PMnZLgBPhrafFHRbVz.jpg
River Runs Red,2018,5.4,149,5.484,"When the son of a successful judge is killed by two police officers and the system sets them free, a hardened veteran detective finds some incriminating files on the officers and the judge teams up with another mourning father to take the law into his own hands.",[],[],https://image.tmdb.org/t/p/w500/8GsHFBf8uIZ5thXCGqKer9OOKkQ.jpg
Terminal,2018,5.512,844,5.3099,"In the dark heart of a sprawling, anonymous city, two assassins carry out a sinister mission, a teacher battles a fatal illness, and an enigmatic janitor and a curious waitress lead dangerous double lives.  Murderous consequences unravel in the dead of night, as their lives intertwine at the hands of a mysterious criminal mastermind who is hell-bent on revenge.",[],[],https://image.tmdb.org/t/p/w500/xi7pA3lL6Wb78p6Y6PgWoHDMjrM.jpg
Operation Finale,2018,6.695,1045,5.3271,"In 1960, a team of Israeli secret agents is deployed to find Adolf Eichmann, the infamous Nazi architect of the Holocaust, supposedly hidden in Argentina, and get him to Israel to be judged.",[],[],https://image.tmdb.org/t/p/w500/nlIdPeH5IrR1qRErschnVQeZAQu.jpg
Brody Stevens: Live from the Main Room,2018,4.7,7,4.5402,"Filmed and created at The World Famous Comedy Store on Sunset Blvd in West Hollywood, CA, Stevens assumes the ""Sam Kinison spot"", leading this late night audience on a journey showcasing his unique banter, upbeat music, classic jokes and positive punchlines.",[],[],https://image.tmdb.org/t/p/w500/3wX5MmYSMOFtv2vwgNEb1kOgcBa.jpg
Royally Ever After,2018,6.063,56,5.5949,"Sara's dream of finding the perfect mate is realized when boyfriend Daniel proposes marriage, but there is one tiny hitch. It turns out he is the real-life prince of a small European monarchy, and his marriage requires the approval of his royal parents. Commoner Sara will have to do more than simply impress the in-laws-to-be. If she wants to become Daniel’s wife, she’ll have to prove she’s got all the makings of an honest-to-goodness princess.",[],[],https://image.tmdb.org/t/p/w500/1k5HpDPTWGIh24cvW5wQmV7YOuP.jpg
My Dinner with Hervé,2018,6.201,127,5.6882,"An unlikely friendship evolves over one wild night in LA between a struggling journalist and actor Hervé Villechaize, the world's most famous gun-toting dwarf, resulting in life-changing consequences for both.",[],[],https://image.tmdb.org/t/p/w500/sb7Pr5mS4l37gWOWcwVaFNclhZh.jpg
Hocus Pocus 25th Anniversary Halloween Bash,2018,7.029,35,5.8862,"Join us for a night of celebration, packed with celebrity guests and Hocus Pocus throwbacks, at the Hollywood Forever Cemetery.",[],[],https://image.tmdb.org/t/p/w500/x1w785IkOP80DYUB2fZZSIeXrDN.jpg
12 Strong,2018,6.349,3091,6.2617,A team of special forces head into Afghanistan in the aftermath of the September 11th attacks in an attempt to dismantle the Taliban.,[],[],https://image.tmdb.org/t/p/w500/37Qwani2g0jVPU7N4OkkTZ7aERz.jpg
Heaven & Hell,2018,5.4,10,5.1642,"In 1990s Los Angeles, danger lurks around the corner after a freak accident leaves an undercover cop with supernatural abilities while also unleashing a horror that he must destroy before it destroys everything.",[],[],https://image.tmdb.org/t/p/w500/9wW8a7wKktkUCaUMxZ6mkgL6obF.jpg
The Matchmaker's Playbook,2018,7.125,64,5.697,"After a career-ending accident, former NFL recruit Ian Hunter is back on campus, and he's putting his extensive skills with women to work as one of the masterminds behind a successful and secretive dating service. But when Blake Olson requests the services of Wingmen, Inc., Ian may have landed his most hopeless client yet. As Blake begins the transformation from hot mess to smokin' hot, Ian realizes he's in danger of breaking his cardinal rule....",[],[],https://image.tmdb.org/t/p/w500/tpdLAbE4C7AMY77xFNguMX1XIb8.jpg
Death Race: Beyond Anarchy,2018,6.241,370,5.3708,Black Ops specialist Connor Gibson infiltrates a maximum security prison to take down legendary driver Frankenstein in a violent and brutal car race.,[],[],https://image.tmdb.org/t/p/w500/1PrlKvPUbDQAqFQBCyyt68hLLl.jpg
Smallfoot,2018,6.822,1580,6.084,A bright young yeti finds something he thought didn't exist—a human. News of this “smallfoot” throws the simple yeti community into an uproar over what else might be out there in the big world beyond their snowy village.,[],[],https://image.tmdb.org/t/p/w500/zfaiO7QgpcvR8XDOMokWLRfKeTE.jpg
Revenge of the Mask,2018,5.0,5,5.7035,"Based on the Dark Horse comic series ""The Mask,"" this movie follows a new character, Alan, who finds there is a thin line between hero and monster.",[],[],https://image.tmdb.org/t/p/w500/icz3bnZ2YIElqRxgARlN67whtvw.jpg
Redcon-1,2018,5.697,323,6.7486,"After a zombie apocalypse spreads from a London prison, the UK is brought to its knees. The spread of the virus is temporarily contained but, without a cure, it’s only a matter of time before it breaks its boundaries and the biggest problem of all… any zombies with combat skills are now enhanced. With the South East of England quarantined from the rest of the world using fortified borders, intelligence finds that the scientist responsible for the outbreak is alive and well in London. With his recovery being the only hope of a cure, a squad of eight Special Forces soldiers is sent on a suicide mission to the city, now ruled by the undead, with a single task: get him out alive within 72 hours by any means necessary. What emerges is an unlikely pairing on a course to save humanity against ever-rising odds.",[],[],https://image.tmdb.org/t/p/w500/vVPrWngVJ2cfYAncBedQty69Dlf.jpg
SuperGrid,2018,5.3,32,5.5255,"Set in a near future where mining conglomerates have turned Canada into a wasteland. Two brothers must travel the same road that claimed their sister's life in their quest to deliver mysterious cargo. En route they must contend with road pirates, rebel gangs, and each other.",[],[],https://image.tmdb.org/t/p/w500/4dcbh39Nbg1UpELEqnn0PvXk6Z5.jpg
Siegfried - San Francisco Opera,2018,0.0,0,5.544,A fearless young hero battles otherworldly challenges on a journey to discover his destiny.,[],[],https://image.tmdb.org/t/p/w500/1RsdcE60wDmzd8FbcS19a0h6ooZ.jpg
Acts of Violence,2018,5.583,427,5.6881,"When his fiancee is kidnapped by human traffickers, Roman and his ex-military brothers set out to track her down and save her before it is too late. Along the way, Roman teams up with Avery, a cop investigating human trafficking and fighting the corrupt bureaucracy that has harmful intentions.",[],[],https://image.tmdb.org/t/p/w500/x6sBKpLa86CodgTkIK2r8Hnp07m.jpg
Ryuichi Sakamoto: async at the Park Avenue Armory,2018,7.2,11,5.2561,"A live performance film capturing an intimate concert by composer, pianist and music producer Ryuichi Sakamoto in New York City. The performance marked the first public unveiling of Sakamoto’s new opus, async, hailed as one of the best albums of 2017 by Rolling Stone and Pitchfork.",[],[],https://image.tmdb.org/t/p/w500/si9aIbfLoGGPsogWAbVqiAz78gC.jpg
Bad Times at the El Royale,2018,6.846,3734,5.2964,"Lake Tahoe, 1969. Seven strangers, each one with a secret to bury, meet at El Royale, a decadent motel with a dark past. In the course of a fateful night, everyone will have one last shot at redemption.",[],[],https://image.tmdb.org/t/p/w500/qExufIc4Rw0e4xdVZlhMdmEDGES.jpg
"God, Sex and Truth",2018,5.786,28,5.3031,"'God, Sex and Truth' delves into the world of sex where it digs out and projects the deepest dignity, divinity of the act and a women's true purpose of her sexuality.",[],[],https://image.tmdb.org/t/p/w500/vaqtTC12oX94ChZUljXRz4fw2ch.jpg
Ghostland,2018,7.388,2558,6.1113,"A mother of two inherits a home from her aunt. On the first night in the new home she is confronted with murderous intruders and fights for her daughters’ lives. Sixteen years later the daughters reunite at the house, and that is when things get strange...",[],[],https://image.tmdb.org/t/p/w500/ma9gY6OikBev8MsMaeA6h2EIdGo.jpg
Destined to Ride,2018,6.9,34,5.2499,"Lily's life is turned upside down when she is forced to leave her friends to spend the summer on a remote ranch with her nature-loving aunt. She is surprised to meet an unlikely group of friends and Pistachio, the horse she has an unbreakable bond with. When her aunt is threatened by unfriendly neighbors, Lily knows it is up to her to save the ranch.",[],[],https://image.tmdb.org/t/p/w500/wGOkZLH4vApt24ZFyt4xVZvefWd.jpg
Slender Man,2018,4.297,2099,5.2542,"In a small town in Massachusetts, four high school girls perform a ritual in an attempt to debunk the lore of Slender Man. When one of the girls goes mysteriously missing, they begin to suspect that she is, in fact, his latest victim.",[],[],https://image.tmdb.org/t/p/w500/huSncs4RyvQDBmHjBBYHSBYJbSJ.jpg
Early Man,2018,6.14,842,5.0879,"Dug, along with his sidekick Hognob, unite a cavemen tribe to save their hidden valley from being spoiled and, all together as a team, to face the menace of a mysterious and mighty enemy, on the turf of an ancient and sacred sport.",[],[],https://image.tmdb.org/t/p/w500/5iW2rntwLZoGlFCYYy8TjHyblbw.jpg
Eighth Grade,2018,7.155,1599,4.8898,Thirteen-year-old Kayla endures the tidal wave of contemporary suburban adolescence as she makes her way through the last week of middle school — the end of her thus far disastrous eighth grade year — before she begins high school.,[],[],https://image.tmdb.org/t/p/w500/xTa9cLhGHfQ7084UvoPQ2bBXKqd.jpg
The Lie,2018,6.4,761,5.4729,"A father and daughter are on their way to dance camp when they spot the girl's best friend on the side of the road. When they stop to offer the friend a ride, their good intentions soon result in terrible consequences.",[],[],https://image.tmdb.org/t/p/w500/a3c5zUOIEXAFYFf0vyypBCNJepb.jpg
God's Not Dead: A Light in Darkness,2018,6.6,222,4.7865,"Pastor Dave responds to the unimaginable tragedy of having his church, located on the grounds of the local university, burned down.",[],[],https://image.tmdb.org/t/p/w500/1MwoZ4U8SGm7yIzfPFcTTbiiOYY.jpg
LEGO DC Comics Super Heroes: Aquaman - Rage of Atlantis,2018,6.3,112,6.0863,"Aquaman must battle foes in the air, on land and in the depths of the Seven Seas, along with some help from The Justice League, to save the day.",[],[],https://image.tmdb.org/t/p/w500/vVTZLKNIkI7HyPeoFbPE3edAWaa.jpg
Braven,2018,6.19,1069,5.5574,A logger defends his family from a group of dangerous drug runners.,[],[],https://image.tmdb.org/t/p/w500/253Bw5I3Zj3e2thCThjO7byEUCL.jpg
mid90s,2018,7.483,1710,5.6594,"In 1990s Los Angeles, a 13-year-old spends his summer navigating between a troubled home life and a crew of new friends he meets at a skate shop.",[],[],https://image.tmdb.org/t/p/w500/9Tw0Y3DK5kGIU9X1yw3Q9gCkOlb.jpg
After Everything,2018,6.564,70,5.7029,"When Elliot, a brash 23-year-old living carefree in New York City, meets the sensible Mia and receives a damning diagnosis all in the same week, his world is turned completely upside down. But as their love blossoms amidst the chaos of his treatment, they discover that Elliot's illness is not the real test of their relationship – it's everything else.",[],[],https://image.tmdb.org/t/p/w500/5fwosV84f3BOV2h4kqcbpQplFLY.jpg
Skyscraper,2018,6.32,5187,5.3258,"Framed and on the run, a former FBI agent must save his family from a blazing fire in the world's tallest building.",[],[],https://image.tmdb.org/t/p/w500/52ml62vClzrlqvXZq2FEW6UF6c1.jpg
The Current War,2018,6.697,1112,5.3579,Electricity titans Thomas Edison and George Westinghouse compete to create a sustainable system and market it to the American people.,[],[],https://image.tmdb.org/t/p/w500/eqTjO8yTaPRSKWj7i6Qnr7R5cls.jpg
"Love, Simon",2018,7.985,6157,4.5854,"Everyone deserves a great love story, but for 17-year-old Simon Spier, it's a little more complicated. He hasn't told his family or friends that he's gay, and he doesn't know the identity of the anonymous classmate that he's fallen for online.",[],[],https://image.tmdb.org/t/p/w500/snIsqVPmlu4LPjvToHpDotxa7Eh.jpg
The Death of Superman,2018,7.382,797,5.4672,"When a hulking monster arrives on Earth and begins a mindless rampage, the Justice League is quickly called in to stop it. But it soon becomes apparent that only Superman can stand against the monstrosity.",[],[],https://image.tmdb.org/t/p/w500/y0uxSHaSFmt6XaBJgjkeLqe7aM.jpg
Strangeways Here We Come,2018,6.7,12,4.2648,A comedy in which the tenants of a high rise work together to defeat a cruel loan shark.,[],[],https://image.tmdb.org/t/p/w500/ov2BiyStPz76T7SSQ2Yj3uLPeiP.jpg
Fantastic Beasts: The Crimes of Grindelwald,2018,6.842,11212,5.4026,"Gellert Grindelwald has escaped imprisonment and has begun gathering followers to his cause—elevating wizards above all non-magical beings. The only one capable of putting a stop to him is the wizard he once called his closest friend, Albus Dumbledore. However, Dumbledore will need to seek help from the wizard who had thwarted Grindelwald once before, his former student Newt Scamander, who agrees to help, unaware of the dangers that lie ahead. Lines are drawn as love and loyalty are tested, even among the truest friends and family, in an increasingly divided wizarding world.",[],[],https://image.tmdb.org/t/p/w500/fMMrl8fD9gRCFJvsx0SuFwkEOop.jpg
Under the Autumn Moon,2018,6.7,51,5.6483,"While visiting a dude ranch that is a potential acquisition for the outdoor adventure company she works for, Alex, an eager candidate for a big promotion discovers what matters most when she reignites her passion for the great outdoors; and becomes smitten with the ranch’s owner in the process.",[],[],https://image.tmdb.org/t/p/w500/svRZLiJZxs6vfTHN14UJuAMLEsZ.jpg
Why We’re Here: 15 Years of Rooster Teeth,2018,8.6,4,5.0611,"The founders and media personalities of Rooster Teeth reflect on their history, growth and fandom throughout the years.",[],[],https://image.tmdb.org/t/p/w500/vL49ONsexmcw105qCTFmd6VpRrx.jpg
A Summer to Remember,2018,6.5,39,5.2011,"ER doc Jessica loves her job, but not the hours. Meeting Trevor, a dashing surgeon, when they arrive in Fiji, Jessica also strikes up a friendship with Will, the charming co-owner of their resort. As Jessica notices how Trevor is a workaholic, she also sees that Will offers her tranquility, and she starts to wonder if this island paradise can give her the happiness – and love – she once knew.",[],[],https://image.tmdb.org/t/p/w500/3vgwrV05BCABFbGxi410PsHs6Xj.jpg
Fireman Sam: Set for Action!,2018,6.2,6,5.1047,"The alarm has sounded and the Pontypandy crew is off to rescue their friends and others in need. From engine sparks and wild fireworks to water rescue and more, you won't want to miss these adventures with your favorite hero, Fireman Sam!",[],[],https://image.tmdb.org/t/p/w500/2atmRsuSA4tX6sbOEgFzquFWcCV.jpg
The Titan,2018,5.312,1281,5.7149,"On a bleak future Earth, a soldier endures a radical genetic transformation to save humanity. But his wife fears he's becoming more creature than man.",[],[],https://image.tmdb.org/t/p/w500/qRmQazyIBZR4pQIk9VruiZul0Au.jpg
The Black Widow Killer,2018,6.0,12,4.8132,A single mother fears for her life and that of her daughter when they become targets of a serial killer.,[],[],https://image.tmdb.org/t/p/w500/nx0AcSxXid0189wCfHVqrAVaQzF.jpg
No One Would Tell,2018,6.527,37,5.413,"Single mom Laura Collins has had a history of rocky relationships, so when her daughter Sarah begins dating the popular and charismatic Rob, Laura is thrilled with what she sees. But it soon becomes clear that Rob has a darker, possessive side. Then Sarah goes missing.",[],[],https://image.tmdb.org/t/p/w500/u8sSi6i7on9odDQaCeB1ircFonO.jpg
I Feel Pretty,2018,6.377,2082,5.5492,A head injury causes a woman to develop an extraordinary amount of confidence and believe she's drop dead gorgeous.,[],[],https://image.tmdb.org/t/p/w500/iuPs45XIxfARKPLEkCGXWUrBrTR.jpg
Divide and Conquer: The Story of Roger Ailes,2018,6.711,19,5.313,Alexis Bloom charts the rise and fall of the late Republican Party booster and controversial Fox News mogul who went down in flames amid multiple sexual harassment allegations.,[],[],https://image.tmdb.org/t/p/w500/eB3z13ZN1AkrOFqCDdfPqz0WqX7.jpg
The Perfection,2018,6.447,1404,5.2094,"When troubled musical prodigy Charlotte seeks out Elizabeth, the new star pupil of her former school, the encounter sends both musicians down a sinister path with shocking consequences.",[],[],https://image.tmdb.org/t/p/w500/tPDe68PDsgIGMs6wdJLtcwVVxA7.jpg
Assassination Nation,2018,6.252,866,5.0715,"After an anonymous hacker begins leaking the private data of thousands living in a small American town, the townspeople spiral into madness, with four high school seniors at the center of the maelstrom.",[],[],https://image.tmdb.org/t/p/w500/dMg1wPakqPx54yMzm0OuHn1jl42.jpg
Kin,2018,6.111,862,5.526,"A young boy finds a powerful otherworldly weapon, which he uses to save his older adoptive brother from a crew of thugs. Before long, the two of them are also pursued by federal agents and mysterious mercenaries aiming to reclaim their asset.",[],[],https://image.tmdb.org/t/p/w500/oPE5GXHaTlu5eRcd4USuOX3A1mf.jpg
Where Hands Touch,2018,7.893,527,5.302,"Germany, 1944. Leyna, the 15-year old daughter of a white German mother and a black African father, meets Lutz, a compassionate member of the Hitler Youth whose father is a prominent Nazi soldier, and they form an unlikely connection in this quickly changing world.",[],[],https://image.tmdb.org/t/p/w500/omKzydOrom9kpdfQUE0G9Y9sPl0.jpg
Destroyer,2018,5.883,759,5.3489,"When Erin Bell was a young cop, she was given an undercover assignment that ended badly and destroyed her life. Years later, she must face her demons in order to make peace with her past.",[],[],https://image.tmdb.org/t/p/w500/sHw9gTdo43nJL82py0oaROkXXNr.jpg
Escape Plan 2: Hades,2018,5.176,1499,4.7444,"Ray Breslin manages an elite team of security specialists trained in the art of breaking people out of the world's most impenetrable prisons. When his most trusted operative, Shu Ren, is kidnapped and disappears inside the most elaborate prison ever built, Ray must track him down with the help of some of his former friends.",[],[],https://image.tmdb.org/t/p/w500/A6tb8JNrie2qT8JC2tGqshayuck.jpg
Darrow & Darrow: In The Key Of Murder,2018,6.667,27,4.7734,"A simple offer of legal advice turns into the biggest challenge of Claire Darrow’s legal career when her new beau, D.A. Miles Strasberg, introduces her to his younger half-sister, Phoebe, a singer fresh off her first album. Following a legal dispute between the two, Phoebe's producer ends up dead and all signs point to Phoebe. Claire is the only one Miles trusts to uncover the truth and save his sister.",[],[],https://image.tmdb.org/t/p/w500/2VyjDN24GBNPtla4IRd7EyNUvW8.jpg
Taylor Swift: Reputation Stadium Tour,2018,8.25,412,4.7786,"Taylor Swift takes the stage in Dallas for the Reputation Stadium Tour and celebrates a monumental night of music, memories and visual magic.",[],[],https://image.tmdb.org/t/p/w500/u6oXUTtOuJRPdUgUuPAVVJPSKCo.jpg
Hearts Beat Loud,2018,6.87,269,5.6756,"In the hip Brooklyn neighborhood of Red Hook, single dad and record store owner Frank is preparing to send his hard-working daughter Sam off to college while being forced to close his vintage shop. Hoping to stay connected through their shared musical passions, Frank urges Sam to turn their weekly jam sessions into a father-daughter live act. After their first song becomes an internet breakout, the two embark on a journey of love, growing up and musical discovery.",[],[],https://image.tmdb.org/t/p/w500/h1wKptD8iXJbtAUSz9OlXS3q4Co.jpg
The Con Is On,2018,3.937,183,5.2767,"In an effort to avoid paying off a massive gambling debt to a notorious mobster in England, a couple flees to Los Angeles and hatch a jewel theft plot.",[],[],https://image.tmdb.org/t/p/w500/d4ZzzFOokK356jf6L6vUp3RKNvM.jpg
All the Creatures Were Stirring,2018,5.041,73,5.3352,"When an awkward date on Christmas Eve leads a couple into a strange theater, they're treated to a bizarre and frightening collection of Christmas stories, featuring a wide ensemble of characters doing their best to avoid the horrors of the holidays. From boring office parties and last-minute shopping, to vengeful stalkers and immortal demons, there's plenty out there to fear this holiday season.",[],[],https://image.tmdb.org/t/p/w500/wJCTXnfN3AEfgiwsMEXmMxDvIqi.jpg
Running for Grace,2018,6.5,59,5.4905,"An orphan boy of mixed race finds family with the newly arrived white village doctor in Hawaii. The boy can run like the wind, and begins bringing Doc's medicine to coffee pickers throughout the mountainous region. On an errand, the medicine runner meets the daughter of the plantation owner and a forbidden, young love blossoms like the white ""Kona Snow"" of the surrounding coffee trees.",[],[],https://image.tmdb.org/t/p/w500/6EM6JvWiFPSkgpHLml6yA1hy1SL.jpg
Category III: The Untold Story of Hong Kong Exploitation Cinema,2018,5.5,10,5.5289,"An insightful look at the history of Hong Kong's exploitation cinema, from the early days of the Shaw Brothers and such shockers as ""Killer Snakes"" through to the advent of the Category III rating in 1988 and then the June 4th massacre in Beijing. The latter led to a panic in Hong Kong, before the Handover of the former UK colony to Mainland China, and a number of motion pictures proceeded to take freedom of speech (and sometimes political symbolism) to the extreme. This is the story of one of the most curious and invigorating periods in exploitation filmmaking.",[],[],https://image.tmdb.org/t/p/w500/sk6f3Ux8IP3b5u52EzzZ5g55yAd.jpg
Christmas Harmony,2018,6.2,27,5.3644,"A young woman returns to her small hometown to rediscover music, family bonds, and the magic of the Christmas season.",[],[],https://image.tmdb.org/t/p/w500/jVtUMQa3OSiwGLpkRtTmawDDBiP.jpg
Sorry to Bother You,2018,6.788,1658,4.9694,"In an alternate present-day version of Oakland, black telemarketer Cassius Green discovers a magical key to professional success – which propels him into a macabre universe.",[],[],https://image.tmdb.org/t/p/w500/peTl1V04E9ppvhgvNmSX0r2ALqO.jpg
The Neighborhood Nightmare,2018,4.5,13,4.8807,"When Lindsay Porter, responsible mother and head of the local neighborhood watch program, falls for Stephen, the handsome new bachelor on the block, she begins to fear she and her daughter's lives may be in grave danger.",[],[],https://image.tmdb.org/t/p/w500/6Vhyppqi2sm4GMHkRQMHUz1Meja.jpg
Robbery,2018,4.5,8,5.5216,"When his criminal father is diagnosed with dementia, a young thief plans a series of reckless heists in order to battle the disease and pay off a dangerous gambling debt.",[],[],https://image.tmdb.org/t/p/w500/neBiiHEHtXzoMMJHY20Lift7eQ2.jpg
Leprechaun Returns,2018,6.137,651,5.3642,A group of unwitting sorority sisters accidentally awaken the serial-killing Leprechaun after they build a sorority house on his hunting grounds.,[],[],https://image.tmdb.org/t/p/w500/7kToQsV04Jel1ob7VJ471LDz7wD.jpg
Message Man,2018,5.071,78,5.1656,A retired assassin's past catches up with him and his brutality surfaces as he goes on a final killing spree to make things right.,[],[],https://image.tmdb.org/t/p/w500/eB5QkQkDt9UTXG23ChR9yzdXq3c.jpg
The Golem,2018,5.751,167,5.1317,A re-imagining of the old mystical folklore that follows a woman and a tight-knit Jewish community that is besieged by foreign invaders. She conjures a dangerous creature to protect them but it may be more evil than she ever imagined.,[],[],https://image.tmdb.org/t/p/w500/rwdbyKJ2PKTLamQzr57OgMuFUlD.jpg
The 15:17 to Paris,2018,5.427,1642,5.9123,"On Aug. 21, 2015, the world watches in stunned silence as the media reports a thwarted terrorist attack on a train that's bound for Paris -- an attempt prevented by three young Americans traveling together through Europe. The heroic and courageous actions of Anthony Sadler, Alek Skarlatos and Spencer Stone help to save the lives of more than 500 passengers on board.",[],[],https://image.tmdb.org/t/p/w500/3NtkRNmvMrQIOtyWTaOKVNJyP1W.jpg
Under the Sea: A Descendants Story,2018,7.1,101,4.8068,Mal emerges from the shadows of a mystical forest onto a dark coastline where she crosses paths with Dizzy.,[],[],https://image.tmdb.org/t/p/w500/jIJL0VJ8McvJcdaRgi8AwVbdxwU.jpg
Struggle: The Life and Lost Art of Szukalski,2018,7.5,78,4.4682,"Artists in LA discover the work of forgotten Polish sculptor Stanislav Szukalski, a mad genius whose true story unfolds chapter by astounding chapter.",[],[],https://image.tmdb.org/t/p/w500/2kQTN26M1IfK1M3rh3PKgSQmUF3.jpg
American Folk,2018,5.9,10,4.63,"Two strangers, both folk musicians stranded in California, take a road trip to New York in the days after 9/11. A story about the kindness of strangers and the power of music.",[],[],https://image.tmdb.org/t/p/w500/fi1cdX4j3Am9tBbWwW2x80QW9c6.jpg
Alive in France,2018,7.7,5,5.2007,"Abel Ferrara headlines a film retrospective and a series of concerts in France dedicated to songs and music from his films. Preparations with his family and friends will form the material of this self portrait, showing another side of the director of legendary films BAD LIEUTENANT, THE KING OF NEW YORK and THE ADDICTION. Ferrara is joined on stage by past collaborators, including composer Joe Delia, actor-singer Paul Hipp and his wife actress Cristina Chiriac for concerts at the Metronum in Toulouse and the Salo Club in Paris in October 2016.",[],[],https://image.tmdb.org/t/p/w500/9XyU6uLJc2GmvyOiPzHrpeFVw2N.jpg
After,2019,7.115,8423,31.0865,"Tessa Young is a dedicated student, dutiful daughter and loyal girlfriend to her high school sweetheart. Entering her first semester of college, Tessa's guarded world opens up when she meets Hardin Scott, a mysterious and brooding rebel who makes her question all she thought she knew about herself -- and what she wants out of life.",[],[],https://image.tmdb.org/t/p/w500/u3B2YKUjWABcxXZ6Nm9h10hLUbh.jpg
It Chapter Two,2019,6.833,9141,27.6441,"27 years after overcoming the malevolent supernatural entity Pennywise, the former members of the Losers' Club, who have grown up and moved away from Derry, are brought back together by a devastating phone call.",[],[],https://image.tmdb.org/t/p/w500/zfE0R94v1E8cuKAerbskfD3VfUt.jpg
Avengement,2019,6.824,548,20.3951,"While on a prison furlough, a lowly criminal evades his guards and returns to his old stomping ground to take revenge on the people who turned him into a cold blooded killer.",[],[],https://image.tmdb.org/t/p/w500/rXPxSAYf3FdQktnOtQnvhUPMhFp.jpg
Avengers: Endgame,2019,8.237,26861,18.0547,"After the devastating events of Avengers: Infinity War, the universe is in ruins due to the efforts of the Mad Titan, Thanos. With the help of remaining allies, the Avengers must assemble once more in order to undo Thanos' actions and restore order to the universe once and for all, no matter what consequences may be in store.",[],[],https://image.tmdb.org/t/p/w500/ulzhLuWrPK07P1YkdWQLZnQh1JL.jpg
Joker,2019,8.132,26914,18.278,"During the 1980s, a failed stand-up comedian is driven insane and turns to a life of crime and chaos in Gotham City while becoming an infamous psychopathic crime figure.",[],[],https://image.tmdb.org/t/p/w500/udDclJoHjfjb8Ekgsd4FDteOkCU.jpg
Spider-Man: Far From Home,2019,7.401,16417,16.4864,"Peter Parker and his friends go on a summer trip to Europe. However, they will hardly be able to rest - Peter will have to agree to help Nick Fury uncover the mystery of creatures that cause natural disasters and destruction throughout the continent.",[],[],https://image.tmdb.org/t/p/w500/4q2NNj4S5dG2RLF9CpXsej7yXl.jpg
How to Train Your Dragon: The Hidden World,2019,7.749,6837,15.6762,"As Hiccup fulfills his dream of creating a peaceful dragon utopia, Toothless’ discovery of an untamed, elusive mate draws the Night Fury away. When danger mounts at home and Hiccup’s reign as village chief is tested, both dragon and rider must make impossible decisions to save their kind.",[],[],https://image.tmdb.org/t/p/w500/xvx4Yhf0DVH8G4LzNISpMfFBDy2.jpg
John Wick: Chapter 3 - Parabellum,2019,7.4,11285,14.4995,"Super-assassin John Wick returns with a $14 million price tag on his head and an army of bounty-hunting killers on his trail. After killing a member of the shadowy international assassin’s guild, the High Table, John Wick is excommunicado, but the world’s most ruthless hit men and women await his every turn.",[],[],https://image.tmdb.org/t/p/w500/ziEuG1essDuWuC5lpWUaw1uXY2O.jpg
My Wife's Sister 3,2019,5.0,1,13.8535,A sexual film about a younger sister who lives with her boyfriend before marriage and an older sister who opposes and monitors it.,[],[],https://image.tmdb.org/t/p/w500/u0xVE715SrPsJThL4xhUJnQQOfC.jpg
Jumanji: The Next Level,2019,6.886,9055,13.5948,"As the gang return to Jumanji to rescue one of their own, they discover that nothing is as they expect. The players will have to brave parts unknown and unexplored in order to escape the world’s most dangerous game.",[],[],https://image.tmdb.org/t/p/w500/4kh9dxAiClS2GMUpkRyzGwpNWWX.jpg
Once Upon a Time... in Hollywood,2019,7.426,14245,12.2753,"Los Angeles, 1969. TV star Rick Dalton, a struggling actor specializing in westerns, and stuntman Cliff Booth, his best friend, try to survive in a constantly changing movie industry. Dalton is the neighbor of the young and promising actress and model Sharon Tate, who has just married the prestigious Polish director Roman Polanski…",[],[],https://image.tmdb.org/t/p/w500/8j58iEBw9pOXFD2L0nt0ZXeHviB.jpg
Toy Story 4,2019,7.469,10199,12.4739,"Woody has always been confident about his place in the world and that his priority is taking care of his kid, whether that's Andy or Bonnie. But when Bonnie adds a reluctant new toy called ""Forky"" to her room, a road trip adventure alongside old and new friends will show Woody how big the world can be for a toy.",[],[],https://image.tmdb.org/t/p/w500/w9kR8qbmQ01HwnvK4alvnQ2ca0L.jpg
Knives Out,2019,7.842,13188,13.0391,"When renowned crime novelist Harlan Thrombey is found dead at his estate just after his 85th birthday, the inquisitive and debonair Detective Benoit Blanc is mysteriously enlisted to investigate. From Harlan's dysfunctional family to his devoted staff, Blanc sifts through a web of red herrings and self-serving lies to uncover the truth behind Harlan's untimely death.",[],[],https://image.tmdb.org/t/p/w500/pThyQovXQrw2m0s9x82twj48Jq4.jpg
Frozen II,2019,7.242,10050,13.4722,"Elsa, Anna, Kristoff and Olaf head far into the forest to learn the truth about an ancient mystery of their kingdom.",[],[],https://image.tmdb.org/t/p/w500/mINJaa34MtknCYl5AjtNJzWj8cD.jpg
Fast & Furious Presents: Hobbs & Shaw,2019,6.846,7524,10.8482,"Ever since US Diplomatic Security Service Agent Hobbs and lawless outcast Shaw first faced off, they just have traded smack talk and body blows. But when cyber-genetically enhanced anarchist Brixton's ruthless actions threaten the future of humanity, they join forces to defeat him.",[],[],https://image.tmdb.org/t/p/w500/qRyy2UmjC5ur9bDi3kpNNRCc5nc.jpg
The Lion King,2019,7.104,10525,12.8713,"Simba idolizes his father, King Mufasa, and takes to heart his own royal destiny. But not everyone in the kingdom celebrates the new cub's arrival. Scar, Mufasa's brother—and former heir to the throne—has plans of his own. The battle for Pride Rock is ravaged with betrayal, tragedy and drama, ultimately resulting in Simba's exile. With help from a curious pair of newfound friends, Simba will have to figure out how to grow up and take back what is rightfully his.",[],[],https://image.tmdb.org/t/p/w500/dzBtMocZuJbjLOXvrl4zGYigDzh.jpg
The Curse of La Llorona,2019,5.651,2579,12.0506,"In 1970s Los Angeles, the legendary ghost La Llorona is stalking the night -- and the children. Ignoring the eerie warning of a troubled mother, a social worker and her own kids are drawn into a frightening supernatural realm. Their only hope of surviving La Llorona's deadly wrath is a disillusioned priest who practices mysticism to keep evil at bay.",[],[],https://image.tmdb.org/t/p/w500/hETrPpoKs6BwoilK64YJ7Z5GcRT.jpg
Midsommar,2019,7.152,7677,12.0897,"Several friends travel to Sweden to study as anthropologists a summer festival that is held every ninety years in the remote hometown of one of them. What begins as a dream vacation in a place where the sun never sets, gradually turns into a dark nightmare as the mysterious inhabitants invite them to participate in their disturbing festive activities.",[],[],https://image.tmdb.org/t/p/w500/7LEI8ulZzO5gy9Ww2NVCrKmHeDZ.jpg
Star Wars: The Rise of Skywalker,2019,6.281,10411,10.3341,"The surviving Resistance faces the First Order once again as the journey of Rey, Finn and Poe Dameron continues. With the power and knowledge of generations behind them, the final battle begins.",[],[],https://image.tmdb.org/t/p/w500/db32LaOibwEliAmSL2jjDF6oDdj.jpg
Ode to Joy,2019,6.208,125,11.6922,"Charlie suffers from a serious disease that causes acute narcolepsy whenever he is happy. Although he develops a variety of techniques to deny himself pleasure and deal with his sleep issues, they’re put to the test when he falls in love.",[],[],https://image.tmdb.org/t/p/w500/tpYPids0rVYTrtEjKPeXWZNwBk3.jpg
Annabelle Comes Home,2019,6.411,3725,13.0579,"Determined to keep Annabelle from wreaking more havoc, demonologists Ed and Lorraine Warren bring the possessed doll to the locked artifacts room in their home, placing her “safely” behind sacred glass and enlisting a priest’s holy blessing. But an unholy night of horror awaits as Annabelle awakens the evil spirits in the room, who all set their sights on a new target—the Warrens' ten-year-old daughter, Judy, and her friends.",[],[],https://image.tmdb.org/t/p/w500/qWsHMrbg9DsBY3bCMk9jyYCRVRs.jpg
Godzilla: King of the Monsters,2019,6.693,6458,11.027,"Follows the heroic efforts of the crypto-zoological agency Monarch as its members face off against a battery of god-sized monsters, including the mighty Godzilla, who collides with Mothra, Rodan, and his ultimate nemesis, the three-headed King Ghidorah. When these ancient super-species, thought to be mere myths, rise again, they all vie for supremacy, leaving humanity's very existence hanging in the balance.",[],[],https://image.tmdb.org/t/p/w500/mzOHg7Q5q9yUmY0b9Esu8Qe6Nnm.jpg
1917,2020,7.985,13052,12.5717,"At the height of the First World War, two young British soldiers must cross enemy territory and deliver a message that will stop a deadly attack on hundreds of soldiers.",[],[],https://image.tmdb.org/t/p/w500/iZf0KyrE25z1sage4SYFLCCrMi9.jpg
Ford v Ferrari,2019,8.006,8550,10.9928,"American car designer Carroll Shelby and the British-born driver Ken Miles work together to battle corporate interference, the laws of physics, and their own personal demons to build a revolutionary race car for Ford Motor Company and take on the dominating race cars of Enzo Ferrari at the 24 Hours of Le Mans in France in 1966.",[],[],https://image.tmdb.org/t/p/w500/dR1Ju50iudrOh3YgfwkAU1g2HZe.jpg
Rambo: Last Blood,2019,6.532,4063,12.9891,"After fighting his demons for decades, John Rambo now lives in peace on his family ranch in Arizona, but his rest is interrupted when Gabriela, the granddaughter of his housekeeper María, disappears after crossing the border into Mexico to meet her biological father. Rambo, who has become a true father figure for Gabriela over the years, undertakes a desperate and dangerous journey to find her.",[],[],https://image.tmdb.org/t/p/w500/kTQ3J8oTTKofAVLYnds2cHUz9KO.jpg
The Secret Life of Pets 2,2019,7.0,3220,10.8558,"Max the terrier must cope with some major life changes when his owner gets married and has a baby. When the family takes a trip to the countryside, nervous Max has numerous run-ins with canine-intolerant cows, hostile foxes and a scary turkey. Luckily for Max, he soon catches a break when he meets Rooster, a gruff farm dog who tries to cure the lovable pooch of his neuroses.",[],[],https://image.tmdb.org/t/p/w500/s9xg4V5EDKiphgIksVJ9gewBM11.jpg
Little Women,2020,7.863,6572,9.8715,Four sisters come of age in America in the aftermath of the Civil War.,[],[],https://image.tmdb.org/t/p/w500/yn5ihODtZ7ofn8pDYfxCmxh8AXI.jpg
Zombieland: Double Tap,2019,6.911,6010,10.8622,"Columbus, Tallahassee, Wichita, and Little Rock move to the American heartland as they face off against evolved zombies, fellow survivors, and the growing pains of the snarky makeshift family.",[],[],https://image.tmdb.org/t/p/w500/dtRbVsUb5O12WWO54SRpiMtHKC0.jpg
Maleficent: Mistress of Evil,2019,7.302,6317,10.064,"Maleficent and her goddaughter Aurora begin to question the complex family ties that bind them as they are pulled in different directions by impending nuptials, unexpected allies, and dark new forces at play.",[],[],https://image.tmdb.org/t/p/w500/vloNTScJ3w7jwNwtNGoG8DbTThv.jpg
Alita: Battle Angel,2019,7.2,9644,10.8048,"When Alita awakens with no memory of who she is in a future world she does not recognize, she is taken in by Ido, a compassionate doctor who realizes that somewhere in this abandoned cyborg shell is the heart and soul of a young woman with an extraordinary past.",[],[],https://image.tmdb.org/t/p/w500/xRWht48C2V8XNfzvPehyClOvDni.jpg
The Angry Birds Movie 2,2019,7.052,1810,9.1477,"Red, Chuck, Bomb and the rest of their feathered friends are surprised when a green pig suggests that they put aside their differences and unite to fight a common threat. Aggressive birds from an island covered in ice are planning to use an elaborate weapon to destroy the fowl and swine.",[],[],https://image.tmdb.org/t/p/w500/dz3AjGWAPV4cK8lRDY0DdaVfGUK.jpg
Angel Has Fallen,2019,6.597,3711,9.7066,"After a treacherous attack, Secret Service agent Mike Banning is charged with attempting to assassinate President Trumbull. Chased by his own colleagues and the FBI, Banning begins a race against the clock to clear his name.",[],[],https://image.tmdb.org/t/p/w500/fapXd3v9qTcNBTm39ZC4KUVQDNf.jpg
The Field Guide to Evil,2019,5.506,87,8.1037,"A feature-length anthology film. They are known as myths, lore, and folktales. Created to give logic to mankind’s darkest fears, these stories laid the foundation for what we now know as the horror genre.",[],[],https://image.tmdb.org/t/p/w500/pWAniWWeBf2qGAYuCPvnvYGs7pM.jpg
Five Feet Apart,2019,8.228,5791,9.7719,"Seventeen-year-old Stella spends most of her time in the hospital as a cystic fibrosis patient. Her life is full of routines, boundaries and self-control — all of which get put to the test when she meets Will, an impossibly charming teen who has the same illness. There's an instant flirtation, though restrictions dictate that they must maintain a safe distance between them. As their connection intensifies, so does the temptation to throw the rules out the window and embrace that attraction.",[],[],https://image.tmdb.org/t/p/w500/kreTuJBkUjVWePRfhHZuYfhNE1T.jpg
Polar,2019,6.334,2361,10.0004,"When a retiring assassin realizes that he is the target of a hit, he winds up back in the game going head to head with a gang of younger, ruthless killers.",[],[],https://image.tmdb.org/t/p/w500/qOBEpKVLl8Q9CZScbOcRRVISezV.jpg
The Addams Family,2019,6.6,2422,9.0847,"The Addams family's lives begin to unravel when they face-off against a treacherous, greedy crafty reality-TV host while also preparing for their extended family to arrive for a major celebration.",[],[],https://image.tmdb.org/t/p/w500/q1epO0eO8DWu8Vo8tPfvVlzW48T.jpg
Aladdin,2019,7.092,10381,9.8303,A kindhearted street urchin named Aladdin embarks on a magical adventure after finding a lamp that releases a wisecracking genie while a power-hungry Grand Vizier vies for the same lamp that has the power to make their deepest wishes come true.,[],[],https://image.tmdb.org/t/p/w500/ykUEbfpkf8d0w49pHh0AD2KrT52.jpg
Dark Phoenix,2019,5.964,6828,8.6368,"The X-Men face their most formidable and powerful foe when one of their own, Jean Grey, starts to spiral out of control. During a rescue mission in outer space, Jean is nearly killed when she's hit by a mysterious cosmic force. Once she returns home, this force not only makes her infinitely more powerful, but far more unstable. The X-Men must now band together to save her soul and battle aliens that want to use Grey's new abilities to rule the galaxy.",[],[],https://image.tmdb.org/t/p/w500/cCTJPelKGLhALq3r51A9uMonxKj.jpg
Captain Marvel,2019,6.791,16324,9.856,"The story follows Carol Danvers as she becomes one of the universe’s most powerful heroes when Earth is caught in the middle of a galactic war between two alien races. Set in the 1990s, Captain Marvel is an all-new adventure from a previously unseen period in the history of the Marvel Cinematic Universe.",[],[],https://image.tmdb.org/t/p/w500/AtsgWhDnHTq68L0lLsUrCnM7TjG.jpg
The Irishman,2019,7.581,7203,9.2372,"Pennsylvania, 1956. Frank Sheeran, a war veteran of Irish origin who works as a truck driver, accidentally meets mobster Russell Bufalino. Once Frank becomes his trusted man, Bufalino sends him to Chicago with the task of helping Jimmy Hoffa, a powerful union leader related to organized crime, with whom Frank will maintain a close friendship for nearly twenty years.",[],[],https://image.tmdb.org/t/p/w500/mbm8k3GFhXS0ROd9AD1gqYbIFbM.jpg
Concerto / Enigma Variations / Raymonda Act III (Royal Ballet),2019,0.0,0,7.8786,"From The Royal Ballet’s classical origins in the works of Petipa, to the home-grown choreographers who put British ballet on the world stage, this mixed programme highlights the versatility of the Company. Petipa’s Raymonda Act III is Russian classical ballet summarized in one act, full of sparkle and precise technique, while Ashton’s Enigma Variations is quintessentially British in every way – from its score by Elgar and period designs by Julia Trevelyan Oman, to Ashton’s signature style, the essence of British ballet. Concerto, MacMillan’s fusion of classical technique with a contemporary mind, completes a programme that shows the breadth of the Company’s heritage.",[],[],https://image.tmdb.org/t/p/w500/gD6rrLFMAKaiUSzrhEFe3fOAVjd.jpg
What Men Want,2019,6.21,1542,9.8477,"Magically able to hear what men are thinking, a sports agent uses her newfound ability to turn the tables on her overbearing male colleagues.",[],[],https://image.tmdb.org/t/p/w500/30IiwvIRqPGjUV0bxJkZfnSiCL.jpg
The Aftermath,2019,6.444,700,8.1606,"In the aftermath of World War II, a British colonel and his wife are assigned to live in Hamburg during the post-war reconstruction, but tensions arise with the German widower who lives with them.",[],[],https://image.tmdb.org/t/p/w500/ofUC6lsZ8it9yEfrJJx50ihURRu.jpg
El Camino: A Breaking Bad Movie,2019,6.965,5218,9.0216,"In the wake of his dramatic escape from captivity, Jesse Pinkman must come to terms with his past in order to forge some kind of future.",[],[],https://image.tmdb.org/t/p/w500/ePXuKdXZuJx8hHMNr2yM4jY2L7Z.jpg
Real Cases of Shadow People: The Sarah McCormick Story,2019,5.1,14,7.8376,"Three students went missing in October 2018. Sarah McCormick, Kyle Miller, Joseph Moore. Authorities have now come forward with the information that video surveillance was found inside of the abandoned Yost home that shows the crews last few moments documenting the Shadow People before their mysterious disappearance.",[],[],https://image.tmdb.org/t/p/w500/kU8ceWdaV5F3qCltSaF2rQAkSNX.jpg
Murder Mystery,2019,6.27,4625,8.4755,"On a long-awaited trip to Europe, a New York City cop and his hairdresser wife scramble to solve a baffling murder aboard a billionaire's yacht.",[],[],https://image.tmdb.org/t/p/w500/bSMSO9xupd4R4vwTPqigHn2quLN.jpg
HOMECOMING: A film by Beyoncé,2019,8.089,341,8.7301,"This intimate, in-depth look at Beyoncé's celebrated 2018 Coachella performance reveals the emotional road from creative concept to cultural movement.",[],[],https://image.tmdb.org/t/p/w500/nKdP4K3Bj3qnjtDCq9lTg7UOHVy.jpg
Terminator: Dark Fate,2019,6.416,5422,8.5762,"Decades after Sarah Connor prevented Judgment Day, a lethal new Terminator is sent to eliminate the future leader of the resistance. In a fight to save mankind, battle-hardened Sarah Connor teams up with an unexpected ally and an enhanced super soldier to stop the deadliest Terminator yet.",[],[],https://image.tmdb.org/t/p/w500/vqzNJRH4YyquRiWxCCOH0aXggHI.jpg
Escape Room,2019,6.542,4875,8.9602,"Six strangers find themselves in circumstances beyond their control, and must use their wits to survive.",[],[],https://image.tmdb.org/t/p/w500/8Ls1tZ6qjGzfGHjBB7ihOnf7f0b.jpg
Klaus,2019,8.232,4379,8.7111,"A selfish postman and a reclusive toymaker form an unlikely friendship, delivering joy to a cold, dark town that desperately needs it.",[],[],https://image.tmdb.org/t/p/w500/q125RHUDgR4gjwh1QkfYuJLYkL.jpg
Anna,2019,6.706,2847,8.4152,Beneath Anna Poliatova's striking beauty lies a secret that will unleash her indelible strength and skill to become one of the world's most feared government assassins.,[],[],https://image.tmdb.org/t/p/w500/2U0oAVAE0lDRhNmJPPYhDW9kQ8t.jpg
Ready or Not,2019,7.036,4935,8.3825,A young bride's wedding night turns into her worst nightmare when her ridiculously rich in-laws force her to play a gruesome game of hide-and-seek.,[],[],https://image.tmdb.org/t/p/w500/oJD9KQFoObZmxAS1je56SIFVNJt.jpg
Us,2019,6.955,7772,8.4689,"Husband and wife Gabe and Adelaide Wilson take their kids to their beach house expecting to unplug and unwind with friends. But as night descends, their serenity turns to tension and chaos when some shocking visitors arrive uninvited.",[],[],https://image.tmdb.org/t/p/w500/ux2dU1jQ2ACIMShzB3yP93Udpzc.jpg
Cherished Memories: A Gift to Remember 2,2019,5.438,24,6.7098,"As Darcy and Aiden prepare to celebrate their second Christmas together, an unexpected guest and a fight to save the beloved community center unites everyone for an unforgettable holiday.",[],[],https://image.tmdb.org/t/p/w500/6ku2gd9GcXwHSqeHHfs1ihjslIb.jpg
Countdown,2019,6.221,2218,8.3592,"A young nurse downloads an app that tells her she only has three days to live. With time ticking away and a mysterious figure haunting her, she must find a way to save her life before time runs out.",[],[],https://image.tmdb.org/t/p/w500/qCDPKUMX5xrxxQY8XhGVCKO3fks.jpg
6 Underground,2019,6.341,4977,8.5629,"After faking his death, a tech billionaire recruits a team of international operatives for a bold and bloody mission to take down a brutal dictator.",[],[],https://image.tmdb.org/t/p/w500/lnWkyG3LLgbbrIEeyl5mK5VRFe4.jpg
Glass,2019,6.665,8814,7.4112,"In a series of escalating encounters, former security guard David Dunn uses his supernatural abilities to track Kevin Wendell Crumb, a disturbed man who has twenty-four personalities. Meanwhile, the shadowy presence of Elijah Price emerges as an orchestrator who holds secrets critical to both men.",[],[],https://image.tmdb.org/t/p/w500/svIDTNUoajS8dLEo7EosxvyAsgJ.jpg
Ma,2019,5.819,2358,7.1557,"Sue Ann is a loner who keeps to herself in her quiet Ohio town. One day, she is asked by Maggie, a new teenager in town, to buy some booze for her and her friends, and Sue Ann sees the chance to make some unsuspecting, if younger, friends of her own.",[],[],https://image.tmdb.org/t/p/w500/6n7ASmQ1wY2cxTubFFGlcvPpyk7.jpg
Serenity,2019,5.441,1569,6.9976,"The quiet life of Baker Dill, a fishing boat captain who lives on the isolated Plymouth Island, where he spends his days obsessed with capturing an elusive tuna while fighting his personal demons, is interrupted when someone from his past comes to him searching for help.",[],[],https://image.tmdb.org/t/p/w500/hgWAcic93phg4DOuQ8NrsgQWiqu.jpg
Hellboy,2019,5.578,3584,7.7335,"Hellboy comes to England, where he must defeat Nimue, Merlin's consort and the Blood Queen. But their battle will bring about the end of the world, a fate he desperately tries to turn away.",[],[],https://image.tmdb.org/t/p/w500/bk8LyaMqUtaQ9hUShuvFznQYQKR.jpg
Shazam!,2019,6.986,9920,8.5715,A boy is given the ability to become an adult superhero in times of need with a single magic word.,[],[],https://image.tmdb.org/t/p/w500/xnopI5Xtky18MPhK40cZAGAOVeV.jpg
Dark Waters,2019,7.5,2367,9.2075,"A tenacious attorney uncovers a dark secret that connects a growing number of unexplained deaths to one of the world's largest corporations. In the process, he risks everything — his future, his family, and his own life — to expose the truth.",[],[],https://image.tmdb.org/t/p/w500/bzvzaHqKBSuGIIWhinTQPHvT0zf.jpg
The Lighthouse,2019,7.492,5272,8.2882,Two lighthouse keepers try to maintain their sanity while living on a remote and mysterious New England island in the 1890s.,[],[],https://image.tmdb.org/t/p/w500/f1tIYarTbkBdIT1aW0gzelDwknv.jpg
Midway,2019,7.1,2594,7.788,"The story of the Battle of Midway, and the leaders and soldiers who used their instincts, fortitude and bravery to overcome massive odds.",[],[],https://image.tmdb.org/t/p/w500/hj8pyoNnynGeJTAbl7jcLZO8Uhx.jpg
How to Train Your Dragon: Homecoming,2019,8.033,1066,7.742,"It's been ten years since the dragons moved to the Hidden World, and even though Toothless doesn't live in New Berk anymore, Hiccup continues the holiday traditions he once shared with his best friend. But the Vikings of New Berk were beginning to forget about their friendship with dragons. Hiccup, Astrid, and Gobber know just what to do to keep the dragons in the villagers' hearts. And across the sea, the dragons have a plan of their own...",[],[],https://image.tmdb.org/t/p/w500/kXj2Qrfm994yLeuADqbOieU1mUH.jpg
The Body Remembers When the World Broke Open,2019,7.438,16,7.0112,"When Áila encounters a young Indigenous woman, barefoot and crying in the rain on the side of a busy street, she soon discovers that this young woman, Rosie, has just escaped a violent assault at the hands of her boyfriend. Áila decides to bring Rosie home with her and over the course of the evening, the two navigate the aftermath of this traumatic event.",[],[],https://image.tmdb.org/t/p/w500/7iSaIYfMcKseNhEwzXdn0oJ9PY7.jpg
Sunrise in Heaven,2019,6.111,27,7.0914,"A true love story that spans a lifetime but eventually results in a painful loss of love. Jan is the daughter of an overly protective militant father, but that doesn't stop her from falling love with Steve, a young GI in the Air Force.",[],[],https://image.tmdb.org/t/p/w500/a8cOgXD0v1RHP9g4ODYIHX0slOY.jpg
Crawl,2019,6.319,3257,7.2573,"When a huge hurricane hits her hometown in Florida, Haley ignores evacuation orders to look for her father. After finding him badly wounded, both are trapped by the flood. With virtually no time to escape the storm, they discover that rising water levels are the least of their problems.",[],[],https://image.tmdb.org/t/p/w500/4WH6AZd473lRZ3hUp8TYiv2LfZW.jpg
Abominable,2019,7.45,2122,6.9335,"A group of misfits encounter a young Yeti named Everest, and they set off to reunite the magical creature with his family on the mountain of his namesake.",[],[],https://image.tmdb.org/t/p/w500/llhj3xtNes2Ri4d9HqtleKo1CfL.jpg
The Dead Don't Die,2019,5.43,2736,8.0616,"In the sleepy town of Centerville, the lives of a number of interconnected characters are disrupted by the undead.",[],[],https://image.tmdb.org/t/p/w500/ndvOjo7Nfk8ULnFLMXthPzhI62L.jpg
Jojo Rabbit,2019,8.0,10020,7.8264,"Jojo, a lonely German boy during World War II has his world shaken when he learns that his single mother is hiding a Jewish girl in their home. Influenced by a buffoonish imaginary version of Adolf Hitler, he begins to question his beliefs and confront the conflict between propaganda and his own humanity.",[],[],https://image.tmdb.org/t/p/w500/1mqL7VG4Ix8wmxwypmCA1HTHBky.jpg
The Hustle,2019,6.19,2610,6.3548,"Two female scam artists, one low rent and the other high class, compete to swindle a naïve tech prodigy out of his fortune. A remake of the 1988 comedy ""Dirty Rotten Scoundrels.""",[],[],https://image.tmdb.org/t/p/w500/qZniBGQRESLIfxw6GeZLZ2G1osa.jpg
Child's Play,2019,5.961,1986,7.1834,"Karen, a single mother, gifts her son Andy a Buddi doll for his birthday, unaware of its more sinister nature. A contemporary re-imagining of the 1988 horror classic.",[],[],https://image.tmdb.org/t/p/w500/rpS7ROczWulqfaXG2klYapULXKm.jpg
Dumbo,2019,6.59,4444,7.3865,"A young elephant, whose oversized ears enable him to fly, helps save a struggling circus, but when the circus plans a new venture, Dumbo and his friends discover dark secrets beneath its shiny veneer.",[],[],https://image.tmdb.org/t/p/w500/qgibOIN9RDHiPdimw7Gc7YcY960.jpg
Circumnavigating Ring,2019,0.0,0,5.6757,A new video essay by author and critic Alexandra Heller-Nicholas on the evolution of the Ringu series.,[],[],https://image.tmdb.org/t/p/w500/cWCtIyU27SXYZOpUOH8KkZLD6E6.jpg
The Upside,2019,7.132,1342,7.531,"Phillip is a wealthy quadriplegic who needs a caretaker to help him with his day-to-day routine in his New York penthouse. He decides to hire Dell, a struggling parolee who's trying to reconnect with his ex and his young son. Despite coming from two different worlds, an unlikely friendship starts to blossom.",[],[],https://image.tmdb.org/t/p/w500/hPZ2caow1PCND6qnerfgn6RTXdm.jpg
Pet Sematary,2019,5.7,3320,7.0227,"Dr. Louis Creed and his wife, Rachel, move from Boston to Ludlow, in rural Maine, with their two young children. Hidden in the woods near the new family home, Ellie, their eldest daughter, discovers a mysterious cemetery where the pets of community members are buried.",[],[],https://image.tmdb.org/t/p/w500/7SPhr7Qj39vbnfF9O2qHRYaKHAL.jpg
Men in Black: International,2019,5.901,5155,6.8991,"The Men in Black have always protected the Earth from the scum of the universe. In this new adventure, they tackle their biggest, most global threat to date: a mole in the Men in Black organization.",[],[],https://image.tmdb.org/t/p/w500/dPrUPFcgLfNbmDL8V69vcrTyEfb.jpg
Falling Inn Love,2019,6.537,1175,6.6136,"When a San Francisco exec wins a New Zealand inn, she ditches city life to remodel and flip the rustic property with help from a handsome contractor.",[],[],https://image.tmdb.org/t/p/w500/4bzu5k5vwLKgwap6pHXlCY8nlh3.jpg
Dream Nails,2019,0.0,0,5.24,A short magical realism dance film explores the quirky personalities and awkward encounters that one only finds in a nail salon.,[],[],https://image.tmdb.org/t/p/w500/5jUBjlmexdhbv43PTFy5liX4u8r.jpg
Nail in the Coffin: The Fall and Rise of Vampiro,2019,5.2,5,6.9152,"A rare glimpse into the legendary career of wrestling icon, Vampiro, as he grapples with his demons and life after fame. Straight from one of wrestling's most outspoken characters, this is a candid look beyond the ring.",[],[],https://image.tmdb.org/t/p/w500/92BDKf4x7VaMTrxV34ep8vohB4L.jpg
Yesterday,2019,6.687,4097,7.5433,A struggling musician realizes he's the only person on Earth who can remember The Beatles after waking up in an alternate reality where the group was forgotten.,[],[],https://image.tmdb.org/t/p/w500/9fYka5CQt9nrb6LOtKicysUf9NA.jpg
Waves,2019,7.354,769,6.9944,A controlling father’s attempts to ensure that his two children succeed in high school backfire after his son experiences a career-ending sports injury. Their familial bonds are eventually placed under severe strain by an unexpected tragedy.,[],[],https://image.tmdb.org/t/p/w500/3xbjL0z8iH8e8L3USyeKGQrBfuZ.jpg
Doctor Sleep,2019,7.143,4673,6.7088,"Still scarred by the trauma he endured as a child at the Overlook Hotel, Dan Torrance faces the ghosts of the past when he meets Abra, a courageous teen who desperately needs his help -- and who possesses a powerful extrasensory ability called the ""shine"".",[],[],https://image.tmdb.org/t/p/w500/p69QzIBbN06aTYqRRiCOY1emNBh.jpg
Doom: Annihilation,2019,4.939,448,5.8361,"A group of UAC Marines responds to a distress call from a top-secret scientific base on Phobos, a Martian moon, only to discover it's been overrun by demons.",[],[],https://image.tmdb.org/t/p/w500/b7pEmwnayMZCVlnSq33izWcOlPI.jpg
A Dog's Journey,2019,8.055,1579,6.7658,A dog finds the meaning of his own existence through the lives of the humans he meets.,[],[],https://image.tmdb.org/t/p/w500/wquJChp0NpoqthYdE3YjXNNxvVC.jpg
It's Beginning to Look a Lot Like Christmas,2019,6.2,39,6.2497,"When a New England Christmas decorating competition searches for the town with the most Christmas spirit, the Mayors of East and West Riverton go all out to get their towns to the top of the holiday heap.",[],[],https://image.tmdb.org/t/p/w500/vYEpId8nCN9wcE4cXSSqG3cw82p.jpg
The Hummingbird Project,2019,6.166,374,6.9073,A pair of high-frequency traders go up against their old boss in an effort to make millions in a fiber-optic cable deal.,[],[],https://image.tmdb.org/t/p/w500/cx7CuTtcJvjZAP6ZFWoxylCXKFP.jpg
Triple Threat,2019,6.424,616,6.7393,"A crime syndicate places a hit on a billionaire's daughter, making her the target of an elite assassin squad. A small band of down-and-out mercenaries protects her, fighting tooth and nail to stop the assassins from reaching their target.",[],[],https://image.tmdb.org/t/p/w500/cSpM3QxmoSLp4O1WAMQpUDcaB7R.jpg
Lady and the Tramp,2019,7.177,1610,6.5494,"The love story between a pampered Cocker Spaniel named Lady and a streetwise mongrel named Tramp. Lady finds herself out on the street after her owners have a baby and is saved from a pack by Tramp, who tries to show her to live her life footloose and collar-free.",[],[],https://image.tmdb.org/t/p/w500/8wBEye516IKul9sW7JKGcFXVGfV.jpg
Let the Festivities Begin: Manifesting Midsommar,2019,8.5,2,4.7154,"A featurette where Ari Aster and the cast break down the story and give us a behind the scenes look at the making of the film. It gives a fascinating look inside Ari Aster’s mind, and the detail put into production.",[],[],https://image.tmdb.org/t/p/w500/pKT8XwEWVa4j5xTJKRQu5LvOmlE.jpg
Stuber,2019,6.621,1349,6.7259,"After crashing his car, a cop who's recovering from eye surgery recruits an Uber driver to help him catch a heroin dealer. The mismatched pair soon find themselves in for a wild day of stakeouts and shootouts as they encounter the city's seedy side.",[],[],https://image.tmdb.org/t/p/w500/gqk7ndiGn9WUT5UDTm6KHwGTv3m.jpg
Flip That Romance,2019,6.3,55,6.6644,"Rival house flippers, Jules Briggs and Lance Waddell, renovate dual sides of a duplex and rekindle an old romance.",[],[],https://image.tmdb.org/t/p/w500/g82ETVLuFCE8JwitEuQmP0jrMUx.jpg
Kamasi Washington - As Told To G/D Thyself,2019,0.0,0,5.4459,"The cosmic journey of sacred youth, during which pain, pleasure, and sublimation are nonnegotiable.",[],[],https://image.tmdb.org/t/p/w500/ml1WFb7ReQXsywuFUPu643pcZKE.jpg
"Paris, Wine & Romance",2019,6.9,60,6.0323,"Isabella is the ambitious new owner of her family’s Oregon winery whose dream of becoming world-renowned takes a big step forward when she enters a prestigious wine competition in Paris. Upon arrival, Isabella meets her biggest competitor, Jacques, from one of the world’s foremost winemaking families. Impressed by Isabella and her expertise in wine, a budding romance develops between them.",[],[],https://image.tmdb.org/t/p/w500/8Zeeuo6MANQanNiiKEk91OQpuzn.jpg
The Highwaymen,2019,6.763,2142,6.7798,"In 1934, Frank Hamer and Manny Gault, two former Texas Rangers, are commissioned to put an end to the wave of vicious crimes perpetrated by Bonnie Parker and Clyde Barrow, a notorious duo of infamous robbers and cold-blooded killers who nevertheless are worshiped by the public.",[],[],https://image.tmdb.org/t/p/w500/4bRYg4l12yDuJvAfqvUOPnBrxno.jpg
Robert the Bruce,2019,5.4,123,6.4192,"In 1306, Scottish King Robert the Bruce turns a defeated outlaw when his country is invaded. But before to free his sacred land, he must manage to regain his will to fight back and survive the persecution of those who want take his head and the English gold.",[],[],https://image.tmdb.org/t/p/w500/e6eNN4EpGtbXAbsR97QgjnjHs6s.jpg
The Car: Road to Revenge,2019,6.414,110,6.0296,"In a dilapidated cyberpunk city plagued by crime and corruption, an unscrupulous District Attorney is savagely murdered and tossed out of a building onto his brand new car. Mysteriously, the District Attorney and his car come back to life as a single being with a thirst for vengeance. The eerie driverless car embarks on a vicious rampage, exacting revenge on the criminals who murdered him...",[],[],https://image.tmdb.org/t/p/w500/czynIdEiHjpGhUWMnoax7Q3lMAE.jpg
Crossword Mysteries: Proposing Murder,2019,7.542,60,6.5632,"When an old friend of New York Sentinel Crosswords editor Tess Harper is found murdered on the very day her puzzle includes his proposal of marriage, Tess unofficially teams up with Detective Logan O’Connor to find the killer.",[],[],https://image.tmdb.org/t/p/w500/7F68QPWGpQalpMeGVTGZjoWYvKi.jpg
Togo,2019,8.141,2141,6.5908,"The untold true story set in the winter of 1925 that takes you across the treacherous terrain of the Alaskan tundra for an exhilarating and uplifting adventure that will test the strength, courage and determination of one man, Leonhard Seppala, and his lead sled dog, Togo.",[],[],https://image.tmdb.org/t/p/w500/wX0QD36a80hxulcizz7tyahYOF8.jpg
Freaks,2019,6.745,1217,6.0631,"Kept locked inside the house by her father, 7-year-old Chloe lives in fear and fascination of the outside world, where Abnormals create a constant threat—or so she believes. When a mysterious stranger offers her a glimpse of what's really happening outside, Chloe soon finds that while the truth isn't so simple, the danger is very real.",[],[],https://image.tmdb.org/t/p/w500/kc2cvuqESIiRX5QoZOoMTBq18kQ.jpg
A Feeling of Home,2019,6.328,29,6.5738,"Web entrepreneur Abby hides her Texas roots to convince a backer she's from New England, a task complicated by a trip home and an unexpected reunion with Ryan, her high school sweetheart.",[],[],https://image.tmdb.org/t/p/w500/zHwhiDnxwchloC1rrWpKYGOwlB3.jpg
Uncut Gems,2019,7.15,5080,6.8222,"A charismatic New York City jeweler always on the lookout for the next big score makes a series of high-stakes bets that could lead to the windfall of a lifetime. Howard must perform a precarious high-wire act, balancing business, family, and encroaching adversaries on all sides in his relentless pursuit of the ultimate win.",[],[],https://image.tmdb.org/t/p/w500/sg0xxJeb3u1C4kAxhSuTwTNpEDt.jpg
Booksmart,2019,7.008,2740,7.0643,"Two academic teenage superstars realize, on the eve of their high school graduation, that they should have worked less and played more. Determined to never fall short of their peers, the girls set out on a mission to cram four years of fun into one night.",[],[],https://image.tmdb.org/t/p/w500/2aSxRDmisJP90H3S0aocyuQIe4z.jpg
Shaft,2019,6.534,1791,6.7819,"JJ, aka John Shaft Jr., may be a cyber security expert with a degree from MIT, but to uncover the truth behind his best friend’s untimely death, he needs an education only his dad can provide. Absent throughout JJ’s youth, the legendary locked-and-loaded John Shaft agrees to help his progeny navigate Harlem’s heroin-infested underbelly.",[],[],https://image.tmdb.org/t/p/w500/joNpwk3wQXpiv6d2bPemjWj3CBd.jpg
Dora and the Lost City of Gold,2019,6.634,1778,6.1508,"Dora, a girl who has spent most of her life exploring the jungle with her parents, now must navigate her most dangerous adventure yet: high school. Always the explorer, Dora quickly finds herself leading Boots (her best friend, a monkey), Diego, and a rag tag group of teens on an adventure to save her parents and solve the impossible mystery behind a lost Inca civilization.",[],[],https://image.tmdb.org/t/p/w500/xvYCZ740XvngXK0FNeSNVTJJJ5v.jpg
Triple Frontier,2019,6.326,3387,5.9278,"Struggling to make ends meet, former special ops soldiers reunite for a high-stakes heist: stealing $75 million from a South American drug lord.",[],[],https://image.tmdb.org/t/p/w500/aBw8zYuAljVM1FeK5bZKITPH8ZD.jpg
Tightrope: Americans Reaching for Hope,2019,0.0,0,4.9176,"Pulitzer Prize-winning journalists Nicholas Kristof and Sheryl WuDunn explore the causes and costs of addiction, poverty and incarceration plaguing America, from the inner city to small towns like Kristof's hometown of Yamhill, Oregon. While pockets of empathy and aid exist, are they enough to rescue the thousands of Americans in despair, for whom the American Dream of self-reliance is impossibly out of reach?",[],[],https://image.tmdb.org/t/p/w500/b9ezclyw1VHlBizQeIO6zhM9qdG.jpg
Breakthrough,2019,7.643,1124,6.5713,"Tragedy strikes when a woman named Joyce's son falls through the ice on a frozen lake and is trapped underwater for over 15 minutes. After being rushed to the hospital, the 14-year-old boy continues to fight for his life as Joyce, her husband and their pastor stay by his bedside and pray for a miracle.",[],[],https://image.tmdb.org/t/p/w500/lUd2FNC8cMCcHyRMNZtVC48p3xH.jpg
Sadistic Intentions,2019,5.4,8,5.3792,A psychotic musician lures a fellow band-mate and an unsuspecting woman to a remote mansion for a night of romantic deceit and grinding metal mayhem.,[],[],https://image.tmdb.org/t/p/w500/4EeYGIk6MPytw28qo1Pfyu62HGo.jpg
Light from Light,2019,6.0,33,6.5773,"Shelia, a single mom and sometime paranormal investigator, is enlisted to investigate a possible “haunting” at a widower’s farmhouse in East Tennessee.",[],[],https://image.tmdb.org/t/p/w500/fu9BsfaUtQKojvryp7eoRLO8nv8.jpg
Empowered: Helping Native Youth See Their Power Within,2019,0.0,0,4.746,"For four years, the Jicarilla Apache Nation's Johnson O'Malley program, led by Lynn Roanhorse, and Holt Hamilton Films have joined forces to encourage, motivate, and empower Jicarilla Apache youth by providing hands-on learning and mentorship in the filmmaking process. Follow this exciting journey as Native American youth show the world they can do great things when EMPOWERED.",[],[],https://image.tmdb.org/t/p/w500/gPJcgwMJMwF474IGS5u6kExYAuK.jpg
The Road to El Camino: Behind the Scenes of El Camino: A Breaking Bad Movie,2019,6.871,31,6.9608,"Aaron Paul, Vince Gilligan and other cast members, producers and crew share stories and footage from the making of ""El Camino.""",[],[],https://image.tmdb.org/t/p/w500/2BcQ0ZScTBj3sihSQkV1SXYHqdU.jpg
Gaza Fights for Freedom,2019,7.9,10,5.8186,"Gaza Fights for Freedom depicts the ongoing Great March of Return protests in the Gaza Strip, occupied Palestine, that began in 2018.",[],[],https://image.tmdb.org/t/p/w500/5OaFeewCLw6zBvU1NLrLNlNkTbh.jpg
Pokémon Detective Pikachu,2019,6.911,7138,6.3734,"In a world where people collect pocket-size monsters (Pokémon) to do battle, a boy comes across an intelligent monster who seeks to be a detective.",[],[],https://image.tmdb.org/t/p/w500/uhWvnFgg3BNlcUz0Re1HfQqIcCD.jpg
Playing with Fire,2019,6.602,733,5.7507,A crew of rugged firefighters meet their match when attempting to rescue three rambunctious kids.,[],[],https://image.tmdb.org/t/p/w500/nBLPIpReSatt1zcgVzSVzq5e581.jpg
LEGO DC Batman: Family Matters,2019,6.682,159,6.2248,"Suspicion is on high after Batman, Batgirl, Robin and other DC superheroes receive mysterious invitations. However, family values must remain strong when Batman and his team encounter the villainous Red Hood, who is obsessed with destroying the Bat-family and all of Gotham City.",[],[],https://image.tmdb.org/t/p/w500/rA5bdwbzEAKfvjHRzza6Q3r0otq.jpg
The King,2019,7.154,3403,5.967,"England, 15th century. Hal, a capricious prince who lives among the populace far from court, is forced by circumstances to reluctantly accept the throne and become Henry V.",[],[],https://image.tmdb.org/t/p/w500/8u0QBGUbZcBW59VEAdmeFl9g98N.jpg
The Two Popes,2019,7.489,3038,6.5757,"Frustrated with the direction of the church, Cardinal Bergoglio requests permission to retire in 2012 from Pope Benedict. Instead, facing scandal and self-doubt, the introspective Pope Benedict summons his harshest critic and future successor to Rome to reveal a secret that would shake the foundations of the Catholic Church.",[],[],https://image.tmdb.org/t/p/w500/4d4mTSfDIFIbUbMLUfaKodvxYXA.jpg
Don't Come Back from the Moon,2019,5.5,20,5.7394,"The men of a small town on the edge of nowhere mysteriously disappear, one by one, leaving women and children behind to fend for themselves in a desolate and dreamlike world.",[],[],https://image.tmdb.org/t/p/w500/nvCas3wt20K23WLunGRKfyS3p99.jpg
Marvel Rising: Battle of the Bands,2019,6.2,55,5.6931,"On the day of Gwen’s “Battle of the Bands” competition, mysterious attacks force her and the Secret Warriors to investigate. Can they save the city and get Gwen to the concert on time?",[],[],https://image.tmdb.org/t/p/w500/mFL0EzAhEj3vscyGUMk6sT7pfQg.jpg
Missing Link,2019,6.921,894,6.1938,"The charismatic Sir Lionel Frost considers himself to be the world's foremost investigator of myths and monsters. Trouble is, none of his small-minded, high-society peers seems to recognize this. Hoping to finally gain acceptance from these fellow adventurers, Sir Lionel travels to the Pacific Northwest to prove the existence of a legendary creature known as the missing link.",[],[],https://image.tmdb.org/t/p/w500/bqQ38oKuROlAgyZcRII9tqtoPNi.jpg
Fighting with My Family,2019,6.848,1795,8.4336,"Born into a tight-knit wrestling family, Paige and her brother Zak are ecstatic when they get the once-in-a-lifetime opportunity to try out for the WWE. But when only Paige earns a spot in the competitive training program, she must leave her loved ones behind and face this new cutthroat world alone. Paige's journey pushes her to dig deep and ultimately prove to the world that what makes her different is the very thing that can make her a star.",[],[],https://image.tmdb.org/t/p/w500/fU4UrY5tTAYAXIzFs7oR9BK5Cqx.jpg
The Secret Lives of Cheerleaders,2019,6.559,34,5.692,A new transfer student reluctantly tries out for the cheerleading team at the insistence of her overly ambitious mother.,[],[],https://image.tmdb.org/t/p/w500/oS32eNXCY2eCuZZnKnWQEznGJAT.jpg
The Art of Self-Defense,2019,6.556,782,6.4087,"Casey is attacked at random on the street and enlists in a local dojo led by a charismatic and mysterious Sensei in an effort to learn how to defend himself. What he uncovers is a sinister world of fraternity, violence and hypermasculinity and a woman fighting for her place in it.",[],[],https://image.tmdb.org/t/p/w500/bTq793Qwl3tCXb94zrDPAwppbsC.jpg
Gemini Man,2019,6.276,5295,6.0503,"Henry Brogan is an elite 51-year-old assassin who's ready to call it quits after completing his 72nd job. His plans get turned upside down when he becomes the target of a mysterious operative who can seemingly predict his every move. To his horror, Brogan soon learns that the man who's trying to kill him is a younger, faster, cloned version of himself.",[],[],https://image.tmdb.org/t/p/w500/uTALxjQU8e1lhmNjP9nnJ3t2pRU.jpg
Dragged Across Concrete,2019,6.586,1053,5.6452,"Two policemen, one an old-timer, the other his volatile younger partner, find themselves suspended when a video of their strong-arm tactics becomes the media's cause du jour. Low on cash and with no other options, these two embittered soldiers descend into the criminal underworld to gain their just due, but instead find far more than they wanted awaiting them in the shadows.",[],[],https://image.tmdb.org/t/p/w500/dQ9EkVyPYJNVCfP5jWXRe4faUFA.jpg
Point Blank,2019,6.004,561,4.9871,A nurse is forced to spring a wounded murder suspect from the hospital when the man’s brother kidnaps his pregnant wife and wants to make a trade.,[],[],https://image.tmdb.org/t/p/w500/weAvkxl0dnPevIKD8fwHjiOi6tc.jpg
Bombshell,2019,6.786,3100,5.1535,Bombshell is a revealing look inside the most powerful and controversial media empire of all time; and the explosive story of the women who brought down the infamous man who created it.,[],[],https://image.tmdb.org/t/p/w500/gbPfvwBqbiHpQkYZQvVwB6MVauV.jpg
The Male Gaze: The Heat of the Night,2019,3.4,10,5.2484,"When darkness falls, temperatures rise in these six stories about late night confessions, intimacy for sale, high speed hookups and full moon frissons. But when the sun comes up and reality reveals itself, will it have all been worth it?  The short films are: Thirst (2018); According to Mateo [Según Mateo] (2017); Hardcore (2016); Beast [Séptimo] (2011); Petit Ami (2017); Skai Blue (2017).",[],[],https://image.tmdb.org/t/p/w500/e1gNLO829rkE73sBJ3aClZJHNXd.jpg
The Sky Socialist: The Environs,2019,0.0,0,5.4271,"Fall into winter 1964, Urban Renewal forced us to move a few blocks to West of Broadway. Our Sky Socialist ‘set’ is still standing and I’m drawn back to document more. It’s old New York, a lot of history. And then it no longer stands, no more than my first home in the slums of Williamsburg just across the river.",[],[],https://image.tmdb.org/t/p/w500/eYjWeA5hN2LkBvKCSeVWZXmV1bj.jpg
A Woman's Nightmare,2019,4.618,17,5.4912,"A mother and wife finds herself haunted by a brief affair she had while separated from her husband. With her scorned lover refusing to give up, she must fight to keep her family and her secret safe.",[],[],https://image.tmdb.org/t/p/w500/80fXjFid1sQMhj6dhNQ4KJv0vd8.jpg
The Way We Weren't,2019,5.175,20,5.7357,"Charlotte and Brandon meet online just after their previous relationships have imploded; in an effort to make themselves more appealing, they have fudged, exaggerated, re-imagined, and outright lied about their pasts in an attempt to be each other's perfect match. Now that they've said their ""I do's"" they are about to get a funny, hellish, and eye-opening look at just who they've vowed to spend the rest of their lives with. Will familiarity breed contempt... or bliss?",[],[],https://image.tmdb.org/t/p/w500/65hQc40FxKSpigISbC6ssUM0658.jpg
Night Hunter,2019,6.571,1021,5.8625,A Minnesota police officer crosses paths with a committed and tireless vigilante as he follows the trail of a ruthless predator responsible for several abductions and murders.,[],[],https://image.tmdb.org/t/p/w500/vVYU0x9FRpiJNX7c54ciFnRBVYG.jpg
The Courier,2019,6.0,552,6.19,"Ezekiel Mannings, a vicious crime boss, is out to kill Nick, the lone witness set to testify against him. He hires a mysterious female motorcycle courier to unknowingly deliver a poison-gas bomb to slay Nick, but after she rescues Nick from certain death, the duo must confront an army of ruthless hired killers in order to survive the night.",[],[],https://image.tmdb.org/t/p/w500/jE6QFRd48IzAxAubOE9HKB8sTjP.jpg
Merry Men 2: Another Mission,2019,5.3,3,5.4435,Four men have stopped robbing the rich to give to the poor and now are focusing on running their businesses.,[],[],https://image.tmdb.org/t/p/w500/fPrnMPhzv54U2IpdkT6avP1Ezck.jpg
Omega Man: A Wrestling Love Story,2019,7.5,2,4.9101,"Tyson Smith, better known as his in-ring name Kenny Omega, took the long and unorthodox road to achieve his dream of pro wrestling stardom. Follow his journey to the top of the wrestling world as he defies not only the odds but people's preconceived ideas of what a professional wrestler can be.",[],[],https://image.tmdb.org/t/p/w500/3dNz8SInvM48O2AWGUxYiCrKOfb.jpg
Let It Snow,2019,6.089,1183,6.2692,"In a small town on Christmas Eve, a snowstorm brings together a group of young people. They soon find their friendships and love lives colliding, and come Christmas morning, nothing will be the same.",[],[],https://image.tmdb.org/t/p/w500/rEVu3E1OhMPJeCAn9a6QLyVhZDj.jpg
Charlie's Angels,2019,6.391,3067,5.5536,"Elena Houghlin is a scientist, engineer and inventor of Calisto -- a sustainable energy source that will revolutionize the way people use power. It will be ready as soon as she works out the last issue, if not it could be turned into a dangerous weapon. But when the cutting edge technology is pushed to an investor before she can do that, Elena turns to the Townsend Agency for help. Now, it's up to the Angels -- Jane, Sabina, and the newly recruited Elena -- to retrieve Calisto before it can be transformed into a weapon of mass destruction.",[],[],https://image.tmdb.org/t/p/w500/1DPUFG6QnGqzpvEaDEv7TaepycM.jpg
Hotel Mumbai,2019,7.544,1648,5.7366,"Mumbai, India, November 26, 2008. While several terrorists spread hatred and death through the city, others attack the Taj Mahal Palace Hotel. Both hotel staff and guests risk their lives, making unthinkable sacrifices to protect themselves and keep everyone safe while help arrives.",[],[],https://image.tmdb.org/t/p/w500/v32SC4HFZtlDRWXMaR2V2dWqAXJ.jpg
Descendants 3,2019,7.673,1575,6.091,The teenagers of Disney's most infamous villains return to the Isle of the Lost to recruit a new batch of villainous offspring to join them at Auradon Prep.,[],[],https://image.tmdb.org/t/p/w500/7IRy0iHdaS0JI3ng4ZYlk5gLSFn.jpg
Curse of the Blind Dead,2019,4.4,17,6.1064,"In the Thirteenth century, a group of Satan worshipers, the Knights Templar, are captured during a ritual and brutally murdered by the locals. Just before the execution, the Knights swear to return from their graves to haunt the village and the nearby forest. Centuries later, in a post-apocalyptic future, a man and his daughter try to survive against both the undead Knights and a sect commanded by a mad preacher.",[],[],https://image.tmdb.org/t/p/w500/jLVpZFG6oWBhbyTvp8SNWbMHJpY.jpg
The Operative,2019,5.841,236,5.7643,A young Western woman is recruited by the Mossad to go undercover in Tehran where she becomes entangled in a complex triangle with her handler and her subject.,[],[],https://image.tmdb.org/t/p/w500/7fojgblOYLelv0yi9OczouCfR16.jpg
Scooby-Doo! Return to Zombie Island,2019,6.986,943,5.2534,"Scooby-Doo and his pals win an all-expense paid vacation and embark on a trip of a lifetime to a tropical paradise. Their destination however, turns out to be Zombie Island. As soon as they arrive, they realize the place looks strangely familiar and is reminiscent of a trip they took years ago, in which they became wrapped up in a mystery involving zombies. The gang soon learns that their trip to paradise comes with a price when the zombies re-emerge and attack their hotel. Will Scooby-Doo and the Mystery Inc. gang finally solve the mystery behind Zombie Island?",[],[],https://image.tmdb.org/t/p/w500/vd0oIoWhEm8o7EpS0kV7RaV0Flf.jpg
Danger Close: The Battle of Long Tan,2019,6.807,342,5.707,"Vietnam War, 1966. Australia and New Zealand send troops to support the United States and South Vietnamese in their fight against the communist North. Soldiers are very young men, recruits and volunteers who have never been involved in a combat. On August 18th, members of Delta Company will face the true horror of a ruthless battle among the trees of a rubber plantation called Long Tân. They are barely a hundred. The enemy is a human wave ready to destroy them.",[],[],https://image.tmdb.org/t/p/w500/aB1rCWGMsM2mm1kBDleaPkqUCFo.jpg
Saving Zoë,2019,6.2,179,6.5144,"A year after the murder of her sister Zoë, Echo is determined to uncover the truth. With Zoë's diary as her guide, Echo finds herself pulled into the darkness of her sister's secret life and she uncovers how one small decision can lead to tragic consequences.",[],[],https://image.tmdb.org/t/p/w500/7M3KQLBDkNrbLD1UHA6cvGkqa5k.jpg
The Ex Next Door,2019,4.3,18,5.1212,"Katie Gatewood's love for her husband Dan is put to the test when Dan's obsessed ex-girlfriend Louisa moves into the house next door, intending to drive the happy couple apart by any means necessary.",[],[],https://image.tmdb.org/t/p/w500/5XpT9kXiZQGaje0aYBpAD1C7tdN.jpg
The Souvenir,2019,6.051,266,5.6176,"A shy but ambitious film student falls into an intense, emotionally fraught relationship with a charismatic but untrustworthy older man.",[],[],https://image.tmdb.org/t/p/w500/2Nj04HsZ0lNkv07JnfBZ0bAIECn.jpg
I Am Mother,2019,6.704,2694,5.3137,"A teenage girl is raised underground by a robot ""Mother"", designed to repopulate the earth following an extinction event. But their unique bond is threatened when an inexplicable stranger arrives with alarming news.",[],[],https://image.tmdb.org/t/p/w500/ayPSqlpYIbeq1RiDekx6W9WUqrL.jpg
Marvel Rising: Heart of Iron,2019,6.5,78,5.0902,"Ironheart, AKA Riri Williams, is having difficulty adjusting to college life as the youngest student there when the college's engineering lab is demolished by an alien and her best friend is kidnapped. Inspired by Iron Man, she develops a plan to save her friend.",[],[],https://image.tmdb.org/t/p/w500/4IZv4EdqXNtMIpTqrwtLJubdYI2.jpg
Teen Titans Go! vs. Teen Titans,2019,7.538,508,5.229,"The comedic modern-day quintet takes on their 2003 counterparts when villains from each of their worlds join forces to pit the two Titan teams against each other. They'll need to set aside their differences and work together to combat Trigon, Hexagon, Santa Claus (that's right, Santa!) and time itself in order to save the multiverse.",[],[],https://image.tmdb.org/t/p/w500/GWJEdzVC9aOBSOMF9NHodYxSsE.jpg
Escape Plan: The Extractors,2019,5.44,901,5.4647,"After security expert Ray Breslin is hired to rescue the kidnapped daughter of a Hong Kong tech mogul from a formidable Latvian prison, Breslin's girlfriend is also captured. Now he and his team must pull off a deadly rescue mission to confront their sadistic foe and save the hostages before time runs out.",[],[],https://image.tmdb.org/t/p/w500/9qVzb6qDdh5ni76bLAPHAZDNHv4.jpg
Am I a Serial Killer?,2019,5.8,13,5.7997,A teenage girl visits her mom on death row and gets lured into a dangerous trap to take the fall for her mother's crimes.,[],[],https://image.tmdb.org/t/p/w500/zycNjyjasWMK28PEfv6giK6oH1S.jpg
