id,title,original_title,release_date,year,vote_average,vote_count,popularity,overview,genres,director,poster_path,backdrop_path,runtime,status,production_companies
1355126,Pabrik Gula,Pabrik Gula,2025-03-31,2025,8.2,20,15.33,"Sekelompok buruh musiman yang datang ke sebuah pabrik gula tua di pedesaan untuk bekerja selama musim panen. Namun, mereka tidak mengetahui apa rahasia di balik pabrik gula tersebut.","Kengerian, Cerita Seru",Awi Suryadi,https://image.tmdb.org/t/p/w500/nwmR5EL5m8tcPBud6OwUyt8p5z1.jpg,https://image.tmdb.org/t/p/original/5saKQdU7JHNLmcLqVRmHGZ2Zj0E.jpg,133,Released,"MD Pictures, EST Studios"
1317938,Norma: Antara Mertua dan Menantu,Norma: Antara Mertua dan Menantu,2025-03-31,2025,7.9,4,15.3,"Norma yang baru menikah berharap pernikahannya bahagia, tanpa mengetahui bahwa suaminya diam-diam berselingkuh dengan ibunya.","Drama, Percintaan",Guntur Soeharjanto,https://image.tmdb.org/t/p/w500/oEWtL2Rr5AuufFq57BjB7YZvLKv.jpg,https://image.tmdb.org/t/p/original/ngAmo1lK9KUewNbeqNR2itDkV84.jpg,134,Released,Dee Company
1391153,Kitab Sijjin & Illiyyin,Kitab Sijjin & Illiyyin,2025-07-17,2025,7.8,3,3.6,"Saat masih kecil, Yuli menyaksikan kedua orang tuanya tewas di tangan kekuatan misterius setelah ibunya dirasuki. Dicap sebagai anak yang dikutuk dan tidak diinginkan, ia bertahan hidup dan tumbuh di bawah naungan istri ayahnya yang lain, Ambar, dan putrinya, Laras, sambil menanggung penghinaan terus-menerus. Namun, semuanya berubah saat Ambar membisikkan rahasia terakhir ke telinga Yuli. Didorong oleh rasa dendam, Yuli melakukan ritual terlarang. Saat sihir hitam itu mengakar, dunia di sekitarnya mulai terurai.","Kengerian, Cerita Seru",Hadrah Daeng Ratu,https://image.tmdb.org/t/p/w500/6WTcQ95kWMLBi4HtxopXUW3QIsE.jpg,https://image.tmdb.org/t/p/original/8O5dKufZ97eVOvEgt1C3Q6T8Lme.jpg,98,Released,"Rapi Films, Sky Media, Legacy Pictures, Rhaya Flicks, Narasi Semesta"
1261148,AlMarhum,AlMarhum,2025-01-09,2025,6.1,7,2.34,"Kematian tragis Pak Mulwanto, sang Ayah pada Selasa Kliwon menjadi awal petaka bagi keluarga Nuri. Konon, siapa pun yang wafat pada hari itu akan mengajak anggota keluarganya untuk sama-sama menjemput ajal. Sehingga keluarga yang ditinggal pun diminta menjalani serangkaian ritual untuk mencegah hal tersebut.  Wisesa, anak sulung yang berprofesi sebagai dokter, menolak ritual itu karena dianggap tidak masuk akal dan memilih menemani Ibunya yang masih terpukul. Namun, kejadian aneh dan mengerikan yang menimpa Nuri dan adiknya, Yanda, memaksa mereka mencari tahu tentang kebenaran di balik mitos dan ritual tersebut.  Apa yang sebenarnya terjadi? Apa benar ini ada hubungannya dengan kematian sang Ayah di Selasa Kliwon? CEPAT atau LAMBAT, semua akan menjadi ALMARHUM.","Kengerian, Cerita Seru",Adhe Dharmastriya,https://image.tmdb.org/t/p/w500/bHmtY7LUn27DGaQlZLKhROdrLrh.jpg,https://image.tmdb.org/t/p/original/83xeZxAUzv1AEm74lGx0jdbVMAc.jpg,102,Released,"Unlimited Production, A&Z Films, Dwi Abisatya Persada, Light House Productions"
1261543,Pengantin Iblis,Pengantin Iblis,2025-01-29,2025,6.0,13,1.68,"Ranti adalah seorang ibu dan istri yang amat berbakti. Ranti memiliki putri yang amat ia sayangi, tapi cacat kondisinya sejak lahir, Nina. Suatu hari Nina mengalami kecelakaan fatal yang membutuhkan penanganan segera. Namun suami Ranti yang bekerja sebagai pelaut sedang tidak berada di rumah, dan keluarga besarnya juga tidak bisa membantu Ranti. Ranti akhirnya harus mencari jalan apapun demi keselamatan Nina. Ranti terpaksa menerima tawaran untuk menjadi pengantin iblis. Akhirnya Nina dapat disembuhkan, namun ada harga lain yang harus Ranti bayar, yang menyangkut nyawa seluruh anggota keluarganya.","Kengerian, Cerita Seru",Azhar Kinoi Lubis,https://image.tmdb.org/t/p/w500/6UWQVddCVCnFM4G7PSHcCc5NGtI.jpg,https://image.tmdb.org/t/p/original/tX0G6mVkRt550e3cfzkqZIK8wNz.jpg,105,Released,Lyto Pictures
1386004,Tak Ingin Usai Disini,Tak Ingin Usai Disini,2025-06-05,2025,8.3,3,1.55,Belum ada sinopsis.,"Drama, Percintaan",Robert Ronny,https://image.tmdb.org/t/p/w500/90Gzl2ndhmFLhZp0vJEYVlBxATl.jpg,https://image.tmdb.org/t/p/original/nQb0jA0gA4D56fMNOvFx1ntFHJU.jpg,108,Released,"Paragon Pictures, Ideosource Entertainment, Legacy Pictures, Virtuelines Entertainment, Nuon, Netzme, Kreasi Media Indonesia Fund"
1280089,Pengepungan di Bukit Duri,Pengepungan di Bukit Duri,2025-04-17,2025,8.2,15,1.57,"Edwin berjanji pada kakaknya sebelum meninggal untuk menemukan anak kakaknya yang hilang. Pencarian Edwin membawanya menjadi guru di SMA Duri, sekolah untuk anak-anak bermasalah. Di sana, Edwin menghadapi murid-murid paling beringas sambil mencari keponakannya. Ketika akhirnya ia menemukan sang keponakan, kerusuhan pecah di seluruh kota dan mereka terjebak di sekolah, melawan anak-anak brutal yang kini mengincar nyawa mereka.","Aksi, Kejahatan, Cerita Seru",Joko Anwar,https://image.tmdb.org/t/p/w500/tx2toda5HijndqRZXDuoGkSud8L.jpg,https://image.tmdb.org/t/p/original/dcpXPUVEqiuYclsnael3bJjos4B.jpg,118,Released,"Come and See Pictures, Amazon MGM Studios"
1391149,Waktu Maghrib 2,Waktu Maghrib 2,2025-05-28,2025,7.1,4,0.79,"20 tahun setelah kejadian yang dialami Adi (Omar Daniel) dan kawan-kawannya di Jatijajar, Jin Ummu Sibyan kembali meneror anak-anak di sebuah desa, kali ini di Giritirto. Yogo (Sulthan Hamonangan), Dewo (Ghazi Alhabsy), dan Wulan (Anantya Kirana) beserta 5 anak lainnya terlibat keributan di pertandingan bola antara pemain inti dan cadangan. Kalah dalam keributan, mereka bergegas pulang ke desa di waktu maghrib. Sepanjang perjalanan mereka menyumpahi tim inti sepak bola agar terkena musibah. Tanpa mereka sadari, mereka telah membangkitkan petaka seperti kejadian Jatijajar. Kali ini lebih gila dan mencekam, di tengah hutan dan malam yang dingin, Ummu Sibyan merasuki salah satu dari mereka untuk memburu nyawa anak-anak tanpa ampun.","Kengerian, Misteri, Cerita Seru",Sidharta Tata,https://image.tmdb.org/t/p/w500/iD0iWNrqlfffm81BKP5IGzrMofq.jpg,https://image.tmdb.org/t/p/original/3zmsLQx8GLN6Rf1fmdFE3BcoMJ.jpg,107,Released,"Rapi Films, Sky Media, Legacy Pictures, Rhaya Flicks, Kebon Studio"
1403688,Agen +62,Agen +62,2025-07-03,2025,5.5,2,0.4,"Dito dan Martha adalah dua agen rahasia dari PUANAS (Pusat Usaha Nasional), badan intelijen paling bawah di Indonesia. Namun karena statusnya yang rendah, data mereka luput dari peretasan besar-besaran yang membocorkan informasi rahasia di seluruh negeri. Hal itu membuat PUANAS mengambil peluang dengan mengadakan misi terbesarnya untuk mengungkap kasus paling meresahkan di negara ini, yakni perjudian online.","Komedi, Aksi",Dinna Jasanti,https://image.tmdb.org/t/p/w500/gWK5gp25vqWO9M6WtaWWLRWgq66.jpg,https://image.tmdb.org/t/p/original/6rYPm18kWf2abqEIrHM3yqywTPT.jpg,115,Released,"Wahana Kreator, PK Films, Samara Group, RVO Horizon"
1488099,Hotel Sakura,Hotel Sakura,2025-07-10,2025,0.0,0,0.25,"Sarah hidup dalam bayang-bayang masa lalunya sejak sang ibu tewas. Terjebak dalam rasa bersalah, Sarah bertemu seorang pria yang menawarkan opsi spiritual untuk menjawab keinginannya untuk berjumpa dengan sang ibu. Yang Sarah tak tahu, dia telah membuka pintu teror yang lebih besar. Keinginan untuk menebus kesalahan perlahan berubah menjadi petaka, dan dunia nyata mulai kehilangan batas dengan dunia arwah.",Kengerian,Krishto D. Alam,https://image.tmdb.org/t/p/w500/lWd1GRSHk3FhXG6QKdYeU6sI2kG.jpg,https://image.tmdb.org/t/p/original/uoDVkHQVGvOFpwDswIY3C3W6oL2.jpg,100,Released,"Kakaktua Pictures, HERS Productions"
1367947,Gowok: Kamasutra Jawa,Gowok: Kamasutra Jawa,2025-06-05,2025,8.8,4,1.98,"Set in 1960s Java, a young Javanese woman betrays her teacher, falls in love and must face dire consequences.","Drama, Sejarah, Percintaan, Cerita Seru",Hanung Bramantyo,https://image.tmdb.org/t/p/w500/k5nijiJPCn7cFF4KMEkHXnUIgEg.jpg,https://image.tmdb.org/t/p/original/61hELeZSqazLkvJgtraCfJq7DPx.jpg,132,Released,"MVP Pictures, Dapur Film"
1163980,Made in Bali,Made in Bali,2025-02-20,2025,7.0,2,0.18,A young man from a family of Balinese puppeteers must choose between a sensible arranged marriage or take a chance with his childhood best friend.,"Drama, Percintaan",Johar Prayudhi,https://image.tmdb.org/t/p/w500/dShnI8pl1wtVEt5y8K1AizwEX2Y.jpg,https://image.tmdb.org/t/p/original/lffE9qv3h9bPnucFVFRXCwOwTJR.jpg,94,Released,Josh Pictures
1292032,Misteri Rumah Darah,Misteri Rumah Darah,2025-03-06,2025,0.0,0,0.2,"Shafeera, a rising host, is given the chance to host the remake of Percaya Ngga Percaya. While studying old footage, she discovers an unaired tape labeled ""Rumah Darah,"" leading to disturbing paranormal events that threaten her life. As she investigates the mystery behind Rumah Darah, she uncovers dark secrets from the past that put her soul at risk.","Kengerian, Kejahatan",Andi A. Manoppo,https://image.tmdb.org/t/p/w500/6xghYbKVULbefQrUXKLQTlJnOTq.jpg,,91,Released,"Avantgarde TV Official, Cinema Delapan"
962626,Warkop DKI Kartun,Warkop DKI Kartun,2025-06-26,2025,5.8,2,0.3,"The Warkop trio — Dono, Kasino, and Indro — are dragged into the most daring mission yet: disguise themselves as Indonesian national team players in a World Cup qualifier to sabotage a match in the fictional country of West Korea and stop a conspiracy that could trigger a nuclear war. But saving the world is only a small part of their job as CHIPS agents. They also have to hunt down their own rebellious robots; and transform into elementary school children to uncover a national exam cheating scandal.","Animasi, Komedi, Cerita Fiksi, Fantasi",Rako Prijanto,https://image.tmdb.org/t/p/w500/yisiL4mVnnT3vsE0hLFY9kuAN6M.jpg,https://image.tmdb.org/t/p/original/RUlKr0zgJj5OLElnVgTFhgsJ9d.jpg,79,Released,Falcon Pictures
1261555,Setetes Embun Cinta Niyala,Setetes Embun Cinta Niyala,2025-03-31,2025,5.7,23,0.86,"Niyala adalah seorang wanita muda yang berhasil mewujudkan mimpinya menjadi seorang dokter.  Namun, ayahnya mengatur pernikahannya dengan Roger, putra orang terkaya di desa, untuk melunasi hutang keluarga dan ini membuat kehidupan Niyala menjadi kacau. Namun, pernikahan ini mungkin satu-satunya cara untuk menyelamatkan keluarga Anda.","Drama, Percintaan",Anggy Umbara,https://image.tmdb.org/t/p/w500/iolOzpZILKFf2Ve88VnaKwU4DEg.jpg,https://image.tmdb.org/t/p/original/wk0vWuxCNKmFWHhaqEAtBVRhUkY.jpg,114,Released,"MD Pictures, Umbara Brothers Film"
1148817,Vina: Sebelum 7 Hari,Vina: Sebelum 7 Hari,2024-05-08,2024,6.1,7,10.47,"Jenazah Almarhumah Vina (Nayla Purnama) yang ditemukan di flyover Cirebon dianggap mengalami kecelakaan motor tunggal. Nenek Vina (Lydia Kandou) curiga karena tubuh Vina remuk tak wajar namun tak punya cukup bukti untuk menolak berita acara. Vina merasuki tubuh sahabatnya Linda (Gisellma Firmansyah), Ia hanya punya waktu sebelum 7 hari usai kematiannya untuk mengungkap kebenaran yang menyakitkan. Alfatihah.","Kejahatan, Kengerian, Drama, Misteri, Cerita Seru",Anggy Umbara,https://image.tmdb.org/t/p/w500/j1xUlKVa8rS1c2mi0cZsjUSJ6G4.jpg,https://image.tmdb.org/t/p/original/1V3nxNu6xwxOFQdMsCM699OsJCK.jpg,100,Released,"Umbara Brothers Film, Legacy Pictures, Dee Company"
1164355,Lembayung,Lembayung,2024-09-19,2024,7.2,10,11.59,"Pica (Taskya Namya) dan Arum (Yasamin Jasem), mahasiswi keperawatan, menjalani masa PKL di Klinik Lembayung yang baru dibuka kembali setelah lama ditutup karena kasus bunuh diri. Suatu malam, pasien misterius yang menyeramkan, berambut panjang muncul di poli gigi, membuat Pica dan Arum sangat ketakutan. Sosok itu terus menghantui mereka hingga terbawa ke mimpi Arum. Peristiwa janggal mulai terjadi, diikuti dengan runutan kejadian tragis di Klinik Lembayung. Saat Arum kerasukan, Pica berusaha mengungkap misteri Klinik Lembayung sebelum sahabatnya menjadi korban berikutnya.","Kengerian, Cerita Seru",Baim Wong,https://image.tmdb.org/t/p/w500/5x9LrW0yvtt6S3XovIQHgXfYvLL.jpg,https://image.tmdb.org/t/p/original/1LSMstNHwJnJD7tpnb8gZcgGNQR.jpg,123,Released,"MNC Pictures, Tiger Wong Entertainment, Prime Eagle Studios (ID)"
1260594,Sumala,Sumala,2024-09-26,2024,7.4,29,1.99,"Tanpa sepengetahuan Soedjiman suaminya, Sulastri melakukan perjanjian dengan iblis supaya ia bisa memiliki anak. Ia melahirkan anak kembar, Kumala yang bertahan hidup dan Sumala yang meninggal. Kumala tumbuh menjadi anak yang baik hati tapi cacat fisik dan mental. Ia sering mendapat perlakuan buruk dari orang-orang sekitarnya. Suatu hari Sumala datang dari dunia kematian dan membuat perhitungan kepada mereka yang telah menyakiti Kumala.","Kengerian, Cerita Seru",Rizal Mantovani,https://image.tmdb.org/t/p/w500/jCOac0WEpCz8KyQYV0MTQ5oSwmf.jpg,https://image.tmdb.org/t/p/original/q4sUaE27mE07aGVlM2u9l0TgN4c.jpg,113,Released,"Hitmaker Studios, Legacy Pictures, Masih Belajar Pictures, Role Entertainment"
1264429,Temurun,Temurun,2024-05-30,2024,6.3,19,1.09,"Setelah meninggalnya sang Ibu akibat sebuah kelalaian anak pertama, Dewi (Yasamin Jasem) dan Sena (Bryan Domani) dijemput oleh sang Ayah (Kiki Narendra) untuk tinggal bersama di kota dan mewariskan perusahaan produksi daging milik keluarga. Namun saat tiba disana, keduanya mesti menghadapi segala teror, trauma, serta sosok nenek kandung mereka, Gayatri (Jajang C. Noer), yang mulai menunjukan wujud aslinya.","Kengerian, Cerita Seru",Inarah Syarafina,https://image.tmdb.org/t/p/w500/mfZmaNJonng2yv6ZynxI1ZEhYtW.jpg,https://image.tmdb.org/t/p/original/6xHXziwAHr6n2g70Xjt6LCKIteV.jpg,86,Released,"Rhaya Flicks, Amadeus Sinemagna, Masih Belajar Pictures, Legacy Pictures, Sinemaku Pictures"
1269108,Santet Segoro Pitu,Santet Segoro Pitu,2024-11-07,2024,6.1,12,1.06,"Sejak ayahnya menemukan sebuah bungkusan misterius dan mendengar suara sekawanan suku pedalaman yang menyeramkan, ARDI dan keluarganya mengalami kejadian aneh. SUCIPTO (ayahnya), MARNI (ibunya), dan ARIF (adik laki-lakinya) satu-persatu jatuh sakit. Ardi dan adik perempuannya, SYIFA meyakini bahwa ini adalah serangan santet dan selanjutnya mereka berdua lah yang akan bernasib sama. Sebuah santet tingkat tinggi dari luar tanah Jawa yang disebut Santet Segoro Pitu.","Kengerian, Cerita Seru",Tommy Dewo,https://image.tmdb.org/t/p/w500/Aocg0wAqM3XEwRPpL4L4rjkOYJJ.jpg,https://image.tmdb.org/t/p/original/AorubnsLNfPEx136uxxFQAqrF0g.jpg,94,Released,"Hitmaker Studios, Legacy Pictures, Masih Belajar Pictures, Role Entertainment"
1276703,Cinta Tak Seindah Drama Korea,Cinta Tak Seindah Drama Korea,2024-12-05,2024,6.4,6,0.77,"Seorang perempuan (Lutesha) mendapatkan kejutan manis dari kekasihnya (Ganindra Bimo), yaitu berlibur ke Seoul bersama dua sahabatnya sesama pecinta drama Korea (Anya Geraldine & Dea Panendra). Tak disangka, di sana ia justru bertemu dengan cinta pertamanya ketika SMA (Jerome Kurnia). Apakah ini akan lebih dramatis dari drama Korea?","Drama, Percintaan",Meira Anastasia,https://image.tmdb.org/t/p/w500/c9zVLJU7R53K8V5WtpNXt7J0Y1X.jpg,https://image.tmdb.org/t/p/original/dHk9ZvV12Rr7STgwEpeEYKGFGZM.jpg,118,Released,"Imajinari, Legacy Pictures, Jagartha, A&Z Films, Trinity Entertainment Network, Navvaros, Rhaya Flicks"
1282448,Kemah Terlarang: Kesurupan Massal,Kemah Terlarang: Kesurupan Massal,2024-10-10,2024,6.1,6,0.9,"Rini, siswi SMA Pandega ikut pementasan drama, memerankan tokoh Roro Putri yang telah meninggal ratusan tahun lalu, tiba-tiba kesurupan arwah Roro Putri dan memantik kesurupan massal ke seluruh peserta lainnya. Banyak korban terluka hingga ada yang terancam nyawa. Mampukah panitia/dewan ambalan membawa semua peserta pulang dengan selamat?",Kengerian,Ginanti Rona Tembang Asri,https://image.tmdb.org/t/p/w500/xsKvu7FPLcYUulsBPhBDYknlnRX.jpg,https://image.tmdb.org/t/p/original/jKZSi2z0zbASvPG1N32MNROZ8Bd.jpg,110,Released,"Rapi Films, Rhaya Flicks, Legacy Pictures, Sky Media"
1321326,"Panggonan Wingit 2: ""Miss K""","Panggonan Wingit 2: ""Miss K""",2024-12-25,2024,5.5,14,0.74,"Setelah ibunya meninggal, ALMA dan adiknya, MIA pindah dari Jakarta ke Surabaya karena Alma mendapat pekerjaan sebagai manajer di Apartemen Sasmaya. Anehnya, lantai 6 di apartemen itu ditutup. Tetapi karena ada hal mendesak, Alma dan Mia terpaksa masuk ke lantai tersebut dan masuk ke unit nomor 610. Mereka melihat sosok seorang wanita dan anak kecil perempuan misterius di sana yang berkata, “Papat dina, maghrib…” Sejak itu Alma dan Mia mulai mengalami teror mengerikan. Ternyata unit 610 itu adalah sebuah tempat angker. Siapapun yang membukanya akan mati dalam empat hari di waktu maghrib.","Kengerian, Cerita Seru, Misteri",Guntur Soeharjanto,https://image.tmdb.org/t/p/w500/g0ZQ348AfZ3YEhz7N43AICjFlvM.jpg,https://image.tmdb.org/t/p/original/zmaytJXQgaoDZcFH2Z0EqRhuTS3.jpg,103,Released,"Hitmaker Studios, Legacy Pictures, Masih Belajar Pictures, DT Films"
1263992,Sakaratul Maut,Sakaratul Maut,2024-08-01,2024,7.0,1,0.57,"Pak Wiryo dan istri pertamanya mengalami kecelakaan maut. Istrinya tewas di tempat, sedangkan Pak Wiryo jatuh koma dan sulit meregang nyawa karena punya ‘pegangan’. Saat Pak Wiryo menghadapi sakaratul maut, anak-anaknya dari istri pertama dan istri kedua malah sibuk berebut harta warisan. Bersamaan dengan konflik itu, rentetan teror menyerang anak-anak Pak Wiryo. Satu per satu dari mereka diteror Jin mengerikan yang bersemayam di tubuh Bapaknya.","Kengerian, Cerita Seru",Sidharta Tata,https://image.tmdb.org/t/p/w500/evTO0vxxGo4kLkZ7aLFAW3Lnr4X.jpg,https://image.tmdb.org/t/p/original/mm2fEHN7noGAjjCdP317X9u4tDK.jpg,107,Released,"Rapi Films, Legacy Pictures, Rhaya Flicks, Sky Media"
1267366,How to Survive a Marriage?,Catatan Harian Menantu Sinting,2024-07-18,2024,7.2,2,0.66,"Aku Minar. Ini cerita cintaku dan Sahat (dan Mamak Mertua).  Ditambah latar belakang keluarga besar Batak yang penuh drama. Seru. Ngeselin. Gemesin. Bikin pengen nyakar aspal.  Aku dan Mama Mertua punya kepercayaan berbeda, tentang cinta. Buatku cinta adalah quality time dan komunikasi. Sedangkan buat Mamak Mertua ,cinta adalah kehadiran anak laki-laki di tengah pernikahan sebagai penerus marga.","Komedi, Drama",Sunil Soraya,https://image.tmdb.org/t/p/w500/toEX8onpu6pfGpLeptUEYrAaRxy.jpg,https://image.tmdb.org/t/p/original/mL6CyO4CDeNq6qvwTJhOEdSMeHk.jpg,122,Released,Soraya Intercine Films
1385950,Konco-Konco Edan,Konco-Konco Edan,2024-12-05,2024,0.0,0,0.5,Belum terdapat sinopsis. Namun film ini dahulu berjudul Duit Express.,"Komedi, Petualangan, Kengerian",Ody C. Harahap,https://image.tmdb.org/t/p/w500/1UA10Y4sSBORgT70Nlhacwyoasy.jpg,https://image.tmdb.org/t/p/original/tQN4fWJ6I1yV0OzuLZOdlI30Iih.jpg,85,Released,MPS Pictures
1255559,Dilan 1983: Wo Ai Ni,Dilan 1983: Wo Ai Ni,2024-06-13,2024,5.9,7,0.51,"Kisah ketika Dilan di usia 12 tahun yang sempat ikut bapaknya bertugas dinas di Timor Timur (kini negara Timor Leste).  Dilan menikmati tinggal di sana dan tinggal di sana selama 1,5 tahun dan kembali ke Bandung dan bersekolah di tempat lamanya. Pada tahun 1983, Dilan bertemu dengan Mei Lien, siswa baru Tionghoa asal Semarang di sekolahnya.","Drama, Percintaan, Keluarga, Komedi",Fajar Bustomi,https://image.tmdb.org/t/p/w500/zRcc48Fd0wNxhPgo7i2vnytOQTK.jpg,https://image.tmdb.org/t/p/original/cjguDdqrM7TfPefWoa5CLOl9lSY.jpg,116,Released,Falcon Pictures
1263885,Tebusan Dosa,Tebusan Dosa,2024-10-17,2024,6.3,8,0.43,"Wening, seorang ibu mengalami kejadian tragis ketika Nirmala, anaknya yang berusia 11 tahun, hilang dalam kecelakaan motor di sebuah jembatan. Kecelakaan itu juga merenggut nyawa Uti Yah, ibunda Wening. Wening merasa sangat berdosa karena membuat ibunya meninggal dan anaknya hanyut di sungai, tapi dia percaya Nirmala masih hidup.  Tirta, seorang perempuan kreator podcast misteri, berminat memviralkan tragisnya kehidupan Wening, namun bantuannya malah membuat Tirta menyibak rahasia gelap masa lalu Wening yang mengakibatkan hilangnya Nirmala.  Dengan segala upaya dan penuh harapan, Wening mencari Nirmala, termasuk meminta bantuan Tetsuya, peneliti dari Jepang. Wening juga meminta bantuan Mbah Gowa, seorang dukun misterius. Namun, di tengah pencarian, Wening selalu didatangi oleh hantu Uti Yah.  Akankah Wening bersatu lagi dengan Nirmala?","Drama, Kengerian, Misteri, Cerita Seru",Yosep Anggi Noen,https://image.tmdb.org/t/p/w500/wQJSt1QTZi8FzeH9GWPpJcxTKTx.jpg,https://image.tmdb.org/t/p/original/jXySkaJpSvbcVT6hYkGec5kz2Rh.jpg,116,Released,"Palari Films, Legacy Pictures, Showbox, SinemArt, Phoenix Films, INFIA, Volix Pictures, Karma Club, StickEarn, Kuy! Production"
1249439,Kaka Boss,Kaka Boss,2024-08-29,2024,5.8,5,0.48,"Ferdinand ""Kaka Boss"" Omakare, seorang penagih hutang yang disegani mencoba banting setir dalam perjalanan karirnya untuk menjadi seorang penyanyi.","Komedi, Drama",Arie Kriting,https://image.tmdb.org/t/p/w500/t3JbHRCGwWJe7y85qV2nnXxHXli.jpg,https://image.tmdb.org/t/p/original/mCzzyCB8FDm0rHNFP9jazArJ6x.jpg,120,Released,"Imajinari, Jagartha, Trinity Entertainment Network, A&Z Films, Legacy Pictures, Karma Club, Rhaya Flicks, Urathadi"
972355,Seni Memahami Kekasih,Seni Memahami Kekasih,2024-09-05,2024,7.0,2,0.54,"Ini merupakan kisah cinta dua manusia biasa, mirip dengan kisah cinta kita semua. Kalis (Febby Rastanti), perempuan biasa-biasa saja jatuh cinta kepada Agus (Elang El Gibran), cowok medium ugly yang biasa-biasa saja juga, namun sangat percaya diri. Saat keduanya hampir jadian, ketakutan akan masa depan dan ekonomi yang pas-pasan menghantui. Mirip dengan cerita kamu juga?  Dapatkah mereka melalui ini semuanya? Apakah jatuh cinta ada seninya? Akankah mereka mendapatkan happy ending? Mari kita tonton kisah cinta kedua manusia biasa-biasa ini di film Seni Memahami Kekasih, mulai 5 September 2024.","Komedi, Drama, Percintaan",Jeihan Angga,https://image.tmdb.org/t/p/w500/4snVckm5N2C0WcQhomLD2R5jjcd.jpg,https://image.tmdb.org/t/p/original/2fjYG6Z5huhjrmwE4Y6P5hBvgKe.jpg,91,Released,IDN Pictures
1322593,Sorop,Sorop,2024-12-19,2024,6.1,9,0.39,"Berniat kembali ke rumah masa kecilnya, Hanif (Hana Malasan) dan Isti (Yasamin Jasem) justru harus dikejutkan dengan kematian Pakde (Egi Fedly) yang terjadi tepat di hadapan mereka. Kematian Pakde rupanya membawa sesuatu yang lebih gelap datang ke rumah mereka. Kini, Hanif dan Isti harus membuka tabir teka-teki yang berhubungan dengan masa lalunya.","Kengerian, Cerita Seru, Misteri",Upi Avianto,https://image.tmdb.org/t/p/w500/pgyMNf595daUBwpryg7XW1kzRJF.jpg,https://image.tmdb.org/t/p/original/rnjAxcM3uqMDFdG5F4Aj2SiM1db.jpg,103,Released,"MD Pictures, EST Studios, N8 Studios"
1290547,Hide and Seek,Petak Umpet,2024-11-21,2024,4.7,3,0.37,"Sari diculik oleh Wewe Gombel ketika Rahman sang kakak lengah mengawasinya yang sedang bermain petak umpet di sebuah rumah tua, kini Rahman berusaha menyelamatkan Sari dengan bantuan teman-temannya.",Kengerian,Rizal Mantovani,https://image.tmdb.org/t/p/w500/bJ2qLAEP3ZbA1NCJngPhHICJIqM.jpg,https://image.tmdb.org/t/p/original/sZGfwMmSPCaoA3LpAHIZCBqkPvg.jpg,91,Released,"PAW Pictures, Pichouse Films"
1261734,Menjelang Ajal,Menjelang Ajal,2024-04-30,2024,6.0,9,0.31,"Sekar, berusaha menghidupi 3 anaknya sendirian dengan cara membuka warung makan. Akhir-akhir ini ia resah karena dagangannya selalu basi sesaat setelah makanan dihidangkan. Sekar pergi menemui Mak Ambar, Dukun yang memasang 'penglaris' di warungnya. Namun ternyata, Mak Ambar telah meninggal dunia.  Sejak itu, Jin yang selama ini menolongnya menuntut nyawa hingga Sekar kerasukan tiap malam. Ketiga anaknya berusaha untuk mengobati, namun upaya itu malah mengancam nyawa mereka sekeluarga.","Drama, Kengerian, Cerita Seru",Hadrah Daeng Ratu,https://image.tmdb.org/t/p/w500/xk853DwtmM5h8FF8As58fO8VxUB.jpg,https://image.tmdb.org/t/p/original/fEpViOkfklHX62kp30PzTsMhI7v.jpg,96,Released,"Rapi Films, Sky Media, Legacy Pictures, Rhaya Flicks"
1333192,Home Sweet Loan,Home Sweet Loan,2024-09-26,2024,8.2,15,0.37,"Kaluna, seorang pekerja kantoran yang masih tinggal bersama orang tuanya, bermimpi memiliki rumah sendiri. Namun, sebagai bagian dari generasi sandwich, ia harus berbagi penghasilannya untuk menopang keluarga. Ketika kesempatan untuk membeli rumah impiannya muncul, Kaluna dihadapkan pada dilema besar: mengejar mimpinya atau tetap bertanggung jawab terhadap keluarganya.","Drama, Keluarga, Komedi",Sabrina Rochelle Kalangie,https://image.tmdb.org/t/p/w500/1nY3sHWwADygJUH1RVUygaM9a4j.jpg,https://image.tmdb.org/t/p/original/tEPJQcF7dE2KpWzbIv8HMJSJUDN.jpg,112,Released,"Visinema Pictures, Legacy Pictures"
1303218,"Harta, Tahta, Boru Ni Raja","Harta, Tahta, Boru Ni Raja",2024-07-11,2024,4.0,0,0.09,(Plot belum tersedia),Komedi,Agustinus Sitorus,https://image.tmdb.org/t/p/w500/vTEUaK8zLuEMHHrwfBeKj9SfTkN.jpg,https://image.tmdb.org/t/p/original/htG8pWCOZwuSikzGJcYox4dHvmr.jpg,114,Released,"PIM Pictures, Layar Production, BPODT"
1181961,Indonesia Dari Timur,Indonesia Dari Timur,2024-02-14,2024,0.0,0,0.19,"Edu, a senior pilot who serves pioneering routes in Papua, received a special assignment from Simon, the owner of the airline company. Edu was promised to lead Simon's subsidiary, if he was able to establish a youth football club which they would sponsor, by recruiting young Papuan talents. Edu then met John, the coach who had just won a gold medal at the national football event. John responded pessimistically to Edu's plan, because his team had split up and returned to their respective lives. Edu realized that pessimism was the biggest challenge he had to face.",Drama,Ari Sihasale,https://image.tmdb.org/t/p/w500/rYHDD52FG80YGjvkIrkFwlqEr6X.jpg,,112,Released,"Alenia Pictures, Bhinneka Multi Media"
1283001,Ayo Balikan,Ayo Balikan,2024-05-23,2024,6.5,1,0.24,"Selatan reverts to his old ways of life, only needing three days to start dating again. Unbeknownst to him, all the women he dates share a common resemblance to Alma, his former lover. Until he hears the news of Alma's upcoming marriage, which compels him to become determined to win Alma's love back.","Komedi, Drama, Percintaan",Rizal Mantovani,https://image.tmdb.org/t/p/w500/tKxJaDIPnEpqvvBkuxrTzcN1dn8.jpg,https://image.tmdb.org/t/p/original/tpNV38JwzPtSucADtj80K1pzi9i.jpg,86,Released,MD Pictures
1211275,Bu Tejo Sowan Jakarta,Bu Tejo Sowan Jakarta,2024-01-18,2024,5.7,3,0.15,"Bu Tejo goes on a road trip to attend her son's engagement party in Jakarta, but she brings along her own hidden agenda.","Drama, Komedi",Andibachtiar Yusuf,https://image.tmdb.org/t/p/w500/oSQk1LpoHcTohJkGdlV83zXmIXH.jpg,https://image.tmdb.org/t/p/original/vlrrZMLOCZUWe0fTvIvUZ5Vjbvl.jpg,93,Released,"786 Production, Capo Dei Capi Films, RUMPI Entertainment, Clock Work Films"
1052886,Do You See What I See: Cerita Horor #64 - First Love,Do You See What I See: Cerita Horor #64 - First Love,2024-05-16,2024,7.0,22,0.98,"After Mawar falls for her very first boyfriend, her friends' joy turns into suspicion as they realize he may not be who he seems.","Drama, Kengerian, Cerita Seru",Awi Suryadi,https://image.tmdb.org/t/p/w500/mk9jICB3vhe6qa2SphMY38QUAfr.jpg,https://image.tmdb.org/t/p/original/io1nlClgWmbEHIWlqBDTAYACh8S.jpg,109,Released,"MD Pictures, Pichouse Films"
1064312,Waktu Maghrib,Waktu Maghrib,2023-02-09,2023,6.0,21,1.64,"Adi, Saman dan Ayu tinggal di Desa Jatijajar, sebuah desa terpencil di Jawa Tengah. Karena harus membantu keluarga mereka di ladang, Adi dan Saman jadi sering terlambat masuk sekolah. Akibatnya, keduanya sering dihukum oleh Bu Woro, guru mereka yang disiplin dan galak. Suatu hari, kekesalan Adi dan Saman terhadap Bu Woro memuncak. Mereka menyumpahi Bu Woro, bahkan berharap agar guru itu mati saja. Sumpah ini terucap bersamaan dengan berkumandangnya adzan Maghrib. Tak lama sesudahnya, Bu Woro meninggal secara mengenaskan.",Kengerian,Sidharta Tata,https://image.tmdb.org/t/p/w500/tLkviJkau1cRMCoAa06R1gkH2Hn.jpg,https://image.tmdb.org/t/p/original/3g2GKCM0og3MPnffWSuEEFQsQfH.jpg,104,Released,"Rapi Films, Sky Media"
1126128,13 Bom di Jakarta,13 Bom di Jakarta,2023-12-28,2023,7.1,25,0.94,Badan kontraterorisme harus berpacu melawan waktu demi menghentikan gelombang serangan bom fatal di berbagai penjuru ibu kota Indonesia.,"Aksi, Kejahatan, Cerita Seru",Angga Dwimas Sasongko,https://image.tmdb.org/t/p/w500/wfmlt4KKn96GvdJloB0iIjMVWfQ.jpg,https://image.tmdb.org/t/p/original/bB8av9j4BideDSLuDeAreqMJJil.jpg,143,Released,"Visinema Pictures, INDODAX, Legacy Pictures, Volix Pictures, Folkative, INFIA, Barunson E&A"
1058063,Siksa Neraka,Siksa Neraka,2023-12-14,2023,6.9,20,0.67,"Empat kakak beradik, Saleh, Fajar, Tyas, dan Azizah, sejak kecil telah mendengar kisah-kisah mengenai surga dan neraka. Mereka dididik dengan keras oleh bapak mereka, seorang ustad muda yang terpandang di desa.  Suatu malam, dalam perjalanan menuju desa seberang tanpa sepengetahuan orang tua mereka, Saleh dan adik-adiknya terseret arus sungai yang deras dan menghilang. Saleh kemudian terbangun di alam yang lain, neraka yang selalu dikisahkan bapaknya.  Pencarian dilakukan di dunia untuk menemukan anak-anak bapak, entah hidup atau mati. Satu per satu rahasia terungkap, membuat bapak dan ibu mempertanyakan apakah mereka sudah cukup membekali anak-anaknya. Di neraka, Saleh dan yang lain juga saling mencari, sambil menghadapi siksaan yang kian besar atas dosa-dosa yang selama ini mereka sembunyikan.  Di bioskop 14 Desember 2023.","Kengerian, Cerita Seru",Anggy Umbara,https://image.tmdb.org/t/p/w500/gt0zaEuYDgr5AbgHkLKmTfliBdd.jpg,https://image.tmdb.org/t/p/original/ljW26r8uuJs8zvdjFW3mnKmSN51.jpg,98,Released,"Dee Company, Umbara Brothers Film"
1088469,Layangan Putus: The Movie,Layangan Putus: The Movie,2023-12-21,2023,7.2,2,0.6,"Setelah resmi berpisah dari Aris, Kinan memulai perjalanan penemuan jati diri, menghadapi tantangan menjadi single parent sambil melanjutkan perannya sebagai dokter yang berdedikasi. Di sampingnya adalah Raya yang tangguh—mereka pun menjalin kehidupan baru bersama. Ketenangan hidup mereka tiba-tiba terganggu ketika Aris, mantan suami Kinan, kembali bersama Lidya, selingkuhannya, di belakangnya.  Lidya, tidak puas dengan statusnya sebagai kekasih belaka, mendambakan lebih dari Aris. Cita-citanya mencapai puncak tertinggi saat ia menuntut pernikahan, keinginan untuk menjadi ratu di dunia Aris yang penuh gejolak. Menghadapi tawaran tak terduga ini, Aris meminta bimbingan Kinan dengan mengungkapkan keinginan yang masih ada untuk mendapatkan kasih sayang kedua wanita di hidupnya, Kinan dan Lidya.","Drama, Percintaan",Benni Setiawan,https://image.tmdb.org/t/p/w500/kxhqebpoVDye8XDrWsLUpItucv5.jpg,https://image.tmdb.org/t/p/original/gx2s3Tc44V8LBQsF5OkObZjbXMp.jpg,91,Released,MD Pictures
1126131,Galaksi,Galaksi,2023-08-24,2023,0.0,0,0.61,"Di tengah persaingan geng, cinta tak terduga Galaksi pada Kejora memicu empati, memicu konflik yang melibatkan Paskibra dan geng motor Ravispa dan Avegar.","Aksi, Drama, Percintaan",Kuntz Agus,https://image.tmdb.org/t/p/w500/yxoXjs4RrGloesXFihpqWq3tEL2.jpg,https://image.tmdb.org/t/p/original/2zuBOg2VC1kgEva8DD2JZb3GzwG.jpg,118,Released,"Rapi Films, Screenplay Films"
1052865,Sewu Dino,Sewu Dino,2023-04-19,2023,6.9,29,0.56,"Diangkat dari Twitter thread dan novel populer Simple Man yang sebelumnya menceritakan KKN di Desa Penari, kini dia membawa cerita baru berjudul Sewu Dino. Kisah horor ini dikabarkan lebih mencekam dari KKN di Desa Penari!","Kengerian, Misteri, Cerita Seru",Kimo Stamboel,https://image.tmdb.org/t/p/w500/kSjkuebiNcHyJpIdLka3zD4Z7cM.jpg,https://image.tmdb.org/t/p/original/tDcCX1rSJZomkMKi8CfwcZUy0Tx.jpg,121,Released,MD Pictures
1082213,Sleep Call,Sleep Call,2023-09-07,2023,6.7,9,0.42,"Dina, terjerat dalam utang dan dipaksa untuk bekerja di perusahaan pinjaman ilegal, mencari kedamaian dalam aktivitas 'sleep call' dengan Rama, seorang asing yang karismatik dari situs kencan. Tetapi seiring hubungan adiktif mereka semakin dalam, serangkaian kematian yang tak dapat dijelaskan menghantui dirinya, mengubah kedamaian menjadi obsesi yang mematikan.","Cerita Seru, Drama, Percintaan",Fajar Nugros,https://image.tmdb.org/t/p/w500/gIUd4ZU2xakeKx5NFPdaEa45oPY.jpg,https://image.tmdb.org/t/p/original/uSleSZ3FE4msSCfbufF7zIoKh4F.jpg,100,Released,IDN Pictures
1017338,Hidayah,Hidayah,2023-01-12,2023,5.8,4,0.42,"Di tengah imannya yang goyah, ustadz muda yang mantan narapidana bernama Bahri (Ajil Ditto) berusaha mengubur masa lalunya dengan bekerja di kota. Suatu ketika, sahabat Bahri bernama Hasan (Alif Joerg), datang dari desa untuk meminta tolong kepadanya. Desa kelahiran mereka sedang mengalami gangguan gaib yang mengusik kedamaian. Warga yakin semua itu disebabkan oleh Ratna (Givina) teman lama Bahri dan Hasan. Ratna sakit keras namun tak kunjung menemui ajal, dan mengundang kemunculan suatu makhluk gaib yang meneror desa itu. Setiba di desa, bahaya yang harus dihadapi Bahri ternyata lebih besar dari dugaannya. Ia pun tidak punya pilihan selain meraih kembali hidayah dan memperteguh imannya.","Kengerian, Drama",Monty Tiwa,https://image.tmdb.org/t/p/w500/4WN1JVADjNBMBpphTU0jE8mp8PN.jpg,https://image.tmdb.org/t/p/original/wrM6Ew7GjatE0JQwysvn2Hk4W7I.jpg,92,Released,"Pichouse Films, MD Pictures, Clock Work Films"
1058629,Mohon Doa Restu,Mohon Doa Restu,2023-10-26,2023,6.0,2,0.37,"Mel dan Satya, teman kecil yang saling jatuh cinta. Bertemu kembali saat dewasa, meyakinkan mereka untuk menghabiskan masa tua bersama melalui sebuah pernikahan idaman mereka berdua. Namun mimpi indah berubah buruk, ketika Widi dan Ira, ibu dari Mel dan Satya, mulai mengganggu masuk ke rencana-rencana indah dua anaknya itu. Satya berusaha bertahan, tapi Mel ragu. Apakah situasi ini yang benar-benar dia inginkan? Terjebak dengan mertua yang tak beda jauh dengan ibunya? Bagi Mel, apakah Satya laki-laki yang tepat untuk dia?","Komedi, Drama, Keluarga",Ody C. Harahap,https://image.tmdb.org/t/p/w500/y1hjQfLbsh5U3tVrOfDJYrZAfmh.jpg,https://image.tmdb.org/t/p/original/3kqTrU8K5uO4Qht1HPY1VtEP4Ng.jpg,106,Released,"Screenplay Films, Rapi Films, Investasi Film Indonesia"
662728,Kisah Tanah Jawa: Pocong Gundul,Kisah Tanah Jawa: Pocong Gundul,2023-09-21,2023,7.2,8,1.15,"Hao, dengan retrokognisi, menyelamatkan Sari dari murka Pocong Gundul, seorang penyihir jahat dalam bentuk hantu, mempertaruhkan nyawanya untuk menghentikan rencana jahatnya.",Kengerian,Awi Suryadi,https://image.tmdb.org/t/p/w500/pzREo2uh5jyxKoUR8TizxKZ7n3b.jpg,https://image.tmdb.org/t/p/original/4fTW4N1CdnyRr2EjKJUx3eYuXiS.jpg,107,Released,MD Pictures
1138474,Primbon,Primbon,2023-08-10,2023,5.2,10,0.35,"Di tengah perjalanan mendaki gunung, Rana hilang, tetapi secara ajaib kembali ke rumah, menyebabkan konflik antara keyakinan ibunya akan kelangsungan hidupnya dan keluarga besar yang percaya takhayul.","Drama, Kengerian",Rudi Soedjarwo,https://image.tmdb.org/t/p/w500/7JF4Z1wCKt0NeRicyQzs4zD5Zv0.jpg,https://image.tmdb.org/t/p/original/dSNTIeu7qpM1H1YlOdEu0awVPo.jpg,88,Released,"Cakra Film, Maxima Pictures, MAXStream Studios"
1074299,Di Ambang Kematian,Di Ambang Kematian,2023-09-28,2023,5.9,16,0.32,"Nadia, satu-satunya yang selamat dari nasib tragis keluarganya, bergulat dengan ancaman pengorbanan ayahnya saat dia menghadapi kehidupan di ujung tanduk.","Kengerian, Cerita Seru, Drama, Misteri",Azhar Kinoi Lubis,https://image.tmdb.org/t/p/w500/zWFqAAGqF5iCHPq4YJSuoRw1F8l.jpg,https://image.tmdb.org/t/p/original/h8y2huTFx6lc7ElzMhFv2Ax9DnA.jpg,97,Released,MVP Pictures
1052867,Catatan si Boy,Catatan si Boy,2023-08-17,2023,6.1,4,0.32,"Boy, seorang siswa yang sempurna, menghadapi patah hati dan kebingungan ketika pacar tercintanya menghilang, yang mengarah ke romansa baru yang terancam oleh kembalinya mantan pacarnya.","Drama, Percintaan",Hanung Bramantyo,https://image.tmdb.org/t/p/w500/9yZWVwo9NJOnvBwY1w705hhOKDB.jpg,https://image.tmdb.org/t/p/original/5moY1YuSkcuOCXsfhyCAd0OkcpA.jpg,126,Released,"MD Pictures, MVP Pictures, Dapur Film"
970209,Star Syndrome,Star Syndrome,2023-06-08,2023,7.0,1,0.2,Seorang penyanyi yang sudah tidak lagi terkenal ingin come back dengan merilis sebuah singel. Akan tetapi industri musik telah berubah dari masa kejayaannya,"Komedi, Drama, Musik",Soleh Solihun,https://image.tmdb.org/t/p/w500/xoVWsOC2r78XjZDNgRbxo5uc8eQ.jpg,https://image.tmdb.org/t/p/original/ammBxGSh3zouf0zRjmO9r5cY4Cg.jpg,113,Released,Mahakarya Pictures
996867,Saranjana: Kota Ghaib,Saranjana: Kota Ghaib,2023-10-26,2023,2.7,3,0.25,"Sebuah band ternama asal Jakarta tengah menggelar konser di Kotabaru, Kalimantan Selatan. Vokalis mereka, Shita (Dinda Azani) menghilang secara misterius. Para personel band lainnya pun berusaha mencari sang vokalis. Setelah mencari dan menemukan informasi, ternyata Shita berada di Saranjana, sebuah kota gaib yang diyakini oleh warga setempat sebagai kota misterius yang modern dan maju. Demi mengembalikan sang vokalis ke dunia nyata, mereka harus berpetualang melewati berbagai kejadian mengerikan dan mistis untuk menemukan portal ke Saranjana.","Kengerian, Petualangan, Cerita Fiksi",Johansyah Jumberan,https://image.tmdb.org/t/p/w500/gQGNKqk4vNG7xY6qItN5ASXm9i7.jpg,https://image.tmdb.org/t/p/original/2Kn8L7K1AC3EpVEK462MQ7IRr34.jpg,100,Released,DHF Entertainment
1052843,Anak Titipan Setan,Anak Titipan Setan,2023-01-12,2023,5.0,1,0.22,"Anak Titipan Setan bercerita tentang Putri (Gisella Anastasia) yang harus kembali ke desanya dari Australia karena keluarganya di desa Meloyo Kidul, Surakarta sedang kena masalah besar. Eyang Susana (Ingrid Widjanarko), Ibu dari Putri memaksa Putri pulang membawa anak laki-lakinya, yang diyakini bisa jadi solusi dari masalah yang dihadapi. Masalah yang mengancam keselamatan seluruh keluarga itu berawal ketika Eyang Susana ikut ritual pesugihan dan mengikat perjanjian dengan iblis Jaran Penoleh. Bagaimana Putri mengungkap misteri keluarga dan menyelesaikan perjanjian dengan Jaran Penoleh menjadi gagasan utama film ini.",Kengerian,Erwin Arnada,https://image.tmdb.org/t/p/w500/8rGONJnuGOnxy6dgTxgGBg02Tub.jpg,https://image.tmdb.org/t/p/original/wJ3kRthiSut4PHt49cTVyMmNDRx.jpg,108,Released,"Jaman Studio, Produksi Film Negara"
1098252,Aku Tahu Kapan Kamu Mati: Desa Bunuh Diri,Aku Tahu Kapan Kamu Mati: Desa Bunuh Diri,2023-09-14,2023,4.6,5,0.14,"Dimana Siena mengalami depresi akibat bisa melihat tanda kematian seseorang. Bahkan dalam situasi ini, ia mencoba membantu masyarakat Desa Remetuk yang diselimuti misteri bunuh diri.","Kengerian, Misteri, Cerita Seru",Anggy Umbara,https://image.tmdb.org/t/p/w500/zoEa7rP7M9vx1ogLudwPwTjyXKX.jpg,https://image.tmdb.org/t/p/original/n2NpmK3AyHb9ZDmoKem8IROJJh6.jpg,105,Released,"Unlimited Production, Umbara Brothers Film, Dwi Abisatya Persada"
1186003,"Ludruk Dahulu, Kini, dan Nanti","Ludruk Dahulu, Kini, dan Nanti",2023-09-29,2023,8.0,1,0.07,Para seniwati Ludruk Tobong berjuang keras untuk mempertahankan kesenian yang menghidupinya sejak dahulu. Mereka juga berupaya manghalau stigma negatif dari transpuan melalui media kebudayaan.,Dokumenter,Reni Apriliana,https://image.tmdb.org/t/p/w500/fzxfEmrOrZbDo2ofd5L2zlwh9mE.jpg,,24,Released,"Krida Film, Kementerian Pendidikan, Kebudayaan, Riset dan Teknologi RI"
1358200,Pemburu Hibah,Pemburu Hibah,2023-12-01,2023,10.0,1,0.03,"Tiga orang filmmaker  Santosa, Bayu, dan Budi ditangkap polisi karena mencurangi judi togel online untuk membuat film. Di tempat interogasi mereka menceritakan proses perjuangan mereka untuk memburu dana hibah.  Dengan aplikasi AI buatan kawan-kawan Anarko, Santosa dan krunya yang gagal mendapat dana hibah kementerian nekat untuk mengakali judi togel online demi mendapatkan uang produksi dan mengikutkan film mereka di festival.  Setelah selesai syuting mereka ditangkap polisi dan dihukum. Dua bulan kemudian, atas usaha editor mereka Asep yang tidak ditangkap, film mereka menang festival.",Komedi,Naufal Firdaus,https://image.tmdb.org/t/p/w500/cGaCyqn1sfYKVjDuHkAKl73pgGa.jpg,,20,Released,"Mondiblanc Film Workshop, 13 Scene Productions"
1059377,Srimulat: Hidup Memang Komedi,Srimulat: Hidup Memang Komedi,2023-11-23,2023,5.0,2,0.25,"After Gepeng's indiscipline, Srimulat's life in the capital suddenly turned upside down. The story of love, career and generations of legendary comedians continues!","Komedi, Drama",Fajar Nugros,https://image.tmdb.org/t/p/w500/4SRHjFrLd5cTjk7Ih8dlgBEZ5oi.jpg,https://image.tmdb.org/t/p/original/mdtnZT8xHPgcatuA4GaDxXmpQho.jpg,105,Released,"MNC Pictures, IDN Pictures"
1138508,Pamali: Dusun Pocong,Pamali: Dusun Pocong,2023-10-12,2023,6.8,8,0.56,A group of medical volunteers who are sent to a remote village to help residents affected by a deadly epidemic while keeping many secrets related to Pamali.,"Kengerian, Misteri",Bobby Prasetyo,https://image.tmdb.org/t/p/w500/9ntCelhVPzeGON49IvlECWvA87I.jpg,https://image.tmdb.org/t/p/original/5SSJHyOELbzbiFtProbaee0tOhJ.jpg,97,Released,Lyto Pictures
1057016,"Jalan yang Jauh, Jangan Lupa Pulang","Jalan yang Jauh, Jangan Lupa Pulang",2023-02-02,2023,6.1,7,0.25,"Aurora's life, who migrated to London, England to achieve her dream and had to struggle with the harshness of life in a country where people are far from family.","Drama, Keluarga",Angga Dwimas Sasongko,https://image.tmdb.org/t/p/w500/3QbeaEyfHglizHrL7dI8BDCvblT.jpg,https://image.tmdb.org/t/p/original/xTXHv1dftqmQAB6GhphvmTBL70R.jpg,109,Released,"Visinema Pictures, XRM Media, Legacy Pictures"
925786,Pengabdi Setan 2: Communion,Pengabdi Setan 2: Communion,2022-07-30,2022,6.9,67,0.98,"Beberapa tahun setelah berhasil menyelamatkan diri dari kejadian mengerikan yang membuat mereka kehilangan ibu dan si bungsu Ian, Rini dan adik-adiknya, Toni dan Bondi, serta Bapak tinggal di rumah susun karena percaya tinggal di rumah susun aman jika terjadi sesuatu karena ada banyak orang. Namun, mereka segera menyadari bahwa tinggal bersama banyak orang mungkin juga sangat berbahaya, jika mereka tidak sangat mengenali siapa saja yang menjadi tetangga mereka. Pada sebuah malam penuh teror, Rini dan Keluarganya harus kembali menyelamatkan diri. Tapi kali ini, mungkin sudah terlambat untuk lari.","Drama, Kengerian, Misteri",Joko Anwar,https://image.tmdb.org/t/p/w500/zzpxuEXS1azwhqfvtacLtScixbS.jpg,https://image.tmdb.org/t/p/original/nXpJpNqMZLVTl8e6HYzD3Fe5glQ.jpg,119,Released,"Rapi Films, Sky Media, Brown Entertainment, Come and See Pictures"
839829,Ben & Jody,Ben & Jody,2022-01-27,2022,5.9,15,0.59,"Sejak memutuskan keluar dari Filosofi Kopi, Ben tinggal di kampung halamannya dan aktif membela kelompok tani yang tanahnya diambil alih Perusahaan. Pada saat yang sama, Jody sedang mempersiapkan konsep baru untuk Filosofi Kopi yang akan segera diluncurkan. Menjelang acara peluncuran, Ben yang dijadwalkan hadir tiba-tiba menghilang. Jody mulai mencari Ben. Untuk menyelamatkan Ben, mereka menghadapi petualangan hidup dan mati melawan gerombolan penebang liar yang dipimpin oleh Tubir, hingga pertemuan mereka dengan kelompok desa tradisional yang mengubah peta perlawanan mereka.","Aksi, Petualangan, Cerita Seru",Angga Dwimas Sasongko,https://image.tmdb.org/t/p/w500/klEycDI8ciKP9Kb6T1ed8FzXyDw.jpg,https://image.tmdb.org/t/p/original/tHnTQgr8Yu03zELx64Ddd8W5iTA.jpg,114,Released,"Visinema Pictures, Jagartha, blibli.com, Astro Shaw"
949909,Kuntilanak 3,Kuntilanak 3,2022-04-30,2022,5.2,9,0.94,"Dinda yang ingin bisa mengendalikan kekuatannya pergi ke Sekolah Mata Hati. Tempat di mana seorang anak dengan kekuatan khusus belajar mengendalikan kekuatannya, tetapi bahaya tak terduga mengikutinya ke mana pun dia pergi. Bisakah Dinda bertahan di sana?",Kengerian,Rizal Mantovani,https://image.tmdb.org/t/p/w500/s0MJ12Lf412G3KD3VkNGplHtK48.jpg,https://image.tmdb.org/t/p/original/hMr0e9YLgUbwEYIi1LMT6WNiEF3.jpg,105,Released,MVP Pictures
904689,Ngeri-Ngeri Sedap,Ngeri-Ngeri Sedap,2022-06-02,2022,7.8,16,0.54,Orang tua asal suku Batak yang pura-pura bertengkar agar anak-anaknya pulang dari perantauan.,"Drama, Komedi, Keluarga",Bene Dion Rajagukguk,https://image.tmdb.org/t/p/w500/pJA0ncjV9J9mSokynAQP9O9m2lV.jpg,https://image.tmdb.org/t/p/original/7TSUdHm1XMkUCccaLuhgI2CL3pg.jpg,114,Released,"Imajinari, Visionari Capital"
786535,Ivanna,Ivanna,2022-07-14,2022,5.0,23,0.45,"Ketika Ambar & Dika pindah setelah kematian orang tua mereka, tidak pernah terpikirkan apa yang seharusnya menjadi awal baru berubah menjadi awal kesengsaraan terbesar dalam hidup mereka. Semua akibat kemampuan Ambar merasakan yang tak terlihat, yang didapatkan setelah mengalami gangguan penglihatan. Berbeda dengan sambutan didapat di Panti Jompo Masa Toea, Ambar mendapatkan bayangan masa lalu yang menakutkan. Dia menemukan bahwa telah terjadi pembantaian di rumah yang sama bertahun-tahun yang lalu. Sebuah entitas wanita Belanda, Ivanna, muncul dalam visi Ambar, memberinya sekilas tragedi di mana dia dipenggal oleh imperialis keji. Pada hari Idul Fitri, Nenek Ani ditemukan tewas dalam genangan darah, dipenggal. Ambar menduga tragedi itu mungkin terkait dengan penemuan peti yang berisi pernak-pernik dan patung tanpa kepala di ruang bawah tanah paviliun panti jompo. Sekarang, Ambar harus menyelesaikan dendam makhluk yang perlahan merayap ke dalam hidup mereka, bahkan untuk kepala mereka.","Kengerian, Cerita Seru",Kimo Stamboel,https://image.tmdb.org/t/p/w500/rL43aerd6hBYUvgBj0dE1kYMcgt.jpg,https://image.tmdb.org/t/p/original/4DDKUnw63RXdz9MOm3bTkbaMwV5.jpg,103,Released,"MD Pictures, Pichouse Films"
832544,Mencuri Raden Saleh,Mencuri Raden Saleh,2022-08-25,2022,7.5,32,0.48,Mengisahkan tentang pencurian lukisan karya Raden Saleh.,"Kejahatan, Drama",Angga Dwimas Sasongko,https://image.tmdb.org/t/p/w500/1fdqRcgEYNkXCnnKAzz2JtFnUv7.jpg,https://image.tmdb.org/t/p/original/wOjkbUL4tPioHwAIzDZaJsWkO8V.jpg,154,Released,"Visinema Pictures, Jagartha, Astro Shaw, blibli.com"
638985,KKN di Desa Penari,KKN di Desa Penari,2022-04-30,2022,5.8,32,0.47,"Enam mahasiswa yang sedang melakukan kuliah kerja nyata di desa terpencil mendapatkan terror dari penaris mistis. Ternyata, salah satu dari mereka melanggar aturan paling fatal di desa tersebut.","Kengerian, Misteri, Cerita Seru",Awi Suryadi,https://image.tmdb.org/t/p/w500/63InZxeGgfNQCoWkImR14fB99AY.jpg,https://image.tmdb.org/t/p/original/zUATenHdRhv0cnkAyAhv9fqxVUh.jpg,130,Released,"MD Pictures, Pichouse Films"
707933,Mendarat Darurat,Mendarat Darurat,2022-09-08,2022,6.1,8,0.31,"Glenn menikahi Maya. Suatu hari, Glen meminta izin Maya untuk pergi ke luar kota dengan pesawat. Namun, Glen sebenarnya tidur dengan kekasihnya, Kania, di sebuah hotel.","Komedi, Percintaan",Pandji Pragiwaksono,https://image.tmdb.org/t/p/w500/51jw5DPqvSYLm2IcFK7tf9mah8w.jpg,https://image.tmdb.org/t/p/original/kWFab60QLV5X8FrqoSfxHKvdCDz.jpg,113,Released,MD Pictures
667062,Satria Dewa: Gatotkaca,Satria Dewa: Gatotkaca,2022-06-09,2022,6.4,11,0.39,"Menyadari bahwa dia adalah keturunan gatotkaca dari keluarga Pandawa, Satrio harus berjuang untuk membuka kekuatan yang ada di dalam dirinya dan menghadapi Aswatama, prajurit Kurawa yang tersisa yang hidup untuk menghancurkan dunia dengan mengubah sejarah Bharatayudha.","Aksi, Petualangan, Drama, Fantasi, Cerita Fiksi",Hanung Bramantyo,https://image.tmdb.org/t/p/w500/2gKXkrcks45pNc8AjiuT9NBxrQ7.jpg,https://image.tmdb.org/t/p/original/uMObsizFuj15a6fipOS8h6usVCq.jpg,129,Released,"Satria Dewa Studio, Caravan Studio, Magma Entertainment, Lumine Studio"
846094,Inang,Inang,2022-10-13,2022,6.0,12,0.33,"Karena kekurangan uang dan tempat tinggal, seorang wanita setuju untuk membiarkan pasangan tua yang kaya raya untuk merawat dia dan bayinya yang belum lahir, tanpa mengetahui bahwa mereka memiliki rencana jahat yang melibatkan putra satu-satunya mereka.","Drama, Kengerian, Misteri",Fajar Nugros,https://image.tmdb.org/t/p/w500/A9iIzMGfTHSnKGRtFHzz6Zv0WCs.jpg,https://image.tmdb.org/t/p/original/f0BRN5aIqDHh6igJlfk2gmUnHQN.jpg,115,Released,IDN Pictures
883232,Kukira Kau Rumah,Kukira Kau Rumah,2022-02-03,2022,6.5,4,0.43,"Niskala yang sejak kecil sangat diasuh oleh keluarga dan teman-temannya karena memiliki gangguan kesehatan jiwa atau bipolar. Niskala berteman dekat dengan Dinda dan Anus dari kecil hingga kuliah. Di bangku kuliah, seorang pemuda bernama Pram terlihat mengagumi Niskala dari jauh. Usaha Pram untuk menarik perhatian Niskala membuahkan hasil. Saat itu Pram menantang Niskala untuk mendapatkan nilai A dalam tugas kuliahnya.","Drama, Percintaan",Umay Shahab,https://image.tmdb.org/t/p/w500/6Obg6ak3KImtgVC5AYqVddof5bh.jpg,https://image.tmdb.org/t/p/original/zEy001OEVPi4bzE739VgMHlcfUS.jpg,90,Released,Sinemaku Pictures
1028740,Tegar,Tegar,2022-11-24,2022,0.0,0,0.24,"Tegar (10), seorang anak berkebutuhan khusus yang menginginkan bisa seperti anak pada umumnya, berteman dan bersekolah. Di hari ulang tahunnya yang ke-10, Tegar mengutarakan impiannya kepada sang Kakek. Namun, keputusan Kakek untuk mewujudkan impian Tegar justru membuat Kakek dan Ibu berselisih. Akhirnya, Tegar memutuskan untuk pergi dari rumah demi mengejar mimpinya.",Drama,Anggi Frisca,https://image.tmdb.org/t/p/w500/OgJVIF04nUFoNatp4CSoT6USTM.jpg,https://image.tmdb.org/t/p/original/8K35ANpk2Cuo4UgH2wzl2HYTKUy.jpg,79,Released,"Aksa Bumi Langit, Citra Sinema"
724080,Cinta Subuh,Cinta Subuh,2022-05-19,2022,6.5,3,0.23,"Angga yang jatuh cinta dengan teman kuliahnya, Ratih. Angga merupakan sosok laki-laki yang sedang mencari jati diri dan sering bergonta-ganti pasangan, sedangkan Ratih adalah sosok wanita yang taat agama.","Drama, Percintaan",Indra Gunawan,https://image.tmdb.org/t/p/w500/yvVu4yjMQ0GIcblYUonT678bDQW.jpg,https://image.tmdb.org/t/p/original/7hju87MgcATWLHMQfTD4yEeCdov.jpg,112,Released,Falcon Pictures
799571,Garis Waktu,Garis Waktu,2022-02-24,2022,5.0,2,0.33,"April yang hobi menulis puisi bertemu dengan Senandika, musisi yang berhasil mencuri perhatian dengan filosofi dan prinsipnya. April, melihat potensi di Sena, memperkenalkannya kepada Sanya, produser muda sahabatnya. Konflik bermula saat April dan Sena saling jatuh cinta, namun dihalangi oleh restu ayah April, Halim.",Drama,Jeihan Angga,https://image.tmdb.org/t/p/w500/o1Ro2KhIYERPXTQHyXymGlO7ZzT.jpg,https://image.tmdb.org/t/p/original/gqIisalI7NeuHaoS0p8GDbG0pIF.jpg,100,Released,"MD Pictures, Dapur Film"
950236,Sayap Sayap Patah,Sayap Sayap Patah,2022-08-18,2022,6.8,6,0.21,"Pada tahun 2018, Markas Komando Brimob di Kelapa Dua, Depok diserang oleh teroris yang mencoba masuk ke Rutan dan menewaskan 5 anggota Densus 88.","Drama, Cerita Seru",Rudi Soedjarwo,https://image.tmdb.org/t/p/w500/1r1vp678jbvsOwgCIW0hc4JQeHA.jpg,https://image.tmdb.org/t/p/original/aTkGKWi78hEDlnLJr3ksxPo2r0z.jpg,110,Released,"Maxima Pictures, Denny Siregar Productions"
894693,My Sassy Girl,My Sassy Girl,2022-06-23,2022,6.4,5,0.18,Buat ulang dari film Korea Selatan tahun 2001 berjudul sama karya sutradara Kwak Jae-Yong.,"Komedi, Drama, Percintaan",Fajar Bustomi,https://image.tmdb.org/t/p/w500/khenn7JJ9vxF34i3xqXIpDWI1aO.jpg,https://image.tmdb.org/t/p/original/3WLkhfbE0AGks7GlNTBjKe9uyRf.jpg,117,Released,Falcon Pictures
956102,What It Takes to Get a Shot,What It Takes to Get a Shot,2022-03-11,2022,0.0,0,0.09,"Damar, seorang aktor dalam suatu produksi shooting komersial, mengalami kesulitan dalam memerankan adegan, hingga membuat kru produksi tersebut kesal. Lawan mainnya, Kika, membantu Damar agar shooting dapat berjalan lancar.",Komedi,Dito Prasetyo,https://image.tmdb.org/t/p/w500/1HLBIlwXjXJn2OjeMYjqCbcz8SH.jpg,,5,Released,Mondiblanc Film Workshop
1046980,Joki,Joki,2022-11-17,2022,0.0,0,0.07,"Akbar seorang Joki Skripsi, bertemu dengan Amir seorang mahasiswa yang menggunakan jasanya untuk menyelesaikan skripsi tersebut, saat proses pengerjaan berlangsung mereka berbagi cerita mengenai kehidupan masing masing",Drama,Aaron Pratama,https://image.tmdb.org/t/p/w500/nVKyRU7BEqUxv8Pl9PX2FATVon6.jpg,https://image.tmdb.org/t/p/original/k5Hn0SyeISbIh799LS3pWwQzpbP.jpg,13,Released,"Monday Club Studio, FFTV IKJ"
1051926,Sejarah Kisah Kisah yang Musnah,Sejarah Kisah Kisah yang Musnah,2022-12-01,2022,0.0,0,0.17,"A grandmother decided to become a hermit in the middle of the forest. One day, his children and grandchildren came to visit. The 3.5-year-old granddaughter doesn’t want to go home and wants to stay with his grandmother to live and play in the forest. Day after day they spent together, until finally the granddaughter entered a forbidden area in the forest, making it difficult for her to find her way home. The grandmother failed to find her granddaughter and she decided to continue her meditation. After meeting the forest spirit guard who was carrying out a rite, the granddaughter managed to find her way home by following a puppy who led her to meet her grandmother again. Unfortunately, this time her grandmother never woke up again from samadi.",Drama,B.W. Purbanegara,https://image.tmdb.org/t/p/w500/xGnfwac5XHnyDnz60gCqkKUfMAk.jpg,,79,Released,Purbanegara Films
1031559,Air Rebusan Kuntilanak,Air Rebusan Kuntilanak,2022-03-30,2022,0.0,0,0.19,A woman applies for a job as an editor at the Magical Water MLM office.,Komedi,Tidak Diketahui,https://image.tmdb.org/t/p/w500/2BRBaJUcUOJWtUVfoQhIvy8d9BS.jpg,,20,Released,Mondiblanc Film Workshop
725870,Dear Nathan: Thank You Salma,Dear Nathan: Thank You Salma,2022-01-13,2022,6.5,3,0.33,"Nathan and Salma enter the world of social activism. Salma chose to express himself digitally while Nathan chose to take to the streets. This difference sparked a big fight when Nathan was involved in a big riot at a demonstration. Their romance ended. Nathan tries to fight for Salma to continue his relationship. Unfortunately, Nathan's time is torn apart after Rebecca asks him to help Zanna, who is sexually assaulted. Nathan is in a difficult position, because he has to protect Zanna's privacy and keep this matter a secret from everyone including Salma. The problem is compounded when Salma is close to Afkar, a musician who has long idolized Salma. Nathan never stopped fighting for justice for Zanna, but at the same time he was also not willing to lose Salma.","Drama, Percintaan",Kuntz Agus,https://image.tmdb.org/t/p/w500/yA6Pg5QWHPC3Np5JiI0zQnSQD48.jpg,https://image.tmdb.org/t/p/original/xiwvlK7njiH7As2qIwDE4sUYIQL.jpg,112,Released,"Rapi Films, Screenplay Films"
725867,Makmum 2,Makmum 2,2021-12-30,2021,4.3,8,0.33,"Baru saja kehilangan suaminya, kesedihan Rini bertambah ketika Bibi yang membesarkannya meninggal. Saat kembali ke desa untuk berkabung, anak tunggal Rini, Hafiz, hilang dan ditemukan tak sadarkan diri di tengah hutan.",Kengerian,Guntur Soeharjanto,https://image.tmdb.org/t/p/w500/rhAlFq5LbNEG6YN60NXmWrFWnAr.jpg,https://image.tmdb.org/t/p/original/aUBGA4Jm2sMP4yqerl7DHcVJZjX.jpg,92,Released,"Dee Company, Blue Water Studios"
666123,Roh Mati Paksa,Roh Mati Paksa,2021-10-21,2021,5.0,1,0.1,"Ketika Sepasang Muda Mudi yang terjebak dalam manisnya cinta, harus menerima akibat dari perbuatanya, keangkuhan Boy (Arnold Leonard) mempermainkan perasaan Lastry (Dea Annisa) menjadi penyebab segala teror yang terjadi pada teman-temannya kecuali Vina (Gabriella Larasati) di sebuah villa terpencil milik kakek Boy.",Kengerian,Adi Garin,https://image.tmdb.org/t/p/w500/lBUf2iJJBh2MqAamvYUZa2eQwWJ.jpg,https://image.tmdb.org/t/p/original/oTwSl7j5jbOw3sFz08NPDMabuVL.jpg,90,Released,Super Media Pictures
904129,KNK: Santa Claus Dari Jakarta?,KNK: Santa Claus Dari Jakarta?,2021-12-10,2021,0.0,0,0.16,"Daniel is a father who loves his family but decides to move to Jakarta and leaves his wife and children with the intention that the welfare of the family will be better. However, Daniel is stuck in the habit of gambling and likes to cheat to make a profit in order to live in Jakarta, besides working as a Santa Klaus clown in a mall during the Christmas season, his life is always disturbed by debt collectors day and night, moreover he has a very large gambling debt to him. one of the most violent mafia families in Jakarta.","Drama, Komedi",Jay Sukmo,https://image.tmdb.org/t/p/w500/32nWvUdySfV2uVY9RZQ0qgv7A8E.jpg,,0,Released,PIM Pictures
642657,Milea: Suara dari Dilan,Milea: Suara dari Dilan,2020-02-13,2020,6.2,28,0.49,"Tidak ada kisah yang lebih Indah dari kisah cinta di SMA.Sama halnya dengan kisah cinta Dilan dan Milea.Dari yang awalnya benci hingga saling mencintai. Dari yang awalnya manis hingga menjadi rumit.Menjelang reuni akbar,Dilan memutuskan untuk menceritakan kembali masa masa itu.","Drama, Percintaan",Fajar Bustomi,https://image.tmdb.org/t/p/w500/pihwEdQV7sHlSU2sFj5miwiENPd.jpg,https://image.tmdb.org/t/p/original/g4mzpgaQGVJ8XhymZLs32RMTkiX.jpg,99,Released,Max Pictures
646696,Mariposa,Mariposa,2020-03-12,2020,6.3,8,0.56,"Iqbal Guanna seperti kupu-kupu Mariposa bagi Natasha Kay Loovy atau Acha. Tiap kali didekati ia selalu menghindar. Acha bertekad ingin mendapatkan hati Iqbal, seorang cowok cakep, pintar dan dikenal berhati dingin. Sahabat Acha, Amanda, berusaha mencegah niat Acha untuk mendekati Iqbal. Acha yakin, jika pun hati Iqbal sekeras batu, Acha adalah air yang menetesinya setiap waktu, hingga batu itu akan pecah dan menerima dirinya.","Drama, Percintaan",Fajar Bustomi,https://image.tmdb.org/t/p/w500/8qj4jcx96vhPx64lhI4GQQdsEqu.jpg,https://image.tmdb.org/t/p/original/oQ2I91gV5N4p8DDXcYw3ROrodhJ.jpg,117,Released,"Starvision Plus, Falcon Pictures"
664277,Toko Barang Mantan,Toko Barang Mantan,2020-02-20,2020,5.8,4,0.29,"Toko Barang Mantan adalah toko jual-beli barang-barang mantan bagi orang-orang yang ingin move-on dari mantannya. Sebagai pencetus ide, pendiri dan pemiliknya, Tristan rela meninggalkan kuliah hukumnya demi bisa fokus mengembangkan toko ini bersama sahabatnya, Amel dan Rio. Berbagai macam kisah-kisah sedih, lucu dan absurd tentang barang-barang tersebut menjadi makanan mereka sehari-hari.","Komedi, Drama, Percintaan",Viva Westi,https://image.tmdb.org/t/p/w500/yPF0B2cMDEPNdgt8sCxmMAzQ4oB.jpg,https://image.tmdb.org/t/p/original/u2gZKm5okmwAxW6MykqRsLHSTh3.jpg,98,Released,MNC Pictures
646705,Mekah I'm Coming,Mekah I'm Coming,2020-03-05,2020,8.5,2,0.21,"Hubungan Eddy, pemilik usaha bengkel desa, dan Eni bisa kandas lantaran Eni akan dijodohkan dengan saudagar kaya dari kota, Pietoyo. Berkat saran Ibunya, Eddy berhasil merayu orangtua Eni dengan mengatakan akan berangkat Haji tahun ini. Faktanya, untuk mendapatkan kuota visa Haji resmi harus mengantri selama 10 tahun. Eddy memutuskan menjual bengkel tempat usahanya, dan mengambil jalur kilat. Sesampainya di Jakarta, Eddy baru sadar kalau ia ditipu. Dalam kebimbangan, Eddy harus menyembunyikan hal tersebut dari siapapun. Ia menunggu waktu yang tepat untuk pulang kampung, agar seolah-olah ia benar-benar naik Haji dan bisa segera menikahi Eni.","Komedi, Drama",Jeihan Angga,https://image.tmdb.org/t/p/w500/yRyyrtg53gXiAnZSpni1h0jKFCK.jpg,https://image.tmdb.org/t/p/original/krlfEfZIChCkX6hLNW2yQwayEbv.jpg,96,Released,"MD Pictures, Dapur Film"
657375,Temen Kondangan,Temen Kondangan,2020-01-30,2020,7.0,1,0.17,"Ketakutan terbesar Putri (Prisia Nasution) akhirnya datang ketika menerima undangan resepsi pernikahan mantan pacar terindahnya, Dheni (Samuel Rizal). Untuk membuktikan kalau dirinya sudah move-on, Putri ditantang oleh sahabat-sahabatnya untuk hadir ke pesta tersebut, dengan syarat tidak datang sendirian.","Komedi, Drama, Percintaan",Lip Sariful Hanan,https://image.tmdb.org/t/p/w500/rldyYMvpzgiJGQJlQItbX9HHsxc.jpg,https://image.tmdb.org/t/p/original/eEwxja7KBDXQN0rUczjDueg6oW.jpg,86,Released,MNC Pictures
662726,Aku Tahu Kapan Kamu Mati,Aku Tahu Kapan Kamu Mati,2020-03-05,2020,4.2,4,0.18,"Setelah mengalami mati suri, Siena mendapatkan kemampuan untuk melihat tanda-tanda kematian pada orang yang akan segera meninggal. Namun, teman-temannya tidak percaya dengan kemampuannya itu. Hingga akhirnya, tanda tersebut mulai muncul pada orang-orang terdekatnya.","Drama, Kengerian, Cerita Seru",Hadrah Daeng Ratu,https://image.tmdb.org/t/p/w500/3X8PkI1cXpnqSlx6uJY3A0XypWt.jpg,https://image.tmdb.org/t/p/original/fze8GevBOY8FjsTzpp6JYXmxNvy.jpg,92,Released,"Unlimited Production, Maxima Pictures, Dwi Abisatya Persada, Imperial Pictures"
655836,Titus: Mystery of the Enygma,Titus: Mystery of the Enygma,2020-01-09,2020,0.0,0,0.18,"TITUS (Arbani Yasiz) adalah tikus detektif pecinta puzzle yang tinggal di kota Steamburg. Dalam petualangannya sebagai detektif, ia ditemani kelinci pesulap bernama BOBIT (Lukman Sardi) serta FYRA (Ranty Maria) si kadal cantik yang juga seorang pilot amatir dan gemar bertualang.","Animasi, Komedi, Keluarga",Dineshkumar Subashchandra,https://image.tmdb.org/t/p/w500/5tbxWBzIt4GB6E4PJJcs1lZvknG.jpg,https://image.tmdb.org/t/p/original/zJGYWlYJ5uhAmL9eCRWG8pftjHd.jpg,95,Released,"MNC Animation, MNC Pictures"
651189,Akhir Kisah Cinta Si Doel,Akhir Kisah Cinta Si Doel,2020-01-23,2020,6.3,6,0.28,"Kepulangan SARAH bersama DUL ke Jakarta, disambut bahagia oleh keluarga DOEL. Namun hal tersebut juga membuat ZAENAB, SARAH, dan DOEL dihadapkan pada pilihan besar. ZAENAB yang positif hamil dan masih trauma pernah kehilangan buah hati di masa lalu, kini harus memilih antara tetap berada di sisi DOEL, atau merelakannya demi menyatukan kembali sebuah keluarga.","Drama, Komedi, Keluarga, Percintaan",Rano Karno,https://image.tmdb.org/t/p/w500/u83rPC8nQQ1QtELfAqw3OR1ccLs.jpg,,92,Released,"Karnos Film, Falcon Pictures"
741871,Milea: Suara dari Dilan Extended,Milea: Suara dari Dilan Extended,2020-12-31,2020,9.0,1,0.53,"Milea: Suara dari Dilan Extended adalah sebuah film percintaan Indonesia tahun 2020 yang disutradarai oleh Fajar Bustomi dan Pidi Baiq, serta ditulis oleh Pidi dan Titien Wattimena. Film tersebut dialih wahana dari novel berjudul sama karya Pidi dan merupakan sekuel dari Dilan 1991. Kisah film tersebut diambil dari sudut pandang Dilan dengan menampilkan hal-hal yang tak diceritakan di dua film sebelumnya. Tayang di bioskop mulai 31 Desember 2020.",Drama,Fajar Bustomi,https://image.tmdb.org/t/p/w500/6j1VhORcZkTY4gepEeu0G3gHU7V.jpg,https://image.tmdb.org/t/p/original/iYLVNMEpR6FxIVqfDq0vVU9J5Z5.jpg,117,Released,Max Pictures
1097889,Gombal From Home,Gombal From Home,2020-11-29,2020,0.0,0,0.14,"Menganggur dan kesepian akibat pandemi, Eka membuat profil di aplikasi kencan menggunakan foto dan deskripsi palsu.",Drama,Egi M. Ginanjar,https://image.tmdb.org/t/p/w500/rNPFF4AIbtk8DOCvYTaCDZQqpJP.jpg,https://image.tmdb.org/t/p/original/7BNK2VkTwefIoaXuEZXINpibKya.jpg,15,Released,"Anti-Corruption Fund, Danlainlain Production"
731676,Warkop DKI Reborn 4,Warkop DKI Reborn 4,2020-09-25,2020,7.2,2,0.17,"Dono, Kasino, and Indro are sentenced in the city's center, but manage to escape to Marrakesh where they meet Yosef, who controls the children spy network.","Aksi, Petualangan, Komedi",Rako Prijanto,https://image.tmdb.org/t/p/w500/uSaaCp44SrcLIrpIhaWyRsYKtOm.jpg,,103,Released,Falcon Pictures
613710,Nanti Kita Cerita tentang Hari Ini,Nanti Kita Cerita tentang Hari Ini,2020-01-02,2020,7.3,23,0.36,"Harboring a deep secret, a seemingly happy family confronts the trauma of years past as a clash between generations threatens to separate them.",Drama,Angga Dwimas Sasongko,https://image.tmdb.org/t/p/w500/DYNrFIkd5F4ZPkaUwaceyYR3H9.jpg,https://image.tmdb.org/t/p/original/xkSxIf8vBYQ8lhoiasKppljuv6i.jpg,120,Released,"Visinema Pictures, IDN Media, blibli.com, XRM Media"
818728,Wave of Cinema: Nanti Kita Cerita Tentang Hari Ini,Wave of Cinema: Nanti Kita Cerita Tentang Hari Ini,2020-09-25,2020,0.0,0,2.13,"Delve into a musical concert and relive moments from ""One Day We'll Talk About Today,"" a film about family and intergenerational trauma.","Dokumenter, Musik",Adriano Rudiman,https://image.tmdb.org/t/p/w500/c9grWXUSQRPHU35FA7bvVRmY2e2.jpg,,71,Released,Visinema Music
599811,Si Doel the Movie 2,Si Doel the Movie 2,2019-06-04,2019,6.2,6,0.97,"Kabar bahwa suaminya bertemu dengan mantan kekasih dan anak membuat Zaenab bingung memilih: mempertahankan pernikahannya dengan Doel, atau merelakannya. Terlebih saat Doel mengatakan bahwa Sarah dan Dul akan menetap di Jakarta., Zaenab mencoba mencari jawaban atas takdir yang harus ia pilih. Harapan mulai terbuka saat Doel mendapat kabar dari Atun bahwa kemungkinan Zaenab tengah mengandung. Penegasan datang saat Sarah datang berkunjung untuk mengungkapkan penyesalan atas apa yang terjadi di masa lalu kepada Maknyak dan meminta Dul untuk memanggil Zaenab sebagai ibu.","Drama, Komedi, Keluarga, Percintaan",Rano Karno,https://image.tmdb.org/t/p/w500/dKrF1rbdFxxp4FL116Ywjztq9CO.jpg,https://image.tmdb.org/t/p/original/4miTWz7wymQn38VyixQId2tYHAF.jpg,95,Released,"Karnos Film, Falcon Pictures"
577970,Dilan 1991,Dilan 1991,2019-02-28,2019,7.0,25,1.09,"22 Desember 1990, Dilan (Iqbaal Ramadhan) dan Milea (Vanesha Prescilla) resmi berpacaran. Ditengah kebahagiaan mereka Dilan terancam dipecat dari sekolah akibat perkelahian dengan Anhar (Giulio Parengkuan). Dilan juga semakin sering berkelahi dan mendapatkan musuh.Milea khawatir dengan masa depan Dilan. Milea merasa berhak melarang Dilan terlibat dalam geng motor. Suatu ketika, Dilan dikeroyok oleh orang tak dikenal. Saat mengetahui siapa yang berbuat, Dilan merencanakan balas dendam. Milea akhirnya meminta Dilan berhenti dari geng motor atau hubungan mereka berakhir. Dilan, seorang panglima tempur dan ketua geng motor, akan selalu terlibat masalah. Di tengah semua masalah itu, hadir Yugo (Jerome Kurnia), anak dari sepupu jauh ayah Milea yang baru pulang dari Belgia. Mereka sering menghabiskan waktu bersama. Yugo menyukai Milea. Dan Milea...hanya mencintai Dilan.","Drama, Percintaan",Fajar Bustomi,https://image.tmdb.org/t/p/w500/cWYFRd4XxB2ZNxIZ9HWMsf3eZjE.jpg,https://image.tmdb.org/t/p/original/p6b37HcXfZhNfQzUHEVtqSrSm8Q.jpg,118,Released,Max Pictures
590593,Ratu Ilmu Hitam,Ratu Ilmu Hitam,2019-11-07,2019,6.6,74,1.88,"Keluarga-keluarga di panti asuhan itu diteror. Seseorang ingin mereka mati, rupanya dengan ilmu hitam yang sangat mematikan. Dia punya dendam dan dia juga lahir karena dosa-dosa anak-anak yatim yang membentuknya menjadi ratu ilmu hitam.","Kengerian, Cerita Seru, Drama, Misteri",Kimo Stamboel,https://image.tmdb.org/t/p/w500/6ccXFawnYknVMYkcCL30QhEm73j.jpg,https://image.tmdb.org/t/p/original/oSIAc6AZMXI8qOeS4mgdruX5lBm.jpg,99,Released,"Rapi Films, Sky Media"
611081,Bridezilla,Bridezilla,2019-08-01,2019,5.2,3,0.73,Sinopsis belum diketahui.,"Drama, Komedi, Percintaan",Andibachtiar Yusuf,https://image.tmdb.org/t/p/w500/2QcShvVCDhs8R3hgQyiqUGWDkUp.jpg,https://image.tmdb.org/t/p/original/3btnpG2FysgnV9JkngOgmtnQj9o.jpg,93,Released,"Visinema Pictures, TMF Films"
572468,Perempuan Tanah Jahanam,Perempuan Tanah Jahanam,2019-10-17,2019,6.7,222,1.73,"Seorang operator pintu tol pergi ke kampung leluhurnya dengan harapan mendapatkan harta warisan, hingga akhirnya ia menemukan fakta yang meresahkan tentang masa lalunya.","Kengerian, Cerita Seru, Misteri",Joko Anwar,https://image.tmdb.org/t/p/w500/tAYHRuKxNa4arD32YTmDT1j46Mi.jpg,https://image.tmdb.org/t/p/original/4JOCooFc5M8w4EoSn3o8hZcKdyO.jpg,1,Released,"Ivanhoe Pictures, Rapi Films, CJ Entertainment, BASE Entertainment, Lo-Fi Flick"
551027,Ave Maryam,Ave Maryam,2019-04-11,2019,6.2,9,0.75,Seorang suster taat yang merawat para seniornya harus memilih antara memegang sumpahnya atau menuruti perasaan terlarang yang ia simpan untuk seorang pastor menawan.,"Drama, Percintaan",Razka Robby Ertanto,https://image.tmdb.org/t/p/w500/a66a5DaMSeloWEncx9OeXRwwD3d.jpg,https://image.tmdb.org/t/p/original/9o99NhmZTNdD9ih4Cj5OIWLgYLl.jpg,72,Released,"Summerland, Grafent Production, PT Pratama Pradana Picture"
613689,Makmum,Makmum,2019-08-15,2019,5.5,10,1.72,"Rosa tidak pernah menghiraukan ketakutan Nurul, Nisa, dan Putri, tiga siswinya di asrama. Sampai ketika intensitas kesurupan Putri meningkat dan Rini mencoba menguak misteri tersebut.",Kengerian,Hadrah Daeng Ratu,https://image.tmdb.org/t/p/w500/bCoq0Lvk1Mq7bxyLnEodLkjp2XH.jpg,https://image.tmdb.org/t/p/original/5AaMLtqfXuutmImAxiIYtiCC3i3.jpg,95,Released,"Dee Company, Blue Water Films"
613709,Eggnoid,Eggnoid,2019-12-05,2019,6.6,4,0.7,Berdasarkan LINE Webtoon karya Archie The Red Cat,"Drama, Cerita Fiksi, Percintaan",Naya Anindita,https://image.tmdb.org/t/p/w500/nl9V8vKXto4Ds2M3ZYRp40H3JV2.jpg,https://image.tmdb.org/t/p/original/1QUd7UV6abEH0Yr0sMCt5vypX1r.jpg,102,Released,"Visinema Pictures, Dynamic Pictures"
572667,Terlalu Tampan,Terlalu Tampan,2019-01-31,2019,6.5,13,0.68,"Witing Tresno Jalaran Soko Kulino alias Mas Kulin (Ari Irham) yang terlalu tampan selalu menghindari masuk ke sekolah regular dan memilih menghabiskan hampir 100% hidupnya di dalam rumah. Hal itu yang membuat ayahnya, Pak Archewe (Marcelino Lefrandt), ibunya, Bu Suk (Iis Dahlia), dan kakaknya, Mas Okis (Tarra Budiman), khawatir. Mereka menyusun skenario yang berhasil membuat Mas Kulin setuju untuk menghabiskan tahun terakhir masa SMA-nya di sekolah khusus pria, SMA Horridson. Ketampanan Mas Kulin terekspos ke dunia luar hingga hari-harinya berjalan tidak biasa: guru-guru wanita pingsan dan menjadi incaran siswi-siswi SMA BBM. Termasuk seorang gadis terlalu cantik: Amanda (Nikita Willy). Namun, di tengah semua itu, Mas Kulin menemukan Kibo (Calvin Jeremy) dan Rere (Rachel Amanda), yang membuatnya percaya bahwa masih ada orang yang dapat melihat dirinya apa adanya.","Komedi, Drama, Percintaan",Sabrina Rochelle Kalangie,https://image.tmdb.org/t/p/w500/nAervZUh0oosR06cZtNrRWKIGBs.jpg,https://image.tmdb.org/t/p/original/tkrFNe7KPzWQEFDS7jKPZwWXMDj.jpg,106,Released,"Visinema Pictures, Kaskus"
573106,Mata Batin 2,Mata Batin 2,2019-01-11,2019,5.8,44,0.63,"Setelah adiknya meninggal, ALIA memutuskan untuk memulai hidup baru dengan tinggal di sebuah panti asuhan milik Bu LAKSMI dan Pak FADLI sekaligus kerja sosial di sana. Tapi Alia merasa ada yang janggal dengan panti itu. Apalagi NADIA, salah seorang anak panti yang ternyata juga memiliki mata batin terbuka seperti Alia, bisa mendengar suara misterius yang minta tolong dari seluruh dinding rumah. Alia dan Nadia pun membuka sebuah kamar misterius yang terkunci.","Kengerian, Misteri, Cerita Seru",Rocky Soraya,https://image.tmdb.org/t/p/w500/lDhPdH4BPQYmbmOlcBEmFf3NDsh.jpg,https://image.tmdb.org/t/p/original/gX9URsyUrxaFnZhR6DQrc2edvwK.jpg,115,Released,Hitmaker Studios
609844,Bumi Manusia,Bumi Manusia,2019-08-15,2019,7.2,12,0.6,Kedekatan Minke dengan keluarga Nyai tak pernah disetujui oleh bapaknya. Sampai ketika keangkuhan hukum kolonial mencoba merenggut Annelies dari sisi Minke.,"Drama, Sejarah",Hanung Bramantyo,https://image.tmdb.org/t/p/w500/5WrydiMfgcVTCrF0dmhCKRxOjRz.jpg,https://image.tmdb.org/t/p/original/oZx4iH8jlBihRBZRXt9uLHq1P9t.jpg,181,Released,Falcon Pictures
610044,Ikut Aku ke Neraka,Ikut Aku ke Neraka,2019-07-11,2019,6.3,7,0.37,"Kebahagiaan Lita dan suaminya, Rama, tidak berlangsung lama karena Lita kerap diteror oleh makhluk halus berwujud wanita menyeramkan. Rama membawa Pak Adam untuk membersihkan rumah mereka dari gangguan hantu tersebut. Pak Adam menjelaskan teror ini bukan dari rumah, melainkan dari dalam diri Lita sendiri. Pak Adam memberikan petunjuk bahwa jawaban dari teror hantu tersebut ada di masa lalu Lita, dengan meminta penjelasan dari Sari, ibu yang dia tinggalkan. Sari dirawat di rumah sakit jiwa.",Kengerian,Azhar Kinoi Lubis,https://image.tmdb.org/t/p/w500/gsCai4acZuoTXZ4XvIzVj71Dlv5.jpg,https://image.tmdb.org/t/p/original/9QQKcvaf2kuWyLkYgGqiQkDQBqd.jpg,90,Released,Rapi Films
535736,DreadOut,DreadOut,2019-01-03,2019,6.3,34,0.6,"Sekelompok siswa SMA memutuskan untuk membuat siaran langsung aktivitas mereka di dalam gedung apartemen berhantu, tetapi akhirnya mereka malah membuka portal ke neraka.","Kengerian, Cerita Seru",Kimo Stamboel,https://image.tmdb.org/t/p/w500/cakRX3ujz1BchB4PKi1TZGqJh60.jpg,https://image.tmdb.org/t/p/original/1YmHnOsdEiskYgpA6gL5EeBXBQK.jpg,97,Released,"GoodHouse Production (ID), CJ Entertainment, Sky Media, Nimpuna Sinema, Lyto Pictures, MM2 Asia Productions"
611060,Love for Sale 2,Love for Sale 2,2019-10-31,2019,6.3,10,0.27,Sekuel dari film 'Love for Sale' karya Andibachtiar Yusuf yang rilis pada 2018.,"Drama, Keluarga, Percintaan",Andibachtiar Yusuf,https://image.tmdb.org/t/p/w500/2PZ8B4g9YbcHXcLoZbsLBefLvTB.jpg,https://image.tmdb.org/t/p/original/18OyanlEOwyoxiV21o3IuY5Ed6f.jpg,92,Released,"Visinema Pictures, TMF Films"
585026,Dua Garis Biru,Dua Garis Biru,2019-07-11,2019,7.3,22,0.43,Dara dan Bima berusaha menjalani tanggung jawab yang menyulitkan karena telah melanggar batas. Keluguan mereka pun diuji saat keluarga memaksa masuk ke dalam perjalanan hidup mereka.,Drama,Gina S. Noer,https://image.tmdb.org/t/p/w500/mSkrNJ6xjA8rcrR0hGEJzDl8C5V.jpg,https://image.tmdb.org/t/p/original/oPBa5C23Z7EKhf0gSO5ThvX3xmb.jpg,113,Released,"Starvision Plus, Wahana Kreator"
611369,Habibie & Ainun 3,Habibie & Ainun 3,2019-12-19,2019,7.4,9,0.3,"Menceritakan kisah hidup Ainun, istri B.J. Habibie.","Drama, Percintaan, Sejarah",Hanung Bramantyo,https://image.tmdb.org/t/p/w500/zVelCPiSRwEMsU4ZjZNS7Z2I8el.jpg,https://image.tmdb.org/t/p/original/ezdnxigsgFf0GMrFlPBnK3SEY8K.jpg,121,Released,MD Pictures
611370,Uka-Uka The Movie: Nini Tulang,Uka-Uka The Movie: Nini Tulang,2019-07-25,2019,3.0,1,0.22,"Shelly ditemani Rama, Karin, Doni, dan Eja berada di hutan Alas Moyang untuk ikut serta dalam sebuah acara uji keberanian. Begitu acara dimulai, Shelly berteriak menyebut ""tulang"" yang menjadi pantangan di hutan itu. Tak lama, Shelly menghilang, teror dan pencarian pun dimulai.",Kengerian,Ubay Fox,https://image.tmdb.org/t/p/w500/jHX9Y6ggWVuogcxsAe3RENwSHaY.jpg,https://image.tmdb.org/t/p/original/cIbmrEH3uY9dPLkg060SRdCexv.jpg,92,Released,Max Pictures
611740,Danur 3: Sunyaruri,Danur 3: Sunyaruri,2019-09-26,2019,6.6,7,0.37,Berdasarkan novel 'Sunyaruri' karya Risa Saraswati,"Kengerian, Misteri, Cerita Seru",Awi Suryadi,https://image.tmdb.org/t/p/w500/lECusWQxa84IJOeHkfwn1jyvNMw.jpg,https://image.tmdb.org/t/p/original/KskIUwtuENBlyxJXT1tnGnAzyx.jpg,89,Released,"MD Pictures, Pichouse Films"
611080,Lampor: Keranda Terbang,Lampor: Keranda Terbang,2019-10-31,2019,6.4,11,0.32,"Edwin dan Netta bersama kedua anaknya, Adam dan Sekar berangkat ke kampung halaman Netta di Temanggung. Netta diduga sebagai penyebab teror Lampor di kampung halamannya, yaitu setan yang membawa peti mati.","Drama, Kengerian",Guntur Soeharjanto,https://image.tmdb.org/t/p/w500/3v22y85Wv0N84fzFvNZxyBrZKYG.jpg,https://image.tmdb.org/t/p/original/hfUNTtCBPRZ4S52YC4JlwbJ9BXl.jpg,95,Released,Starvision Plus
594223,Bumi Itu Bulat,Bumi Itu Bulat,2019-04-11,2019,0.0,0,0.31,"Kerap berseteru dengan ayahnya yang banser, Rahabi lebih memilih teman-temannya di kampus, Markus, Hitu, Sayid dan Tiara membentuk grup acapella. Produser musik yang menawari rekaman punya syarat menyertakan Aisha, mantan penyanyi cilik yang punya ideologi berbeda.","Drama, Keluarga",Ron Widodo,https://image.tmdb.org/t/p/w500/d3dCCkqblDONevHA9faBX1ezeXw.jpg,,103,Released,"Inspira Pictures, Ideosource Entertainment, GP Ansor, Astro Shaw"
600129,#Malam Jumat The Movie,#MalamJumat the Movie,2019-05-16,2019,2.8,5,0.25,"Untuk memberikan pengalaman berbeda pada penontonnya, Ewing mencoba hal baru dengan menjelajah sebuah taman bermain bernama Wonder Park yang telah lama terbengkalai. Bersama dengan timnya, Agan, Oji, Wingky, dan Lulu, mereka menemukan jaket dan topi berinisial RH di taman tersebut. Diduga benda-benda itu milik pelaku bunuh diri, tapi mereka tidak menemukan mayatnya. Seorang gadis bernama Dinda, mengaku sebagai adik pemilik jaket dan topi tersebut. Dia tidak yakin kakaknya bunuh diri. Untuk membuktikan itu, Dinda mengajak Ewing dan timnya untuk kembali ke Wonder Park. Pada kunjungan yang kedua ini, mereka harus menghadapi kenyataan yang lebih mengerikan.","Kengerian, Cerita Seru",Hadrah Daeng Ratu,https://image.tmdb.org/t/p/w500/11RoR7KwO8cnWucg17OPiHPIK8c.jpg,https://image.tmdb.org/t/p/original/qTBAA7gOvKr0EKlh2a0mKYKx3nz.jpg,91,Released,"Blue Water Films, Dee Company"
539050,Kucumbu Tubuh Indahku,Kucumbu Tubuh Indahku,2019-04-18,2019,6.5,17,0.21,"Perjalanan penari lengger lanang, Juno, yang mengalami berbagai trauma kekerasan usai bertemu dari petinju hingga maestro penari Reog hingga berupaya menemukan keindahan tubuhnya sendiri.",Drama,Garin Nugroho,https://image.tmdb.org/t/p/w500/z0PzyRDbU8S3xyQfqECWUvYZexE.jpg,https://image.tmdb.org/t/p/original/66mvMsRcTj1zPgAcaeGN9yHetq8.jpg,106,Released,"Forka Films, Go-Studio"
599809,Kuntilanak 2,Kuntilanak 2,2019-06-04,2019,5.0,8,0.28,"Dinda yang berhasil lepas dari teror Kuntilanak, tanpa persetujuan Tante Donna, berniat untuk menemui seseorang yang diyakini sebagai ibu kandungnya, Karmila. Bersama adik-adiknya dan ditemani Julia dan Edwin, mereka malah terjebak dalam sebuah rumah di tengah hutan. Banyak kejanggalan terjadi. Dinda kembali harus berhadapan dengan Kuntilanak, tetapi berbeda dengan yang pernah dikalahkannya dengan menggunakan paku atau mantra.",Kengerian,Rizal Mantovani,https://image.tmdb.org/t/p/w500/jll3ab5w5tLNFfJfgDgzsHr4jfo.jpg,https://image.tmdb.org/t/p/original/t4mmfJHLdJf0NvFjugbStg3WIXu.jpg,100,Released,MVP Pictures
584178,Ghost Writer,Ghost Writer,2019-06-04,2019,7.1,19,0.3,"Sebuah buku catatan harian tua berisi rahasia kelam. Bagi Galih, buku ini adalah sebuah pembelaan terhadap prasangka kedua orangtuanya. Bagi Naya, buku ini adalah materi bagus untuk novel terbarunya setelah tiga tahun kering ide. Maka sebuah kerjasama beda alam pun dimulai.","Komedi, Drama, Kengerian",Bene Dion Rajagukguk,https://image.tmdb.org/t/p/w500/yFC2FKvWOmxvBPD9YR0qYxdhWvj.jpg,https://image.tmdb.org/t/p/original/glGLUTwtO4IwuGtqew0iVwCJwFW.jpg,97,Released,Starvision Plus
568709,Preman Pensiun,Preman Pensiun,2019-01-17,2019,6.4,9,0.33,"Gobang kembali ke Bandung, mengundang teman-temannya, para mantan preman untuk bertemu kembali. Mereka yang diundang adalah Ujang, Murad, Pipit, Cecep, Bohim, Mang Uu, Dikdik dan Joni. Dikdik kemudian tidak jadi datang karena masalah dengan istrinya.  Dalam pertemuan yang disebut “reuni kecil-kecilan” itu, Gobang meminta bantuan teman-temannya untuk melakukan penyelidikan, siapa pelaku pembantaian terhadap adik iparnya hingga tewas. Pelaku pembantaian kemudian diketahui adalah Darman dan kawan-kawan yang hanya sebagai orang suruhan. Dalang di balik kejadian itu ternyata teman mereka sendiri, sesama bekas anak buah Muslihat yang sebenarnya juga sudah pensiun. Muslihat mencoba mencegah terjadinya perang saudara, tapi Gobang sudah terlanjur datang dengan membawa dendam, “darah dibayar darah, nyawa dibayar nyaw.","Komedi, Drama",Aris Nugraha,https://image.tmdb.org/t/p/w500/7xfWyoz4SF5LHZ713eMtC2aZ0lT.jpg,https://image.tmdb.org/t/p/original/uJvzFtCyJS9G8sUMy6KlzE3aonA.jpg,95,Released,"MNC Pictures, ANP Films"
611059,Wedding Agreement,Wedding Agreement,2019-08-08,2019,7.2,6,0.32,"Hari pertama tiba di rumah Bian, suaminya, Tari langsung dihadapkan pada perjanjian pernikahan yang isinya mengatakan bahwa mereka akan bercerai dalam waktu satu tahun. Bian berencana menikahi Sarah, kekasihnya. Bian melakukan pernikahan hanya demi bakti kepada orang tua. Tari pun tidak menyerah, ia mencoba mengambil hati Bian. Namun, sekuat apapun Tari mencoba, selalu ada Sarah di antara mereka.","Drama, Percintaan",Archie Hekagery,https://image.tmdb.org/t/p/w500/fJI6OR4M4DelA1cVUFZr0G0Owjm.jpg,https://image.tmdb.org/t/p/original/aUTLn6vHeNuKhopeC2yI4hhqqpK.jpg,100,Released,Starvision Plus
595188,Pariban : Idola Dari Tanah Jawa,Pariban : Idola Dari Tanah Jawa,2019-05-09,2019,4.0,2,0.3,"Moan adalah pemuda Batak yang sudah lama tinggal di Jakarta. Meski usianya sudah menginjak 37 tahun, tetapi ia belum punya pacar. Situasi ini membuat ibunya yang bermukim di Samosir pusing. Ia memaksa Moan mudik dan menikah dengan sepupunya, Uli. Di luar dugaan, Uli yang diceritakan sebagai wanita cantik dan mencintai budaya Batak, sudah memiliki kekasih, Binsar.","Drama, Komedi",Andibachtiar Yusuf,https://image.tmdb.org/t/p/w500/2j2TbBjEVKvOQXXS3U0yj7E2xkP.jpg,https://image.tmdb.org/t/p/original/mhhnyMgZEkIGdBsBEnVdcGUzcy2.jpg,104,Released,"Stay Co Media, Agustinus Sitorus Production"
584175,Hit & Run,Hit & Run,2019-06-04,2019,6.3,5,0.29,"Tegar ditugaskan untuk menangkap Coki, seorang gembong narkoba yang kabur dari penjara. Bersama Lio seorang penipu, Meisa, dan Jefri, justru membuatnya semakin sulit.","Aksi, Komedi, Percintaan",Ody C. Harahap,https://image.tmdb.org/t/p/w500/gD6uPp1FLWrtLFCQLj56tEzemJU.jpg,https://image.tmdb.org/t/p/original/aDfyopgzTvtHwMuEpE2Vvb9K5VW.jpg,114,Released,"CJ Entertainment, Nimpuna Sinema, Bukalapak Pictures, Legacy Pictures, Screenplay Films"
554733,Orang Kaya Baru,Orang Kaya Baru,2019-01-24,2019,7.1,14,0.25,"Cerita tentang kaya mendadak yang dialami oleh sebuah keluarga yaitu Ibu (Cut Mini), Ayah (Lukman Sardi) dan tiga anak mereka: Tika (Raline Shah), Duta (Derby Romero), dan Dodi (Fatih Unru). Keluarga ini selalu menjalani kehidupan sehari-sehari mereka dengan serba apa adanya. Ketika sang ayah meninggal, barulah diketahui bahwa selama ini ia ternyata orang yang sangat kaya. Hartanya diwariskan kepada keluarga yang ia tinggalkan  Uang kaget tersebut kemudian digunakan oleh istri dan anak-anaknya. Mereka yang tadinya hidup susah, kini membeli rumah, mobil hingga barang-barang mewah lainnya.","Komedi, Drama",Ody C. Harahap,https://image.tmdb.org/t/p/w500/eY0D2yyRGF2Ah8tanV18xQfkbgO.jpg,https://image.tmdb.org/t/p/original/dgTFp0pkYRmWL7n2XvuAXI9H7An.jpg,96,Released,"Screenplay Films, Legacy Pictures"
611367,Mahasiswi Baru,Mahasiswi Baru,2019-08-08,2019,6.5,6,0.31,"Di usianya yang sudah lanjut, LASTRI (Widyawati) ingin sekali kuliah di perguruan tinggi. Saat menjadi mahasiswi baru, Lastri bersahabat dengan DANNY (Morgan Oey), SARAH (Mikha Tambayong), ERFAN (Umay Shahab) dan REVA (Sonia Alyssa). Mereka pun membentuk sebuah geng. Geng Lastri sering membuat kehebohan di kampus dan menimbulkan kericuhan hingga anak Lastri, ANNA (Karina Suwandi), pusing menghadapi ibunya yang ikut-ikutan bandel seperti pulang larut malam dan sering keluyuran. Anna jadi sering memarahi tingkah laku Lastri seolah memarahi anaknya sendiri.","Komedi, Drama",Monty Tiwa,https://image.tmdb.org/t/p/w500/9WlIH3LOgkCDbbT6BCcJ9gdMXCZ.jpg,https://image.tmdb.org/t/p/original/4Qih29dPAg4Zo0f1GXFbY9DzDOU.jpg,96,Released,MNC Pictures
620570,Kembalinya Anak Iblis,Kembalinya Anak Iblis,2019-09-05,2019,3.5,2,0.28,"Rama, Garin, Farel, Quncy dan Celsi selamat dari terror arwah penasaran di resort Pulau Ayunan yang ternyata menyimpan sejarah mengerikan tentang pembantaian satu keluarga dan karyawan resort. Rama sangat kalut. Kekasihnya masuk rumah sakit jiwa, adiknya, Hana hingga kini jenazahnya belum ditemukan bersama jenazah Fira. Rama memutuskan untuk kembali ke pulau Ayunan untuk mencari jenazah adiknya dan Fira. Dengan panduan sebuah kitab kuno “13 cara menutup Gapuro Tentrem” alias mengembalikan semua arwah penasaran itu pada alamnya hingga tak mengganggu manusia dan memakan korban nyawa lagi, mereka berusaha menemukan jenazah Hana dan Fira, sekaligus menutup terror di Pulau Ayunan selamanya",Kengerian,Rudi Soedjarwo,https://image.tmdb.org/t/p/w500/hMgOGvQqwAHPzukgjmLlb47d58j.jpg,https://image.tmdb.org/t/p/original/comTTVvqw06ijSYqfnn3giMFeiS.jpg,84,Released,RA Pictures
591441,MeloDylan,MeloDylan,2019-04-04,2019,5.3,3,0.22,"Melody pindah sekolah karena menghindari masalah, apalagi ia memiliki masa lalu yang buruk dengan David, mantan kekasihnya. Tetapi di sekolah baru, masalah kembali muncul saat Melody mengenal Dylan, cowok yang selama ini terkenal cool, suka bikin masalah namun tetap menjadi idola karena kegantengannya. Rumor tentang Dylan sudah menjadi rahasia umum. Melody dan Dylan tak menemukan titik temu dalam masalah cinta mereka, sehingga mereka sepakat untuk memutuskan hubungan mereka. Melody baru sadar bahwa cintanya pada Dylan begitu besar. Tetapi, terlambat. Dylan dikirim ayahnya kuliah ke luar negeri. Melody hanya bisa sedih melepas kepergian Dylan. Sebelum berangkat, ternyata Dylan memberikan sebuah video romantis pada Melody. Dengan vidio itu, Dylan mengungkapkan semua isi hatinya. Kejujuran Dylan membuat Melody memiliki harapan baru.",Drama,Fajar Nugros,https://image.tmdb.org/t/p/w500/x78YsKDgCoOdj09QRuuvAsJRpQy.jpg,https://image.tmdb.org/t/p/original/mPh7ceNY8zxwAaUipmJmTgbb1AL.jpg,92,Released,Intercept Filmcraft
617200,Warkop DKI Reborn 3,Warkop DKI Reborn 3,2019-09-12,2019,5.3,5,0.25,"Dono, Kasino, dan Indro mendapatkan tugas sebagai polisi rahasia perihal pencucian uang di industri perfilman Indonesia. Mereka pun terlibat dalam pembuatan sebuah film dan tiba-tiba terbangun di padang pasir setelah jatuh pingsan.","Komedi, Aksi, Petualangan",Rako Prijanto,https://image.tmdb.org/t/p/w500/zB6uCpwsTsVT3kLNmV1TtHs7XqV.jpg,https://image.tmdb.org/t/p/original/zyhJ4vWIskxvvMN2feUYAgn6Wfo.jpg,100,Released,Falcon Pictures
611368,Imperfect,Imperfect,2019-12-19,2019,7.6,17,0.23,Diadaptasi dari buku berjudul sama karya Meira Anastasia.,"Komedi, Drama",Ernest Prakasa,https://image.tmdb.org/t/p/w500/oAXh1z25tVmm9bOhC0QrZxWUd17.jpg,https://image.tmdb.org/t/p/original/dL3RX75NBkVMQcYU54j0iMlIo4A.jpg,112,Released,Starvision Plus
599795,Roh Fasik,Roh Fasik,2019-05-09,2019,3.8,3,0.23,"Kematian Zahra, istrinya, membuat Akbar tidak lagi mau mengimani agama dan Tuhannya. Bahkan ketika sudah menikah lagi, kehidupan Akbar bersama istri barunya, Renata, tidak pernah seindah dulu. Hingga suatu ketika, Hasan, sahabat lama Akbar datang untuk menjenguk dan mengajak Akbar kembali ke jalan yang benar, setidaknya demi Amira, buah hati pernikahan Akbar dan Zahra. Meskipun sempat menolak, namun pada akhirnya Akbar mengizinkan Hasan mengajarkan Amira bertadarus. Dan, sejak saat itulah kejadian-kejadian aneh mulai terjadi. Naasnya, Renata lah yang paling sering menjadi korban teror dari Iblis yang bersemayam di rumahnya.",Kengerian,Ubay Fox,https://image.tmdb.org/t/p/w500/v9FcEToFrneYTkXTWy8tqTrLBa0.jpg,https://image.tmdb.org/t/p/original/vEYYjVhutzWnsdsPvTpXsUigs9c.jpg,90,Released,RA Pictures
611058,Twivortiare,Twivortiare,2019-08-29,2019,7.5,3,0.22,"Di kesempatan kedua ini, Beno dan Alexandra berjanji akan menjalani pernikahan dengan sikap lebih dewasa, saling mengerti, dan mau mengalah. Mereka yakin mereka bisa karena masih saling cinta.","Drama, Percintaan",Benni Setiawan,https://image.tmdb.org/t/p/w500/4veizArlJrUPmHqP6HnModjYTkw.jpg,https://image.tmdb.org/t/p/original/faiNYphrd28v2sCIM4w0xUUh7og.jpg,103,Released,MD Pictures
632904,Inem Pelayan Sexy New,Inem Pelayan Sexy New,2019-10-03,2019,0.0,0,0.18,"Maromi menemukan sebelah pasang sandal slop. Inem si pemilik sandal slop adalah asisten rumah tangga keluarga Ida dan Moko, karyawan Maromi. Maromi pun bertemu dengan Inem dan melalukan berbagai cara untuk mendapatkan cintanya.","Komedi, Drama",Hasto Broto,https://image.tmdb.org/t/p/w500/arjM86sckf8JIBsrdCVtqVUVOuO.jpg,https://image.tmdb.org/t/p/original/lf9VBUBNXksy2mMaoTI1u4auATR.jpg,0,Released,PT Inem Film
591415,Pocong the Origin,Pocong the Origin,2019-04-18,2019,7.0,5,0.19,"Ananta, pembunuh berdarah dingin telah dieksekusi mati oleh Negara. Sasthi, putri satu-satunya, harus mengantarkan jenazah sang ayah untuk dikuburkan di kampung halamannya. Dengan ditemani Yama, sipir penjara, keduanya berpacu dengan waktu untuk mencapai kampung Ananta. Hal ini menjadi semakin sulit karna berbagai gangguan gaib menghalangi mereka di sepanjang perjalanan.",Kengerian,Monty Tiwa,https://image.tmdb.org/t/p/w500/cv0mml6d0dDE2BEXwVX8rD0dZ1V.jpg,https://image.tmdb.org/t/p/original/aT1D9697nijCJY2FYwYypxL8Eqa.jpg,91,Released,Starvision Plus
584562,Rumput Tetangga,Rumput Tetangga,2019-04-18,2019,5.8,4,0.19,"Kirana, ibu rumah tangga, mengalami krisis kepercayaan diri dan ingin jadi perempuan single sukses.","Drama, Komedi",Guntur Soeharjanto,https://image.tmdb.org/t/p/w500/36Tjio7IcS2FokQFH96xgNN5UFV.jpg,https://image.tmdb.org/t/p/original/7txlzPGe4S0rx9Y0D7FZrPPlDYF.jpg,104,Released,RA Pictures
638907,99 Nama Cinta,99 Nama Cinta,2019-11-14,2019,7.0,1,0.24,"Saat seorang produser infotainmen mengalami krisis pekerjaan, seorang teman masa kecil yang kini menjadi ustaz datang untuk memenuhi permintaan almarhum ayahnya.","Drama, Percintaan",Danial Rifki,https://image.tmdb.org/t/p/w500/ii52kxtwBHajbvMkQ99fqb9A76.jpg,https://image.tmdb.org/t/p/original/m4J1fBYQuMjEOMxUcD2WdtTtZ3o.jpg,106,Released,MNC Pictures
599808,Single: Part 2,Single: Part 2,2019-06-04,2019,8.0,2,0.18,Ebi bertekad untuk melepaskan status single-nya sebelum ulang tahunnya yang ke-30 meskipun ia tidak tahu bagaimana caranya.,"Komedi, Percintaan",Raditya Dika,https://image.tmdb.org/t/p/w500/dKbUo9MQKKEhDznnuzWWpxvgrAG.jpg,https://image.tmdb.org/t/p/original/uufIMv6AKDKIfgjccsFEAKe6IQ1.jpg,128,Released,Soraya Intercine Films
632899,Senior,Senior,2019-11-21,2019,6.0,1,0.16,"Nakula mengalami sebuah peristiwa yang mengubah dan menghantui hidupnya. Ia lalu menjalin hubungan dengan Aluna, siswi baru di sekolahnya. Hubungannya dengan Aluna pun menyadarkannya agar bisa berdamai dengan masa lalu.",Drama,Indra Gunawan,https://image.tmdb.org/t/p/w500/aYKi1N01z8MGubhYosAZLQujeoE.jpg,https://image.tmdb.org/t/p/original/2QG34iXrIp84rZ3KUfyS2Gwn2QF.jpg,94,Released,"Max Pictures, Bentang Pictures"
611057,Pintu Merah,Pintu Merah,2019-07-18,2019,4.0,1,0.09,"Aya, seorang wartawati muda yang ambisius dan idealis, sedang dalam proses observasi untuk menulis sebuah artikel tentang sebuah kasus pembunuhan. Namun, ada misteri di dalam kasus pembunuhan ini yang menyeretnya masuk ke dalam kengerian.",Kengerian,Noviandra Santosa,https://image.tmdb.org/t/p/w500/6Pp7GNkbGRzdbah1i5f7GDtO2yU.jpg,https://image.tmdb.org/t/p/original/kEjiA7ntbwWQFmSZXuwxyKLsv1X.jpg,77,Released,"PT Kanta Indah Film, Aurora Films"
611739,Jeritan Malam,Jeritan Malam,2019-12-12,2019,6.5,2,0.16,Diangkat dari kisah nyata fenomenal Kaskus karya meta.morfosis,Kengerian,Rocky Soraya,https://image.tmdb.org/t/p/w500/2RYBxVyViYQzZxB2IOzk8o1e8XK.jpg,https://image.tmdb.org/t/p/original/zX0Xt4o2ydO5cqBOMVXjeCkdyJo.jpg,119,Released,Soraya Intercine Films
611084,Perburuan,Perburuan,2019-08-15,2019,5.8,2,0.11,"Kehadiran Hardo di Blora tercium oleh Nippon yang terus melacak dan mengejarnya. Pengkhianatan, perlawananan, dan kekejaman pun turut hadir saat pengejaran Hardo pada malam sebelum kemerdekaan.","Drama, Sejarah, Kejahatan",Richard Oh,https://image.tmdb.org/t/p/w500/wrBPkgK0OHB0nTTFaVMERvdUhAY.jpg,https://image.tmdb.org/t/p/original/jTwT4e4QXkKIkykfsdEn4UaIwei.jpg,98,Released,Falcon Pictures
634830,Bike Boyz,Bike Boyz,2019-11-14,2019,6.8,2,0.15,"Ketika Agus (Aep Bancet) hendak membantu Lilis (Aline Manza) mencari suaminya yang sudah 3 bulan tidak pulang dan tidak berkabar, Vespa Agus hilang diambil orang. Bersama teman-temannya sesama anak Vespa, Agus keliling Bandung mencari Vespa miliknya dan juga suami Lilis, kemudian tanpa sengaja masuk ke dalam kasus yang melibatkan komplotan pencuri, geng motor sampai teroris dan polisi.","Drama, Komedi",Aris Nugraha,https://image.tmdb.org/t/p/w500/RtRYxAP7YSh8RgLb664Ppdlf8g.jpg,https://image.tmdb.org/t/p/original/fXRQGgWSdMw1WKZBuJcprqj9W9F.jpg,95,Released,"Starvision Plus, ANP Films"
609618,Rumah Merah Putih,Rumah Merah Putih,2019-06-20,2019,7.0,1,0.18,"Farel, Oscar, dan kawan-kawannya yang tinggal di perbatasan NTT-Timor Leste mengikuti lomba panjat pinang. Namun, bukannya bersatu, mereka berdebat hadiah mana yang harus diambil lebih dulu. Mereka gagal dan kemudian menyalahkan satu sama lain. Masalah semakin rumit ketika dua kaleng cat merah putih milik Farel hilang. Takut dimarahi ayahnya, Farel, Oscar, dan kawan-kawannya berupaya mengumpulkan uang untuk membeli cat. Mereka mengetahui akan ada lomba panjat pinang lagi berhadiah cat merah putih. Saat lomba, Oscar terjatuh dan sakit. Ini kisah Farel, Oscar, dan kawan-kawannya untuk merayakan 17 Agustus.",Drama,Ari Sihasale,https://image.tmdb.org/t/p/w500/9GUVCjHcYUEbHFawljrlJjVmErx.jpg,https://image.tmdb.org/t/p/original/1ChD0FMDzmSaNXkKuT6fsCUaJjT.jpg,96,Released,Alenia Pictures
613675,Koboy Kampus,Koboy Kampus,2019-07-25,2019,5.3,3,0.1,"Pada masa kuliah tahun 90-an, Pidi dan teman-temannya, Ninu, Deni, Erwin, dan Dikdik mendirikan sebuah negara sendiri yang bernama “Negara Kesatuan Republik The Panasdalam”. Problematika masa kuliah dan kisah cinta pun mereka alami.","Drama, Komedi, Musik",Tubagus Deddy,https://image.tmdb.org/t/p/w500/6dtE8uNBZx8Ao6KaLI5k7aNlmxW.jpg,https://image.tmdb.org/t/p/original/ilcs6wPDfeVxyBsMDqVS8pSU0jU.jpg,92,Released,"MNC Pictures, Enam Sembilan Production"
620571,Suami yang Menangis,Suami yang Menangis,2019-09-05,2019,0.0,0,0.09,Diilhami dari novel 'Suamiku Menangis' karya Wahyuniati Al-Waly,Drama,Faridsyah Zikri,https://image.tmdb.org/t/p/w500/nJV3KTcwJsI0KT1xpDe2DmGkY3c.jpg,https://image.tmdb.org/t/p/original/1A07ppTg9jkOOuhhwZsGsketEMe.jpg,89,Released,"Anak Bangsa Pictures, Majelis Az-Zikra"
609619,Mendadak Kaya,Mendadak Kaya,2019-06-20,2019,5.0,2,0.12,"Karena sejumlah permasalahan, Doyok, Otoy, dan Ali Oncom terpaksa harus menghasilkan uang banyak dalam waktu singkat. Mereka terpaksa melakukan aksi tipu-tipu dan terlibat transaksi misterius antargangster. Peristiwa itu justru membawa keuntungan. Mereka berhasil membawa kabur uang miliyaran rupiah dan impian mereka menjadi orang kaya pun tercapai. Namun, mereka tidak paham jika kekayaan tersebut juga menghadirkan petaka.",Komedi,Anggy Umbara,https://image.tmdb.org/t/p/w500/xmqkOPZY7IpteyIrbbqCYKRkktu.jpg,https://image.tmdb.org/t/p/original/xfCxmeDIq0ssC7s7MRi0oxHXIwW.jpg,92,Released,"MD Pictures, Umbara Brothers Film"
516700,Gundala,Gundala,2019-08-29,2019,6.2,326,0.65,"Sancaka has lived on the streets since his parents left him. Living a hard life, Sancaka survives by thinking about his own safety. When the condition of the city gets worse and injustice rages throughout the country, Sancaka must decide whether he continues to live to look after himself or rise to become their oppressed hero.","Aksi, Petualangan, Cerita Fiksi, Drama",Joko Anwar,https://image.tmdb.org/t/p/w500/ohONagShzXKYZ7H9wrwnwQcaF3k.jpg,https://image.tmdb.org/t/p/original/9Y7oAd9P4l6TWVmeYD4hydxNJ6v.jpg,123,Released,"Screenplay Films, Legacy Pictures, Bumilangit Studios, Ideosource Entertainment, Screenplay Bumilangit"
617275,Susi Susanti: Love All,Susi Susanti: Love All,2019-10-24,2019,7.2,5,0.36,"Susi Susanti rises to become Indonesia’s beloved athlete. In time of turmoil, she showed her country & the world that heroism is measured by one’s sacrifice.","Sejarah, Drama",Sim F.,https://image.tmdb.org/t/p/w500/kjfoVBYxHm98YUVPQooJs2oLdNU.jpg,https://image.tmdb.org/t/p/original/uAPmEPeD9IEqcOfGl0Keo0TnKK5.jpg,96,Released,"Time International Pictures, Damn! I Love Indonesia Pictures, Oreima Films, East West Synergy, Melon Indonesia, Buddy Buddy Pictures, Nara Prayatna Tama"
584166,My Stupid Boss 2,My Stupid Boss 2,2019-03-28,2019,6.2,8,0.83,"Having driven away many of his employees, Bossman and three of his long-suffering workers try to find cheap labor in Vietnam but find trouble instead.","Komedi, Drama",Upi Avianto,https://image.tmdb.org/t/p/w500/z2zs4Kv57d9jUFOtL9lyxDGN4y0.jpg,https://image.tmdb.org/t/p/original/9mOrRjAFYbwx8VGLTnZHq0OG3Ki.jpg,94,Released,Falcon Pictures
524738,Sebelum Iblis Menjemput,Sebelum Iblis Menjemput,2018-08-09,2018,6.3,169,2.35,"Alfie dan Nara harus kembali bertempur dengan pasukan iblis. Alih-alih terbebas dari teror, Alfie dan Nara diculik oleh sekumpulan orang tak dikenal. Mereka berpendapat bahwa Alfie merupakan sosok “tangguh” dan hanya dirinyalah yang dapat menjalankan ritual agar mereka terbebas dari teror sosok iblis Ayub. Ayub merupakan bapak angkat sekaligus pengasuh yang mati terbakar di panti asuhan semasa mereka kecil. Ia juga pengikut iblis yang sama seperti ayah Alfie. Alfie pun setuju untuk membantu mereka dan menjalankan ritual. Tak terduga ritual ini justru membangkitkan sosok Ayub secara utuh dan sosok iblis Molokh yang telah mengincarnya sedari dahulu.","Kengerian, Misteri, Cerita Seru",Timo Tjahjanto,https://image.tmdb.org/t/p/w500/dFrSRFRhelwQtNOP3fkzvALEFcN.jpg,https://image.tmdb.org/t/p/original/aJvn6fVHLdfoEoMWw7IsnsoutIr.jpg,110,Released,"Legacy Pictures, Screenplay Films, Sky Media, Ideate Media"
538583,Si Doel the Movie,Si Doel the Movie,2018-08-02,2018,7.2,8,0.67,"14 tahun sudah SARAH (Cornelia Agatha) pergi tanpa kabar dan perpisahan yang jelas, menyimpan kerinduan dalam hati DOEL (H. Rano Karno) yang sudah berumah tangga dengan ZAENAB (Maudy Koesnaedi). Melalui HANS (Adam Jagwani), SARAH meminta DOEL dibawa ke Amsterdam untuk mempertemukannya dengan DUL (Rey Bong), anak hasil pernikahannya dengan DOEL. DOEL ditemani MANDRA (H Mandra YS) terbang ke Amsterdam untuk bertemu dengan SARAH dan anaknya DUL. Tapi, kini DOEL berada didalam pilihan yang sulit. Harapan, kerinduan, keresahan dan keihkhlasan menyelimuti kisah tiga insan yang kerap dipermainkan oleh takdir. Dan pilihan untuk berada dalam jalan terbaik berada di tangan DOEL yang menggalau tanpa mau membohongi dan melukai perasaan siapa pun.","Drama, Komedi, Keluarga, Percintaan",Rano Karno,https://image.tmdb.org/t/p/w500/81K6Fh2GLSTWC74zDwxjmDzhylE.jpg,https://image.tmdb.org/t/p/original/3HnDPab0YdtwVeGMlaz1nqTv4KO.jpg,85,Released,"Karnos Film, Falcon Pictures"
503902,Sabrina,Sabrina,2018-07-12,2018,5.3,189,1.01,"MAIRA hidup bahagia di pernikahan barunya bersama AIDEN, pembuat boneka Sabrina. Tapi kebahagiaan mereka belum sempurna karena VANYA, anak angkat sekaligus keponakan Aiden yang yang piatu belum bisa menerima kehadiran Maira sebagai ibunya karena Vanya masih belum bisa merelakan kepergian ANDINI, bundanya yang sudah meninggal. Suatu hari, Vanya melakukan permainan ‘Pensil Charlie’ untuk memanggil bundanya dan kejanggalan-kejanggalan pun mulai terjadi. Maira dan Aiden Adak percaya, hingga akhirnya Maira mengalami serentetan kejadian menakutkan dan mereka melihat sendiri sosok Andini. Maira pun memanggil BU LARAS, seorang paranormal yang dulu pernah membantunya. Tapi Andini ternyata bukanlah Andini, melainkan iblis keji bernama BAGHIAH yang menetap di boneka Sabrina dan menginginkan tubuh manusia","Kengerian, Cerita Seru",Rocky Soraya,https://image.tmdb.org/t/p/w500/djHPD5qPIKT7m06xPuq4rZ3Slr4.jpg,https://image.tmdb.org/t/p/original/rXA03j9HBzhcmgjJetcVSjkmwQg.jpg,98,Released,"Hitmaker Studios, Hitmaker Studios"
492459,Dilan 1990,Dilan 1990,2018-01-25,2018,7.7,33,0.82,"Milea (Vanesha Prescilla) bertemu dengan Dilan (Iqbaal Ramadhan) di sebuah SMA di Bandung tahun 1990, saat Milea pindah dari Jakarta ke Bandung. Perkenalan yang tidak biasa membawa Milea mengenal keunikan Dilan, pintar, baik hati, romantis. Cara Dilan mendekati Milea tidak sama dengan teman-teman lelaki lain, bahkan Beni (Brandon Salim), pacar Milea di Jakarta. Perjalanan hubungan mereka tak selalu mulus. Beni, Anhar (Giulio Perangkan), Kang Adi (Refal Hadi) mewarnai perjalanan itu. Dilan membuat Milea percaya ia bisa tiba di tujuan dengan selamat.","Drama, Percintaan",Fajar Bustomi,https://image.tmdb.org/t/p/w500/9jvJd0zbN166hA3caTiTTQ61h6G.jpg,https://image.tmdb.org/t/p/original/2YiCk4kN24f29Uy6X7T9JktUmvn.jpg,110,Released,Max Pictures
510276,Danur 2: Maddah,Danur 2: Maddah,2018-03-28,2018,7.3,12,0.65,"Risa, remaja perempuan yang memiliki 3 sahabat hantu bernama Peter, William, dan Janshen. Risa kini tinggal bersama adiknya Riri, yang sudah mulai jengah dengan kemampuan Risa bisa melihat hantu. Apalagi mereka untuk sementara hanya tinggal berdua karena ibunya menemani bapaknya dinas di luar negeri. Keluarga pamannya, Om Ahmad baru pindah ke Bandung bersama istrinya, Tante Tina dan Angki anaknya. Risa dan Riri sering berkunjung bahkan menginap di rumah Om Ahmad dan Tante Tina. Risa awalnya tidak merasa ada yang aneh dengan rumah Om Ahmad, namun suatu hari Risa memergoki Om Ahmad pergi bersama seorang wanita, Risa hampir tidak percaya bahwa Omnya selingkuh, Risa tidak berani bilang ke Tante Tina dan memilih menyelidiki sendiri. Namun, setelah itu Angki bercerita beberapa hal janggal terjadi dan yang paling aneh adalah sikap Om Ahmad berubah.","Kengerian, Misteri, Cerita Seru",Awi Suryadi,https://image.tmdb.org/t/p/w500/2j3srEVS1DKT0jzkRnxjJZRLdSQ.jpg,https://image.tmdb.org/t/p/original/UBoDsIGgmgpULudU9WQxCuZLyC.jpg,89,Released,"MD Pictures, Pichouse Films"
515875,Target,Target,2018-06-15,2018,4.2,31,0.63,"Sembilan orang hendak shooting film berjudul Target, namun mereka ternyata dijebak di sebuah gedung kosong. Seseorang bernama Game Master muncul, memberitahu dalam 24 jam mereka harus mengikuti permainan-permainan mematikan. Hanya satu yang bisa selamat. Siapa?","Komedi, Kengerian, Aksi",Raditya Dika,https://image.tmdb.org/t/p/w500/t4naCnuDZ4ymwnMvga8etni3wo3.jpg,https://image.tmdb.org/t/p/original/pUizJY7raKdVqogX7Cum2vBRtne.jpg,91,Released,Soraya Intercine Films
524736,Kuntilanak,Kuntilanak,2018-06-15,2018,5.9,63,0.54,"Sekelompok anak-anak nekat mengeksplor rumah terbengkalai demi memenangkan sayembara reality show untuk membuktikan kebenaran adanya Kuntilanak yang suka menculik anak kecil. Petualangan yang mereka pikir akan membawa keseruan justru menjadi malapetaka saat Kuntilanak, sang makhluk mengerikan yang masuk ke dunia manusia melalui sebuah cermin kuno kini memburu mereka sebagai korban baru.","Kengerian, Komedi",Rizal Mantovani,https://image.tmdb.org/t/p/w500/8uChA7zGYMBk8Xc57LAKzofyaku.jpg,https://image.tmdb.org/t/p/original/hQ86bjGpjBXjCoZ9wpRQyZSplqu.jpg,105,Released,MVP Pictures
472918,Wiro Sableng: Pendekar Kapak Maut Naga Geni 212,Wiro Sableng: Pendekar Kapak Maut Naga Geni 212,2018-08-30,2018,6.2,14,0.45,"Nusantara, abad ke-16, Wiro Sableng (Vino G Bastian), seorang pemuda, murid dari pendekar misterius bernama Sinto Gendeng (Ruth Marini), mendapat titah dari gurunya untuk meringkus Mahesa Birawa (Yayan Ruhian), mantan murid Sinto Gendeng yang berkhianat. Dalam perjalanannya mencari Mahesa Birawa, Wiro terlibat dalam suatu petualangan seru bersama dua sahabat barunya Anggini (Sherina Munaf) dan Bujang Gila Tapak Sakti (Fariz Alfarazi). Pada akhirnya Wiro bukan hanya menguak rencana keji Mahesa Birawa, tetapi juga menemukan esensi sejati seorang pendekar.","Aksi, Komedi, Petualangan",Angga Dwimas Sasongko,https://image.tmdb.org/t/p/w500/kt4Clr3qq4NIXU6ijhDaoXOQqOn.jpg,https://image.tmdb.org/t/p/original/fiSlTGaaQsktasb5ySYGFe6DpaO.jpg,123,Released,"LifeLike Pictures, 20th Century Fox"
506731,Love for Sale,Love for Sale,2018-03-15,2018,7.9,14,0.36,Richard menerima tantangan bahwa ia tak bisa menemukan pasangan saat menghadiri pernikahan seorang teman. Ia tak tahu aplikasi kencannya mencakup kontrak 45 hari.,"Drama, Percintaan",Andibachtiar Yusuf,https://image.tmdb.org/t/p/w500/dpU0VeUKfr4ga8461wfB53IxS74.jpg,https://image.tmdb.org/t/p/original/zcaAhrJ2nKHpAoPT8bZtqp9aXiW.jpg,100,Released,Visinema Pictures
522116,Ananta,Ananta,2018-05-03,2018,7.5,4,0.27,"Tania (Michelle Ziudith), bersifat antisosial dan dipenuhi khayalan yang selalu ia tuangkan ke dalam kanvas lukisnya. Ia juga tipe pemberontak. Ananta ( Fero Walandouw), udik, lugu dan polos, sering dihina dan diperlakukan tidak selayaknya oleh Tania. Namun, Ananta tetap bertahan menemani Tania dalam kesehariannya. Ananta memperkenalkan Pierre (Nino Fernandez) ke Tania. Cowok berdarah indo-perancis, tampan, diharap bisa membuat Tania bahagia. Kehadiran Piere membuat perubahan pada Tania. Saat Tania menyadari Ananta menghilang, ia pun berubah. Tania stress berat. Ia sangat merindukan sosok pria udik yang kerap dicaci makinya.","Drama, Percintaan",Rizki Balki,https://image.tmdb.org/t/p/w500/gN7OEaShJIJ0hsLtLPlqarnCD6u.jpg,,91,Released,MD Pictures
572502,Wengi Anak Mayit,Wengi Anak Mayit,2018-11-16,2018,0.0,0,0.27,"Wengi: Anak Mayit bercerita tentang Dewi (Sara Wijayanto) yang memutuskan untuk pindah ke rumah warisan orang tuanya, namun suaminya (Demian Aditya) tidak sepenuhnya yakin dengan keputusan tersebut. Pada akhirnya Dewi pindah ke...",Kengerian,Nayato Fio Nuala,https://image.tmdb.org/t/p/w500/w6ZztwbptY56dw7yr1KBbDqEGzb.jpg,,76,Released,Prized Productions
536593,22 Menit,22 Menit,2018-07-19,2018,6.8,3,0.26,"22 menit sebelum, selama, dan setelah ledakan bom Thamrin 2016 di Jakarta.","Aksi, Drama, Cerita Seru",Myrna Paramita Pohan,https://image.tmdb.org/t/p/w500/jcfyEr5S1JD1lvJRsGwwUmYxJpI.jpg,https://image.tmdb.org/t/p/original/jRFaVw7GGzVBb4Kmc9CwCsqxn1A.jpg,71,Released,Buttonijo Films
546055,Belok Kanan Barcelona,Belok Kanan Barcelona,2018-09-20,2018,7.3,8,0.28,"Empat teman dekat dari beragam latar belakang keluarga merasakan cinta tak berbalas, saling menjauh, lalu bersatu kembali di Barcelona untuk pernikahan seorang teman.","Drama, Percintaan, Komedi",Guntur Soeharjanto,https://image.tmdb.org/t/p/w500/qRCWmdRyeH3EGJZpZ18my21y1q8.jpg,https://image.tmdb.org/t/p/original/zyrLIysPbj1WO5G51oLFz84b8XO.jpg,107,Released,"CJ Entertainment, Starvision Plus"
566097,Sesuai Aplikasi,Sesuai Aplikasi,2018-12-06,2018,5.7,5,0.21,"Dua pengemudi ojek daring, Pras dan Duras, dipaksa oleh Sakti si pencuri ulung untuk mengambil kembali berlian curiannya yang tak sengaja terbawa oleh diva dangdut Sofiyah.",Komedi,Adink Liwutang,https://image.tmdb.org/t/p/w500/tkvxOY9kAvFBIbzb3UNdV3UqioE.jpg,https://image.tmdb.org/t/p/original/wdva2kb8cG4Q6R0zhv4xh6e3it7.jpg,89,Released,TBS Films
563683,Liam dan Laila,Liam dan Laila,2018-10-04,2018,8.0,1,0.24,"Laila, gadis berpendidikan tinggi, tumbuh dalam keluarga yang sangat menjunjung tinggi Islam dan menghormati adat Minangkabau. Di usia 31 tahun Laila masih sendiri. Keluarga mencemaskan kesendirian Laila. Pian, adik Laila, didesak oleh kekasihnya untuk segera dinikahi. Pian tidak bisa melangkahi kakaknya yang belum menikah. Keadaan berubah, ketika seorang laki-laki dari Prancis bernama Liam datang untuk mempersunting Laila. Liam yang sedang mempelajari Islam ini bertemu Laila di Facebook tiga tahun lalu. Niat Liam ditolak setelah pertemuan keluarga besar. Jamil, paman Laila mengajak Pian untuk membantu Liam secara diam-diam. Keadaan menjadi rumit ketika Jamil dan Pian mengetahui batas waktu visa yang dimiliki Liam hanya 30 hari. Ditambah datangnya Haris yang baru pulang dari perantauan untuk melamar Laila lagi.",Drama,Arief Malinmudo,https://image.tmdb.org/t/p/w500/mFjJkDYeEHjTSv139QH5Een6zqB.jpg,https://image.tmdb.org/t/p/original/1ZEEJZA8mReCcsebnagJDaLz6bS.jpg,94,Released,"Mahakarya Pictures, Malin Films"
521211,3 Dara 2,3 Dara 2,2018-10-25,2018,2.5,2,0.16,"Usai sebuah kegagalan bisnis, tiga teman hidup bersama dan menjadi bapak rumah tangga. Sementara istri-istri mereka kembali bekerja untuk membangun keuangan mereka.","Komedi, Drama, Percintaan",Monty Tiwa,https://image.tmdb.org/t/p/w500/5Ou0RXd6klTrqDnVjahFOaw15uD.jpg,https://image.tmdb.org/t/p/original/nzreRb7hnyrXVJLDUXfAmpopf09.jpg,90,Released,MNC Pictures
547317,"Love Reborn: Komik, Musik & Kisah Masa Lalu","Love Reborn: Komik, Musik & Kisah Masa Lalu",2018-05-31,2018,0.0,0,0.17,"Berawal dari sebuah komik karya Kirei (Nadya Arina) di web Toon, yang inspirasinya didapat dari Wijaya, pria separuh baya langganan laundry milik Ibunya (Ira Wibowo). Dalam jas yang sering di-laundry oleh Wijaya terdapat surat-surat membingungkan yang hanya ibu Kirei dan Wijaya (Donny Damara) itu yang mengerti. Komik berjudul Kisah Masa Lalu itu jadi viral di media online. Kesuksesan komik Kirei menimbulkan masalah. Bagus, vokalis band indie “Keras Kepala Band” yang beranggotakan Rindu (Rani Ramadhany), Jefry (Indra Jegel), dan Sobirin (Jui Purwanto), tidak terima karena karakter di komik itu adalah ayahnya. Bagus menuduh ibu Kirei wanita murahan karena jadi penyebab retaknya rumah tangga keluarganya. Untuk membuktikan itu Kirei dan Bagus bersepakat untuk mengungkap kebenaran antara ibu Kireii dan ayah Bagus. Perjalanan mengungkap rahasia itu ternyata tidak mudah karena selain minimnya informasi, mereka selalu bertemu dengan orang-orang aneh di masa lalu orangtua mereka.","Drama, Percintaan",Jay Sukmo,https://image.tmdb.org/t/p/w500/4p2vReInmdLyXgKrJETOhwC5bHI.jpg,,98,Released,DHF Entertainment
542709,"Sultan Agung: Tahta, Perjuangan, Cinta","Sultan Agung: Tahta, Perjuangan, Cinta",2018-08-23,2018,7.0,2,0.2,"Pada abad ke-17, Sultan Agung Mataram harus mengatasi masalah percintaan dan memimpin rakyatnya menghadapi pergolakan di Bumi Nusantara.",Sejarah,Hanung Bramantyo,https://image.tmdb.org/t/p/w500/bLtRW4Y8EqK0nPMWctCzqNdChBP.jpg,https://image.tmdb.org/t/p/original/A1xXTOx8EXBXLz3p79L0RIcIrOJ.jpg,160,Released,"Mooryati Soedibyo Cinema, Dapur Film"
534374,Koki-Koki Cilik,Koki-Koki Cilik,2018-07-06,2018,7.0,1,0.15,"Bima (Farras Fatik), anak dari keluarga tidak mampu, berhasil ikut dalam acara Cooking Camp yang sangat bergengsi dan mahal. Bima harus menghadapi tantangan dari Chef Grant (Ringgo Agus Rahman) dan bersaing dengan Audrey (Chloe X), juara tiga kali berturut-turut di Cooking Camp, serta Oliver (Patrick Milligan), anak pemilik restoran ternama yang mendapat dukungan penuh dari kedua sahabatnya, Ben (Cole Gribble) dan Jody (Clay Gribble). Beruntung Bima memiliki teman-teman yang memberinya semangat, seperti Niki (Clarice Cutie), Melly (Alifa Lubis), Key (Romaria Simbolon), Kevin (Marcello), dan Alva (Ali Fikri). Di tengah perjuangannya, Bima bertemu dengan Rama (Morgan Oey), mantan chef terkenal yang mengasingkan diri. Meski awalnya merasa terganggu dengan kehadiran Bima, Rama lambat laun menjadi baik dan bersedia mengajari Bima memasak.","Drama, Keluarga",Ifa Isfansyah,https://image.tmdb.org/t/p/w500/jfHNsq5pg2uc3OgSlrKrUPcAfEs.jpg,https://image.tmdb.org/t/p/original/aAo5tuf7dkilnr3dHDseg3Qg9Fb.jpg,91,Released,MNC Pictures
516706,Bluebell,Bluebell,2018-04-07,2018,0.0,0,0.15,"Seorang peselancar bercita-cita besar dibuat melambung oleh asmara yang bersemi, tetapi kebenaran tentang kenalan barunya menyebabkan hatinya terseret menuju tepi laut.","Drama, Percintaan",Muhammad Yusuf,https://image.tmdb.org/t/p/w500/lpJFNickIDG2Ys3BdV5vpmbe6JG.jpg,https://image.tmdb.org/t/p/original/kTiqslNmW6ZCurqJ7B8Rv5DjJCk.jpg,83,Released,"Ratson Pictures, Triple A Films"
534500,Jaran Goyang,Jaran Goyang,2018-07-03,2018,5.5,1,0.13,"Dirga hanyalah seorang tukang kebun yang jatuh cinta kepada Elena, seorang pedangdut populer. Namun cinta Dirga ditolak oleh Elena yang saat itu sudah memiliki pacar bernama Robert. Kecewa dengan keputusan Elena, Dirga membunuh Robert dan meminta ilmu hitam Jaran Goyang kepada bibinya. Sukses dengan Elena, Dirga tidak berhenti sampai disitu, Ia terus memburu wanita muda demi kepuasaannya. Seperti apa kisah percintaan yang di dasari oleh sakit hati dan ilmu hitam ini? Apakah akan berakhir tragis atau bahkan hidup bahagia?",Kengerian,Findo Purwono HW,https://image.tmdb.org/t/p/w500/zg6SlPLlcAZnng4x9vTxl0riczl.jpg,https://image.tmdb.org/t/p/original/gSYfdMYe1qm6ijqKSc4CgV4q5WQ.jpg,91,Released,Intercept Filmcraft
546290,Dancing in the Rain,Dancing in the Rain,2018-10-18,2018,8.4,5,0.18,"Banyu, mengidap spektrum autis, tinggal bersama neneknya. Ia memiliki dua orang sahabat yang baik, Radin dan Kinara.","Drama, Percintaan, Keluarga",Rudi Aryanto,https://image.tmdb.org/t/p/w500/9jAqM2mxW3hOktYGmJGQIVJtkRm.jpg,https://image.tmdb.org/t/p/original/7idI44ET7rBUSlkKdPkGSKKn4y8.jpg,101,Released,"Screenplay Films, Legacy Pictures"
869548,Ngiring Belasungkawa,Ngiring belasungkawa,2018-07-13,2018,8.0,1,0.13,"Sepeninggal ayahnya, seorang anak tunggal, hanya ingin mendoakan ayahnya dengan damai. Namun keinginannya tidak dapat dipenuhi karena tradisi yang memaksanya untuk mengurus pemakaman ayahnya. Dia dipaksa untuk membayar semua orang yang mengurus pemakaman dengan tarif yang telah ditentukan, termasuk yang mendoakan almarhum. Dia tahu itu salah dan dia menolak untuk mengikuti, tetapi dia terus ditekan oleh bibinya dan beberapa tetangga untuk mengikuti tradisi itu. Ia pun mengalami dilema, harus mengikuti tradisi untuk kelancaran penguburan ayahnya atau tetap pada pendiriannya. Banyak keluarga di Jawa Barat, Indonesia yang ditinggalkan oleh almarhum mengalami kesedihan yang mendalam dan terbebani menghadapi tradisi yang sebenarnya tidak mereka setujui.",Drama,Praditha Blifa,https://image.tmdb.org/t/p/w500/fYdNB2IRg1Dqy7b8npmRuS8AAQ2.jpg,https://image.tmdb.org/t/p/original/nBoRiuLl37jP94nk6sK9Gc17hNp.jpg,19,Released,"Jogja Film Academy, Aranck Project"
583606,Loz Jogjakartoz,Loz Jogjakartoz,2018-11-28,2018,7.0,2,0.12,"Artos successfully get the expensive bird everybody wants. Unfortunately, the said bird is the one who drags him into many problems he is forced to face. Police officers, goons and even politicians share the desire to own the bird. Artos is now in danger. Like it or not, he has to fight them all in order to claim back what is his, even if that means his life is on the stake.","Drama, Kejahatan",Sidharta Tata,https://image.tmdb.org/t/p/w500/gJGfuU7TJh3TweCeBTQg6a5XvsI.jpg,https://image.tmdb.org/t/p/original/fVVkkGPNoNMBusqjVOts1THTYoI.jpg,29,Released,"Dinas Kebudayaan DIY, Kebon Studio"
510281,The Secret: Suster Ngesot Urban Legend,The Secret: Suster Ngesot Urban Legend,2018-04-26,2018,3.4,9,0.24,"Learning that her father has married a woman her own age, Kanaya leaves home, only to get into an accident that lands her in a haunted hospital.",Kengerian,Arie Azis,https://image.tmdb.org/t/p/w500/tneFTgVYqpqMLGJykCaf3QwK52s.jpg,,102,Released,RA Pictures
558228,Kuntilanak Pecah Ketuban,Kuntilanak Pecah Ketuban,2018-10-31,2018,7.0,2,0.24,"Santi must accept this harsh reality. Her husband, Krishna, cheated on her own twin sister, Sinta. Santi's sterility is Krisna's reason for cheating.  Sinta and Krisna worked together to kill Santi. Santi was sent to hell. In the hell's waiting room, Santi meets the hell guarding Devil and sees that the process of her death is used as an ingredient of entertainment and shows for the other inhabitants of hell. Santi also sells her soul to the hell guarding Devil to be able to return to life and take revenge on Sinta and Krishna.","Kengerian, Cerita Seru",Alzein Putra Merdeka,https://image.tmdb.org/t/p/w500/sYsgIw5Jde3kSzasBhz8n5FLT8u.jpg,https://image.tmdb.org/t/p/original/xkkYxOQZhzBfLBsD62JyepRbWsk.jpg,15,Released,"Padepokan Limboto, Kolong Sinema, Mercusuar Production"
547914,Dear Nathan: Hello Salma,Dear Nathan: Hello Salma,2018-10-25,2018,7.4,8,0.23,"After a school transfer forces them apart, Nathan and Salma try to adjust but their attempts to move ahead get tested by hard emotions and new faces.","Drama, Percintaan",Indra Gunawan,https://image.tmdb.org/t/p/w500/pFrJFcqmZeqVlpuDe2h9hJ1CxUt.jpg,https://image.tmdb.org/t/p/original/acWhEMxpLkKLd51b1eW7f5VAwbJ.jpg,102,Released,Rapi Films
467012,Pengabdi Setan,Pengabdi Setan,2017-09-28,2017,6.7,277,1.76,"Setelah Rini ditinggal mati ibunya, ada sesuatu peristiwa yang terus menganggu keluarga mereka.","Drama, Kengerian, Misteri",Joko Anwar,https://image.tmdb.org/t/p/w500/xTWgncjZOrMmSjaEwA3DLOxaqf0.jpg,https://image.tmdb.org/t/p/original/5PD7GeOq9Npk7wz7QPz1MoK09Mh.jpg,107,Released,"CJ Entertainment, Rapi Films"
451899,Kartini,Kartini,2017-04-19,2017,6.6,10,1.31,Biografi Kartini dalam memperjuangkan pendidikan untuk semua kalangan,"Drama, Sejarah",Hanung Bramantyo,https://image.tmdb.org/t/p/w500/pQsRtAbSWNjnCO4saToN60SGojb.jpg,https://image.tmdb.org/t/p/original/6pZHWcLOxYoWo5pc0wLscSZoKgO.jpg,118,Released,"Screenplay Films, Legacy Pictures"
480007,Mata Batin,Mata Batin,2017-11-30,2017,5.7,93,0.96,Seorang wanita tersiksa dengan kemampuan mata ketiga.,"Kengerian, Cerita Seru",Rocky Soraya,https://image.tmdb.org/t/p/w500/slZHkFm3S43zquph0Z2d1UmgVRJ.jpg,https://image.tmdb.org/t/p/original/zVITKJxmvzvi5sBECmfDK1i3wA7.jpg,112,Released,Hitmaker Studios
467010,Ruqyah - The Exorcism,Ruqyah - The Exorcism,2017-10-05,2017,3.8,5,0.69,Seorang artis diganggu oleh makhluk halus. Adakah seseorang yang mampu menolongnya?,Kengerian,Jose Poernomo,https://image.tmdb.org/t/p/w500/3AJNcy2VOJFVN20E2UAyNKeCTzz.jpg,https://image.tmdb.org/t/p/original/5ohQwpoNOpTE3kJgoQWG1I8rEM8.jpg,107,Released,"MD Pictures, Pichouse Films"
380764,Valentine,Valentine,2017-11-23,2017,5.6,93,0.68,"Batavia City, kota indah yang tak lagi aman dihuni. Perampokan, kekerasan, dan berbagai kriminalitas semakin hari semakin merajalela. Di tengah kota yang kacau ini, Srimaya, seorang pelayan kafe yang memiliki mimpi menjadi aktris tidak pernah menyangka kalau impiannya akan mengubah jalan hidupnya. Pertemuannya dengan seorang sutradara film dan sahabatnya, Bono dan Wawan, akan membawanya pada petualangan berbahaya penuh aksi mendebarkan dengan nyawa sebagai taruhannya. Mengubahnya dari gadis biasa menjadi pahlawan harapan Batavia City, Valentine. Yang bertugas membasmi kejahatan","Cerita Fiksi, Kejahatan, Cerita Seru, Aksi",Agus H Mawardy,https://image.tmdb.org/t/p/w500/jcoaZNyoN2l8G2RCTgcogaj525G.jpg,https://image.tmdb.org/t/p/original/h0nvoyS3EYP4Kw3E9UnP1DBJcKr.jpg,97,Released,"Skylar Pictures, Aletta Pictures, SAS Films, Skylar Comics"
460516,Filosofi Kopi 2: Ben & Jody,Filosofi Kopi 2: Ben & Jody,2017-07-13,2017,7.0,7,0.39,"Film yang menceritakan dua orang peracik kopi yang menemukan makna kehidupan sesungguhnya dari secangkir kopi, menjadi kisah inspiratif dalam balutan pencarian mereka membuat kopi terbaik.","Drama, Petualangan",Angga Dwimas Sasongko,https://image.tmdb.org/t/p/w500/rSxbE7lpNwVHgyE540igXAMXUrL.jpg,https://image.tmdb.org/t/p/original/3LeSCM2Xm24xVxv1ofpXTmUH8q7.jpg,90,Released,"13 Entertainment, Visinema Pictures"
468929,Rafathar,Rafathar,2017-08-05,2017,2.9,8,0.3,"Jonny Gold bersama rekan kerjanya Popo Palupi adalah sepasang perampok profesional skala kecil dan besar tanpa pandung bulu. Namun kali ini ia mendapatkan pekerjaan untuk menculik seorang bayi yang bernama Rafathar, bayi yang diadopsi oleh keluarga kaya. Yang tidak mereka ketahui, ternyata bayi yang mereka culik itu mempunyai kekuatan super, kekuatan telekinetik yang mampu mengendalikan logam. Kejadian-kejadian lucu terjadi dalam proses penculikan itu, hingga akhirnya kehadiran Rafathar mempunyai arti tersendiri kepada Jonny dan Popo. Perjalanan mereka perlahan mulai membuka sebuah konsipirasi besar dan asal usul kekuatan super yang dimiliki Rafathar.","Komedi, Keluarga",Bounty Umbara,https://image.tmdb.org/t/p/w500/hkSseL5QnUHQTwreulFn5ppujO5.jpg,https://image.tmdb.org/t/p/original/8jltWw6YdSgXagI7hEyL1ElGwCU.jpg,90,Released,"R & R Films, Umbara Brothers Film"
452038,The Guys,The Guys,2017-04-13,2017,6.7,7,0.41,"Alfi, seorang karyawan yang bercita-cita jadi bos, ingin mendapatkan cinta Amira, teman sekantornya. Namun, masalah timbul ketika Via, gebetan abadinya, yang tadinya mengabaikan Alfi, mulai menujukkan rasa cinta..","Percintaan, Komedi, Drama",Raditya Dika,https://image.tmdb.org/t/p/w500/7NdSCYiV92Qv62Dzid0HuEiP4HD.jpg,https://image.tmdb.org/t/p/original/k0rfZ8N89qsAZYFuCReW3nuA6d6.jpg,114,Released,Soraya Intercine Films
450647,Danur,Danur,2017-03-27,2017,5.4,23,0.29,"Film ini bercerita tentang Risa di hari ulang tahunnya ke-8, Risa dengan polosnya meminta seorang teman agar ia tidak kesepian lagi. Namun ternyata ibunya, Elly, mulai curiga mendapati anaknya sering tertawa sendiri dan bermain seolah-olah dengan banyak teman, padahal Elly hanya melihatnya bermain sendiri! Elly mencari jalan untuk memisahkan Risa dari sahabat nya yang ternyata hantu.","Kengerian, Misteri, Cerita Seru",Awi Suryadi,https://image.tmdb.org/t/p/w500/m7E4xlKecZhkqy4ji0BURFSd6v7.jpg,https://image.tmdb.org/t/p/original/ny34w32qXuaqaLCZ1fau0JFnNrN.jpg,74,Released,"MD Pictures, Pichouse Films"
460578,The Doll 2,The Doll 2,2017-07-20,2017,5.3,46,0.39,Sepasang suami isteri kehilangan anak mereka. Tanpa mereka sadari mereka mengundang bahaya yang tak terduga karena obsesi mereka dengan si anak yang telah tiada.,"Kengerian, Cerita Seru",Rocky Soraya,https://image.tmdb.org/t/p/w500/4ZUsdUuEArwvFCpdxiv8w9fWkjf.jpg,https://image.tmdb.org/t/p/original/cRlJaee0mUyaDwGOXrLvTOWPkDH.jpg,117,Released,Hitmaker Studios
482278,Ayat-Ayat Cinta 2,Ayat-Ayat Cinta 2,2017-12-21,2017,6.9,9,0.37,"Fahri yang kini menjadi dosen di Edinburgh mencoba membuka lembaran baru saat istrinya, Aisha, menjadi sukarelawan di Jalur Gaza. Inikah cara mereka melanjutkan hidup?","Drama, Percintaan",Guntur Soeharjanto,https://image.tmdb.org/t/p/w500/sp95sUW1ZCyyPZMU8YOtJfo6rBK.jpg,https://image.tmdb.org/t/p/original/1wstrElQgIxyrPEdzUtiL19dZF1.jpg,127,Released,MD Pictures
416512,Surga Yang Tak Dirindukan 2,Surga Yang Tak Dirindukan 2,2017-02-09,2017,6.9,4,0.34,"Dalam sekuel film tahun 2015 peraih penghargaan ini, Pras, Arini, dan Meirose menghadapi tantangan baru yang bisa mengubah dinamika cinta segitiga mereka nan unik.","Drama, Percintaan",Hanung Bramantyo,https://image.tmdb.org/t/p/w500/zlxXuLDA0ZtAMOU3Oum5aJFaJgl.jpg,https://image.tmdb.org/t/p/original/5D2tvZjtk5yRuSbNWJr1mXdpA8Z.jpg,118,Released,MD Pictures
460580,Sweet 20,Sweet 20,2017-06-25,2017,7.4,14,0.29,"Berceritera tentang Fatmawati, seorang nenek berusia 70-an, secara ajaib ia mendapati tubuhnya kembali ke usia 20 tahunan setelah melakukan foto di sebuah studio foto yang misterius.","Fantasi, Komedi, Drama",Ody C. Harahap,https://image.tmdb.org/t/p/w500/kAjdvRj0bDN6KlpmQ65C3mVLFf4.jpg,https://image.tmdb.org/t/p/original/29ds9iC91rgdWS77keeHDqmaMtp.jpg,109,Released,"Starvision Plus, CJ Entertainment"
441503,Satria Heroes: Revenge of Darkness,Satria Heroes: Revenge of Darkness,2017-05-04,2017,7.5,2,0.35,"Saat membangun ulang peradaban di dunia paralel, seorang pahlawan super harus kembali ke bumi untuk membantu temannya yang juga kuat melindungi planet dari musuh kejam.","Aksi, Cerita Fiksi, Fantasi, Keluarga",Arnandha Wyanto,https://image.tmdb.org/t/p/w500/xIY1XP7OhS9CRVnBOpRl28TAZ42.jpg,https://image.tmdb.org/t/p/original/yrWKKfVk4yLMaeBc0zPeNreAziw.jpg,92,Released,"Satria Heroes Films, MNC Pictures"
477810,Mereka Yang Tak Terlihat,Mereka Yang Tak Terlihat,2017-11-03,2017,6.0,1,0.31,Seorang anak indigo berkomunikasi dengan arwah penasaran yang ingin menjelaskan penyebab kematiannya bukanlah karena bunuh diri.,Kengerian,Billy Christian,https://image.tmdb.org/t/p/w500/3zdckRP04h97MnGPD2aRqitXwRk.jpg,https://image.tmdb.org/t/p/original/rEm4AG3AJiDiwvEnODJgOW7MYPC.jpg,110,Released,Skylar Pictures
453064,Stip & Pensil,Stip & Pensil,2017-04-19,2017,6.4,8,0.3,"Toni (Ernest Prakasa), Aghi (Ardit Erwandha), Bubu (Tatjana Saphira) dan Saras (Indah Permatasari) adalah anak anak orang kaya yang dimusuhi anak anak di SMU sekolahnya. Karena dibanding yang lain mereka selalu merasa sok jago dan songong.","Komedi, Drama, Keluarga",Ardy Octaviand,https://image.tmdb.org/t/p/w500/rqFO6veoD3U4dtMvrNtyDwof2s2.jpg,https://image.tmdb.org/t/p/original/ifD04qKfsWEhVZVXTI3aVT6oWGT.jpg,100,Released,MD Pictures
482629,Susah Sinyal,Susah Sinyal,2017-12-21,2017,7.7,16,0.29,Seorang pengacara sukses berjuang untuk menemukan keseimbangan antara karir dan perannya sebagai orangtua dalam membesarkan anak perempuan tunggalnya.,"Komedi, Drama, Keluarga",Ernest Prakasa,https://image.tmdb.org/t/p/w500/cIG3RMeTsBgI6V3lXKeXILjtl2B.jpg,https://image.tmdb.org/t/p/original/hvfl3SEbYF6S15yqKcdixUnJ5QO.jpg,98,Released,Starvision Plus
456422,Critical Eleven,Critical Eleven,2017-05-10,2017,7.0,15,0.25,"Ale (Reza Rahadian) dan Anya (Adinia Wirasti) pertama kali bertemu dalam penerbangan Jakarta - Sydney. Saat pertemuan terjadi, 3 menit pertama Anya mulai terpikat, 7 jam berikutnya mereka duduk bersebelahan dan saling mengenal lewat percakapan dan tawa satu sama lain, sampailah pada 8 menit sebelum berpisah.","Drama, Percintaan",Robert Ronny,https://image.tmdb.org/t/p/w500/9rFFCia3wCpCFnymu94xTMho9Mu.jpg,https://image.tmdb.org/t/p/original/76XyEWROdAUxJ5i4tNneOwUkdJ8.jpg,135,Released,"Starvision Plus, Legacy Pictures"
410645,Gerbang Neraka,Gerbang Neraka,2017-09-20,2017,4.2,7,0.29,"Piramida kuno yang penuh misteri menarik perhatian seorang wartawan, seorang paranormal dan seorang arkeolog untuk mempelajarinya. Setelah mengalami beberapa peristiwa yang mengejutkan, akhirnya mereka bahu-membahu untuk mencegah bencana akibat kekuatan dahsyat yang tersembunyi di dalam piramida kuno tsb.","Petualangan, Kengerian",Rizal Mantovani,https://image.tmdb.org/t/p/w500/prQyDWn9gmOm1YEw1LR2PzcwJaM.jpg,https://image.tmdb.org/t/p/original/m5B8Ivtv0740sda2A7Xt1y2Bj0u.jpg,120,Released,Legacy Pictures
483964,Keluarga Tak Kasat Mata,Keluarga Tak Kasat Mata,2017-11-23,2017,5.0,1,0.16,"Keluarga Tak Kasat Mata bercerita tentang seorang pemuda bernama Genta, yang kembali bercerita tentang mantan perusahaannya di Yogyakarta. Cerita ini dimulai saat perusahaannya berpindah kantor ke sebuah bangunan baru. Disanalah Genta bersama rekan kerjanya mulai mendapati beberapa kejadian diluar nalar.Malam-malam mereka perlahan menjadi momen penuh ketegangan. Satu persatu karyawan mulai dihadapkan dengan sosok penampakan yang ingin berpesan. Rentetan teror kejadian, seolah menjadi pembuktian akan adanya kehidupan yang sejatinya memang selalu berdampingan.",Kengerian,Hedy Suryawan,https://image.tmdb.org/t/p/w500/nEL808BH6kkFGQJLL87TXBZCyfg.jpg,,113,Released,Max Pictures
482631,After School Horror 2,After School Horror 2,2017-11-16,2017,5.0,1,0.18,Sekelompok remaja sekolah menengah melakukan tindakan yang ceroboh yang mengakibatkan mereka dihantui arwah penasaran.,Kengerian,Nayato Fio Nuala,https://image.tmdb.org/t/p/w500/v9otHUITUvqfG936jaoYAdQnixl.jpg,,111,Released,BIC Pictures
476040,Jomblo,Jomblo,2017-10-05,2017,7.5,2,0.17,"Film Jomblo (2017) bercerita tentang empat sahabat yang memiliki satu persamaan, yakni sama-sama jomblo. Keempat sahabat ini adalah Agus (Sunda), Bimo (Jogya), Olip (Aceh) dan Doni (Indo), mereka kuliah di Universitas B, dan mereka memiliki perbedaan alasan kenapa jomblo.","Komedi, Percintaan",Hanung Bramantyo,https://image.tmdb.org/t/p/w500/jJyYzoVn66Wl2nSfIy6s1DyF1Zx.jpg,,92,Released,"Dapur Film, Falcon Pictures"
463776,Surat Kecil untuk Tuhan,Surat Kecil untuk Tuhan,2017-06-25,2017,6.1,6,0.22,Seorang pengacara sukses mencari kakak laki-lakinya yang telah lama hilang.,Drama,Fajar Bustomi,https://image.tmdb.org/t/p/w500/kdMw2ml4dBAnuVpet3xtgOyGlGT.jpg,https://image.tmdb.org/t/p/original/3Vv7yGnPyjfWSR6LPpQ7TsQoHjB.jpg,127,Released,Falcon Pictures
465807,The Underdogs,The Underdogs,2017-08-16,2017,6.0,2,0.21,"Saat berupaya menjadi YouTuber populer, empat sekawan segera menyadari bahwa perjuangan mereka untuk tenar malah menghancurkan persahabatan mereka.",Komedi,Adink Liwutang,https://image.tmdb.org/t/p/w500/gPNyDvba8IMDTIlnbLDW3N0Ju0f.jpg,https://image.tmdb.org/t/p/original/8HXcmJrKNfHspSd2l5NgjU7W05K.jpg,99,Released,Starvision Plus
460574,Insya Allah Sah,Insya Allah Sah,2017-06-25,2017,6.2,5,0.2,Perjuangan seorang gadis menemukan tujuan hidupnya setelah mengalami peristiwa mengejutkan yang menyebabkan ia berjanji untuk mengubah dirinya sendiri.,"Komedi, Drama",Benni Setiawan,https://image.tmdb.org/t/p/w500/jEDcHKSlZxe6P28osly0MgBMF2d.jpg,https://image.tmdb.org/t/p/original/Ar5Y6tSKxLrr3Smc9htUHQwFiKa.jpg,90,Released,MD Pictures
480005,Mau Jadi Apa?,Mau Jadi Apa?,2017-11-30,2017,5.6,4,0.26,Seorang mahasiswa mencoba mendirikan majalah kampus yang membahas hal-hal ringan namun menemui tantangan dari majalah kampus yang lebih mapan.,"Drama, Komedi",Monty Tiwa,https://image.tmdb.org/t/p/w500/g8Mea7GAZzCKUkXGrEPb9HEXdka.jpg,https://image.tmdb.org/t/p/original/kHi2Z5mskHUP4o7RPtcBzg1mSMY.jpg,110,Released,"Starvision Plus, Millennia Pictures"
477392,Molulo: Jodoh Tak Bisa Dipaksa,Molulo: Jodoh Tak Bisa Dipaksa,2017-11-02,2017,0.0,0,0.19,"Mengambil latar belakang dari seorang lelaki bugis dan dijodohkan oleh orangtuanya, namun karena tidak menerima dijodohkan, akhirnya dia pergi kabur ke Kendari dan bertemu dengan wanita idaman  pada saat acara Molulo.","Percintaan, Drama, Komedi",Irham Acho Bahtiar,https://image.tmdb.org/t/p/w500/iExSZnx2QKAzS99z9wF6zHB95e2.jpg,,91,Released,"DCU Production, Rumah Semut"
461027,Jailangkung,Jailangkung,2017-06-25,2017,4.3,8,0.22,"Ketika ayah mereka koma secara misterius, tiga gadis bertekad untuk menyelidikinya sampai tuntas.","Drama, Kengerian",Rizal Mantovani,https://image.tmdb.org/t/p/w500/yq2pWpeIUlrqbtH4wZNMxGRddTW.jpg,https://image.tmdb.org/t/p/original/6kFCm24tXH6XHmG9b3TYlYnsJqC.jpg,99,Released,"Screenplay Films, Legacy Pictures"
471877,Warkop DKI Reborn: Jangkrik Boss! Part 2,Warkop DKI Reborn: Jangkrik Boss! Part 2,2017-08-31,2017,5.3,9,0.15,"Jangkrik Boss Part 2, meneruskan pertualangan Dono (Abimana Aryasatya), Kasino (Vino G Bastian) dan Indro (Tora Sudiro) dalam mencari harta karun untuk membayar hutang, agar mereka tidak masuk ke dalam penjara. Negri Jiran, Malaysia menjadi destinasi awal perjalanan mereka di film ini.","Komedi, Aksi, Petualangan",Anggy Umbara,https://image.tmdb.org/t/p/w500/qUPiHQqjwqAZu8rt5pG83WhyiFX.jpg,https://image.tmdb.org/t/p/original/oSiDv81jtPNFu2VEujxMupUdmZ5.jpg,100,Released,Falcon Pictures
428517,Chrisye,Chrisye,2017-02-15,2017,6.0,1,0.24,Biopic perjalanan hidup penyanyi legendaris Indonesia,"Drama, Musik, Sejarah",Rizal Mantovani,https://image.tmdb.org/t/p/w500/h5NAaUYNrq1FIPwenBCJXgVclmZ.jpg,https://image.tmdb.org/t/p/original/A9LQxRYJYc6RCeiy7BrLCCnP6Wh.jpg,99,Released,"MNC Pictures, Vito Global Visi"
447897,London Love Story 2,London Love Story 2,2017-02-26,2017,4.1,5,0.18,"Caramel sangat bahagia. Betapa tidak, impiannya sejak kecil untuk melihat dan bermain salju akhirnya terwujud karena Dave memberinya hadiah kejutan liburan ke Swiss untuk merayakan ulang tahun Caramel.","Drama, Percintaan",Asep Kusdinar,https://image.tmdb.org/t/p/w500/vRRWvD6WQKWuCJRjog6zBlokuud.jpg,https://image.tmdb.org/t/p/original/5qniLTO2fw63v0zHaGeNCFMAcov.jpg,102,Released,Screenplay Films
452366,Labuan Hati,Labuan Hati,2017-04-06,2017,0.0,0,0.2,"Kehidupan tiga wanita bertemu di Labuan Bajo. Mereka langsung berteman saat berada di laut, tetapi ketegangan timbul saat seorang instruktur selam muncul.",Drama,Lola Amaria,https://image.tmdb.org/t/p/w500/wGSutV9ILiAR18MbTFotHTWHCR.jpg,https://image.tmdb.org/t/p/original/85SduHWoKH6kmlZJGNKiO4i2bBO.jpg,98,Released,Lola Amaria Production
464831,Berangkat!,Berangkat!,2017-08-03,2017,0.0,0,0.17,Tiga orang sahabat berencana untuk melakukan perjalanan liburan bersama dan mengalami hal-hal tak terduga.,"Komedi, Drama, Petualangan",Naya Anindita,https://image.tmdb.org/t/p/w500/eFByhUHccOY9b3VopxOphdZIQHZ.jpg,,110,Released,MVP Pictures
477403,Hujan Bulan Juni,Hujan Bulan Juni,2017-11-02,2017,6.5,1,0.14,Mengisahkan hubungan romantis antara Pinkan dan Sarwono dengan latar belakang puisi dan pemandangan alam.,Percintaan,Hestu Saputra,https://image.tmdb.org/t/p/w500/nRlQ09sO08R8IQ7OHuyFvyGoEDl.jpg,,101,Released,"Sinema Imaji, Starvision Plus"
458404,The Curse,The Curse,2017-04-27,2017,0.0,0,0.11,Seorang wanita muda yang berprofesi sebagai pengacara di Melbourne menghadapi salah satu kasus yang rumit dan mungkin saja diluar nalar.,Kengerian,Muhammad Yusuf,https://image.tmdb.org/t/p/w500/hAL5sCcyT747tUXiMVMMzfysvNA.jpg,,92,Released,Triple A Films
446156,Galih & Ratna,Galih & Ratna,2017-03-09,2017,6.9,8,0.22,"Cinta pertama. Atau cinta monyet. Atau apalah itu. Semua pasti pernah merasakannya, terutama di masa-masa remaja yang indah. Tetapi ini tidak pernah dirasakan oleh GALIH (Refal Hady), seorang siswa SMA teladan tetapi introvert yang hidup dalam bayang-bayang almarhum ayahnya dan tuntutan ibunya yang harus struggle sebagai single-mother.","Drama, Percintaan",Lucky Kuswandi,https://image.tmdb.org/t/p/w500/xxeQmKUso0Ff8O1Rz6FrGxqEAD7.jpg,https://image.tmdb.org/t/p/original/xIBiJGC7XV0YwejvPO4j5vUfav5.jpg,112,Released,"360 Degrees Synergy, Nant Entertainment, Josh Pictures"
428509,Security Ugal-Ugalan,Security Ugal-Ugalan,2017-01-19,2017,4.2,3,0.14,"Acho, Dana, Lolox pegawai perusahaan Megapolitan Security yang dipimpin oleh Komandan Indro. Berbagai kejadian lucu terjadi dalam keseharian para security. Dana jatuh hati pada cewek cantik bernama Angela.",Komedi,Irham Acho Bahtiar,https://image.tmdb.org/t/p/w500/9bs56STRiLEk0d3Tnjf8NLwiudP.jpg,https://image.tmdb.org/t/p/original/eVq1LMC7wJUKq9J30DFQSYnQCSe.jpg,98,Released,MD Pictures
475434,Suhu Beku: The Movie,Suhu Beku: The Movie,2017-09-28,2017,0.0,0,0.12,Empat anak muda membentuk kelompok band dari sebuah kota di sudut Timur dan berusaha untuk eksis tanpa perlu pindah ke kota besar seperti Jakarta.,,Rusmin Nuryadin,https://image.tmdb.org/t/p/w500/cZtuaF2HAEVbgihXeAuPExojkmy.jpg,,111,Released,"Mediatif Films, 786 Production, Vonis Records"
460971,Mars Met Venus,Mars Met Venus,2017-08-03,2017,8.0,1,0.11,Kelvin dan Mira akan segera menikah. Lambat laun menjelang pernikahan mereka tambah sering bertengkar. Akan kah mereka bisa mengatasi perbedaan pada akhirnya?,"Komedi, Drama, Percintaan",Hadrah Daeng Ratu,https://image.tmdb.org/t/p/w500/1HbcMw96Pn5tptJGUZlDh8k1h87.jpg,,90,Released,MNC Pictures
442216,Remember The Flavor,Remember The Flavor,2017-02-15,2017,0.0,0,0.09,"Pernahkan kamu merasa justru bisa terbuka dengan orang asing? Inilah yang terjadi, Arnesti dan Melodi, dua orang yang tidak saling mengenal yang bertemu secara tak sengaja di kereta. Setelah 3 tahun, Melodi pulang kembali ke Jogja, dan kini ia menceritakan kisah cintanya di sepanjang perjalanan.  Melodi dan Dimas, dua sahabat sejak kecil yang sebetulnya saling menyintai. Dimas putra pemilik kedai es krim Mirasa, sedang Melodi adalah gadis yang bercita-cita jadi penyanyi. Apapun yang Melodi inginkan, Dimas menjadi orang pertama yang mendukungnya. Sayangnya Melodi terlalu egois untuk mengakui bahwa ia membutuhkan Dimas, sedang Dimas berusaha terlalu keras meyakinkan Melodi bahwa cintanya pantas diterima.  Melodi yang agresif menggapai mimpinya sebagai penyanyi, telah memecah belah keluarganya sendiri. Ketika ia diusir oleh ibunya, satu-satunya orang yang mau menampung adalah Dimas. Cinta mereka bersemi, tetapi akankah bersatu? Atau hanya tumbuh menjadi sekedar cinta platonis?",Drama,Dyan Sunu Prastowo,https://image.tmdb.org/t/p/w500/bNf1xHtMHmD6Vc7g3wY4iJZc6Ok.jpg,,92,Released,"Limelight Pictures, MP Pro Pictures"
428556,Moammar Emka's Jakarta Undercover,Moammar Emka's Jakarta Undercover,2017-02-23,2017,6.0,1,0.16,"Pras wants to realize his dreams of having a significant life and career as a journalist, but Jakarta changes everything.","Drama, Percintaan",Fajar Nugros,https://image.tmdb.org/t/p/w500/kwmS8bMsnhjKxdEX51KQviaEI9B.jpg,https://image.tmdb.org/t/p/original/hN7QOufpmY5GBtZ9gJq64znO3UB.jpg,105,Released,"Demi Istri Production, Graffent Pictures"
525373,Jomblo Ngenes,Jomblo Ngenes,2017-01-12,2017,6.0,1,0.11,"Noval (Kevin Julio) falls in love when he meets with Astika (Jessica Mila). But, between love and happy there is also pain. He repeatedly mires in a situation where she deceives him. She asks him to do and say strange things in various comical situations. He could have been away, but her charm makes him could not leave her. He plans to declare his love for her. Unexpectedly, in the most important moments she tells that her boyfriend, Nico, will return after 100 days missing. He delays to declare his love until the day when her old boyfriend is back.","Drama, Percintaan, Komedi",Sridhar Jetty,https://image.tmdb.org/t/p/w500/pHnJeGF3AKCd55ZIMYHvN7mjGz9.jpg,https://image.tmdb.org/t/p/original/n9CKhNjwcCNZR5xG9LvDuwOECsG.jpg,79,Released,MVP Pictures
466672,Dear Nathan,Dear Nathan,2017-03-23,2017,7.4,8,0.16,The romance between a teen troublemaker and the girl he adores faces an emotional test when his ex returns to play with his heart.,"Percintaan, Drama",Indra Gunawan,https://image.tmdb.org/t/p/w500/2BeFMH2NV56dKIV8iFEy4Vo17uV.jpg,https://image.tmdb.org/t/p/original/lpfms8uoUSu2umHFgywTd8Ew2uZ.jpg,98,Released,Rapi Films
403605,Headshot,Headshot,2016-12-08,2016,6.4,459,2.05,"Pemuda misterius bangun tersentak dari keadaan koma selama berbulan-bulan, dirawat hingga pulih oleh seorang murid kedokteran bernama Ailin ketika ditemukan sekarat dengan sebuah luka tembakan di kepala. Seperti sebuah kelahiran baru dan, menyadari pemuda ini telah kehilangan ingatan dan indentitas dirinya, Ailin menamakan pemuda tersebut Ishmael.","Aksi, Cerita Seru, Drama",Kimo Stamboel,https://image.tmdb.org/t/p/w500/dpdmO3PNKwCOzf68y8J4Gu19i3r.jpg,https://image.tmdb.org/t/p/original/sEyYwNHJ6AO1Wnh0JuRTBmlZ8No.jpg,117,Released,Screenplay Infinite Films
398421,My Stupid Boss,My Stupid Boss,2016-05-19,2016,6.9,17,0.66,Cerita tentang hubungan kerja antara Boss yang absurd dengan karyawannya. “Bossman” (Reza Rahadian) adalah orang Indonesia yang memiliki perusahaan di Kuala Lumpur.,"Komedi, Drama",Upi Avianto,https://image.tmdb.org/t/p/w500/xbw7vkg1prhi3gj2SWqBnYJgxov.jpg,https://image.tmdb.org/t/p/original/jGq97UnTbqOiI5c3r5l0bE7mzFD.jpg,106,Released,"Falcon Pictures, Skop Productions Sdn. Bhd."
403608,Rudy Habibie,Rudy Habibie,2016-06-30,2016,7.6,9,0.54,"Film biografi ini menelusuri keterpurukan dan kejayaan pada masa awal kehidupan B.J. Habibie, sosok Presiden Indonesia yang transformatif.","Percintaan, Drama, Sejarah",Hanung Bramantyo,https://image.tmdb.org/t/p/w500/9IlenCuDZoRcAfg9Oz1uQubI66W.jpg,https://image.tmdb.org/t/p/original/6hbf5vpgzMRivWSDLPehjoGJ4uK.jpg,142,Released,MD Pictures
432296,Hangout,Hangout,2016-12-22,2016,7.2,10,0.45,"Raditya Dika, seorang actor, mendapatkan undangan untuk HANGOUT, dari seorang pengirim misterius. Undangan tersebut menjanjikan sejumlah uang yang akan mengatasi kesulitan keuanganya. Syaratnya, dia harus pergi ke sebuah rumah ditengah pulau terpencil. Raditya memenuhi undangan tersebut.","Komedi, Misteri, Cerita Seru",Raditya Dika,https://image.tmdb.org/t/p/w500/3RQchnvJ02NbLDqjM1IFbE58TTP.jpg,https://image.tmdb.org/t/p/original/iFBYEXBToxIArKO8vSv5l0fTXt.jpg,100,Released,Rapi Films
428961,Terjebak Nostalgia,Terjebak Nostalgia,2016-12-01,2016,4.0,2,0.38,"Raisa (Raisa Andriana) begitu mencintai Sora (Maruli Tampubolon) dan begitu sebaliknya, Sora juga sangat menyayangi Raisa. Mereka adalah Sepasang kekasih yang memiliki impian sama, demi masa depan mereka, karir maupun cinta. Karena impian itu, Sora pergi ke New York. Impian keduanya semakin hari semakin nyata. Namun yang terjadi sebaliknya, Sora tak pernah kembali ke Jakarta, dan ke Raisa. Impian itu kini tenggelam ke dasar laut.  Di sisi lain ada Reza (Chicco Jerikho), sahabat Raisa, yang ingin menemani Raisa ke New York, ke tempat yang telah merenggut Sora darinya. Sebuah perjalanan pun dimulai. Raisa, Reza dan ; Sora. Perjalanan yang menyeret Raisa ke dalam nostalgia. Nostalgia antara menjebaknya atau justru terbebas dari jebakan.","Percintaan, Drama",Rako Prijanto,https://image.tmdb.org/t/p/w500/3iBdd12gGrJ1C1jSeoPA1YymRUS.jpg,https://image.tmdb.org/t/p/original/zpD7wUfKFlFJhgNjwq4r228oCa3.jpg,95,Released,"Oreima Films, Kaninga Pictures"
397859,Surat dari Praha,Surat dari Praha,2016-01-28,2016,6.6,8,0.32,"Larasati (Julie Estelle) atas desakan keadaan terpaksa memenuhi wasiat ibunya, Sulastri (Widyawati Sofyan) untuk menhantarkan sebuah kotak dan sepucuk surat untuk Jaya (Tio Pakusadewo) di Praha.","Percintaan, Drama",Angga Dwimas Sasongko,https://image.tmdb.org/t/p/w500/q5m6sVk08cfPaqTWhfCvnFoGqy1.jpg,https://image.tmdb.org/t/p/original/ir0lEOWsCgQhY4kHYQzZ5KVlcNN.jpg,94,Released,"Visinema Pictures, 13 Entertainment"
405036,ILY from 38.000 Ft,ILY from 38.000 Ft,2016-07-06,2016,6.0,4,0.38,"Aletta (Michelle Ziudith) pergi ke Bali dengan tujuan berlibur. Di sana, ia bertemu dengan Arga (Rizky Nazar), seorang mahasiswa, yang menyebabkan Aletta langsung dekat dengannya. Lambat laun, hubungan Aletta dan Arga semakin dekat sehingga pada saat Aletta hendak kembali ke Jakarta, Agra berjanji akan menyusul Aletta ke Jakarta untuk menikahinya. Akan tetapi, Arga belum juga hadir ke Jakarta untuk memenuhi janjinya tersebut kepada Aletta","Percintaan, Drama",Asep Kusdinar,https://image.tmdb.org/t/p/w500/lODPjqz0mm48nW0nE7tCfBshG7M.jpg,https://image.tmdb.org/t/p/original/amWQEV0RYRzCSB407ijWU9y6lTV.jpg,102,Released,"Screenplay Films, Legacy Pictures"
428515,Cek Toko Sebelah,Cek Toko Sebelah,2016-12-28,2016,7.8,28,0.28,"Erwin menikmati hidupnya dengan karir gemilang di usia muda, dan kekasih cantik yang tak kalah sukses, Natalie. Tapi semua jadi pelik saat Koh Afuk yang kesehatannya makin memburuk, ingin mewariskan toko sembakonya kepada Erwin, anak kesayangannya.","Komedi, Drama, Keluarga",Ernest Prakasa,https://image.tmdb.org/t/p/w500/ygOPhiygrijDa0E7x2ETWWXE6HP.jpg,https://image.tmdb.org/t/p/original/nLm6UPstlchMseltpUXa2TkTLIG.jpg,104,Released,Starvision Plus
416497,The Doll,The Doll,2016-10-27,2016,5.1,55,0.28,"Sepasang suami istri, Anya dan Daniel baru saja pindah ke sebuah rumah di Bandung dan siap menjalani kehidupan baru mereka. Tanpa sengaja, Daniel membawa pulang sebuah boneka dari lokasi proyek tempat ia bekerja yang ada di Jalan Siliwangi. Boneka tersebut ada di atas pohon yang kemudian Daniel tebang untuk keperluan proyek real estatenya.  Anya yang pembuat boneka dengan senang hati meletakkan boneka itu di rumah mereka. Tapi Niken, tetangganya kaget ketika melihat boneka itu. Ternyata boneka itu bernama Ghawiah yang artinya jahat dan mengikuti hawa nafsu. Dulu boneka itu adalah milik seorang anak kecil bernama Uci yang meninggal ketika ia dan seluruh keluarganya dibunuh secara keji dalam perampokan.  Hal-hal aneh mulai terjadi seperti boneka yang pindah tempat sendiri, bel pintu yang bunyi tanpa ada orangnya, dan suara anak kecil pada malam hari. Apa yang sebenarnya terjadi?","Cerita Seru, Kengerian",Rocky Soraya,https://image.tmdb.org/t/p/w500/AvbE67kjH7aeXKMTCdULIfw6U28.jpg,https://image.tmdb.org/t/p/original/hZfGXpg59vCpaUlFe3psQAmXsvw.jpg,104,Released,Hitmaker Studios
404937,London Love Story,London Love Story,2016-02-04,2016,5.5,3,0.24,"Cinta bukanlah cinta, jika menyerah..  Adalah Dave (Dimas anggara), kepopulerannya di kalangan para mahasiswa ternyata tidak dapat menutupi kekosongan hatinya, sejak ditinggalkan oleh satu satunya cewek yang dicintainya. Cewek yang lenyap dari hidupnya justru di saat Dave ingin menjadikannya cinta terakhir. Suatu malam ketika baru pulang dari pesta ulang tahun temannya, dia bertemu dengan seorang cewek yang berusaha bunuh diri yaitu Adelle (Adila Fitri), Dave berusaha meyakinkan apa yang dilakukan sia sia. Awal pertemuan membuat cewek yang ditolongnya justru jatuh cinta hanya dalam waktu dua hari, dari sikap dave yang sangat baik.","Drama, Percintaan",Asep Kusdinar,https://image.tmdb.org/t/p/w500/fx9DKJp3hxDspF2TTxgGY3lmwge.jpg,https://image.tmdb.org/t/p/original/fixDGgQTElZYC1EJWxI94Tfxp1.jpg,90,Released,Screenplay Films
394496,Ada Apa Dengan Cinta? 2,Ada Apa Dengan Cinta? 2,2016-04-28,2016,6.1,32,0.33,"Cinta dan Rangga, dua orang remaja yang saling mencintai terpisahkan 14 tahun yang lalu. Kini, setelah bertahun-tahun, Rangga dan Cinta mendapatkan kesempatan untuk kembali bertemu. Akankah ini menjadi kesempatan kedua untuk mereka kembali bersama? Apalagi hidup mereka tidak lagi sesederhana dulu.","Drama, Percintaan",Riri Riza,https://image.tmdb.org/t/p/w500/nN50NGt2yvIcoklrIzF1UIEF4TH.jpg,https://image.tmdb.org/t/p/original/1dfSBSLopotnislQVbp1dBjdFoR.jpg,123,Released,"Miles Films, Legacy Pictures, Talamedia, Tanakhir Films, Primeworks Studios"
460366,Pesantren Impian,Pesantren Impian,2016-03-03,2016,0.0,0,0.32,Sepuluh orang gadis mendapatkan undangan undangan misterius untuk tinggal di Pesantren Impian. Sebuah tempat di daerah terpencil yang didirikan Gus Budiman untuk menjadi jembatan hidayah. Gadis-gadis muda pun datang membawa masa lalu mereka.,"Drama, Cerita Seru",Ifa Isfansyah,https://image.tmdb.org/t/p/w500/miyKmT3r2KQB7AdRhpp6lNhzmEH.jpg,https://image.tmdb.org/t/p/original/rhlxMOr6Prz9zZnFVBj9oop6n7h.jpg,89,Released,MD Pictures
405040,Warkop DKI Reborn: Jangkrik Boss! Part 1,Warkop DKI Reborn: Jangkrik Boss! Part 1,2016-10-08,2016,6.5,11,0.39,"Dono (Abimana Aryasatya), Kasino (Vino G. Bastian) dan Indro (Tora Sudiro) kembali beraksi di tengah hiruk pikuknya kota DKI Jakarta. Mereka sekali lagi berperan sebagai personel sebuah Lembaga Swasta yang bernama CHIIPS (Cara Hebat Ikut-Ikutan Penanggulangan Sosial).","Komedi, Aksi, Petualangan",Anggy Umbara,https://image.tmdb.org/t/p/w500/95yweFRAHUzAHTKEFUqoMAeec8u.jpg,https://image.tmdb.org/t/p/original/oAUXBf6JnNlryAcuxCohCVOmHBh.jpg,95,Released,Falcon Pictures
382162,Talak 3,Talak 3,2016-02-04,2016,0.0,0,0.23,"Setelah resmi beberapa bulan bercerai, rumah kredit bersama Bagas dan Risa terancam akan disita bank. Mereka berdua dengan terpaksa harus bersama - sama mengerjakan sebuah project besar yang hasilnya bisa menyelamatkan kondisi keuangan mereka berdua. Masalahnya, pekerjaan mereka berdua menuntut keduanya harus bersama. Dalam proses pengerjaan project tersebut, muncul kembali benih – benih cinta diantara Bagas dan Risa. Akhirnya mereka memutuskan untuk rujuk kembali.","Komedi, Drama, Percintaan",Hanung Bramantyo,https://image.tmdb.org/t/p/w500/gToQEfj6fYqb6xy610CmE6zuYKi.jpg,https://image.tmdb.org/t/p/original/rqxr0Ft4OQrrTmZaBWv1wS59NTZ.jpg,101,Released,"MD Pictures, Dapur Film"
441134,Beauty and the Best,Beauty and the Best,2016-03-31,2016,6.5,1,0.23,"Ira adalah remaja cantik yang juga berprofesi sebagai model. Kelly, teman sekelasnya adalah anak yang berprestasi. Suatu kali Ira mendapat nilai lebih tinggi dari Kelly. Kelly tidak terima dan menuduh Ira mencontek. Ira menyangkal. Kelly kemudian menantang Ira, jika Ira bisa mengalahkan nilai-nilainya pada saat UAS maka Kelly percaya kalau Ira tidak mencontek. Ira menerima tantangan Tersebut walaupun teman-teman dekatnya ragu.","Drama, Percintaan",Andri Sofyansyah,https://image.tmdb.org/t/p/w500/cloqOJnyD6Ii7AUK5E3wLjNvy03.jpg,,96,Released,MD Pictures
404772,Sabtu Bersama Bapak,Sabtu Bersama Bapak,2016-07-05,2016,7.7,7,0.31,"Gunawa memiliki seorang istri, Itje, dan dua anak kecil: Satya dan Cakra. Hidup mereka berubah ketika Gunawan tahu hanya memiliki satu tahun lagi untuk hidup. Gunawan memutuskan, kematian tak boleh membatasinya dari menyayangi kedua anak. Ia membuat banyak rekaman berisikan pesan-pesan untuk kedua anaknya. Setelah Gunawan berpulang, Itje, sang istri memutuskan agar kedua anak dapat bertemu sang bapak satu kali seminggu, setiap hari Sabtu.",Drama,Monty Tiwa,https://image.tmdb.org/t/p/w500/7Je0W0p1A1PO1PavQeoYHpUGcQa.jpg,https://image.tmdb.org/t/p/original/gCyHjZWxGHM6G2FWafltnwzDFrf.jpg,90,Released,"Falcon Pictures, Max Pictures, Maxima Pictures"
381150,Aach... Aku Jatuh Cinta,Aach... Aku Jatuh Cinta,2016-02-04,2016,6.0,6,0.22,"Kisah percintaan dua manusia, Yulia (Pevita Pearce) dengan Rumi (Chicco Jerikho) yang tumbuh sejak kecil saat mereka bertetangga. Hubungan yang unik, puitis, penuh tragedi dan komedi mewarnai perjalanan mereka melewati masa-masa perubahan zaman. Perubahan gaya hidup dan hadirnya produk-produk konsumsi ikut menjadi saksi cinta Rumi dan Yulia.","Drama, Komedi, Percintaan",Garin Nugroho,https://image.tmdb.org/t/p/w500/6WrCdwWKdF1mWUeimsV5CXpmudl.jpg,https://image.tmdb.org/t/p/original/s6GE2STiuYs3XBGHcgc9TQqXqjE.jpg,85,Released,MVP Pictures
404773,3 Srikandi,3 Srikandi,2016-08-04,2016,6.2,4,0.2,"Indonesia di tahun 1988. Dunia olah raga mempersiapkan diri turun serta di Olimpiade Musim Panas ke 24 di Seoul. Cabang panahan berada di titik kritis, di mana dibutuhkan pelatih yang bisa menyiapkan tim panahan wanita dalam waktu yang singkat. Satu-satunya yang bisa diandalkan menjadi pelatih adalah Donald Pandiangan (Reza Rahardian) yang dikenal sebagai “Robin Hood Indonesia”.","Drama, Sejarah",Iman Brotoseno,https://image.tmdb.org/t/p/w500/etEgKRQJHgVCG5pk4620Hlzi2w6.jpg,https://image.tmdb.org/t/p/original/uUbDQIWODHz7qfsoQdJm9brEvM2.jpg,129,Released,MVP Pictures
381148,Comic 8: Casino Kings - Part 2,Comic 8: Casino Kings - Part 2,2016-03-03,2016,5.1,8,0.23,"Ke delapan agen rahasia (Arie Kriting, Babe Cabiita, Bintang Bete, Ernest Prakasa, Fico Fachriza, Ge Pamungkas, Kemal Palevi, Mongol) yang memakai nama samaran “COMIC 8” kembali beraksi.  Mereka yang telah dijebak oleh THE KING (Sophia Latjuba) bersama para pasukannya yang dipimpin oleh Isa (Donny Alamsyah) dan Bella (Hannah Al Rashid), serta seorang konspirator licik bernama Dr. Pandji (Pandji Pragiwaksono) ; terpaksa bertaruh akan kelangsungan hidup mereka, di dalam permainan Judi online yang tersebar ke para Raja Judi di seluruh dunia.","Komedi, Aksi",Anggy Umbara,https://image.tmdb.org/t/p/w500/rQCg2spuSgKwke4swXZPaW5uXJV.jpg,https://image.tmdb.org/t/p/original/bSNYZutKFTjEcn94NZmNkRTBCbA.jpg,95,Released,Falcon Pictures
413508,Komedi Gokil 2,Komedi Gokil 2,2016-05-12,2016,0.0,0,0.15,"Film ""Komedi Gokil 2"" garapan rumah produksi MD Pictures ini bercerita tentang rumah kost milik om Indro (Indro Warkop) yang kedatangan penghuni baru yaitu Acho (Muhadkly Acho), adik Boris (Boris Bokir), Lolox (Lolox), keponakan tanta Maya (Maya W. Sardjono) dan Mia (Senk Lotta). Setelah mengalami sedikit masalah pada awal kedatangannya karena kesalahan paham tentang koper Mia yang tertinggal oleh Acho dan kemudian oleh Lolox saat berada di bandara, ahkirnya semuanya selesan dan Acho pun yang awalnya tidak bertujuan nge-kost disitu akhirnya memutuskan untuk menetap setelah melihat kesempatan untuk mendekati Mia.",Komedi,Cuk FK,https://image.tmdb.org/t/p/w500/3LFvzyFas4MhRaQVHdWPUH1On1p.jpg,https://image.tmdb.org/t/p/original/bhseYb0ElcwW6VLzf1aS3jZ9h78.jpg,95,Released,MD Pictures
416510,Jagoan Instan,Jagoan Instan,2016-02-18,2016,0.0,0,0.17,"Di Amerika ada tiga jagoan yang nganggur karena kondisi negeri mereka yang sudah damai dan makmur. Di Indonesia ada bekas jagoan yang gagal memperbaiki keadaan. Korupsi dan kejahatan tetap merajalela. Om Gun (Dede Yusuf) , bekas jagoan Indonesia itu, mengundang tiga jagoan Amerika yang rindu beraksi itu untuk beraksi di Indonesia dengan syarat membawa apa yang dinamakan serum jagoan.","Aksi, Komedi, Drama",Fajar Bustomi,https://image.tmdb.org/t/p/w500/s8xhZw2ErDGTvlX0GyGxGZtEdqh.jpg,https://image.tmdb.org/t/p/original/61upRFAd63I3mU2kMf566J4LtgX.jpg,96,Released,Starvision Plus
421243,Melbourne Rewind,Melbourne Rewind,2016-10-14,2016,4.0,1,0.2,"Gagal move on. Itulah yang dihadapi oleh Laura (Pamela Bowie), penyiar radio yang kini tinggal di Melbourne ketika mendapati, Max (Morgan Oey), cinta pertamanya muncul di hadapannya.  Ingatan masa lalu pun perlahan kembali, membawa setiap rasa cinta, rasa kesal, rasa sakit dan kehilangan. Max bukan hanya sekedar cinta pertama, tapi Max adalah orang yang berhasil membuat Laura pelan-pelan menemukan tujuan hidup.  Max menyusun setiap passion dan cita-cita Laura seperti puzzle, dan akhirnya menjadikan Laura utuh seperti dirinya sekarang. Namun ego masa muda memisahkan mereka. Max harus ke Amerika untuk mewujudkan mimpinya sebagai Lighting Designer. Dan keduanya pun setuju untuk mewujudkan mimpi di jalan masing-masing.","Drama, Percintaan",Danial Rifki,https://image.tmdb.org/t/p/w500/3OXvszfo716tPG3mL8zsomnJESh.jpg,https://image.tmdb.org/t/p/original/sKeKS7IzZTgQ7Vci2UcZZH0hPWh.jpg,96,Released,Rapi Films
441499,Abdullah & Takeshi,Abdullah & Takeshi,2016-03-24,2016,6.4,5,0.12,"Cerita tentang 2 orang bayi laki-laki yang dilahirkan di rumah sakit yang sama di Jepang, Sang bayi keturunan Arab, dibesarkan oleh keluarga dan kebudayaan Jepang diberi nama TAKESHI. Sementara bayi keturunan Jepang, dibesarkan oleh keluarga dan kebudayaan Arab dan diberi nama ABDULLAH.","Komedi, Drama",Kemal Palevi,https://image.tmdb.org/t/p/w500/zvWc7CP1WSqVJi6rIeunkl1wtxo.jpg,https://image.tmdb.org/t/p/original/ki6d0JLrwUAr13EE4k6t1DlPQlS.jpg,87,Released,MVP Pictures
504226,Sawadikap,Sawadikap,2016-01-14,2016,0.0,0,0.15,"OCEP (Zaky Zimah) mendapat tiket liburan ke Thailand untuk 3 orang. Bersama sahabatnya BRYAN (Kiki Drajat) dan ARIEL (Lionil Hendrik).  Saat mereka tiba, rupanya sedang ada perayaan Pee Ta Khoon, sebuah perayaan adat Bangkok dimana arwah orang yang sudah meninggal, turun kembali ke bumi.",Kengerian,Andreas Sullivan,https://image.tmdb.org/t/p/w500/2Fd2ISIwvqebyVdH8tWZYyIelMs.jpg,https://image.tmdb.org/t/p/original/dHkvPRxViIvgua3Vf5hGfLOUHrb.jpg,88,Released,Unlimited Production
405045,Winter in Tokyo,Winter in Tokyo,2016-08-11,2016,0.0,0,0.26,"Saat mencoba mengatasi perasaan yang masih tersisa, seorang pustakawan bertemu tetangga baru yang mencoba melupakan romansa lama dan memulai lembaran baru.","Percintaan, Drama",Fajar Bustomi,https://image.tmdb.org/t/p/w500/wclC5RO9U0vvvVMcIYzUKyW0CQC.jpg,https://image.tmdb.org/t/p/original/6hjR4LM6HIanB9NzXRLQzVv1ZiN.jpg,98,Released,"Unlimited Production, Maxima Pictures"
405035,Koala Kumal,Koala Kumal,2016-07-06,2016,7.4,10,0.09,"Dika (Raditya Dika) adalah seorang cowok yang baru saja batal menikah karena pacarnya, Andrea (Acha Septriasa) selingkuh darinya dengan cowok bernama James (Nino Fernandez). Patah hatinya membuat Dika kesulitan menulis bab terakhir dari bukunya. Suatu hari, Dika bertemu dengan cewek bernama Trisna (Sheryl Sheinafia), cewek yang unik yang membuat sudut pandang Dika terhadap dunia menjadi berbeda.","Drama, Percintaan, Komedi",Raditya Dika,https://image.tmdb.org/t/p/w500/1OgZEiPTCaDPz3jfOvyDBEJBFYy.jpg,https://image.tmdb.org/t/p/original/cGxhmOTDqYGopSOg6QprTmwC8t7.jpg,100,Released,Starvision Plus
441129,Raksasa dari Jogja,Raksasa dari Jogja,2016-03-31,2016,6.0,1,0.19,"Bian falls in love with the gentle giant, Gabriel who eventually opens his heart to her. But Bian's past trauma comes back to haunt her.","Percintaan, Drama",Monty Tiwa,https://image.tmdb.org/t/p/w500/isqrn3aoTJO9aCZMhqowUhCqDyj.jpg,https://image.tmdb.org/t/p/original/5VVcNBzbIBhtJCvbP0NSyJzCErD.jpg,99,Released,Starvision Plus
546867,Balik Jakarta,Balik Jakarta,2016-10-27,2016,0.0,0,0.09,A tourist from Germany who grew up in Jakarta as a young boy and wants to take a stroll down memory lane by visiting the house he used to live in with his parents.,Drama,Jason Iskandar,https://image.tmdb.org/t/p/w500/sT3ET33Ii5xHgd6drOmMX4cbcAv.jpg,https://image.tmdb.org/t/p/original/wRaGzc4Lys6i75CwEnr6MSnA71c.jpg,25,Released,Studio Antelope
406869,Tarot,Tarot,2015-05-17,2015,3.7,3,0.39,"Julie dan Tristan adalah pecinta yang hendak menikah. Berharap untuk mendapatkan kartu membaca indah, mereka akhirnya menerima membaca mengerikan dari pembaca kartu Tarot. Menurut kartu dibuka, seseorang itu berasal dari masa lalu untuk mengambil salah satu dari kehidupan mereka. Tristan tidak percaya dalam membaca, tapi Julie tidak bisa mendapatkan pikirannya dari hal itu karena rasa bersalah dia merasa ke saudara kembarnya, Sofia, yang lahir dengan wajah cacat. Sofia akhirnya bunuh diri karena dia cemburu keindahan Julie. Dan Julie mulai merasa gelisah. Dia memiliki mimpi buruk, ia mendapat memar ketika dia bangun, dan visi dari saudara kembarnya, yang dia terus memiliki, meyakinkan Julie bahwa Tristan dan dia berada dalam bahaya. The Tarot card reader mengatakan tidak ada yang bisa mereka lakukan dan teror yang keluar dari control.They tidak mampu untuk menjauh dari pembacaan Tarot.",Kengerian,Jose Poernomo,https://image.tmdb.org/t/p/w500/uFn4fC21V40jA8fTbQ82wAvHX14.jpg,https://image.tmdb.org/t/p/original/f5LyiOCD6TFVJPdZTpjkmdICsGm.jpg,119,Released,Hitmaker Studios
388155,3: Alif Lam Mim,3: Alif Lam Mim,2015-10-01,2015,6.8,6,0.41,"Alif, Lam dan Mim adalah tiga sahabat dari satu perguruan silat yang dibesarkan bersama di padepokan Al-Ikhlas.  Alif yang lurus dan keras dalam bersikap memilih menjadi aparat negara. Ia bertekad membasmi semua bentuk kejahatan dan mencari para pembunuh kedua orangtuanya. Lam yang sikapnya lebih tenang menjadi seorang jurnalis. Bertujuan untuk menyebarkan kebenaran dan menjadikan dirinya mata dari rakyat. Sementara Mim yang bijak memilih mengabdi menjadi pengajar dan menetap di padepokan. Ketiganya dipertemukan kembali setelah terjadi kekacauan paska ledakan bom di sebuah kafe.","Drama, Cerita Seru, Aksi",Anggy Umbara,https://image.tmdb.org/t/p/w500/wFLmqRKWRNemG6jOAQkFRSeL0i.jpg,https://image.tmdb.org/t/p/original/rsJH44r5MycsH41d6VcBVIIn6oC.jpg,122,Released,"FAM Pictures, MVP Pictures"
361386,Ini Adalah Cinta,This Is Cinta,2015-02-12,2015,7.0,1,0.25,"Rachel (Yuki Kato) dan Farel (Shawn Adrian Khulafa) bersahabat erat, juga pasangan duet yang serasi: Rachel menyanyi dan Farel bermain piano. Rachel yang berani, melengkapi Farel yang pemalu.  Di akhir masa taman kanak-kanak, Rachel dan Farel terpaksa berpisah. Beberapa kecelakaan kecil yang dialami Rachel tiap berdekatan dengan Farel membuat Mama (Aida Nurmala)  memutuskan membawa Rachel pergi ke New Zealand.","Drama, Percintaan",Soni Gaokasak,https://image.tmdb.org/t/p/w500/iEBXaAbAsw7PMZcMMX4ZW0t28Ht.jpg,https://image.tmdb.org/t/p/original/m515JlDGPh8fvNl2AXFvh7zO1kb.jpg,88,Released,Starvision Plus
404936,Bulan Terbelah di Langit Amerika,Bulan Terbelah di Langit Amerika,2015-12-17,2015,8.0,2,0.34,"Setelah mendapat kiriman email video seorang gadis berjudul “Do you know my dad?”, Hanum (Acha Septriasa) seorang jurnalis muslim dan bekerja di sebuah kantor berita di Wina, diberi tugas untuk menulis artikel provokatif oleh bos redaksi, berjudul “Apakah dunia lebih baik tanpa islam?”.",Drama,Rizal Mantovani,https://image.tmdb.org/t/p/w500/eYWdQX6O5DoLqKvpiuU2ELwRnvZ.jpg,https://image.tmdb.org/t/p/original/ym4aXELX1B8vPB0YPkbt3KfCysn.jpg,109,Released,Maxima Pictures
504215,Ayah Menyayangi Tanpa Akhir,Ayah Menyayangi Tanpa Akhir,2015-10-29,2015,0.0,0,0.31,"Arjuna atau Juna (Fedi Nuril), seorang pria dari keturunan ningrat yang jatuh cinta ke seorang gadis Jepang, Keisha (Kelly Tandiono). Ia harus berjuang keras agar cinta nya di setujui oleh pihak keluarga. Kekuatan cinta Juna mampu menerobos benteng perbedaan, hingga akhir nya mereka resmi menjadi pasangan suami istri.",Drama,Hanny R. Saputra,https://image.tmdb.org/t/p/w500/tEeNNOf4jYYh6Zl0ZVX6hZ3lk59.jpg,https://image.tmdb.org/t/p/original/riuKFKSwWhP6yeTFm07MATjq6Pj.jpg,88,Released,MD Pictures
395696,Komedi Moderen Gokil,Komedi Moderen Gokil,2015-09-17,2015,7.2,3,0.28,"Boris jumpa lagi sahabat lamanya Dodit di Jakarta. Mereka tinggal di rumah kos Tante Maya, istri Om Indro.  Di rumah itu, Boris akhirnya dekat dengan Sasha, salah satu penghuni kos dan sahabat Karin, putri tunggal Maya dan Indro. Boris dan Dodit mencari pekerjaan dan diterima pada sebuah biro detektif. Belum menjalani pelatihan, mereka sudah menerima kasus. Klien pertama mereka adalah Tante Maya, yang curiga kalo Om Indro punya wanita simpanan.  Dengan bekal kesoktahuan mereka, tertangkaplah Bu Ratna, yang dicurigai kuat sebagai pacar Om Indro. Bu Ratna yang mereka culik ternyata istri baru Pak Goen, sahabat Om Indro, seorang pensiunan jendral, yang tak lain adalah juga Kepala Biro detektif tempat Boris dan Dodit bekerja.",Komedi,Cuk FK,https://image.tmdb.org/t/p/w500/jdF96hMnfzLq6ZiHgFXjW6i547P.jpg,https://image.tmdb.org/t/p/original/pOUvXP49bSy2mLBLbZsiarjMRre.jpg,95,Released,MD Pictures
336214,Filosofi Kopi,Filosofi Kopi,2015-04-08,2015,6.7,11,0.31,"Sebuah kedai kopi yang berjuang untuk membayar utangnya, sekaligus mempertahankan prinsipnya.","Drama, Petualangan",Angga Dwimas Sasongko,https://image.tmdb.org/t/p/w500/hjhdIQOGmUvuwTPRxfklVf40bE8.jpg,https://image.tmdb.org/t/p/original/gwlf0C9a464FzJK7W0M1PaRDnF7.jpg,117,Released,"Torabika, Visinema Pictures"
350576,Comic 8: Casino Kings - Part 1,Comic 8: Casino Kings - Part 1,2015-07-15,2015,5.6,9,0.29,"Comic 8 : Casino Kings, menceritakan tentang misi ke 8 agen rahasia yang berada di bawah pimpinan INDRO WARKOP ditugaskan untuk Undercover menjadi COMIC atau Stand Up Comedian, demi mencari seorang comic yang menjadi penghubung ke seorang Master Kriminal yang bernama THE KING, yang terkenal sebagai Raja Perjudian pemilik Casino paling spektakuler di Asia.","Aksi, Komedi",Anggy Umbara,https://image.tmdb.org/t/p/w500/hHY62GYJakG8kglAi2dzq0QDHKR.jpg,https://image.tmdb.org/t/p/original/lPX71ZhHPlpuAgMdNPqvQuO6a5l.jpg,102,Released,Falcon Pictures
353338,Surga yang Tak Dirindukan,Surga yang Tak Dirindukan,2015-07-15,2015,8.0,3,0.3,Kisah cinta pada pandangan pertama Arini dan Pras begitu indah. Pernikahan yang kemudian terwujud mendatangkan kebahagiaan lain dengan hadirnya Nadia (buah cinta keduanya).,"Drama, Percintaan",Kuntz Agus,https://image.tmdb.org/t/p/w500/3igL8UbIBCaU5bshOm7GUzdZIiK.jpg,https://image.tmdb.org/t/p/original/ivOkHVtojJ9d6YYqgNTtHuvc4CA.jpg,121,Released,MD Pictures
357464,Gangster,Gangster,2015-08-27,2015,7.0,2,0.26,"Bagi JAMRONI (Raihan Khan - Hamish Daud), jadi preman kampung pasar sapi di desa lembah Gunung Merapi Yogyakarta adalah kenyataan hidup yang tidak dipilihnya. Sejak kecil ia bermimpi bisa menjaga SARI (Avrilla Sigarlaki - Eriska Rein), dan kelak merajut kehidupan bersamanya. Biarpun tersia-sia oleh perlakuan bapak ibunya yang kasar, senyum Sari selalu menjadi penyemangatnya. Kandang kambing tempat ia menjalani hukuman malah jadi tempatnya belajar silat. Mimpi itu pudar saat orangtua Sari membawa Sari ke Jakarta.","Aksi, Komedi, Drama",Fajar Nugros,https://image.tmdb.org/t/p/w500/swjYCuZM04N1HQSLal1wQiaN0qZ.jpg,,98,Released,Starvision Plus
374875,Negeri van Oranje,Negeri van Oranje,2015-12-23,2015,6.7,3,0.25,"Ini adalah kisah tentang perjalanan lima sahabat, memaknai hidup, cita-cita, perjuangan dan cinta, di negeri yang jauh dari asal mereka.  Perjalanan yang membawa seorang perempuan bernama Lintang ke hari ini. Satu hari sebelum pernikahannya. Hari di mana segala ingatan itu kembali. Tentang sahabat-sahabatnya: Daus, Banjar, Wicak dan Geri.",Drama,Endri Pelita,https://image.tmdb.org/t/p/w500/rWZrY6PGCETxAw0PLDcLMXugA71.jpg,https://image.tmdb.org/t/p/original/coiIAttX8pcpObhvWVMcjG78NIT.jpg,97,Released,Falcon Pictures
388484,Si Jago Merah 2: Air & Api,Si Jago Merah 2: Air & Api,2015-03-26,2015,4.1,4,0.21,"Setelah menyelamatkan panti jompo dari ancaman bom, GITO (Deddy Mahendra Desta) dan ROJAK (Judika Sihotang) berkenalan dengan ABDUR (Abdur Arsyad). Mereka kembali bertemu saat mendapat tugas untuk membina calon petugas Damkar, dibawah pimpinan KOMANDAN DICKY (Bucek).","Aksi, Komedi, Drama",Raymond Handaya,https://image.tmdb.org/t/p/w500/fVAAVwBz94EV5lWrs4eM7VFtDmB.jpg,,99,Released,Starvision Plus
376071,Ngenest,Ngenest,2015-12-30,2015,7.2,6,0.17,"Ernest (Kevin Anggara/Ernest Prakasa) tidak pernah memilih bagaimana ia dilahirkan. Tapi nasib menentukan, ia terlahir di sebuah keluarga Cina. Tumbuh besar di masa Orde Baru dimana diskriminasi terhadap etnis Cina masih begitu kental. Bullying menjadi makanan sehari-hari. Ia pun berupaya untuk berbaur dengan teman-teman pribuminya, meski ditentang oleh sahabat karibnya, Patrick (Brandon Salim/Morgan Oey). Sayangnya berbagai upaya yang ia lakukan tidak juga berhasil, hingga Ernest sampai pada kesimpulan bahwa cara terbaik untuk bisa membaur dengan sempurna adalah dengan menikahi seorang perempuan pribumi.","Komedi, Drama",Ernest Prakasa,https://image.tmdb.org/t/p/w500/hTkhMsFIsHbwKTpcyWgb7u6TTG0.jpg,https://image.tmdb.org/t/p/original/1MY6MfNVxUImqocwqEpiNMfcrIc.jpg,91,Released,Starvision Plus
504222,Relationshit,Relationshit,2015-09-19,2015,7.5,1,0.19,"Alitt (Jovial da Lopez), penulis buku yang sukses menciptakan buku-buku best seller. Di balik kesuksesannya, ada Wina (Anjani Dina), kekasihnya yang mendukungnya sejak dia bukan apa-apa. Bagi Alitt, Wina adalah sosok pendamping yang sempurna. Namun, hubungan itu kandas saat Wina lebih menuruti permintaan ibunya (Donna Harun). Padahal Alitt dan Wina berencana menikah setelah karier Alitt bersinar.","Komedi, Drama, Percintaan",Herdanius Larobu,https://image.tmdb.org/t/p/w500/7IFeRSYtbxMYikUbKcmb8LNBF5h.jpg,https://image.tmdb.org/t/p/original/2pEUdvsCqpRmNGlab6pM18HFB8p.jpg,90,Released,Starvision Plus
457604,Catatan Akhir Kuliah,Catatan Akhir Kuliah,2015-07-30,2015,6.8,3,0.15,"Film Catatan Akhir Kuliah diangkat dari novel karya Sam Maulana. Film ini menceritakan kehidupan penulis dimasa perkuliahan. Sam (Muhadkly Acho), Sobari (ajunPerwira), Ajeb (AbdurArsyad) membuat sebuah janji akan wisuda bersama, yang diyakini sebagai janji persahabatan mereka.","Drama, Komedi, Percintaan",Jay Sukmo,https://image.tmdb.org/t/p/w500/xPaq0PMVwBoiCepSMdow026W1qZ.jpg,https://image.tmdb.org/t/p/original/sAXyjZ8PxKFWnuXd5pIhOGIRUvl.jpg,107,Released,DHF Entertainment
406837,Epen Cupen the Movie,Epen Cupen the Movie,2015-05-13,2015,5.0,2,0.19,"Celo seorang pemuda dari Papua, disuruh ayahnya untuk pergi mencari saudara kembarnya yang hilang sejak kecil. Celo berangkat dengan mengikuti petunjuk dari mimpi ayahnya yang melihat saudara kembarnya berada di medan perang.","Komedi, Petualangan",Irham Acho Bahtiar,https://image.tmdb.org/t/p/w500/wQ9pnDWmMC1KBdxahAkMVyHUbhm.jpg,https://image.tmdb.org/t/p/original/40QRO9fdaqsYmJ7nFjw1pP7LUcM.jpg,95,Released,Rapi Films
492453,Kakak,Kakak,2015-11-05,2015,6.5,2,0.18,"Cerita film kakak mengikuti sepasang suami istri yang telah gagal tiga kali untuk memiliki anak akibat keguguran. Suatu ketika mereka berdua menemukan sosok arwah anak kecil di rumah baru yang mereka tempati. Meski awalnya sempat ketakutan oleh keberadaannya arwah anak kecil itu, namun mereka justru sering mendapatkan bantuan dan perolongan dari arwah ini. Karena itu, arwah hantu anak kecil ini dianggap keluarga dan dipanggil dengan sebutan “kakak” oleh pasangan ini.",Kengerian,Ivander Tedjasukmana,https://image.tmdb.org/t/p/w500/bV4YOCv9R1FE3j4mKO8JNIsdPil.jpg,,88,Released,Firefly Cinema
336659,Wewe,Wewe,2015-04-16,2015,5.0,1,0.16,"Jarot (Agus Kuncoro) dan istrinya Irma (Inong Nidya Ayu), dan dua anak-anaknya, Luna (Nabilah JKT48) berumur 15 dan Aruna (Khadijah Banderas) berumur 5 tahun, masuk ke sebuah rumah baru yang di dapatkan untuk ditinggali sang ayah karena pindah tugas. Rumah itu sangat luas dan berada di sebuah jalanan yang terpencil jauh dari kebisingan ibu kota. Bersama mereka juga Bu Surti, seorang pembantu rumah tanga yang sudah belasan tahun bersama keluarga. Rumah tersebut tampak nyaman, namun ada sat uperabotan yang cukup menggangu, yaitu sebuah ranjang tua terbuat dari kayu jati dan memiliki bentuk dan ukiran aneh, berupa seorang wanita yang sedang berteriak. Ranjang tua ini ada di sebuah ruangan yang terletak di lantai atas.","Keluarga, Kengerian",Rizal Mantovani,https://image.tmdb.org/t/p/w500/c4b9DQ2mk5TkY16C16saXdEJNEu.jpg,,100,Released,Rapi Films
373758,Single,Single,2015-12-17,2015,7.3,5,0.19,"Ebi adalah seorang anak muda naif yang belum mempunyai pekerjaan. Ebi bahkan masih sering meminta uang dari ibunya setiap kali ibunya datang ke Jakarta.Ebi juga seorang single forever atau jomblo dari lahir yang belom pernah pacaran. Ini karena setiap kali Ebi mendekati perempuan, Ebi selalu aja ditolak. Intinya, kehidupan Ebi layak untuk dikasihani.","Drama, Komedi, Percintaan",Raditya Dika,https://image.tmdb.org/t/p/w500/h52UMCigSl7DUZUxGdwMWagIO7Q.jpg,https://image.tmdb.org/t/p/original/gwatgALfB892PW4czuF3fPnAjHq.jpg,127,Released,Soraya Intercine Films
406933,Kampung Zombie,Kampung Zombie,2015-03-19,2015,2.0,1,0.14,"Perjalanan mendaki gunung yang dilakukan oleh lima sekawan yang merupakan mahasiswa berubah menjadi ketegangan pasca kecelakaan yang mereka alami. Kerusakan mobil membuat mereka menghentikan kendaraan saat pulang dari pendakian.  Kemudian, mereka berusaha mencari bantuan di sekitar gunung dan menemukan sebuah kampung yang ternyata, sangat mengerikan karena hampir semua penduduknya adalah zombie. Nuansa tegang dan adegan kejar-kejaran pun menjadi terror utama yang dihadapi 5 pendaki tersebut.  Mereka pun harus berusaha untuk tetap bertahan dengan melakukan berbagai cara. Cerita apa yang melatarbelakangi kampung tersebut hingga mejadi kampung yang mengerikan? Berhasilkah mereka keluar dari desa tersebut?",Kengerian,Billy Christian,https://image.tmdb.org/t/p/w500/tQ9GXUaBGYQnDfLehFM2pBsanw9.jpg,,85,Released,Maxima Pictures
424155,Kesurupan Jumat Kliwon,Kesurupan Jumat Kliwon,2015-03-12,2015,0.0,0,0.13,"Hubungan sepasang kekasih Rocky dan Cindy, mendapat tentangan dari orang tua masing masing. Mereka dijodohkan dengan pilihan keluarganya, sehingga pasangan ini memutuskan untuk mati bersama dengan jalan bunuh diri.",Kengerian,George Hutabarat,,,90,Released,Sentra Films
499047,Misterius,Misterius,2015-11-05,2015,0.0,0,0.13,"Film ""Misterius"" merupakan film yang berasal dari Indonesia dengan genre Horror. Film ini disutradarai dan diproduseri oleh Muhammad Yusuf. Artis yang bermain di film ini seperti Lia Waode, Sofia Adios, dan artis pendatang baru Efritha Belliana.",Kengerian,Muhammad Yusuf,https://image.tmdb.org/t/p/w500/3vvgXC6IwAE6QqdIoL5VeclAnH4.jpg,,81,Released,"Triple A Films, Bali Bumerang Films"
422831,Di Balik 98,Di Balik 98,2015-01-15,2015,6.5,2,0.15,"During a turning point in Indonesian history, a family must endure personal turmoil while their nation faces drastic political upheaval.","Drama, Sejarah",Lukman Sardi,https://image.tmdb.org/t/p/w500/viPwXH74nmmPtu4eLPDuCF4PpEZ.jpg,https://image.tmdb.org/t/p/original/zQis4CXmAicw6kr52HU3FwjGdt0.jpg,106,Released,MNC Pictures
458155,Turis Romantis,Turis Romantis,2015-04-23,2015,0.0,0,0.26,"Nabil (Kirana Larasati), has just escaped from the threat. Takur (Mike Lucock), Indian descent moneylender, hires thugs to collect debts from Nabil's father, a drunkard, gambler, and does not have responsibility. Because the father is never at home, the moneylender charges to Nabil's mother. Seeing this, Nabil takes the responsibility and says that she would pay all her father’s debts. Nabil promises to return the Rp 100 million debt within five days.  Then, Nabil gets a phone call informing that her father is hospitalized. When she arrives at the hospital, the father is unconscious, because he has been through heart surgery. The father won gambling. He was so happy, so he got heart attack, The father brought home certificate as a guarantee for the medical expenses.","Komedi, Drama, Percintaan",Senoaji Julius,https://image.tmdb.org/t/p/w500/ceEPIN3EmsUsINDYQn5uXO4I4J6.jpg,https://image.tmdb.org/t/p/original/kCgMIJnfammu32Q5QknkBMSnobU.jpg,95,Released,"Dapur Film, Mahaka Pictures, Spectrum"
438311,Takut,Takut,2015-02-18,2015,0.0,0,0.22,"Yudha who has lung problems, moves to Vila Andaru on the slopes of Mount Wilis. Elisa and Dewa accidentally go to Mount Wilis to seek the long lost Erlita, Elisa’s sister. Elisa and Dewa stay at the hotel Cempaka, adjacent to the Villa Andaru. The three meet there. Yudha knows that Elisa and Dewa has the ability to see spirits. Because many oddities and horrors that happen in Vila Andaru, Yudha want to know what really happens.",Kengerian,Nayato Fio Nuala,,,82,Released,BIC Pictures
180299,The Raid 2: Berandal,The Raid 2: Berandal,2014-03-28,2014,7.6,2440,3.87,"RAMA (Iko Uwais) adalah seorang polisi baru yang meninggalkan ISA, istrinya yang tengah hamil tua untuk melakukan tugas berbahaya. Setelah berhasil mempertahankan dirinya dari 30 lantai apartemen milik raja gembong narkotik TAMA, RAMA direkrut oleh BUNAWAR, kepala polisi yang dikenal jujur dan mempunyai reputasi yang bersih, sebagai polisi yang menyamar.","Aksi, Kejahatan, Cerita Seru",Gareth Evans,https://image.tmdb.org/t/p/w500/i4O7B1VZWU9UEcre9X8OrSIqfVP.jpg,https://image.tmdb.org/t/p/original/5dg3woJqG7kNBCEMZNGPUauHSnK.jpg,150,Released,"XYZ Films, PT. Merantau Films, Stage 6 Films, Entertainment One, Sony Pictures Classics"
311146,Pendekar Tongkat Emas,Pendekar Tongkat Emas,2014-12-18,2014,6.5,21,0.51,"Cempaka, Pendekar yang disegani dan sangat dihormati dalam dunia persilatan, adalah pemegang maha senjata dan jurus mematikan Tongkat Emas yang kekuatannya tak tertandingi. Cempaka yang mulai menua akan mewariskan senjata dan jurus Tongkat Emas kepada salah satu muridnya.","Aksi, Drama",Ifa Isfansyah,https://image.tmdb.org/t/p/w500/rORhdiLWiTBY8cxhZoaciWlLIo1.jpg,https://image.tmdb.org/t/p/original/x8fXyXF9D0QMfdFTPrz9dvphAbd.jpg,110,Released,"Miles Films, Kompas Gramedia Studio"
419465,99 Cahaya Di Langit Eropa The Final Edition,99 Cahaya Di Langit Eropa The Final Edition,2014-10-30,2014,0.0,0,0.22,"Eropa tidak hanya mengajarkan mereka tentang hayat ilmu pengetahuan. Tapi juga meniti rumus Ilahi tentang kemajemukan dan keyakinan abadi. Sebuah kisah pengembaraan di dalam menemukan rahasia peradaban agung manusia ribuan tahun lalu. Menemukan Islam, bukan hanya iman dan namun amalan.  Inilah akhir perjalanan Hanum dan Rangga di Eropa. Mengantarkan mereka pada pencarian makna sumber kebenaran yang Maha sempurna.",Drama,Guntur Soeharjanto,https://image.tmdb.org/t/p/w500/q6u13GLRur9X54P6eW9x1OTW89h.jpg,,90,Released,Maxima Pictures
329813,Bajaj Bajuri: The Movie,Bajaj Bajuri: The Movie,2014-07-24,2014,6.7,3,0.24,"Bajuri (Ricky Harun) yang baru mendapat gusuran dari penjualan tanah warisan bapaknya menghadapi beberapa masalah. Problem Bajuri semakin rumit setelah Emak (Meriam Bellina) menuduh Bajuri akan kawin lagi. Sementara di pemancingan dengan tidak sengaja Bajuri meledakkan empang dengan bom ikan yang didapat Soleh (Dimas Gabra) dan Sahili (Aqshal Pradana) dari sebuah rumah kosong. Bajuri dan Ucup (Muhadkly Acho) dituduh sebagai teroris setelah tas berisi bom tertinggal di Bank, saat Bajuri mengambil uang.","Komedi, Drama, Percintaan",Fajar Nugros,https://image.tmdb.org/t/p/w500/6nRvcdHZHg39dMgHybpwSEcI8bS.jpg,,93,Released,Starvision Plus
458019,Kukejar Cinta ke Negeri Cina,Kukejar Cinta ke Negeri Cina,2014-12-04,2014,5.8,4,0.2,"Ridwan Imam Fadli (Adipati Dolken) mahasiswa abadi yang dipanggil Imam, namanya sangat Islami tapi nyaris tidak melakukan kewajiban sebagai muslim. Kekasihnya Widya (Nina Zatulini) adik kelasnya, sudah selesai kuliah dan kerja. Mereka pacaran 4 tahun, Widya mulai tidak sabaran karena Imam belum juga lulus, sebaliknya Imam kecewa karena Widya harus berpakaian kantor yang sexy.","Percintaan, Drama",Fajar Bustomi,https://image.tmdb.org/t/p/w500/nReQQ8qhlmeJdJBBT5Y3esTN53b.jpg,https://image.tmdb.org/t/p/original/ojAKlDkWXT4jMihxPv4YRcF4BRM.jpg,90,Released,Starvision Plus
414607,Me And You Vs The World,Me And You Vs The World,2014-04-14,2014,0.0,0,0.36,"Kehidupan Jeremy (Rio Dewanto) yang mulai bosan dengan pekerjaan dan rutinitas kantorannya berubah ketika dia bertemu dengan Sera (Dhea Seto) yang juga sedang mencari jati dirinya dan bosan dengan dunia remaja yang menurutnya monoton.  Awal pertemuan ketika Jeremy sedang presentasi soal rafting dengan Kepala Sekolah (Joe P. Project). Presentasi Jeremy di tolak karena dianggap terlalu berbahaya untuk anak-anak SMU, dan Sera juga ikut menolak untuk kegiatan itu. Sebenarnya Bos Jeremy (Piyu) juga menolak rencana Jeremy. Tetapi Jeremy dan Baron (Gofar Hilman) tidak menyerah.","Petualangan, Komedi, Percintaan",Fajar Nugros,https://image.tmdb.org/t/p/w500/nl2hRIeO2e2APURI54PyMkFIo19.jpg,https://image.tmdb.org/t/p/original/7BGPdppLsJHSZ3zDiebCISa678O.jpg,90,Released,Rapi Films
388612,Assalamualaikum Beijing,Assalamualaikum Beijing,2014-12-30,2014,7.5,4,0.31,"Sehari sebelum pernikahan dilangsungkan, Asmara (Revalina S. Temat) mendapatkan kenyataan pahit bahwa kekasihnya, Dewa (Ibnu Jamil) ternyata sempat berselingkuh dengan teman sekantornya Anita (Cynthia Ramlan).  Walau Dewa memohon agar pernikahan tetap dilanjutkan, Asma terlanjur patah hati. Terlebih, hubungan sekali yang dilakukan ternyata membuahkan janin, Anita hamil.","Drama, Percintaan",Guntur Soeharjanto,https://image.tmdb.org/t/p/w500/pB4O1wrQG82TifRNfeqRBHVFO9.jpg,,90,Released,Maxima Pictures
337023,99 Cahaya di Langit Eropa: Part 2,99 Cahaya di Langit Eropa: Part 2,2014-03-06,2014,7.0,1,0.17,"Film ini melanjutkan perjalanan mengungkap rahasa Islam di Eropa. Kali ini, Hanum Rais (Acha Septriasa) dan Rangga Almahendra (Abimana Aryasatya) menjelajah kota Cordoba, di Selatan Spanyol. Dilanjutkan pencarian tokoh Fatma (Raline Shah) di kota Istanbul, Turki.",Drama,Guntur Soeharjanto,https://image.tmdb.org/t/p/w500/ic2REXT3UM6lrGnfNt1VvQ61kJP.jpg,https://image.tmdb.org/t/p/original/oI1MNVxhCk8DHUG8qvX0r2WYh3D.jpg,99,Released,Maxima Pictures
404939,Mengejar Malam Pertama,Mengejar Malam Pertama,2014-08-14,2014,0.0,0,0.21,"Doni adalah cowok narsis berotak mesum yang anti komitmen namun harus segera menikah atas permintaan ibunya. Atas saran Bang Jon si tukang Mie ayam berbadan kekar, ia pun mengadakan audisi calon istri. Sayangnya, tidak ada satupun kandidat bermutu bisa dipilih. Tanpa sengaja, Doni bertemu dengan Gysta. Ternyata Gysta adalah anak dari bu Broto, teman Mamanya Doni semasa muda. Merekapun dijodohkan.",Komedi,Chiska Doppert,https://image.tmdb.org/t/p/w500/yrInh1IN3GJmLdpwB7UtkS4XSf9.jpg,https://image.tmdb.org/t/p/original/d2BUQrtp4aj8lvIV4RvP9K00WdX.jpg,88,Released,"BIC Pictures, Mitra Pictures"
331599,"Aku, Kau & KUA","Aku, Kau & KUA",2014-09-11,2014,5.5,4,0.21,"Pernikahan FIRA (Nina Zatulini), gadis paling cantik dan populer di antara teman-temannya, mustinya menjadi pernikahan of the decade. Fira yang hidupnya seolah sempurna, hancur berantakan begitu LANDO (Eza Gionino) ternyata ketahuan tukang selingkuh. Fira pun shock dan menarik diri dari pergaulan.","Komedi, Drama, Percintaan",Monty Tiwa,https://image.tmdb.org/t/p/w500/8GQXOFdbrtFjlthyti4jGSOaUjY.jpg,https://image.tmdb.org/t/p/original/sdRwCJ0wwkAZfmvlVNJvNYeI1kr.jpg,104,Released,Starvision Plus
285995,Comic 8,Comic 8,2014-01-29,2014,5.8,8,0.23,"COMIC 8 adalah film Comedy Action segar yang bercerita tentang delapan anak muda dari berbagai macam background dan kisah hidup masing-masing, yang secara kebetulan merampok sebuah bank dalam waktu bersamaan.  Terdiri dari 8 Stand Up Comedian yang masing-masing membawa character yang unik ke dalam cerita, serta masing-masing mempunyai alasan dan motif yang berbeda-beda. Ada yang merampok karena Galau, Hobby, Iseng, Adrenaline Sport, bahkan ada yang Merampok untuk menghidupi panti asuhan dan rakyat miskin.","Aksi, Komedi",Anggy Umbara,https://image.tmdb.org/t/p/w500/e7LOkm4WDVBYAZgi5xaFQmBrPcp.jpg,https://image.tmdb.org/t/p/original/4JBmKvRdJEsn8qHdWgMYrNFFiO2.jpg,105,Released,"NHK Enterprises, Falcon Pictures"
328088,Haji Backpacker,Haji Backpacker,2014-10-02,2014,0.0,0,0.19,"Mada memberontak kepada Tuhan, karena sudah merenggut ibunya. Ia juga kehilangan cinta yang membuatnya patah hati. Ia marah pada kenyataan, kemudian memutuskan untuk menjadi backpacker dan hidup bebas. Bahkan ia juga meninggalkan Tuhan, keluarga, dan Sahabatnya. Pada dunia luar yang bebas, Mada menemukan kebahagiaan ragawi, namun merasa kosong secara rohani.","Drama, Petualangan",Danial Rifki,https://image.tmdb.org/t/p/w500/koZZiFAyqfdK4jlYsMZN4nCsak3.jpg,https://image.tmdb.org/t/p/original/pPKal4WsuKiPkDR4tyw71EhdDof.jpg,107,Released,Falcon Pictures
492456,Angker,Angker,2014-11-20,2014,0.0,0,0.18,"Didaku dari kisah nyata di daerah Bangil Jawa Timur pada tahun 1979. Harun dan Ratna bersama tiga anak mereka menempati rumah yang mereka beli. Beberapa hari kemudian keluarga ini mengalami kejadian menakutkan di rumahnya. Mereka memanggil paranormal guna membersihkan rumah dari mahluk halus. Setelah diusut lebih jauh ternyata sebelum rumah itu dibangun, di lahan rumah tersebut pernah terjadi pembantaian Dukun Santet.",Kengerian,Muhammad Yusuf,https://image.tmdb.org/t/p/w500/nsMOAtI9HvXL5VxAlzg0rV7xq8M.jpg,,89,Released,"Triple A Films, Sapu Jagat Production, Suflines"
552860,17 Tahun ke Atas,17 Tahun ke Atas,2014-05-14,2014,2.0,2,0.16,"Bagas (Ajun Perwira) sangat ingin menjadi musisi. Setelah menginjak usia 17 tahun, Bagas memutuskan untuk fokus mengejar impian dan mencari jalan agar bisa menjadi musisi sukses. Bunda (Ranty Purnamasari) tidak menyetujui keputusan Bagas. Bunda juga tidak menyetujui hubungan Bagas dengan Mentari (Sonya Fatmala)",Drama,Nayato Fio Nuala,https://image.tmdb.org/t/p/w500/n6arh613KzsWuFGrYUrvVeFvyNN.jpg,,75,Released,"Mitra Pictures, BIC Pictures"
268922,Marmut Merah Jambu,Marmut Merah Jambu,2014-05-08,2014,7.1,8,0.25,"Suatu hari Dika (Raditya Dika) datang ke rumah Ina (Anjani Dina), cinta pertamanya sewaktu SMA, membawa seribu origami burung bangau di tangan kanannya, dan undangan pernikahan Ina di tangan kirinya. Besok, Ina akan menikah. Kedatangan Dika diterima oleh Bapak Ina (Tio Pakusadewo) yang curiga kedatangan Dika untuk kasus cinta lama yang belum selesai dan berpikir bahwa Dika ingin menggagalkan pernikahan anaknya. Dika menceritakan maksud sebenarnya, yang jauh dari tuduhan Bapak Ina.  Seiring dengan Dika bercerita, kita melihat masa lalu Dika (Christoffer Nelwan). Pada masa ini, Dika SMA jatuh cinta diam-diam kepada Ina.  Di masa sekarang, seiring dengan Dika bercerita, seiring itu pula dia sadar: ada yang belum selesai dari masa lalunya. Seiring itu pula dia bertanya: benarkah cinta pertama tidak akan kemana-mana?","Drama, Komedi, Percintaan",Raditya Dika,https://image.tmdb.org/t/p/w500/qQ373PtHoiYg7ZAcr07CaDmWLcx.jpg,https://image.tmdb.org/t/p/original/ovgPGWTquaZzMmvOIHBFbIpUpp9.jpg,91,Released,Starvision Plus
354885,Merry Riana: Mimpi Sejuta Dolar,Merry Riana: Mimpi Sejuta Dolar,2014-12-24,2014,7.3,5,0.17,"Merry Riana (Chelsea Islan) yang baru saja lulus SMA terpaksa mengungsi ke Singapura karena kondisi di negaranya sedang tidak stabil. Walau sebenarnya ingin tetap tinggal, kedua orang tuanya tidak membiarkan. Perjalanan menuju bandara juga bukan aman; mereka dihadang kawanan penjarah dan terpaksa melepas harta benda demi keselamatan. Di bandara, orang tua Merry (Ferry Salim & Cyntia Lamusu) menjual apa yang menempel di badan dan hanya mampu membeli satu tiket. Yang penting Merry selamat, pikir mereka.","Drama, Percintaan, Sejarah",Hestu Saputra,https://image.tmdb.org/t/p/w500/avtkmK8L6JpmBq6NDlyTgJ82aY4.jpg,https://image.tmdb.org/t/p/original/yp7lcCfhMcLknWx22v5pS9SrN44.jpg,106,Released,MD Pictures
643173,Sepatu Dahlan,Sepatu Dahlan,2014-04-10,2014,0.0,0,0.15,"Cerita dari novel berjudul sama yaitu Sepatu Dahlan, yang berkisah tentang Dahlan Iskan, dia adalah seorang mantan Menteri BUMN indonesia yang semasa kecil hidupnya amatlah sulit dan sederhana, dia terus berjuang untuk tetap bisa belajar demi cita-cita serta membanggakan orang tuanya.","Drama, Keluarga",Benni Setiawan,https://image.tmdb.org/t/p/w500/7hUVftx2jhoTeBXfow79NeVN7NW.jpg,https://image.tmdb.org/t/p/original/wlEYAdXhH7iF5TrL43YkAlFeRcw.jpg,98,Released,"Mizan Productions, Semesta Productions, Expose Pictures"
327240,Tak Kemal Maka Tak Sayang,Tak Kemal Maka Tak Sayang,2014-10-23,2014,5.3,3,0.15,"Kemal (17 thn), seorang pelajar SMU dari Samarinda yang selalu mendambakan wanita tercantik untuk menjadi kekasihnya. Ia memiliki pola pikir yang absurd, sulit berfokus dan sulit ditebak. Karakternya ini menyebabkan dirinya lama menjomblo dan berulang kali gagal dalam percintaannya.","Percintaan, Komedi",Fajar Bustomi,https://image.tmdb.org/t/p/w500/yXDKUKO7mQIiAZU8YbA9Qi28Vb.jpg,,85,Released,MD Pictures
778621,Cinta Tanpa Batas,Unlimited Love,2014-11-27,2014,0.0,0,0.11,"Kisah persahabatan dan cinta segitiga antara Andi (Restu Sinaga), Widia (Prisia Nasution) dan Prassetyo (Dallas Pratama). Pras tiba-tiba muncul kembali dalam kehidupan Andi dan Widia yang telah menikah dan punya anak. Andi menduga munculnya Pras untuk merebut istrinya. Kecemburuan Andi memicu konflik dalam rumah tangganya. Pras mengakui alasannya datang. Ia terinfeksi virus HIV-AIDS karena pergaulan bebas selama tinggal di Belanda. Beruntung, anak yang ternyata hasil hubungan Widia dengan Pras itu sehat. Di sisa waktu menghadapi kematian, Pras menjadi sangat religius. Pras kembali ke Belanda. Sejak kepergiannya, Andi dan Widya selalu menunggu kabar tentang Pras dari Belanda. Hingga suatu sore datang surat tentang keberadaan Pras.",Drama,Haryanto Corakh,https://image.tmdb.org/t/p/w500/oHtCDbsBDoz6CTYBg6WC3jQhs5t.jpg,https://image.tmdb.org/t/p/original/aXGGTId0k3sEhYQBiSqHTAONUtW.jpg,75,Released,Intikom
453796,Rumah Kosong,Rumah Kosong,2014-12-30,2014,0.0,0,0.11,"Hendra (Dimas Seto) merasa beruntung bisa membeli rumah mewah lengkap dengan segala perabotannya dengan harga sangat murah dari Bima (Anton Andreas), seorang pengusaha tua. Tapi keberuntungan itu tidak berlangsung lama. Istri dan kedua putrinya mengalami mimpi buruk. Satu demi satu kejadian  yang menakutkan terjadi di rumah itu.",Kengerian,Chiska Doppert,https://image.tmdb.org/t/p/w500/iqjcJlH8728RkMOzIyTk2CN6J71.jpg,,77,Released,BIC Pictures
647988,Pocong Pasti Berlalu,Pocong Pasti Berlalu,2014-03-27,2014,0.0,0,0.24,"The story begins with some students who live in Pak Bolot's boarding house, they are Remon, Dede, Dion, Radit and two beautiful girls Tata and Dila. In addition to lectures to supplement the necessities of life in Jakarta Remon works as a corpse makeup, while Dion and Tata work part-time as film extras.  After shooting the film Dion and Tata came home, in the middle of the trip right in a bend Dion and Tata saw a motorcyclist lying on the side of the road like a hit-and-run victim and they certainly wanted to help but when they heard the voices of residents who came Dion and Tata decided to leave but before leaving without Tata's knowledge, Dion took the necklace box lying near the victim.  The next day Remon invited Dion and Radit to accompany him to make up the corpse that had just died. How shocked Dion was when he learned that the corpse that Remon had composed was the corpse he had found last night with Tata.","Komedi, Kengerian",Nayato Fio Nuala,https://image.tmdb.org/t/p/w500/t0m1bTCb8sQRwYY5XXh6cpAGyDO.jpg,,78,Released,"Mitra Pictures, BIC Pictures"
1008317,Kuntilanak Ciliwung,Kuntilanak Ciliwung,2014-10-09,2014,0.0,0,0.1,"The days are full of terror. Windi, Flora's sister, has become incompatible with her mother, Nelly, since Flora died.",Kengerian,Jessica Angelica,https://image.tmdb.org/t/p/w500/skihTbWqYPNn3WB3O3RhgItz3gK.jpg,,85,Released,Tobali Putra Production
542308,Jomblo Keep Smile,Jomblo Keep Smile,2014-08-08,2014,6.0,1,0.14,"In the midst of his sister's wedding preparations, Agus (Kemal Palevi) falls in love with his high school friend, Angeline (Kimberly Ryder), who had a peculiar characteristic laugh. His pal, Jo (Reza Aditya) is willing to help all out. Because he suspects that Angeline is materialistic girl, Agus drive a car when approaching  the girl. The car is a wedding gift from the father. (Joe Project P) to his sister. Because he is too focused on Angeline, he forget a lot of things including the car. He asks the help of the Mafia boss in Southeast Asia, Boris (Caisar), to solve the problem.","Drama, Komedi",Yoyok Sri Hardianto,https://image.tmdb.org/t/p/w500/m3RQayPyfnCZSRgYCqhVd5OVvWy.jpg,,110,Released,K2K Production
257194,Tenggelamnya Kapal Van Der Wijck,Tenggelamnya Kapal Van Der Wijck,2013-12-19,2013,7.3,9,0.64,"Nusantara 1930, dari tanah kelahirannya Makasar, Zainuddin berlayar menuju tanah kelahiran ayahnya di Batipuh, Padang Panjang. Diantara keindahan ranah negeri Minangkabau ia bertemu Hayati, gadis cantik jelita, bunga di persukuannya. Kedua muda mudi itu jatuh cinta. Apa daya adat dan istiadat yang kuat meruntuhkan cinta suci mereka berdua. Zainuddin hanya seorang melarat tak berbangsa, sementara Hayati perempuan Minang keturunan bangsawan.","Drama, Percintaan",Sunil Soraya,https://image.tmdb.org/t/p/w500/cBBEX539AdDrt4z3oeAVdzmRy2P.jpg,https://image.tmdb.org/t/p/original/vqd8IPPOxOgWbh8LSZWe0OT4eU6.jpg,163,Released,Soraya Intercine Films
457590,Slank Nggak Ada Matinya,Slank Nggak Ada Matinya,2013-12-24,2013,7.0,1,0.38,"Pada tahun 1997, Abdee (Deva Mahenra) dan Ridho (Ajun Perwira) dipanggil SLANK untuk datang ke Potlot dan bermain musik bersama Bimbim (Adipati Dolken) dan Ivanka (Aaron Ashab), yang ingin membuktikan bahwa SLANK tidak bubar sejak ditinggal personil sebelumnya, dan juga tampil sebagai additional player untuk posisi gitaris yang masih kosong dalam rangkain tur mereka dan diubah cara penampilan mereka oleh pengarah gaya yang bernama Nadine (Nadine Alexandra).","Drama, Musik",Fajar Bustomi,https://image.tmdb.org/t/p/w500/kmJ9r3phDsbj1ykgx8MpDtG6fPO.jpg,https://image.tmdb.org/t/p/original/vnbuAxmbuCDSd0ktp5725nR06Yt.jpg,96,Released,Starvision Plus
217550,La Tahzan,La Tahzan,2013-08-01,2013,0.0,0,0.45,"Viona (Atiqah Hasiholan) dan teman-temannya mendarat di bandara Kansai, Osaka, untuk program belajar sambil bekerja di Jepang. Viona bertemu Yamada (Joe Taslim), seorang fotografer freelance, yang ternyata mengerti bahasa Indonesia. Hal ini membuat Viona mendapat sahabat baru. Mereka menjadi akrab. Yamada berterus terang ingin melamarnya. Bahkan Yamada siap pindah agama.  Pada persiapan Yamada menjadi mualaf, Viona teringat seorang ibu yang menitipkan alamat untuk mencari anaknya di Jepang; Hasan (Ario Bayu), teman dekat Viona. Hasan yang selama ini menghindar dari Viona dan keluarga, pergi dengan meninggalkan pertanyaan bagi Viona. Dengan bantuan Yamada, akhirnya Hasan berhasil ditemukan. Kondisi Hasan sama sekali berbeda. Pada sebuah malam di Osaka Port, Hasan menceritakan semuanya. Kejujuran yang menjawab pertanyaan Viona dan Yamada, Ketiganya dalam persimpangan memilih agama, kekasih dan masa depan.","Drama, Percintaan",Danial Rifki,https://image.tmdb.org/t/p/w500/9qIxs68evIHhS4jwNYWBLpjrZo3.jpg,https://image.tmdb.org/t/p/original/mduYIAObKlAG1Nfn6lLorXEfZa6.jpg,98,Released,Falcon Pictures
218663,Refrain,Refrain,2013-06-19,2013,5.5,5,0.31,"Nata dan Niki sudah bersahabat lama. Mereka bersekolah di tempat sama. Mereka mempunyai sebuah benda yang spesial: trampoline usang yang menyimpan banyak kenangan. Nata juga menyukai Niki sejak lama. Mengingat persahabatan mereka, Nata memilih menjadi pengagum rahasia Niki.  Kemudian, ada Annalise. Annalise adalah murid pindahan. Dia anak model terkenal yang kekurangan kasih sayang karena pekerjaan mamanya yang super sibuk. Keramahan Niki, kebaikan Nata, membuat Annalise tidak kesepian lagi dan menemukan orang-orang yang disebut “sahabat“.","Komedi, Drama, Percintaan",Fajar Nugros,https://image.tmdb.org/t/p/w500/kIftw6diUgyxzzFR5ATvHh3WNy3.jpg,https://image.tmdb.org/t/p/original/AaQlimWhlm7ZagEXjUJGi1lBQfM.jpg,80,Released,Maxima Pictures
442507,Madre,Madre,2013-03-28,2013,8.0,1,0.37,"Hidup Tansen, 27 tahun, berubah dalam sehari hanya dengan sebuah kunci lemari es yang di dalamnya terdapat adonan biang roti berumur 70 tahun bernama Madre. Kakeknya, Tan Sin Gie, memberikan warisan Madre kepada Tansen. Selama ini Tansen tak pernah tahu kalau seperempat darah miliknya berasal dari kakeknya yang beretnis Tionghoa dan seperempat darah India dari neneknya.",Drama,Benni Setiawan,https://image.tmdb.org/t/p/w500/cCgtqkvQ65X5gvOh4xkuAk3ErmW.jpg,https://image.tmdb.org/t/p/original/lKS8RUXVwZkK3ctdOIDMdaXDjQ1.jpg,107,Released,"Mizan Productions, Bentang Pictures"
297017,Soekarno: Indonesia Merdeka,Soekarno: Indonesia Merdeka,2013-12-11,2013,7.4,13,0.38,"Film Soekarno kembali hadir dalam menyambut HUT RI di tahun 2014 ini dalam versi yang lebih panjang dan lengkap. Cerita dimulai tahun 1920an, saat Sukarno muda tinggal di rumah HOS Cokroaminoto, di Surabaya. Dari Cokroaminoto, Sukarno belajar menundukkan hati rakyat. Rakyat merupakan inspirasi Soekarno melakukan perjuangan melawan penjajah. Keinginan Soekarno satu: melihat Indonesia merdeka!","Drama, Sejarah",Hanung Bramantyo,https://image.tmdb.org/t/p/w500/2GtBiy4ZcaF268ylgyOqMydEjqP.jpg,https://image.tmdb.org/t/p/original/1YQXrRWF5ziO603Ll0bVMVVQJNn.jpg,137,Released,MVP Pictures
218651,Coboy Junior: The Movie,Coboy Junior: The Movie,2013-06-05,2013,6.0,1,0.26,"Kisah perjuangan Coboy Junior (Bastian, Iqbal, Aldi, Kiki) grup nyanyi remaja, mengikuti kompetisi nyanyi dan tari terbesar di Indonesia. Kompetisi ini bukan saja cuma menjadi ajang pembuktian diri untuk menjadi yang terbaik, namun juga menjadi sebuah proses penting menuju titik pendewasaan, pembentukan karakter, dan penentuan pilihan serta prioritas pada hidup masing-masing personil.  Bastian harus menjadi sosok yang bisa mempererat teman-teman. Kemampuan menarinya menjadi poin penting. Iqbal harus menentukan prioritas dalam menentukan tujuan serta tugas-tugas hidupnya di saat dipertanyakan oleh sang ayah. Aldi, harus bisa membelah fokus antara persahabatannya dengan Lovely dan kekompakan Coboy Junior. Dan Kiki terus memberikan masukan untuk kemajuan grup mereka. Bahkan, saat Kiki mendapat musibah yang mengancam keberlangsungan grup di kompetisi itu.  Rival-rival terberat mereka, Superboyz dan The Bangs terus ingin menjatuhkan Coboy Junior dengan segala cara.","Drama, Musik",Anggy Umbara,https://image.tmdb.org/t/p/w500/keDEUdPZBCgGA4FIUOJ2kS55939.jpg,https://image.tmdb.org/t/p/original/ar1dX6I43yc0hynHfYGrSl7vFaE.jpg,125,Released,Falcon Pictures
380919,Laskar Pelangi 2: Edensor,Laskar Pelangi 2: Edensor,2013-12-24,2013,7.8,3,0.28,"elanjutkan ceritera Laskar Pelangi dan Sang Pemimpi, Edensor mengisahkan perjalanan Ikal, bersama sepupunya, Arai yang berhasil mendapatkan beasiswa kuliah di Sorbone – Paris.  Petualangan mereka di eropa, justru dimulai dengan sebuah kesialan. Gara gara terlambat tiba di asrama transit yang dituju, Ikal dan Arai diusir oleh Van Der Wall, sang induk semang asrama. Akibat kelalaian itu mereka harus membayar dengan udara dingin dibawah nol derajat. Menembus udara dingin bersalju, tubuh Ikal membeku. Arai berusaha untuk menyelamatkan dengan mengubur Ikal dalam tumpukan humus. Upaya Arai ini menyelamatkan mimpi Ikal.",Drama,Benni Setiawan,https://image.tmdb.org/t/p/w500/31O087KbzikZo6isGSyJHd19mEF.jpg,https://image.tmdb.org/t/p/original/dFOjNaUC01UktexhY2qjZj37EEB.jpg,87,Released,"Falcon Pictures, Mizan Productions"
337310,Di Sini Ada Yang Mati,Di Sini Ada Yang Mati,2013-02-21,2013,0.0,0,0.24,"Sarah, Jasmine, dan Lydia adalah tiga sahabat dengan karier yang sukses. Lydia mengungkapkan bahwa ia hamil akibat hubungannya dengan Christian, seorang playboy terkenal. Ketiganya memutuskan untuk pergi ke vila terpencil milik Christian yang dikelilingi pemandangan alam indah. Setelah tiba, mereka mengalami kejadian aneh dan menakutkan, termasuk teror dari arwah perempuan yang tidak dikenal. Situasi semakin buruk ketika Christian menjadi agresif dan mengancam keselamatan mereka. Sarah, Jasmine, dan Lydia harus bekerja sama untuk menyelamatkan diri dari ancaman supernatural dan bahaya dari Christian.",Kengerian,Nayato Fio Nuala,https://image.tmdb.org/t/p/w500/vETK2n6xuQMttgL0v1vJ6BnfplL.jpg,,68,Released,"Mitra Pictures, BIC Pictures"
218635,Malam Seribu Bulan,Malam Seribu Bulan,2013-09-18,2013,0.0,0,0.18,"Ujang dan Pujono terjerumus ke dunia hitam demi meningkatkan taraf hidup mereka. Pertemuan Ujang dan Pujono berawal ketika sama-sama dibekuk warga atas tindakan kejahatan yang mereka lakukan. Ujang kepergok saat menghipnotis orang, sedangkan Pujono ditangkap saat tertangkap basah sedang menjambret.  Mereka lalu sadar dan berjanji untuk memulai hidup baru di luar Jakarta. Untuk mengumpulkan modal usaha, Ujang dan Pujono tetap melakukan yang tidak halal meski berjanji akan mengembalikan hasilnya jika sudah sukses nanti. Di luar dugaan, warga desa yang mereka singgahi dipenuhi dengan orang-orang baik. Mereka berfikir ulang untuk melakukan kejahatan disana.",Drama,Wibi Aregawa,https://image.tmdb.org/t/p/w500/hT5Z2qVtzm3ZaSxFLh2gM20K5qS.jpg,,0,Released,786 Production
231297,Tampan Tailor,Tampan Tailor,2013-03-28,2013,0.0,0,0.15,"Film ini mengisahkan hidup Topan (Vino G. Bastian) dan anaknya Bintang (Jefan Nathanio).  Topan yang seorang penjahit, baru saja kehilangan istrinya, kehilangan toko jahitnya dan nyaris kehilangan masa depan anaknya yang dikeluarkan dari sekolah karena tidak ada lagi biaya.  Tapi Topan tidak pernah kehilangan harapan. Dengan bantuan sepupunya, Darman (Ringgo Agus Rakhman), Topan mulai menjajal segala pekerjaan untuk terus menyambung hidup. Mulai dari calo tiket kereta, kuli bangunan hingga pekerjaan yang berbahaya, stuntman.  Semangat Topan yang luar biasa ini, memikat hati Prita (Marsha Timothy), gadis penjaga kios di samping stasiun kereta. Dan, dengan bantuan Prita pula, akhirnya Topan dapat kembali bangkit dan mengembalikan semua mimpinya.",Drama,Guntur Soeharjanto,https://image.tmdb.org/t/p/w500/8MK7nWzAeQOqtFdGGLDYsPvUt5H.jpg,https://image.tmdb.org/t/p/original/fT2wXDEGPiiooUoYtKlUz2hO3tD.jpg,100,Released,Maxima Pictures
218634,Kawin Kontrak 3,Kawin Kontrak 3,2013-09-04,2013,0.0,0,0.16,"Petualangan Kang Sono berakhir setelah ia menjadi TKI di Hong Kong. Penerusnya adalah Gary. Selain artis, Gary juga makelar kawin kontrak. Ia pencari pasangan perempuan di desa Sukasararean.  Mereka yang mencoba mencari pasangan kontrak tersebut adalah Cheppy, sutradara gagal yang khusus pembuat film porno. Itol, penyanyi boyband gagal, dan Dani, perjaka tua. Petualangan mereka di kampung yang penuh gadis cantik mempertemukan mereka dengan Bunda Jahe (Janda Herang).","Komedi, Percintaan",Awi Suryadi,https://image.tmdb.org/t/p/w500/aWovldKhvzVvTqBKYjfcaWRC1N4.jpg,,86,Released,MVP Pictures
218667,308,308,2013-06-04,2013,0.0,0,0.17,"Naya baru saja lulus kuliah dan sedang kesulitan mendapatkan pekerjaan. Caca dan Jefri, sahabatnya menawarinya pekerjaan sebagai housekeeping supervisor Samudra Hotel di Pelabuhan Ratu. Naya menerimanya karena membutuhkan uang untuk hidup dan biaya sekolah Aira, adiknya yang masih kecil. Sena, general nanager hotel itu adalah sahabat Jefri yang sudah lama menyukai Naya. Ia memperbolehkan Naya membawa Aira bersamanya.  Ketika Naya dan Aira sampai di sana, ternyata hotel ditutup selama seminggu karena ada pengasapan malaria dan demam berdarah. Semua karyawan hotel pulang kecuali beberapa orang: Sena, Erin, Prila, Dudi, dan Harlan. Keadaan hotel yang sepi membuat Naya merasa kurang nyaman, apalagi ada dua peraturan aneh.",Kengerian,Jose Poernomo,https://image.tmdb.org/t/p/w500/vwXAfY5sQ7UF5RIB5uTnSgsh8Qb.jpg,,120,Released,Hitmaker Studios
217553,Get M4rried,Get M4rried,2013-08-01,2013,7.0,1,0.21,"Saat merayakan Mae (Nirina Zubir) dan Rendy (Nino Fernandez) ulang tahun anaknya dengan menggunakan Eman (Amink) sebagai organisatornya, mereka mendapat kabar mengagetkan. Sophie (Tatjana Saphira) mengumumkan kalau ia dan Kim Bum Park (Math Wang Kie), cowok Korea baru ia kenal tiga minggu saat ia liburan ke Korea, akan menikah.  Mama Rendy (Ira Wibowo) yang dulu menikah pertama kali saat berusia 18 dengan pangeran dari Malaysia menyambut berita ini dengan gembira. Apalagi Kim adalah anak pemilik perusahaan elektronik top di Korea. Babe (Jaja Mihardja) dan Bu Mardi (Meriam Bellina) langsung menuduh Sophie pasti sudah hamil duluan.  Benny (Ringgo Agus Rahman) yang sedang meniti karir untuk menjadi Ustad, karena Ustad zaman sekarang banyak duitnya, mendukung pernikahan Sophie, dan siap menikahkan kalau Sophie mau menikah siri.",Komedi,Monty Tiwa,https://image.tmdb.org/t/p/w500/b5Wx7VxSzrsO4H7ls9bIxSefZI8.jpg,https://image.tmdb.org/t/p/original/ddqFh1TDmT2OfNvMksKfba3zOTz.jpg,112,Released,Starvision Plus
217560,Cinta Brontosaurus,Cinta Brontosaurus,2013-05-07,2013,6.2,3,0.17,"Dika (Raditya Dika), penulis, baru saja putus cinta dengan Nina (Pamela Bowie). Semenjak itu, dia percaya bahwa cinta bisa kadaluarsa. Kosasih (Soleh Solihun), agen naskah Dika, mencoba untuk membuat Dika yakin terhadap cinta kembali, seperti Kosasih dengan istrinya Wanda (Tyas Mirasih). Usaha ini, membawa Dika ke dalam serangkaian perkenalan absurd.  Cinta bisa datang tanpa persiapan. Dika bertemu dengan Jessica (Eriska Rein), yang jalan pikirannya sama anehnya dengan Dika. Semakin Dika kenal dengan Jessica, semakin dia bertanya: apa benar cinta bisa kadaluarsa?  Sementara itu Soe Lim (Ronny P Tjandra), menawarkan memfilmkan buku Dika, Cinta Brontosaurus. Dika berusaha menulis skrip film tersebut. Masalah timbul ketika Soe Lim mencoba untuk mengubah naskah asli Dika menjadi film horror yang sedang laku.","Komedi, Drama, Percintaan",Fajar Nugros,https://image.tmdb.org/t/p/w500/pxqFjaGiKqh6vNwwPJzf82V1T9D.jpg,https://image.tmdb.org/t/p/original/2OgBGwM19ONS3jctRsKHAadGYDI.jpg,98,Released,Starvision Plus
518243,Finding Srimulat,Finding Srimulat,2013-04-11,2013,0.0,0,0.24,"Diterpa masalah keuangan, seorang perencana acara yang juga calon ayah mencoba menyatukan kembali grup komedi ikonik untuk sebuah penampilan yang akan menyelamatkannya.",Komedi,Charles Gozali,https://image.tmdb.org/t/p/w500/nsbFalAhHcnKzKTRjdmvbidyEOf.jpg,https://image.tmdb.org/t/p/original/bMxp6HTiRGsAG9MP71xztraUjk1.jpg,100,Released,Magma Entertainment
183139,Demi Ucok,Demi Ucok,2013-01-03,2013,0.0,0,0.12,Gloria ingin menjalani hidup yang menyenangkan dan mewujudkan mimpinya untuk membuat film—tetapi ibunya punya rencana-rencana lain untuknya.,"Drama, Komedi",Sammaria Simanjuntak,https://image.tmdb.org/t/p/w500/nEJiGFPEIpeSqtgohJHIyTwDy3z.jpg,https://image.tmdb.org/t/p/original/qXFfbRxbA3QXcA9rzg2hWS4XUGK.jpg,79,Released,"Kepompong Gendut, Royal Cinema Multimedia"
419520,99 Cahaya di Langit Eropa,99 Cahaya di Langit Eropa,2013-12-05,2013,7.0,3,0.11,"Film ini menceritakan pengalaman nyata sepasang mahasiswa Indonesia yang kuliah di Eropa. Bagaimana mereka beradaptasi, bertemu dengan berbagai sahabat hingga akhirnya menuntun mereka kepada rahasia besar Islam di benua Eropa.",Drama,Guntur Soeharjanto,https://image.tmdb.org/t/p/w500/uj5BjdJlTPMKkGESmrUlsO2tU0O.jpg,https://image.tmdb.org/t/p/original/mQVrw4doYbC0AoZyUAvJ1Yc425v.jpg,105,Released,Maxima Pictures
504229,Sokola Rimba,Sokola Rimba,2013-11-21,2013,6.9,7,0.09,"Setelah hampir tiga tahun bekerja di sebuah lembaga konservasi di wilayah Jambi, BUTET MANURUNG (Prisia Nasution) telah menemukan hidup yang diinginkannya,  mengajarkan  baca tulis dan menghitung kepada anak - anak  masyarakat suku anak dalam, yang dikenal sebagai Orang Rimba, yang tinggal di hulu sungai Makekal di hutan bukit Duabelas.","Drama, Sejarah",Riri Riza,https://image.tmdb.org/t/p/w500/xkApfEJYkN4PHtIahTYZzBZyziu.jpg,https://image.tmdb.org/t/p/original/muLjwQZqSMXv46X7B6TkVemOKCd.jpg,90,Released,Miles Films
219048,Manusia Setengah Salmon,Manusia Setengah Salmon,2013-10-09,2013,6.4,5,0.1,"Ketika ibunya (Dewi Irawan) memutuskan pindah dari rumah masa kecil, Dika (Raditya Dika), penulis, justru berusaha pindah dari hal-hal yang selama ini susah dilepaskan: cintanya dengan Jessica (Eriska Rein) hingga hubungannya dengan bapaknya (Bucek).  Dika membantu mencari rumah baru. Rumah yang mereka kunjungi ternyata tidak ada yang cocok. Akhirnya Dika menemukan sebuah rumah, yang menurut ibunya sempurna. Bersamaan dengan itu, Dika bertemu dengan Patricia (Kimberly Ryder) nan cantik. Pendekatan dimulai.  Ketika sudah pindah ternyata Dika tidak menyukai rumah barunya. Kenangan akan rumah lama masih membekas. Sementara itu, hubungan Dika dengan Patricia juga terganggu, karena Jessica masih membayang-bayangi. Dika pada akhirnya menyadari bahwa perjalanannya untuk pindah rumah, juga merupakan perjalanan berpindah dari hal-hal yang selama ini menahannya menuju kedewasaan.","Percintaan, Komedi, Drama",Herdanius Larobu,https://image.tmdb.org/t/p/w500/3V8xJIFe1GTEcB3omF4lYlPQJji.jpg,https://image.tmdb.org/t/p/original/h18ytTUv4BT2g6zbJyhpXltBOJb.jpg,100,Released,Starvision Plus
94329,The Raid,Serbuan Maut,2012-03-23,2012,7.4,3623,3.52,Sekelompok tim SWAT tiba di sebuah blok apartemen yang tidak terurus dengan misi menangkap pemiliknya seorang raja bandar narkotik bernama TAMA. Blok ini tidak pernah digerebek atau pun tersentuh oleh Polisi sebelumnya.,"Aksi, Cerita Seru, Kejahatan",Gareth Evans,https://image.tmdb.org/t/p/w500/hEDknINqAaEcdzw6u83hpXWvZeX.jpg,https://image.tmdb.org/t/p/original/9Pn8ACcgj5gDF9wY61tL3Y8LZbr.jpg,101,Released,"Celluloid Dreams, PT. Merantau Films, XYZ Films, Sony Pictures Classics"
172705,Habibie & Ainun,Habibie & Ainun,2012-12-12,2012,7.6,15,0.62,"Rudy Habibie, ahli pesawat terbang, punya mimpi besar: membuat truk terbang untuk menyatukan Indonesia. Ainun, dokter muda cerdas yang dengan jalur karir terbuka lebar.  Pada 1962, dua kawan SMP ini bertemu lagi di Bandung. Habibie jatuh cinta seketika pada Ainun. Ainun tak hanya jatuh cinta, dia beriman pada visi dan mimpi Habibie. Mereka menikah dan terbang ke Jerman.  Cinta mereka terbangun dalam perjalanan mewujudkan mimpi. Dinginnya salju Jerman, pengorbanan, rasa sakit, kesendirian serta godaan harta dan kuasa saat mereka kembali ke Indonesia mengiringi perjalanan dua hidup menjadi satu.","Drama, Percintaan, Sejarah",Faozan Rizal,https://image.tmdb.org/t/p/w500/eOdYhBFF7vE5v83KVVQfDEyLgEu.jpg,https://image.tmdb.org/t/p/original/8AWRJJdzopEjrarOoygDoEFfkZZ.jpg,125,Released,MD Pictures
203113,5 cm,5 cm,2012-12-11,2012,6.7,23,0.36,"Genta, Arial, Zafran, Riani dan Ian adalah lima remaja yang telah menjalin persahabatan belasan tahun lamanya. Suatu hari mereka berlima merasa “jenuh” dengan persahabatan mereka dan akhirnya kelimanya memutuskan untuk berpisah, tidak saling berkomunikasi satu sama lain selama tiga bulan lamanya.","Percintaan, Drama, Petualangan",Rizal Mantovani,https://image.tmdb.org/t/p/w500/y43O9tj6yo4h1shx58YGBsbjme4.jpg,https://image.tmdb.org/t/p/original/4C2pIkCMGFxZlYMXE8YvzPTIAqm.jpg,125,Released,Soraya Intercine Films
429074,Cinta Suci Zahrana,Cinta Suci Zahrana,2012-08-15,2012,0.0,0,0.37,"seorang dosen perempuan berprestasi, bernama Dewi Zahrana. biasa dipanggil Zahrana atau Rana. Dia dosen arsirektur di Universitas Mangunkarsa, Semarang. Semua jerih payah dan prestasi membanggakan Zahrana sedikitpun tidak membuat kedua orang tuanya bangga, terutama ayahnya.","Percintaan, Drama, Keluarga",Chaerul Umam,https://image.tmdb.org/t/p/w500/kmA5xODeFS8fmaRrNP0oTP77vhB.jpg,,108,Released,SinemArt
495322,Hi5teria,Hi5teria,2012-03-29,2012,6.0,3,0.24,"Hi5teria merupakan film horor thriller Indonesia yang dirilis pada 29 Maret 2012 produksi Starvision Plus & Upi Productions. Berawal dari niatan Upi membuat project 5 sutradara, 5 ceritera. Film ini terbagi dalam lima segmen berbeda. ""Pasar Setan"" (Adrianto Dewo), ""Wajang Koelit"" (Chairun Nissa), ""Kotak Musik"" (Billy Christian), ""Palasik"" (Nicholas Yudifar), dan ""Loket"" (Harvan Agustriansyah).","Cerita Seru, Kengerian, Misteri",Adriyanto Dewo,https://image.tmdb.org/t/p/w500/7O91Nn88LxOL14RXfX2FVgYqLqq.jpg,https://image.tmdb.org/t/p/original/9aiKxgQPiGNReWQpOVdkNb3Y5uk.jpg,94,Released,"Starvision Plus, Upi Production"
162214,Perahu Kertas 2,Perahu Kertas 2,2012-10-04,2012,7.7,3,0.23,"Keenan sudah memutuskan kembali tinggal di Jakarta dan melanjutkan bisnis keluarga akibat serangan stroke yang diderita ayahnya, Adri (August Melasz). Keenan menjalani hubungan kasih jarak jauh dengan Luhde (Elyzia Mulachela) yang tinggal di Bali. Sedangkan Kugy telah menjadi semakin dekat dengan Remi (Reza Rahadian), yang juga menjadi atasannya di biro iklan AdVocaDo. Keenan mengembalikan buku Jenderal Pilik kepada Kugy.","Drama, Percintaan",Hanung Bramantyo,https://image.tmdb.org/t/p/w500/4p3x9ZcNzeGtKF1QLBUWb6JbFKS.jpg,https://image.tmdb.org/t/p/original/5EU5PtGaq9xRzaPnvrPpHU48ey.jpg,100,Released,"Dapur Film, Starvision Plus, Bentang Pictures"
300835,Perahu Kertas,Perahu Kertas,2012-08-16,2012,7.4,4,0.22,"Perahu Kertas mengisahkan pasang surut hubungan dua anak manusia, yaitu Kugy (Maudy Ayunda) dan Keenan (Adipati Dolken). Kugy adalah seorang gadis tomboy, periang, dan yang percaya bahwa dirinya adalah agen Dewa Neptunus. Kugy selalu memiliki ""ritual"" unik, yaitu menulis setiap curahan hatinya ke selembar kertas, yang lalu dibuatnya menjadi perahu untuk kemudian dihanyutkan ke air. Meskipun sekilas dia gadis periang yang slenge'an, namun dia memiliki pandangan hidup yang cenderung filosofis.","Drama, Percintaan",Hanung Bramantyo,https://image.tmdb.org/t/p/w500/bcLRYE0sF9dotqpU7ZlW1jRVZPp.jpg,https://image.tmdb.org/t/p/original/dQ5HIjzcabTCPJP7Wcli0SMOLyn.jpg,111,Released,"Dapur Film, Starvision Plus, Bentang Pictures, Mizan Productions"
149626,Tanah Surga... Katanya,Tanah Surga... Katanya,2012-08-15,2012,8.5,1,0.2,"Hasyim, mantan sukarelawan Konfrontasi Indonesia Malaysia tahun 1965 hidup dengan kesendiriannya. Setelah istri tercintanya meninggal, ia memutuskan untuk tidak menikah dan tinggal bersama anak laki-laki satu-satunya yang juga menduda Haris dan dua orang anak Haris bernama Salman dan Salina . Hidup di perbatasan Indonesia Malaysia membuat persoalan tersendiri, karena masih didominasi oleh keterbelakangan dalam pembangunan dan pertumbuhan ekonomi. Masyarakat perbatasan harus berjuang setengah mati untuk mempertahankan hidup mereka....termasuk keluarga Hasyim, namun kesetiaan dan loyalitasnya pada bangsa dan Negara membuat Hasyim bertahan tinggal.",Drama,Herwin Novianto,,,91,Released,"Brajamusti Films, Citra Sinema"
504220,Radio Galau FM,Radio Galau FM,2012-09-13,2012,0.0,0,0.13,"Selama tiga tahun, Bara tidak punya pacar. Selama tiga tahun terakhir Bara menghabiskan malam minggu dikamar, pacaran dengan laptop dan mengejar impiannya menjadi penulis. Selama tiga tahun hanya ada satu hal yang konstan dalam hidup Bara : GALAU. Kegalauan Bara berakhir ketika hadir sosok Velin, adik kelas lucu yang kemudian menjadi pacarnya. Bersama Velin, Bara memasuki dunia baru yang penuh warna. Bersama Velin, hidup Bara menjadi lebih indah dan menyenangkan.","Komedi, Drama, Percintaan",Iqbal Rais,https://image.tmdb.org/t/p/w500/3LjibxjG7WJ75DiF6XhzjBAeL5y.jpg,https://image.tmdb.org/t/p/original/7BdpV22ESJOjW5apShYdWK0wp6r.jpg,94,Released,Rapi Films
643168,My Last Love,My Last Love,2012-01-19,2012,6.5,2,0.21,"Angel (Donita) percaya bahwa cinta sejatinya adalah Hendra (Ajun Perwira). Namun, musibah tragis menimpanya. Mobil mewah yang dikendarai Martin (Evan Sanders), menabraknya. Martin bukannya menolong tetapi malah kabur. Angel selamat, tapi kenyataan pahit harus diterimanya. Kedua kakinya cacat, dan Angel semakin terpukul oleh sikap Hendra yang menghilang begitu saja tanpa kabar setelah mengetahui keadaan Angel.","Drama, Percintaan",Nayato Fio Nuala,https://image.tmdb.org/t/p/w500/slMrxaveONCtfCu2GwwaZfDWE9e.jpg,,91,Released,MD Pictures
648498,Kutukan Arwah Santet,Kutukan Arwah Santet,2012-09-27,2012,5.5,1,0.15,"Ada sebuah rahasia besar yang disembunyikan oleh Raymond sebelum serangkaian kematian terjadi di kampus. Dalam sebuah pesta pribadi, Beby, pacarnya, menjebak Myrna, temannya sendiri. Firman, kekasih Myrna, memaksa dia untuk berhubungan seks di bawah pengaruh obat-obatan. Vaginismus terjadi, tubuh Myrna dan Firman tidak bisa dipisahkan. Firman malu dan meminta bantuan dari teman-temannya, Johan dan Fandy. Kepanikan Firman menyebabkan kematian Myrna dan laboratorium kampus menjadi saksi dari tragedi memalukan. Untuk menghilangkan bukti, Firman, Johan, dan Fandy mengubur tubuh Myrna di bawah toilet kampus.",Kengerian,Hanny Mustofa,https://image.tmdb.org/t/p/w500/q4DGjjaypNUY4BLzrvLsUqzV5FA.jpg,,81,Released,Sentra Films
424147,Hantu Budeg,Hantu Budeg,2012-11-22,2012,0.0,0,0.23,"Kojek diputuskan oleh Ira karena kepelitannya. Magda, Inge, Royce, dan Bram, sepakat menjebak Kojek untuk membiayai acara rekreasi mereka. Mereka juga yakinkan jika Kojek berbuat baik, tidak akan sulit mencari pengganti Ira. Di hotel tempat mereka menginap, ditengah suka cita dan foto bersama, Magda mendapati bahwa hasil jepretan fotonya menangkap sosok penampakan. Berkali-kali mereka diganggu, sebelum akhirnya mereka pindah ke hotel Cempaka Pengelola hotel Cempaka adalah seorang lelaki tua misterius.",Kengerian,Findo Purwono HW,,,82,Released,Sentra Films
504216,Di Timur Matahari,Di Timur Matahari,2012-06-14,2012,0.0,0,0.17,"Pagi itu seperti pagi hari biasanya... Matahari terbit di timur menyinari pulau ini... Papua, pulau paling timur dari Indonesia, dimana cahaya matahari selalu meneranginya terlebih dahulu... Namun, tidak bagi Mazmur, Thomas dan teman-temannya. Pagi itu mereka masih menunggu kedatangan cahaya itu, cahaya yang akan menerangi mereka dari gelapnya kebodohan... Tapi seperti hari-hari yang telah berlalu cahaya itu tak kunjung datang...",Drama,Ari Sihasale,https://image.tmdb.org/t/p/w500/gqah2TC5aCacX9Z6hMKbtBOJuqJ.jpg,https://image.tmdb.org/t/p/original/rxmdf4tm5BUSTwCFuwEFofp2NG9.jpg,114,Released,Alenia Pictures
388555,Malaikat Tanpa Sayap,Malaikat Tanpa Sayap,2012-02-12,2012,7.5,1,0.12,"Vino (Adipati Dolken) tidak terlalu dekat dengan keluarga apalagi setelah papanya, Amir (Surya Saputra) bangkrut akibat ditipu rekan bisnisnya hingga mereka pindah dari perumahan elite ke rumah kontrakan di gang. Mamanya, Mirna (Kinaryosih) justru kabur dari rumah, bahkan tega meninggalkan, Wina (Geccha Qheagaveta), putrinya yang berusia 5 tahun.","Drama, Keluarga",Rako Prijanto,https://image.tmdb.org/t/p/w500/2zBvopkEo32KaSlfLKLJBaGjKbT.jpg,,104,Released,Starvision Plus
484524,Brandal-Brandal Ciliwung,Brandal-Brandal Ciliwung,2012-08-16,2012,0.0,0,0.14,"Mereka adalah lima sahabat, yang tinggal di pinggir kali Ciliwung. Lima sahabat itu adalah: Jaka (Endy Ervian), Timur (Julian), Umar(Sehan), Raja (Syafiqar), Tirto (Aldi Riyaldi). Walau mereka semua berbeda, tetapi mereka selalu bersama dan menamakan diri sebagai Pasukan Ciliwung. Di mata Wak Haji (Idrus Mardani), mereka dianggap anak-anak brandal yang selalu membuat onar. Di mata Adam dan kawan-kawan, mereka dianggap musuh yang harus dikalahkan dalam setiap pertandingan, mulai dari kasti, balap renang hingga lomba getek. Persoalan mulai muncul ketika datang seorang gadis tomboy bernama Sissy (Grithe Agatha), cucu Babah Alun (Hengki Soelaiman) - pemilik pabrik tahu di kampung mereka. Persahabatan mereka mulai retak jadinya, padahal lomba getek Ciliwung sudah dekat","Drama, Keluarga, Petualangan",Guntur Soeharjanto,https://image.tmdb.org/t/p/w500/gvOvUkLV2krlGcacSj0fOzp7zly.jpg,https://image.tmdb.org/t/p/original/9oM1K24RfZvmwGqgCM9h5Lu5Gn9.jpg,106,Released,Maxima Pictures
509268,Sanubari Jakarta,Sanubari Jakarta,2012-04-12,2012,0.5,1,0.15,"An omnibus of 10 stories, 10 romances that portrays lesbian, gay, bisexual and transgender relationships throughout Jakarta.",Drama,Tika Pramesti,https://image.tmdb.org/t/p/w500/kO6Lip5FPKJ6qrRkSHaeK9mTcA0.jpg,,106,Released,"Kresna Duta Foundation, Ardhanary Institute, Ford Foundation"
578192,Bangkitnya Suster Gepeng,Bangkitnya Suster Gepeng,2012-10-11,2012,0.0,0,0.19,"Keiko Larasati Hirosuke is a Japanese-Indonesian mulatto girl, her grandfather was a Japanese soldier assigned to Indonesia. After the war was over, the grandfather returned to Japan, married and had one child who later married an Indonesian man. One night, after clubbing with his girlfriend and friends, Keiko got a terrifying terror. There is a strange broadcast on the radio, like the broadcast of the war of independence. The woman's voice mentioned the life debt that must be paid. Keiko and his friends are confused.",Kengerian,Nuri Dahlia,https://image.tmdb.org/t/p/w500/3okgSpjrwuJKMjlRrRQNLqxPQiW.jpg,,77,Released,K2K Production
270925,3 Pocong Idiot,3 Pocong Idiot,2012-05-03,2012,4.5,1,0.21,"4 friends that Glenn, Pipin, jadoel and Rivet. They are fairly well-known boy band, which often appear in the cafes. Until one night, on the way to a cafe, Pipin, jadoel and Rivet suffered the unfortunate fate as a tragic accident that killed them. After the death, they were still hanging around like any other human. Pipin still pursuing his love for a beautiful lecturer, while jadoel and Rivet are still looking for their love.","Komedi, Kengerian",Nayato Fio Nuala,https://image.tmdb.org/t/p/w500/dfcfLR4QLhOpzIVr4GT8svumlL1.jpg,,81,Released,Rapi Films
646722,Kungfu Pocong Perawan,Kungfu Pocong Perawan,2012-04-12,2012,0.0,0,0.19,"Boh Siaw (Yadi Sembako) interrupts the kungfu teacher Boh Lam’s (Olga Syahputra) and Mey Mey’s (Jessica Iskandar) love story. Boh Siaw is the first brother in Singa Putih Kung Fu Institute. When Boh Siaw takes Ang Pao (Daus Mini) to retrieve a magic book in the jungle, Baron, also known as Amsyong Lu (Rizky Putra), attacks the institute and kidnaps Mey Mey. In the middle of their journey, Boh Siaw and Ang Pao have an accident and die. But they have sworn to save Mey Mey so both rise from the grave.  As pocong, they wander until they find her and defeat Amsyong Lu.",Komedi,Yoyok Dumprink,https://image.tmdb.org/t/p/w500/8og1xgtiJf9fZBQDr9DMtawYhNa.jpg,https://image.tmdb.org/t/p/original/j3gTit1Lq7XCjpKR6UoePLKgTuC.jpg,77,Released,K2K Production
925802,Penganten Pocong,Penganten Pocong,2012-02-02,2012,0.0,0,0.07,"Ririn refused to be forced to marry Jarwo because she loved Rangga. As a result of Ririn's behavior, Jarwo set a scenario of his death, where he was still able to terrorize Ririn via magical texts and calls.","Komedi, Kengerian",Arie Azis,https://image.tmdb.org/t/p/w500/dwmZrWnv16dJCvsFCwS9No7OXrL.jpg,,84,Released,RK23 Pictures
967633,Kuntilanak-Kuntilanak,Kuntilanak-Kuntilanak,2012-04-19,2012,0.0,0,0.1,A novelist with her daughter and her assistent move to the haunted house. And she want the custody of her daughter after divorce.,Kengerian,Nayato Fio Nuala,https://image.tmdb.org/t/p/w500/uMR2mjc4Ws0WIBxoDEfBfuM7oci.jpg,,77,Released,Mitra Pictures
632656,Santet Kuntilanak,Santet Kuntilanak,2012-03-08,2012,0.0,0,0.14,"It is a story of two sisters with different personalities, Maya and Lila. Lila is a tender woman with strong religious faith while Maya, her elder sister, believes in the mystic and magic, and practices sorcery.  Lila is raped by four young men and dies. Maya then avenges her sister by way of sorcery toward the four young men. And so begins a terrifying ritual: the dispatch of atrocious witchcraft to Robert and his crony, that is “Erotic Black Magic”. One by one they die mysteriously by Maya’s sorcery, aided by Lila’s ghost.",Kengerian,Nayato Fio Nuala,https://image.tmdb.org/t/p/w500/g78a3xKsPBse7nUo0619zIYd5XY.jpg,,77,Released,Studio Sembilan Production
648409,Pacarku Kuntilanak Kembar,Pacarku Kuntilanak Kembar,2012-10-18,2012,0.0,0,0.06,"It’s a story of two students sharing a rent: Budi and Bodo. They are often bullied because they have no girlfriends. On Kampus Nite they are invited to come by Celia. Both try to get a date with no result. Suddenly a posh car stops by them as they’re in desperation. The drivers are two sexy girls, Rosa and Rosi. Both are going to the same event. Of course Budi and Bodo think that it’s their lucky day. These guys have no idea that it’s their bad luck. Both girls are kuntilanak twins on a mission for a payback. A scary and hilarious adventure begins.","Komedi, Kengerian",Nuri Dahlia,https://image.tmdb.org/t/p/w500/3to2LRmQDVtwd5KRDXgqX0WTTWo.jpg,,80,Released,Studio Sembilan Production
269796,Jenglot Pantai Selatan,Jenglot Pantai Selatan,2011-02-17,2011,5.0,1,0.39,"Randy, Temmi, Denisa, dan Josh berharap bisa menikmati liburan seru mereka di sebuah pantai eksklusif: pantai perawan, yang baru saja di beli seorang pengusaha muda untuk dikembangkan sebagai tempat wisata. Tidak ada yang mengira bahwa di salah satu desa terdekat sedang terjadi kehebohan akan kemunculan makhluk aneh, yang mereka sebut sebagai Jenglot, yang haus akan darah. Jenglot yang berhasil ditangkap tersebut, dipercaya sebagai penjaga pantai selatan. Jenglot itu pun dilepas kembali ke laut dan mulai memburu siapa pun yang mencemarkan kesucian pantai tersebut.","Cerita Seru, Kengerian",Rizal Mantovani,https://image.tmdb.org/t/p/w500/ohgFG60DcHPuiOPRUuNOehQeF1w.jpg,,78,Released,Maxima Pictures
236781,Surat Kecil untuk Tuhan,Surat Kecil untuk Tuhan,2011-07-07,2011,8.0,1,0.22,"Diangkat dari kisah nyata dan novel berjudul sama, film ini menceritakan tentang Gita Sesa Wanda Cantika atau Keke (Dinda Hauw), seorang gadis remaja berusia 13 tahun yang cukup beruntung, karena lahir dari keluarga yang sangat berada, memiliki dua orang kakak laki-laki dan orang tua yang sangat menyayanginya. Selain itu Keke juga di kelilingi 6 sahabat karib yang selalu setia menemaninya dan hidupnya pun semakin lengkap dengan kehadiran seorang kekasih yang juga begitu menyayanginya yaitu Andy (Esa Sigit).",Drama,Harris Nizam,https://image.tmdb.org/t/p/w500/s2lPM7DTVuEfRA3vWiYwSam5mnQ.jpg,https://image.tmdb.org/t/p/original/6xNR6ClGmcp3hCXEeo4cILx79AA.jpg,105,Released,Skylar Pictures
484531,The Tarix Jabrix 3,The Tarix Jabrix 3,2011-06-16,2011,0.0,0,0.18,"The Tarix Jabrix mendapat tantangan terbesar dalam hidup mereka. Setelah gagal menjadi pahlawan saat menyelamatkan sebuah Panti dari kebakaran, Cacing (Tria Changcut) yang bekerja di perusahaan asuransi diminta atasannya untuk bernegosiasi dengan musuh lama mereka, geng motor Road Devils supaya tidak membuat kerusuhan lagi di Bandung yang sudah memakan banyak korban, dan tagihan klaim asuransi yang menumpuk. Cacing langsung menyanggupi, dan para sahabatnya, Dadang (Erick Changcut), Mulder (Dipa Changcut), Ciko (Alda Changcut) dan Coki (Qibil Changcut) ikut menemani Cacing pulang ke Bandung. Mulder yang mendapat posisi sebagai wakil direktur di perusahaan papinya, memutuskan mundur karena merasa papinya bekerjasama dengan orang asing untuk mengeksploitasi Indonesia.","Komedi, Percintaan",Iqbal Rais,https://image.tmdb.org/t/p/w500/lCxe7jVrMf0F6XrzbxclVfdgfQT.jpg,,89,Released,Starvision Plus
495815,Skandal,Skandal,2011-03-24,2011,0.0,1,0.18,Skandal adalah film drama-thriller Indonesia yang dirilis pada 24 Maret 2011 dengan disutradarai oleh Jose Poernomo yang dibintangi oleh Uli Auliani dan Mario Lawalata.,"Cerita Seru, Drama",Jose Poernomo,https://image.tmdb.org/t/p/w500/gEZhgjkv0HglJLhl3I26lovJN1p.jpg,,83,Released,Sentra Films
237405,Virgin 3: Satu Malam Mengubah Segalanya,Virgin 3: Satu Malam Mengubah Segalanya,2011-03-16,2011,0.0,0,0.13,"Awalnya, Dini, Tika, Sherry dan Putri hanya berencana merayakan malam terakhir Putri sebelum keberangkatannya untuk melanjutkan sekolah di Melbourne. Atas ide Sherry, walaupun mereka masih di bawah umur, dengan bantuan seorang fotografer Tyo, akhirnya mereka berhasil masuk ke club yang sangat eksklusif. Di sanalah kekacauan mulai terjadi. Anak-anak yang belum pernah mencoba kehidupan malam diberi minuman, dan ternyata banyak kejutan yang menanti mereka.",Drama,Nayato Fio Nuala,https://image.tmdb.org/t/p/w500/qV0PruTeREy3wTc4NcVbWJXpqIY.jpg,,82,Released,Starvision Plus
484534,Get Married 3,Get Married 3,2011-08-25,2011,0.0,0,0.13,"Semenjak Mae dan Rendy memiliki anak-anak, mereka memutuskan untuk menjadi keluarga kecil yang mandiri dan bebas dari orangtua serta sahabat-sahabat mereka yang melulu menimbulkan keonaran. Ternyata, tidak lama setelah melahirkan, Mae mengalami baby blues yang membuat Mae menjadi moody dan emosional. Rendy sadar bahwa dalam kondisi seperti sekarang ini, Mae justru membutuhkan support yang besar dari orang-orang terdekatnya, tetapi Mae terlalu gengsi untuk meminta tolong. Akhirnya, Rendy membujuk Guntoro, Beni, dan Eman untuk diam-diam membantu Mae.","Komedi, Drama",Monty Tiwa,https://image.tmdb.org/t/p/w500/eIdMMOvDRRsiZlpW4XNv0T9krjv.jpg,,95,Released,Starvision Plus
483137,Tendangan Dari Langit,Tendangan Dari Langit,2011-08-26,2011,0.0,0,0.17,"Wahyu (16 tahun) memiliki kemampuan luar biasa dalam bermain sepak bola. Ia tinggal di Desa Langitan di lereng gunung Bromo bersama ayahnya seorang penjual minuman hangat di kawasan wisata gunung api itu, dan ibunya.  Demi membahagiakan orang tuanya, Wahyu memanfaatkan keahliannya dalam bermain bola dengan menjadi pemain sewaan dan bermain bola dari satu tim desa ke tim desa lain dengan bantuan Hasan, pamannya. Sayangnya Pak Darto, ayah Wahyu sangat tidak menyukai apa yang dilakukan anaknya.  Suatu hari saat Wahyu bermain bola dengan rekan-rekannya, keahlian istimewanya tak sengaja dilihat oleh Coach Timo yang tengah hiking bersama Matias di lereng Bromo. Pelatih Timo kemudian menawari Wahyu untuk datang ke Malang dan menjalani tes bersama Persema Malang.","Keluarga, Drama",Hanung Bramantyo,https://image.tmdb.org/t/p/w500/8v8qxGQcQob7i1265rGgS8TRjMG.jpg,https://image.tmdb.org/t/p/original/m54yMqGWk1RPkwDqYsmgTle4BQZ.jpg,117,Released,"Dapur Film, SinemArt"
237407,Pocong Ngesot,Pocong Ngesot,2011-02-24,2011,0.0,0,0.23,Pocong Ngesot adalah film horor/komedi Indonesia yang dirilis pada 21 Februari 2011 dengan disutradarai oleh Nayato Fio Nuala yang dibintangi oleh Fero Walandouw dan Aziz Gagap.,"Komedi, Kengerian",Nayato Fio Nuala,https://image.tmdb.org/t/p/w500/mDIBDpqYNSSgsiNm3lNtf45gkzf.jpg,,79,Released,Rapi Films
260227,Jakarta Maghrib,Jakarta Maghrib,2011-07-28,2011,8.0,3,0.15,An omnibus movie derived from five real events experienced by some urban Jakarta residents during maghrib.,Drama,Salman Aristo,https://image.tmdb.org/t/p/w500/eiVno3MiUXwhGrQy3Bv7n2Tv6vW.jpg,https://image.tmdb.org/t/p/original/mFvPnQyTQmokUAliIxcf7BUb0pI.jpg,75,Released,"Indie Picture Productions, Starvision Plus"
1069056,Jakarta 24,Jakarta 24,2011-02-12,2011,0.0,0,0.09,"This video is part of Massroom Project (2003) is a documentary video project on Jakarta. The videos consist of nine works that tells nine stories about living experiences in Jakarta. Those experiences pass on various aspects of the city such as: mass transportation, public space, marginalize traditional vendors, voice pollution in the city and survival in Jakarta. These nine works of the Massroom Project has been screened in various film festival and exhibiton in Indonesia and international. Some of the works achieve the nomination for best short filmwork at Oberhausen International Film Festival, Germany. Amongst the important festivals which screened the Massroom Project works is 15th Festival Internacional de Curtas Metragens de Sao Paulo 2004, Brasil; Tales of Two Cities: Jakarta/Canberra 2005, Australia; Seminar and Conference Responsibilities of Criticism 2008, USA.",Dokumenter,Hafiz,https://image.tmdb.org/t/p/w500/lLqFKbrikrp6dnWL41h8QrLMz19.jpg,,5,Released,Forum Lenteng
183872,Evil Nurse 2,Suster Keramas 2,2011-04-21,2011,2.0,1,0.21,"Three young teens, Jack, Tando and Shelly like to race motorcycles on the road. One night Shelly had an accident. The two companions immediately brought her to the nearest hospital. While waiting for Shelly in care, they met with a Japanese girl who was ushered seeing his best friend, Cakil. But the hospital was not an ordinary hospital. They found many strange and terrible things, so they decided to get out of there. But, they can not go, until they discover a surprise that they never expected","Komedi, Kengerian",Findo Purwono HW,https://image.tmdb.org/t/p/w500/xzugbTN7PRxspT6eUsNLkiZMryz.jpg,,110,Released,Maxima Pictures
450801,Pocong Mandi Goyang Pinggul,Pocong Mandi Goyang Pinggul,2011-04-28,2011,1.7,3,0.3,Drunken Ferdi goes home from a night club and hits a car. A month latern Ferdi often sees ghosts. At the time Ferdi is also in a relationship with Sasha through cyberspace. Ferdi’s family who are suspicious try to investigate the background of Sasha. They find a connection between the presence of Sasha and Ferdi’s accident.,"Komedi, Kengerian",Yoyok Dumprink,https://image.tmdb.org/t/p/w500/7F3v0KIhlszRjve4EJBFha8IBV1.jpg,,73,Released,K2K Production
384508,Ada Apa Dengan Pocong?,Ada Apa Dengan Pocong?,2011-06-23,2011,6.5,1,0.19,"Wawan, Hary, Tedy and Boy terrorized by Pocong. Tedy and Hary had an accident due to a Pocong terror. Wawan and Boy realized that it was their fault.","Komedi, Kengerian",Chiska Doppert,,,104,Released,"Mitra Pictures, BIC Pictures"
146533,Keranda Kuntilanak,Keranda Kuntilanak,2011-09-22,2011,3.0,1,0.17,"Abby (Tifany Jane) and Ikke (Fiona Fachry) never suspected that their boarding house that was once safe and peaceful, suddenly became sinister. Every night, there are strange events that befall them. Cody (Indra Brotolaras), Ikke's boy friend, and DJ (Zaky Zimah), sweet but gullible guy, who often come to their boarding house, are also affected.  One day Steff (Stefan William) came to see her boyfriend, Abby. Steff is a soap opera actress become a main attraction, especially for DJ who wants to be an artist. But it turns out Steff arrival was also disturbed.","Komedi, Kengerian",Nayato Fio Nuala,https://image.tmdb.org/t/p/w500/bdR9FyARlWJk1SFXcnF8l3HtnoF.jpg,,83,Released,Rapi Films
602122,Pelet Kuntilanak,Pelet Kuntilanak,2011-06-01,2011,0.0,0,0.11,"Pamela is obsessed with beautifying herself by using the magical medium in the form of pellets with men's pants as a tool. To own the Pellets, Pamela is obliged to ally with the devil. A high risk black agreement is at stake",Kengerian,Nayato Fio Nuala,https://image.tmdb.org/t/p/w500/aLxOR4MmMlrAjsiZcsKMDkJ3MRM.jpg,,77,Released,Sentra Films
94720,Sang Penari,Sang Penari,2011-11-10,2011,6.3,5,0.2,"Orphaned by a tragedy that took the lives of her parents, Srintil grows up in a poor Indonesian village aspiring to be a sacred dancer.","Drama, Percintaan",Ifa Isfansyah,https://image.tmdb.org/t/p/w500/llIrBYS5cHPdd9aQh8ZNWOss1Rd.jpg,https://image.tmdb.org/t/p/original/z7YL6muaEWtjCjnTX7E2Jx4VIs6.jpg,112,Released,"SALTO, Indika Pictures, Les Petites Lumieres, KG Productions"
519317,Hantu Tanah Kusir,Hantu Tanah Kusir,2010-11-25,2010,0.0,0,0.24,"Jupri mewarisi delman kakak iparnya. Karena sepi penumpang, Kirno, sahabatnya menyarankan Jupri untuk meminta berkah ke kuburan. Ternyata delmannya malah tertukar dengan delman hantu tanah kusir. Nasib Jupri berubah seketika. Penumpangnya ramai. Namun, semuanya tak berlangsung lama, ketika muncul Odong bersama Pauline, gadis Jepang yang seksi, Hantu tanah kusir mulai menagih janji.",Kengerian,Findo Purwono HW,https://image.tmdb.org/t/p/w500/mbot0OYydI2rt0hDJ1MHUuGyqpe.jpg,,82,Released,Maxima Pictures
39065,Alangkah Lucunya (Negeri Ini),Alangkah Lucunya (Negeri Ini),2010-04-15,2010,7.9,9,0.21,"Sejak lulus S1, hampir 2 tahun Muluk belum mendapatkan pekerjaan. Meskipun selalu gagal tetapi Muluk tidak pernah berputus asa Pertemuan dengan pencopet bernama Komet tak disangka membuka peluang pekerjaan bagi Muluk. Komet membawa Muluk ke markasnya, lalu memperkenalkan kepada bosnya bernama Jarot. Muluk kaget karena di markas itu berkumpul anak-anak seusia Komet yang pekerjannya adalah mencopet.","Drama, Komedi",Deddy Mizwar,https://image.tmdb.org/t/p/w500/2kqZtkdedB3NVhI4THlvG1EepEl.jpg,https://image.tmdb.org/t/p/original/egN0nYyM6TPTi5bjKXo4qULtrWe.jpg,105,Released,Citra Sinema
583609,Heart 2 Heart,Heart 2 Heart,2010-11-11,2010,0.0,0,0.24,"Berawal dari pertemuan tak sengaja antara Pandu (Aliff Alli) bersama sahabatnya (Argatama Levy cs) dengan Indah (Irish Bella), di sebuah danau.  Tiga hari pertemuan-pertemuan ini berlanjut, Pandu dan Indah menemukan kebahagiaan yang diisi keindahan hutan, kebun teh, danau, dan cinta. Saat itu Indah sedang berlibur di villa bersama orang tuanya. Kebersamaan Pandu dan Indah terus terbawa dalam hati masing-masing ketika keduanya ke Jakarta, Pandu yakin apabila jodoh mereka akan bertemu kembali, Indah memang bersekolah di Jakarta, dan Pandu baru akan pindah ke Jakarta.  Laksana jodoh, garis hidup yang sudah dituliskan Tuhan, Indah bertemu kembali dengan Pandu, dan cinta itu tetap ada walau kini ada rintangan. Indah sudah memiliki ‘pacar’, dan tepatnya jodoh pilihan mamanya (Wulan Guritno), bernama Ramon (Miradz).","Drama, Percintaan",Nayato Fio Nuala,https://image.tmdb.org/t/p/w500/qz0Cr32seUiz0VIonPOdhAJU6kO.jpg,,85,Released,Starvision Plus
525447,Laskar Pemimpi,Laskar Pemimpi,2010-05-21,2010,0.0,0,0.12,"Agresi Militer Belanda II bulan Desember 1948 membuat Sri Mulyani (Tika Project Pop) terbuang dari kampung halamannya di Maguwo, Jawa Tengah. Sri yang lugu mengembara sampai ke wilayah Panjen dan bertemu dengan pasukan gerilya Indonesia pimpinan Kapten Hadi Sugito (Gading Marten) yang sedang membuka pendaftaran anggota baru.  Bersama Sri hari itu, Udjo (Udjo Project Pop), putra seorang ningrat yang mendaftarkan diri karena diperdaya Wiwid (Shanty) gadis pujaan hatinya. Selain itu, ada Ahok (Odie Project Pop) dan Tumino (Gugum Project Pop), pemuda desa dari wilayah sekitar Panjen. Mereka kemudian bergabung dengan Toar (Yosi Mokalu) pemuda rabun yang sudah lebih dulu menjadi gerilyawan, Kopral Jono (Dwi Sasono) yang sering diturunkan pangkatnya, dan Letnan Bowo (Teuku Rifnu Wikana) tangan kanan Kapten Hadi Sugito.","Komedi, Drama, Kejahatan, Musik",Monty Tiwa,https://image.tmdb.org/t/p/w500/i6PkALXGfyPvUilRh5MWZZdirtR.jpg,,96,Released,Starvision Plus
654360,Demi Dewi,Demi Dewi,2010-05-06,2010,0.0,0,0.08,"Putri Dara, Dewi, telah diculik oleh Winky. Winky menanggung dendam yang membara atas kematian anaknya di rumah sakit yang dipimpin oleh suami Dara. Dara sebenarnya adalah pembawa acara acara memasak TV yang terkenal, yang hidup nyaman dengan Terry, direktur pelaksana di rumah sakit. Tapi hari-hari bahagia Dara dan keluarganya berubah ketika Dewi diculik. Leo, penculiknya, meminta tebusan 429.850.050 juta rupiah. Dara bertekad untuk menyelamatkan Dewi dan dia dibantu oleh Alex, seorang polisi yang ditugaskan untuk menangani kasus ini. Tampaknya, Alex tahu kisah tersembunyi tentang masa lalu pahit Dara.","Aksi, Drama",Charles Gozali,https://image.tmdb.org/t/p/w500/wIrPtnBD0WsbSUS6Jsl84bZlaZu.jpg,,92,Released,Magma Entertainment
751826,SKJ: Seleb Kota Jogja,SKJ: Seleb Kota Jogja,2010-04-08,2010,0.0,0,0.06,"Three unlucky friends form a band but get into continued altercations with a more popular rival metal band. Keeping their music fun and light, they continue to gain popularity.",Komedi,Lakonde,https://image.tmdb.org/t/p/w500/tf0ejXN69VOXLpQR0jrxrxSQ5V2.jpg,,90,Released,Starvision Plus
363148,Dendam Pocong Mupeng,Dendam Pocong Mupeng,2010-03-11,2010,0.0,0,0.21,"Rini and Andi are lovers who meet a tragic death. Andi is electrocuted, while Rini falls from the balcony. They both turn into wandering ghosts known as pocong (a ghost wrapped in a death shroud) and kuntilanak (a woman ghost, with long hair and dressed in a white gown). Eventually, the house is sold to Harun. He uses it as a boarding house for Sherly, Tommy, Rojak, and Mira. Then each of them experiences strange apparitions. Andi, the pocong, who was a voyeur during his previous lifetime, starts peeping at Sherly and Mira","Kengerian, Komedi",Steady Rimba,https://image.tmdb.org/t/p/w500/ufRhHjc51cg2Q3qhkwsy5iTo3Rt.jpg,,71,Released,K2K Production
260210,Rintihan Kuntilanak Perawan,Rintihan Kuntilanak Perawan,2010-10-14,2010,5.0,1,0.25,A sexy assassin who perform a serial killing spree against the people around her. What makes her commit murder in cold blood? How do you entice potential victims?,Kengerian,Yoyok Dumprink,https://image.tmdb.org/t/p/w500/p8PrkUxJussBV7XuNrCMDQDQW4A.jpg,https://image.tmdb.org/t/p/original/rymX1qW1PuYwBf5tIlQVICA4tqz.jpg,76,Released,K2K Production
34626,Merantau,Merantau,2009-08-06,2009,6.5,224,1.47,"Di Minangkabau, Sumatra Barat, Merantau adalah tradisi yang harus dijalankan setiap anak laki-laki. Yuda (Iko Uwais), pesilat Harimau handal, dalam persiapan akhir untuk memulai perantauannya. Ia harus meninggalkan keluarganya, ibu tercinta, Wulan (Christine Hakim), dan udanya, Yayan (Donny Alamsyah), kenyamanan dan keindahan kampung halamannya, dan membuat nama untuk dirinya di keserabutan kota Jakarta.","Aksi, Drama, Cerita Seru",Gareth Evans,https://image.tmdb.org/t/p/w500/60Vd3zovl6XeRH8GQOsM9fwMHRO.jpg,https://image.tmdb.org/t/p/original/sHy9qPITQcD8PGHUHRWseguyfiE.jpg,134,Released,"PT. Merantau Films, Golden Network Asia"
39024,Pintu Terlarang,Pintu Terlarang,2009-01-22,2009,6.5,52,0.45,"Gambir sang seniman ternama memendam rahasia gelap dan memalukan, namun aib yang disembunyikan istrinya di balik pintu misterius di rumah mereka mungkin lebih mengerikan.","Cerita Seru, Misteri, Drama, Kengerian",Joko Anwar,https://image.tmdb.org/t/p/w500/aoMgipau7D72Omkd74hbWHwq6F0.jpg,https://image.tmdb.org/t/p/original/k5FTrpHKxi9OjGnf9lRNXHvg4vJ.jpg,115,Released,LifeLike Pictures
80831,Sang Pemimpi,Sang Pemimpi,2009-12-17,2009,6.6,9,0.32,"Adalah seorang guru bernama Balia yang menjadi sumber inspirasi bagi Ikal, Arai dan Jimbron. Kelas Balia membawa mereka pada keajaiban ilmu pengetahuan dan luasnya kehidupan, tempat yang memberi mereka nafas untuk keluar dari tekanan hidup.  Balia membarakan semangat mereka untuk menjelajahi Eropa dan bagian dunia lain untuk mengarungi kehidupan. Namun,  pada saat yang sama, mereka harus menghadapi sikap keras Pak Mustar, sang kepala sekolah. Kontras dengan sikap Balia, Pak Mustar adalah seorang guru yang menerapkan cara didik dengan pola hukuman bagi yang lalai.",Drama,Riri Riza,https://image.tmdb.org/t/p/w500/lXA0chGV24cf7fUEIj2eOW5rfjc.jpg,https://image.tmdb.org/t/p/original/iFXIQgddpVbc76L1xg6rtOIbJ7A.jpg,121,Released,"Mizan Productions, Miles Films"
646506,Putih Abu-Abu dan Sepatu Kets,Putih Abu-Abu dan Sepatu Kets,2009-10-29,2009,0.0,0,0.35,"Tiga sahabat, Flory, Kemala, dan Icha, duduk di kelas 1 SMU dan selalu terbuka satu sama lain. Mereka bersahabat dengan Dea, yang mencoba bunuh diri setelah pacarnya menyebarkan video mesra mereka. Flory menghadapi perceraian orang tuanya karena ibunya seorang lesbian. Kemala, yang penasaran dengan hal-hal dewasa, adalah yang pertama menstruasi dan pacaran, sementara Icha merasa belum sempurna karena belum menstruasi. Mereka menghadapi berbagai tantangan hidup dan cinta, menjaga harga diri, dan menghindari hal-hal negatif.",Drama,Nayato Fio Nuala,https://image.tmdb.org/t/p/w500/ootd8Io8AkLR53oRGKmbNC4AmxJ.jpg,https://image.tmdb.org/t/p/original/iahpT4UTGlLkU7XCwr8VUELx3Hy.jpg,85,Released,"Mitra Pictures, BIC Pictures"
216728,Ketika Cinta Bertasbih 2,Ketika Cinta Bertasbih 2,2009-12-10,2009,6.0,1,0.26,"Lulus S-1 dari sebuah perguruan tinggi yang memiliki pengaruh wibawa “kealiman”, tidak menyebabkan Azzam mendapat kemudahan dalam segala urusan. Dia bahkan gamang untuk mendapatkan pekerjaan yang pas. Belum lagi cibiran tetangga yang mengira bahwa lulusan Al-Azhar University otomatis menjadi kiyahi, atau ulama besar. Itu kenapa sang ibu menjadi gelisah, bahkan menyuruh adik Azzam, Husna untuk mencarikan pekerjaan, apa saja yang penting asal kesannya bekerja, keluar dari rumah","Drama, Percintaan",Chaerul Umam,https://image.tmdb.org/t/p/w500/rf1jxWlDeFgM8hfQCYTFXj0ZXWi.jpg,,0,Released,SinemArt
505936,Setan Budeg,Setan Budeg,2009-01-08,2009,0.0,0,0.26,"3 pemburu mayat, (Eddi Brokoli, Hardi Fadillah, Rizky Mocil) bertugas mengurusi mayat tanpa identitas yang bertebaran di jakarta. Suatu kali, mereka terkejut ketika mayat seorang perempuan yang tewas ditabrak kereta hilang dari ambulans. Pak joko (Kiwil) sang. atasan, memberi ultimatum agar mereka menemukan  jenazah tersebut dan mengembalikannya ke rumah mayat.  Jenazah gadis yang bernama Lala tersebut adalah seorang gadis bisu tuli, saudara kembar  dari anita (dewi persik). Ketika mereka sibuk memburu jenazah  Lala, tanpa disadari mereka pun sedang  diburu oleh arwah yang dipenuhi dendam tersebut","Kengerian, Komedi",Findo Purwono HW,https://image.tmdb.org/t/p/w500/7rbd7BjafaTBcJeI3vctbXK42OP.jpg,https://image.tmdb.org/t/p/original/eAB8p60JoVzKzACs9wRZhtv9Kv8.jpg,83,Released,Maxima Pictures
504212,Virgin 2: Bukan Film Porno,Virgin 2: Bukan Film Porno,2009-05-28,2009,6.9,6,0.29,"Tentang persahabatan dua orang remaja putri Tina (Christina Santika, 16 th) dan Nadya (Joanna Alexandra, 19 th) yang terjerumus ke profesi kelam yang seharusnya tidak mereka lakukan di usia mereka. Masa remaja bukanlah hal yang mudah bagi mereka. Persahabatan seringkali harus dibayar dengan mahal, bisa jadi dengan sebuah kematian tragis, justru ketika mereka ingin merubah jalan hidupnya",Drama,Nayato Fio Nuala,https://image.tmdb.org/t/p/w500/p6fBUhA5dlGD3UO1lje1GOxghWw.jpg,https://image.tmdb.org/t/p/original/c9IdiTJmmtyuxroeahaDDFpbt4A.jpg,86,Released,Starvision Plus
396100,Serigala Terakhir,Serigala Terakhir,2009-05-11,2009,6.9,7,0.34,"Disebuah pinggiran Jakarta dengan sekelompok remaja laki-laki tumbuh dan menjalin persahabatan yang kuat. Mereka adalah Ale [Fathir Muchtar], Jarot [Vino G. Bastian], Lukman [Dion Wiyoko], Sadat [Ali Syakieb], dan Jago [Dallas Pratama]. Ale adalah sosok yang paling menonjol diantara mereka. Jiwa pemimpinnya sangat kentara sekali. Sementara Jarot adalah sosok yang paling tidak banyak omong dan tertutup.","Drama, Kejahatan",Upi Avianto,https://image.tmdb.org/t/p/w500/m1CLUrwmEwjWzjtvh9j3Tw4nA4m.jpg,https://image.tmdb.org/t/p/original/b89jqO3ZyW0iVAZSDPjOFz6uxBO.jpg,110,Released,Investasi Film Indonesia
246352,The Real Pocong,The Real Pocong,2009-03-05,2009,2.7,3,0.27,"The Real Pocong merupakan film Indonesia yang dirilis pada 2009. Film ini disutradarai oleh Hanny R. Saputra dan dibintangi antara lain oleh Nabila Syakieb, Ashraf Sinclair, Sakinah Dava Erawan, Kinaryosih, dan Agastya Kandou.","Drama, Kengerian, Cerita Seru",Hanny R. Saputra,https://image.tmdb.org/t/p/w500/27fWylEeGbiHPYjDp9U0B1oSJOf.jpg,,102,Released,SinemArt
52382,Air Terjun Pengantin,Air Terjun Pengantin,2009-12-03,2009,2.8,6,0.3,"Film diawali dengan dukun ilmu hitam bertopeng yang menculik seorang wanita untuk dijadikan pengantinnya. Sang dukun dikejar warga setempat hingga ia terpojok ke sebuah air terjun. Karena wanita disebelahnya terus memberontak, sang dukun melempar wanita itu ke air terjun. Lalu, sang dukun menyusulnya jatuh, dan dukun yang masih hidup itu melihat wanitanya yang sudah meninggal dan frustasi, lalu membunuh seluruh warga.","Drama, Percintaan, Cerita Seru, Kengerian",Rizal Mantovani,https://image.tmdb.org/t/p/w500/rGFFl5OXkhpHuS7zOJmZqxfgqgF.jpg,https://image.tmdb.org/t/p/original/9gZk5DtsQpe7Vc8PCG5GsTA821I.jpg,74,Released,"Maxima Pictures, Dreamscape Pictures"
327219,Punk in Love,Punk in Love,2009-07-09,2009,6.3,6,0.2,"Kisah tentang cinta, kehidupan, dan persahabatan empat sahabat punk jalanan. Dari kampung halamannya di Malang, Jawa Timur, mereka merencanakan perjalanan ke Jakarta dengan tujuan membantu temannya menyatakan cintanya kepada kekasihnya sebelum pernikahannya...","Drama, Percintaan, Komedi",Ody C. Harahap,https://image.tmdb.org/t/p/w500/8udakFwhrHr5Xj6HluIJuYRtXII.jpg,,99,Released,MVP Pictures
363147,Emak Ingin Naik Haji,Emak Ingin Naik Haji,2009-11-12,2009,0.0,0,0.17,"Emak, wanita usia lanjut yang sabar, tulus, dan penuh kebaikan hati, seperti umat Islam lainnya, sangat ingin menunaikan ibadah haji. Sayangnya, Emak tidak memiliki biaya untuk mewujudkan keinginannya. Emak sehari-hari berjualan kue dan juga dari Zein, anaknya yang duda, penjual lukisan keliling. Walaupun Emak tahu bahwa pergi haji adalah hal yang sulit diraih, Emak tidak putus asa, dia tetap mengumpulkan rupiah demi rupiah untuk disetorkan ke tabungan haji di bank. Zein, yang melihat kegigihan Emak, berusaha dengan berbagai cara untuk dapat mewujudkan keinginan Emak. Tapi, keterbatasannya sebagai penjual lukisan keliling, serta masalah-masalah yang diwarisinya dari perkawinannya yang gagal, menyebabkan Zein hampir-hampir putus asa dan nekat. Sementara, tetangga Emak yang kaya raya sudah beberapa kali menunaikan haji, apalagi pergi umroh. Di tempat lain ada orang berniat menunaikan haji hanya untuk kepentingan politik",Drama,Aditya Gumay,https://image.tmdb.org/t/p/w500/pZLbeHlusChTumAVWRFDc0N03AQ.jpg,,76,Released,"Smaradhana Production, Mizan Productions"
528071,SMS: Suka Ma Suka,SMS: Suka Ma Suka,2009-03-25,2009,0.0,0,0.16,"Wisnu and Rezky adalah dua cowok ganteng dan play boy. Wisnu seorang fotografer sedangkan Rezky reporter stasiun TV. Suatu hari, Rezky kesiangan masuk kantor padahal dia harus mewawancarai Menteri. Alhasil dia kena damprat bosnya. Rezky memutuskan untuk mencari tempat kos yang dekat dengan kantor biar tidak kesiangan lagi.","Komedi, Percintaan",Encep Masduki,https://image.tmdb.org/t/p/w500/4iAyZC9tb0OZ8cae4mRonqWTQuh.jpg,,0,Released,MD Pictures
484527,Benci Disko,Benci Disko,2009-05-14,2009,0.0,0,0.12,"Hamdan (Denny Malik), jago disko yang dipuja di lingkungan rumahnya harus menikahi Jubaedah dan Lusi karena hamil. Dua istri Hamdan tinggal di kontrakan yang bersebelahan di gang Kelinci. Sembilan bulan kemudian Jubaedah dan Lusi masing-masing melahirkan anak laki-laki, anak Jubaedah bernama Harim (Tora Sudiro) dan anak Lusi bernama Setiawan (Vincent Club80s). Setelah kelahiran dua anak laki-laki tersebut, pertengkaran di dalam keluarga Hamdan terjadi setiap hari. Hingga satu saat, Hamdan meninggalkan keluarganya, lari bersama perempuan lain dan anak perempuannya bernama Harti.","Komedi, Drama",Rako Prijanto,https://image.tmdb.org/t/p/w500/388yUdGICdz5zz9yROp0Zb8aM3l.jpg,,89,Released,Rapi Films
395855,Suster Keramas,Suster Keramas,2009-12-31,2009,4.0,5,0.23,"Michiko, a Japanese tourist comes to Indonesia to search for his brother who works as a nun. She meets three people who help her. Soon, they become victims of a haunting.","Komedi, Kengerian",Helfi C.H. Kardit,https://image.tmdb.org/t/p/w500/7YnH5iOK4drEJUhSgvB249SxHPL.jpg,https://image.tmdb.org/t/p/original/68AZ1jVIQxozAUSpXbWeW8S5Q8H.jpg,83,Released,Maxima Pictures
246072,Pocong Kamar Sebelah,Pocong Kamar Sebelah,2009-05-28,2009,3.0,1,0.18,"At 12 midnight everyday, Felisa would hear loud scream from the room next door. Until the third day, she finally enters the room. After that the scream stopped but Felisa is always haunted by strange voices. Mbah Jimat, a shaman reveals that since the room has been opened, the evil spirits roams around. He then orders Felisa to open the strap of the pocong ghost behind the room. But the pocong ghost continues to terrorize the flat. Will they be saved from the pocong ghost's terror?",Kengerian,Ian Jacobs,https://image.tmdb.org/t/p/w500/eap4dVpwwJiqqZTJhv7iuGt3O5x.jpg,https://image.tmdb.org/t/p/original/ud0SmmE6fhFbhRUhMMEs02uqveo.jpg,80,Released,Mitra Pictures
52373,Kuntilanak Beranak,Kuntilanak Beranak,2009-02-12,2009,5.5,3,0.1,"Some youngsters cajole a couple of their friends to help in their attempt to make  a documentary about a dancer who disappeared and was said to have been murdered, and whose  body was never found. Rumors abound, causing much of the village where she lived to become  deserted. After getting a lead from an oddball villager, they decide to break into the house  which is said to be the site of the murder. What they find there is much more than they  ever could have bargained for...",Kengerian,Ian Jacobs,https://image.tmdb.org/t/p/w500/eE6P6BkgwuJQ0VEKZiJdqaM47tf.jpg,,74,Released,Mitra Pictures
12275,Ayat-Ayat Cinta,Ayat-Ayat Cinta,2008-02-28,2008,5.9,12,0.44,"Ini adalah kisah cinta. Tapi bukan cuma sekedar kisah cinta yang biasa. Ini tentang bagaimana menghadapi turun-naiknya persoalan hidup dengan cara Islam. Fahri bin Abdillah adalah pelajar Indonesia yang berusaha menggapai gelar masternya di Al Ahzar. Berjibaku dengan panas-debu Mesir. Berkutat dengan berbagai macam target dan kesederhanaan hidup. Bertahan dengan menjadi penerjemah buku-buku agama. Semua target dijalani Fahri dengan penuh antusiasme kecuali satu: menikah.  Kenapa? Karena Fahri adalah laki-laki taat yang begitu ‘lurus’. Dia tidak mengenal pacaran sebelum menikah. Dia kurang artikulatif saat berhadapan dengan mahluk bernama perempuan. Hanya ada sedikit perempuan yang dekat dengannya selama ini. Neneknya, Ibunya dan saudara perempuannya.","Drama, Percintaan",Hanung Bramantyo,https://image.tmdb.org/t/p/w500/sKQGqiVZmvKc0OogBXjE7VREc58.jpg,https://image.tmdb.org/t/p/original/89Kj6Z7IF2UHESfI9zW3dQ7hALR.jpg,125,Released,MD Pictures
490610,Cinlok,Cinlok,2008-09-26,2008,5.0,1,0.36,"Cinlok merupakan film Indonesia yang dirilis pada tanggal Jumat, 26 September 2008 yang disutradarai oleh Guntur Soeharjanto. Film ini dibintangi antara lain oleh Tora Sudiro, Luna Maya, Tukul Arwana, Ria Irawan, Yeyen Lidya, Yurike Prastika, dan Laila Sari.  Stasiun tua yang unik dengan deretan kedai-kedai buat para pengunjungnya. Cundra (Tora Sudiro) seorang eksekutif muda dan Nayla (Luna Maya), manajer hotel, bertemu di salah satu kedai. Cundra duluan yang membuka percakapan. Terungkap bahwa Nay sudah punya tunangan bernama Tyo (Tukul Arwana), seorang pengusaha. Begitu pula dengan Cundra. Nama tunangannya Tika (Ria Irawan), seorang desainer yang sedang naik daun. Kenyataannya adalah: mereka berdua berbohong tentang hidup mereka.  Setelah pertemuan itu, mereka berjanji untuk bertemu kembali dan kali ini mereka berdua harus memutar otak agar kebohongan mereka tidak terbongkar. Apakah mereka berhasil menutupi kebohongan mereka? Apakah Nayla dan Chundra akhirnya saling mencintai?[1]","Komedi, Percintaan",Guntur Soeharjanto,https://image.tmdb.org/t/p/w500/5wxMSoqmOZxxIasGp2UmJObiNrD.jpg,https://image.tmdb.org/t/p/original/a8VJczPs0cfLqKiwhSpdPsPZTAm.jpg,90,Released,MD Pictures
22421,Laskar Pelangi,Laskar Pelangi,2008-09-25,2008,7.4,25,0.48,"Kepulangan Ikal dewasa ke kampung mengenang kembali masa kecilnya, hari pertama pembukaan kelas baru di sekolah SD Muhammadiyah. Lima tahun bersama, Bu Muslimah, Pak Harfan dan ke 10 murid dengan keunikan dan keistimewaannya tersendiri, berjuang untuk terus bisa sekolah.",Drama,Riri Riza,https://image.tmdb.org/t/p/w500/pIkafUVOWa4LrInh0RF80KKBBeK.jpg,https://image.tmdb.org/t/p/original/2IRvEfq33ytOOpavtnblEQHI9Yi.jpg,120,Released,"Miles Films, Mizan Productions"
380913,D.O. (Drop Out),D.O. (Drop Out),2008-03-19,2008,0.0,0,0.25,"Terancam dikeluarkan dari kampus, seorang pemalas mendapat bantuan dari seorang tutor. Sebagai gantinya, dia membantu tutor itu menemukan kembali jati dirinya.","Komedi, Percintaan",Winaldha E. Melalatoa,https://image.tmdb.org/t/p/w500/uFv7xCPRr4GiZbfnNalE8Wbsgkz.jpg,https://image.tmdb.org/t/p/original/ep2h5DEOeOS50jGTYaU6XxQoUkp.jpg,86,Released,MVP Pictures
495809,Tiren: Mati Kemaren,Tiren: Mati Kemaren,2008-06-26,2008,1.0,1,0.16,"Tiren: Mati Kemaren merupakan sebuah film Indonesia yang dirilis pada tahun 2008. Film yang disutradarai oleh Emil G. Hampp ini dibintangi antara lain oleh Dewi Perssik, Baron Hermanto, Renee The, Aldiansyah Taher dan Budi Anduk.","Kengerian, Komedi",Emil G. Hampp,https://image.tmdb.org/t/p/w500/pvC8WvuZCEqVgqM6HLXWcvjlEQp.jpg,,90,Released,Maxima Pictures
642860,Kalau Cinta Jangan Cengeng,Kalau Cinta Jangan Cengeng,2008-02-12,2008,0.0,0,0.15,"Boy, seorang bintang film terkenal, memiliki masa lalu yang kelam, karena ia terlibat dalam kecelakaan mobil yang menewaskan dua orang. Kemudian, ia menjadi Duta Besar untuk kampanye Anti Narkoba dan memberikan ceramah di pusat rehabilitasi. Di sana ia melihat seorang pecandu yang menyerupai orang yang meninggal dalam kecelakaan bertahun-tahun yang lalu. Dia adalah Yani, putri pasangan yang sudah meninggal, yang dia selamatkan dalam kecelakaan itu. Karena merasa bersalah, Boy mencoba membantu Yani untuk pulih dari kecanduannya. Kemudian Yani melarikan diri dari pusat dan mulai menggunakan narkoba lagi dengan Felix, pengedarnya. Boy menemukannya dan membawanya pulang. Ini membuat pacar Boy, Luna, marah. Tetapi ketika hubungan Boy dengan Yani semakin dekat, mantan manajer Boy, Ahmad, memberi tahu Yani bahwa Boy yang membunuh orangtuanya.",Drama,Monty Tiwa,https://image.tmdb.org/t/p/w500/oCv2rf70DpghEqSHOOBxe4v0NDM.jpg,,112,Released,SinemArt
490607,Bukan Cowok Idola,Bukan Cowok Idola,2008-10-30,2008,0.0,0,0.15,Bukan Cowok Idola adalah film drama Indonesia yang dirilis pada 30 Oktober 2008 dengan disutradarai oleh Iqbal Rais yang dibintangi oleh Ramon Y. Tungka dan Nadia Edward.,,Iqbal Rais,https://image.tmdb.org/t/p/w500/iy2VDnViKJT8UcTL0T9giMPVfCv.jpg,,0,Released,Triavi Production
237395,Mengaku Rasul: Sesat,Mengaku Rasul: Sesat,2008-06-04,2008,0.0,0,0.15,Rianti (Jian Batari) pergi setelah bertengkar dengan ayahnya soal hubungannya dengan Ajie (Alblen Fillindo Fabe). Rianti kecewa saat memergoki Ajie bersama perempuan lain. Dia pergi ke padepokan Guru Samir (Ray Sahetapy) mencari ketenangan.,"Drama, Cerita Seru",Helfi C.H. Kardit,https://image.tmdb.org/t/p/w500/8YReRC2f2paTWPLKfpXyvBAFWnF.jpg,,97,Released,Starvision Plus
380915,From Bandung With Love,From Bandung With Love,2008-03-13,2008,0.0,0,0.35,"From Bandung With Love is an Indonesian films released in 2008. The film, directed by Henry Adianto starring among others by Marsha Timothy, Richard Kevin, and much more. Impressions premiere on March 13, 2008.","Percintaan, Drama",Henry Adianto,https://image.tmdb.org/t/p/w500/78nB3ZYhLxv10KdjKWaetQEnE8j.jpg,,80,Released,Lighthouse Film
444742,40 Hari Bangkitnya Pocong,40 Hari Bangkitnya Pocong,2008-03-06,2008,8.0,1,0.16,"Jessi is haunted by a strange shadow. Her cousin thinks she's stressed since break up with Nino. She meets Kevin who makes her feels safe, but the terror worsens.",Kengerian,Rudi Soedjarwo,https://image.tmdb.org/t/p/w500/l8fSJsIdOLCZbfIPkIMSR7M0kP3.jpg,,90,Released,Rapi Films
670265,Pocong vs Kuntilanak,Pocong vs Kuntilanak,2008-11-06,2008,7.2,4,0.07,"The film starts in the Dutch Colonial Era of Indonesia, where we are informed of Raden Soekotjo's feelings toward Nyi Soroh. As the film opens, Raden is going to Nyi's house to tell her of his feelings for her. She however, has already fallen in love and married a Dutch sea captain named Von Klingen. Angered by that prospect, Raden killed Nyi, which awakened her family's Kuntilanak spirit guardian. Heading after Von Klingen next, Raden became when he found out that the Kuntilanak was after him. He tries to escape, but the Kuntilanak kills him. Before death however, Raden tells one of his relatives not to undo the rope around his pocong shroud, which would allow him to turn into a Pocong spirit.",Kengerian,David Poernomo,https://image.tmdb.org/t/p/w500/zErAEcE3JAZniC10S6cyqLjjnsS.jpg,,90,Released,Mitra Pictures
51564,Takut: Faces of Fear,Takut: Faces of Fear,2008-12-01,2008,5.8,12,0.26,Compilation of short horror films from seven directors who produced six film segments in one anthology.,"Kengerian, Cerita Seru",Ray Nayoan,https://image.tmdb.org/t/p/w500/gVuJZkOkWTLoMNpTR2ahm3kyTRD.jpg,https://image.tmdb.org/t/p/original/nw733sRmFfLFfeJXuPEt1lRGrjK.jpg,91,Released,Komodo Films
780882,Suami-Suami Takut Istri: The Movie,Suami-Suami Takut Istri: The Movie,2008-09-26,2008,0.0,0,0.11,"Four close friends travel to Bali with their wives. Their wives think they were brought to Bali for a romantic second honeymoon, however the husbands secretly got tickets for a concert of the sexy girl group ""Trio Ganas"".",Komedi,Sofyan D. Surza,https://image.tmdb.org/t/p/w500/8vE0VCm1jhux5Gj6whLMWjjSNAo.jpg,,93,Released,MVP Pictures
413484,Kuntilanak 3,Kuntilanak 3,2008-03-13,2008,4.4,7,1.04,"A group of youngsters is on a mission to Ujung Sedo, to find their missing friends in a haunting jungle. Along the way, they met Samantha who's in a personal mission to the a mystical village. They went across the dark woods, a deafening fog, and a deadly cave where strange events followed them. Every twist is connected to Samantha who has a wicked curse to summon a she-devil called Kuntilanak. The old witch who lives in the village may be the only one who can stop the curse. But, that's not her plan at all.",Kengerian,Rizal Mantovani,https://image.tmdb.org/t/p/w500/8iSLQlTZ8zUtFkuuGXwFJXLyYR1.jpg,https://image.tmdb.org/t/p/original/dLM0athMHXkdyBG7HYTRiO6cxUc.jpg,90,Released,MVP Pictures
131702,3 Doa 3 Cinta,3 Doa 3 Cinta,2008-12-18,2008,7.5,1,0.13,"Huda, Rian, and Syahid are friends living in Islamic boarding school. They lost someone in their family and aspire to different things in their lives.",Drama,Nurman Hakim,https://image.tmdb.org/t/p/w500/32UL7Lb2KFxo8ABwfCDRHlTC4Vg.jpg,https://image.tmdb.org/t/p/original/1XITeisPj1lI3MNcC1iPJPD13NO.jpg,110,Released,"Investasi Film Indonesia, Triximages"
257189,Quickie Express,Quickie Express,2007-11-22,2007,5.8,6,0.16,"Jojo, seorang pemuda pengangguran di Jakarta, dalam pencariannya untuk mendapatkan uang dengan mudah memutuskan untuk menjadi gigolo di sebuah perusahaan layanan kencan. Semuanya berjalan lancar sampai dia jatuh cinta dengan seorang mahasiswa kedokteran.","Komedi, Drama",Dimas Djayadiningrat,https://image.tmdb.org/t/p/w500/qAkS3c1bHgK8FgKEJC973sehGUS.jpg,https://image.tmdb.org/t/p/original/vcpIcQXXQ4AfsfCY0K9QiD6XJwX.jpg,117,Released,"Kalyana Shira Films, Ezy Productions"
499015,Kamulah Satu-Satunya,Kamulah Satu-Satunya,2007-07-12,2007,5.0,1,0.17,"Indah (Nirina Zubir), adalah seorang gadis SMA di daerah Bayah, Banten, yang telah lama ditinggal oleh kedua orang tuanya. Semenjak kecil Indah diurus oleh Abahnya (Didi Petet) dalam keadaan ekonomi yang pas-pasan, namun ternyata Indah tidak pernah merasa susah karena ia memiliki sebuah obsesi yang sangat diimpikannya. Obsesi tersebut adalah bertemu langsung dengan band Dewa 19.",Drama,Hanung Bramantyo,https://image.tmdb.org/t/p/w500/kVgl6v10XEF412Jb4QLagr7upeR.jpg,,102,Released,"Oreima Films, Starvision Plus"
495797,Malam Jumat Kliwon,Malam Jumat Kliwon,2007-05-31,2007,3.0,2,0.16,"Malam Jumat Kliwon adalah film horor Indonesia yang dirilis pada tahun 2007. Film yang disutradarai oleh Nayato Fio Nuala ini dibintangi antara lain oleh Ben Joshua, Abimana Aryasatya dan Gracia Indri.",Kengerian,Nayato Fio Nuala,https://image.tmdb.org/t/p/w500/ohiYEwElMwlfYgHjzcApFUDiC9W.jpg,,90,Released,Indika Entertainment
237393,"Maaf, Saya Menghamili Istri Anda","Maaf, Saya Menghamili Istri Anda",2007-06-20,2007,0.0,0,0.12,"Monty Tiwa tidak harus meminta maaf pada siapa-siapa (seharusnya juga tidak kepada perserikatan keluarga Simamora yang menuntutnya untuk meminta maaf atas penggunaan marga mereka di film ini). Maaf, Saya Menghamili Istri Anda adalah sebuah komedi yang cerdas dan menyenangkan.","Komedi, Drama",Monty Tiwa,https://image.tmdb.org/t/p/w500/paf1XkmoV3L4uDuVALyjR2m5Jpv.jpg,,106,Released,SinemArt
257456,Nagabonar Jadi 2,Nagabonar Jadi 2,2007-03-29,2007,6.8,4,0.09,"Alur cerita berputar tentang hubungan Nagabonar (Deddy Mizwar) dan Bonaga (Tora Sudiro) dalam suasana kehidupan anak muda metropolis. Bonaga, seorang pengusaha sukses, mendapat proyek pembangunan resort dari perusahaan Jepang. Sialnya, lahan yang diincar perusahaan Jepang tersebut tak lain adalah lahan perkebunan sawit milik ayahnya, Nagabonar. Maka Bonaga pun memboyong ayahnya ke Jakarta agar dia bisa membujuk Nagabonar menjual lahan tersebut.","Drama, Komedi",Deddy Mizwar,https://image.tmdb.org/t/p/w500/l9OzQ76URjSwIddivPY9d9LwPwB.jpg,https://image.tmdb.org/t/p/original/iBKiEP55f7rDSMjC7ZLqMGaGcXW.jpg,118,Released,Citra Sinema
496027,Get Married,Get Married,2007-10-11,2007,6.7,6,0.12,"Get Married adalah Film lokal Indonesia garapan StarVision yang mulai tayang di bioskop pada bulan Oktober 2007. Get Married menjadi film Indonesia terlaris kedua tahun 2007 dengan jumlah penonton 2,2 Juta orang.","Drama, Komedi",Hanung Bramantyo,https://image.tmdb.org/t/p/w500/2WTtSvOkVlmXLq1q1ivcB82viH6.jpg,,105,Released,Starvision Plus
286533,Jakarta Undercover,Jakarta Undercover,2007-03-22,2007,7.0,2,0.41,"After accidently killing her temperamental father in order to save her mom from his abuse, Viki flees from Medan to Jakarta with her autistic brother, Ara. To make ends meet in Jakarta, Viki poses as a transvestite and works as a striptease dancer. With no one to watch over her brother, Viki brings Ara every night to the club where she works and hide him in one corner of the room at the club. One day, Ara accidently witnesses an act of murder by Haryo, son of an official, and his friends. Realizing his crime action witness by Ara, Haryo and his friends chase Viki and Ara, determined to silene the two before they go to the police. For the sake of saving his brother’s life, Viki secretly flee from one place to another in order to escape Haryo and friends. Will Viki and Ara escape?","Cerita Seru, Kejahatan",Lance,https://image.tmdb.org/t/p/w500/4zltj1O63G7HDLC68wWwfKnQH3k.jpg,https://image.tmdb.org/t/p/original/hLO7cPQYXaOfNf7Zqb5VCt04hNY.jpg,89,Released,"PT Velvet Silver Cinema, Rexinema, Starvision Plus, Rexinema"
286093,Suster Ngesot,Suster Ngesot,2007-05-10,2007,0.0,0,0.12,Vira and Silla works in a hospital. They live in a haunted nursing hostel. Suster Ngesot ghost kills adulterers. Vira gets sign before a murder.,Kengerian,Arie Azis,https://image.tmdb.org/t/p/w500/rF3vBDYX8sYruRpJwv9cqeGhzj8.jpg,,87,Released,MD Pictures
450804,Pocong 3,Pocong 3,2007-10-10,2007,6.0,3,0.22,"A DJ at the nightclub named Vendetta, daughter (Francine Roosenda) got the news of the death of his father who had left him alone for ten years. Life Women who already have a good relationship with his friends at Vendetta including Thomas (Darius Sinathrya), Michelle (Elmayana Sabrenia) and Bayu (Gary Iskak), be changed while slowly terrorized by something.",Kengerian,Monty Tiwa,https://image.tmdb.org/t/p/w500/xZp4zMZscP5GJHzPU1rwj3z32QA.jpg,,118,Released,SinemArt
405521,"Realita, Cinta dan Rock'n Roll","Realita, Cinta dan Rock'n Roll",2006-02-02,2006,6.1,7,0.33,Ipang (Vino G. Bastian) dan Nugi (Herjunot Ali) adalah dua orang sahabat yang tidak menyukai sekolah dan gemar bermain musik. Kehidupan mereka jalani dengan impian untuk mencapai cita-cita mereka menjadi pemusik rock'n roll. Ipang merupakan anak seorang dosen (Frans Tumbuan) dan memiliki seorang adik laki-laki yang bernama Dido. Sedangkan Nugi adalah anak tunggal yang tinggal bersama ibunya. Diceritakan ayahnya sudah pergi ke Amerika sejak kecil dan tak pernah sekalipun mengengoknya. Mereka berdua (Ipang dan Nugi) sering bolos sekolah hanya untuk bersenang-senang atau main ke toko kaset milik Sandra (Nadine Chandrawinata).,Drama,Upi Avianto,https://image.tmdb.org/t/p/w500/fNngs8VvJuICK0svHtjRbstvUNB.jpg,https://image.tmdb.org/t/p/original/d0PCFEJoFKh1YnbQ6feOmPufpeV.jpg,114,Released,Virgo Putra Film
405504,Heart,Heart,2006-05-11,2006,6.0,7,0.37,"Kisah diawali pertemanan sejak kecil antara Rachel (Nirina Zubir) dan Farel (Irwansyah). Mereka tumbuh dewasa bersama. Ketika Farel bertemu pengarang komik, Luna (Acha Septriasa), dan bercerita pada Rachel tentang rasa cintanya pada gadis berambut panjang itu, Rachel pun tersentak. Rachel yang berambut pendek suka berpakaian kasual, jauh dari kesan feminin. Rachel tipe gadis tomboy yang doyan mobil dan olahraga. Sementara Luna bertolak belakang dengan Rachel. Luna suka memakai rok dan lemah lembut. Cinta Farel kepada Luna menyadarkan Rachel pada rasa cintanya sendiri kepada Farel.","Drama, Percintaan",Hanny R. Saputra,https://image.tmdb.org/t/p/w500/tO4ySyLCqX8v92by3ci93so86UV.jpg,https://image.tmdb.org/t/p/original/oQc8TMRIiroCucyl2rjRyPt7izh.jpg,126,Released,Starvision Plus
236779,9 Naga,9 Naga,2006-01-12,2006,8.0,2,0.3,Manusia terbaik di Indonesia... adalah seorang penjahat!!!,"Kejahatan, Drama",Rudi Soedjarwo,https://image.tmdb.org/t/p/w500/joR4ZK1ABHE7j4ti5uzxujqQ7cx.jpg,,104,Released,"Reload Pictures, Mira Media Group, SinemArt"
496067,Lentera Merah,Lentera Merah,2006-05-24,2006,0.0,0,0.13,"Lentera Merah adalah sebuah majalah kampus UNI (Universitas Negeri Indonesia) yang sudah ada sejak dulu dengan tulisan-tulisannya yang kritis dan berani. Setelah pembrendelan anggota PKI pada tahun 60an, hingga kini Lentera Merah masih tetap eksis dengan model tulisannya yang menantang.","Cerita Seru, Kengerian",Hanung Bramantyo,https://image.tmdb.org/t/p/w500/MnDGLaVWmN6vI86bxHjXrRjLuX.jpg,,100,Released,Rapi Films
52372,Kuntilanak,Kuntilanak,2006-10-27,2006,5.8,16,0.17,A young college student moves to a new boarding house in a very haunted area.,Kengerian,Rizal Mantovani,https://image.tmdb.org/t/p/w500/h5WMsADqtDgKcIUcHtk6LY43X6c.jpg,https://image.tmdb.org/t/p/original/9rjd55s0QflddBUmTwQrYpnaLoL.jpg,93,Released,MVP Pictures
257174,Jomblo,Jomblo,2006-02-09,2006,6.3,6,0.16,"Four single college mates try their luck in love by taking a stab at dating, leading them to humiliating, cringeworthy, and formative experiences.","Percintaan, Komedi, Drama",Hanung Bramantyo,https://image.tmdb.org/t/p/w500/oG0kP0BKwZHkEjrEsYBWSHMKurF.jpg,https://image.tmdb.org/t/p/original/nUw8696tYFtFlWubBpIXOU97jlJ.jpg,116,Released,SinemArt
429832,Alexandria,Alexandria,2005-11-24,2005,5.0,1,0.41,"Bagas Gunawan (Marcel Chandrawinata), lelaki pendiam dan sangat pemalu memendam rasa kepada Alexandra Yasmina (Julie Estelle), tetangganya yang baru. Alex adalah gadis unik dengan kamera dan koleksi komiknya dan mimpi utamanya: pergi ke kota Alexandria di Mesir, yang kata ayahnya merupakan asal muasal nama dirinya: Alexandra.",Drama,Ody C. Harahap,https://image.tmdb.org/t/p/w500/7IDzm6W6cVU80rSEnAJo8M1VOgz.jpg,,110,Released,"Rexinema, Rexinema"
22412,Catatan Akhir Sekolah,Catatan Akhir Sekolah,2005-03-31,2005,5.8,6,0.28,"3 orang sahabat yang dikenal sebagai A3, Agni (VJ Ramon), Alde (Marcel) dan Arian (Vino Bastian) yang dicap geng cupu dan dianggap loser di sekolah mereka, bertekad membalas dendam kepada sekolah mereka lewat sebuah film dokumenter tentang catatan akhir sekolah",Drama,Hanung Bramantyo,https://image.tmdb.org/t/p/w500/ft9xulnQQ3Xf9X14lMBZCkIvaoR.jpg,https://image.tmdb.org/t/p/original/sFEUHBj9iFGQvMOe2sPbGGvCBIy.jpg,110,Released,"Rexinema, Rexinema"
39064,Janji Joni,Janji Joni,2005-04-26,2005,6.7,20,0.33,Seorang pria pengantar film menjanjikan seorang wanita muda yang cantik untuk mengantarkan film tepat waktu ke bioskop.,"Drama, Komedi, Percintaan",Joko Anwar,https://image.tmdb.org/t/p/w500/mznTCufeOaXofs8LOWPjVFtH38M.jpg,https://image.tmdb.org/t/p/original/kGNuU06310RmsMrwkwzXlOkwRvD.jpg,83,Released,"Kalyana Shira Films, Focus Films Limited"
495473,Panggil Namaku Tiga Kali,Panggil Namaku Tiga Kali,2005-03-01,2005,0.0,0,0.17,"Panggil Namaku Tiga Kali adalah sebuah film Indonesia bergenre horor yang dirilis tahun 2005 yang disuradarai oleh Koya Pagayo dan dibintangi antara lain oleh Hayria Lontoh, Rionaldo Stockhorst dan Titi Qadarsih.",Kengerian,Nayato Fio Nuala,https://image.tmdb.org/t/p/w500/1jmQTXF4H56MiPmiu86faJCwJhl.jpg,,97,Released,Indika Entertainment
644071,Vina Bilang Cinta,Vina Bilang Cinta,2005-08-18,2005,0.0,0,0.12,"Pada usia 24, Cillia Yulia tumbuh menjadi gadis yang keras kepala dan pesimistis. Suatu hari, Tri, seorang lelaki berusia 25 tahun dari desa yang menyukai lagu-lagu Vina Panduwinata, ingin mencoba peruntungannya di Jakarta sebagai penyanyi. Nasib menyatukan mereka. Cillia harus membantu Tri dalam mengejar karier musiknya. Memang menjadi tugas yang sangat sulit karena Cillia menentang segala sesuatu yang diyakini Tri.","Drama, Musik, Percintaan",Indra Yudhistira,https://image.tmdb.org/t/p/w500/ekFTBldFK5baGxfi93sGrlFrw9E.jpg,,95,Released,MNC Pictures
504214,Virgin,Virgin,2004-11-11,2004,5.0,1,0.37,"Biyan 16 tahun, seorang remaja yang sangat menjaga keperawanannya. Ayahnya playboy yang banyak mengencani wanita-wanita muda, kenyataan yang membuat ibunya sangat menderita. Disitulah Biyan berpendapat pentingnya arti keperawanan.  Biyan bersahabat dengan Stella dan Ketie. Ketiganya bergabung dalam komunitas",Drama,Hanny R. Saputra,https://image.tmdb.org/t/p/w500/2cMU6Dr8RCtGAxmSkqnVEwvEWkz.jpg,https://image.tmdb.org/t/p/original/leyYP9KcSjaKzU1PX46QQpM6Tg1.jpg,115,Released,Starvision Plus
390888,30 Hari Mencari Cinta,30 Hari Mencari Cinta,2004-01-08,2004,0.0,0,0.35,"Kisah tiga sahabat, Keke (Dinna Olivia), Gwen (Nirina Zubir) dan Olin (Agnes), yang berkawan sejak SMA dan saat kuliah masih bersama-sama tinggal di rumah orangtua Olin. Suatu saat mereka tersadar belum punya pacar, dan mereka sepakat untuk mencari pacar. Usaha pertama gagal, dan mereka lalu bertaruh siapa yang pertama mendapat pacar dalam 30 hari. Kebersamaan mereka jadi merenggang.","Komedi, Drama, Percintaan",Upi Avianto,https://image.tmdb.org/t/p/w500/oReogDcICoeuPgFI4a6NmUbVFn9.jpg,https://image.tmdb.org/t/p/original/l7rkAhkEyHShN7siMHydOIQXyhd.jpg,113,Released,"Rexinema, Rexinema"
490608,Buruan Cium Gue,Buruan Cium Gue,2004-08-05,2004,0.0,0,0.23,"Buruan Cium Gue merupakan sebuah film Indonesia yang dirilis pada tahun 2004. Film yang disutradarai oleh Findo Purwono HW ini dibintangi antara lain oleh Hengky Kurniawan, Masayu Anastasia, Dimas Setowardana, Ratu Felisha, Tommy Kurniawan, Imelda Therinne, Aimee Juliette, Irfan Hakim, dan Dewi Rezer.","Komedi, Percintaan",Findo Purwono HW,https://image.tmdb.org/t/p/w500/5qCy9u6NZgk1KCrd4H8j3BjrX2u.jpg,,87,Released,MVP Pictures
490601,Bangsal 13,Bangsal 13,2004-12-18,2004,0.0,0,0.2,"Bangsal 13 merupakan film horor Indonesia yang dirilis pada tahun 2004 yang disutradarai oleh Ody Harahap. Film ini dibintangi antara lain oleh Endhita, Luna Maya, dan Lia Chandra, beserta pemeran pembantu lain. Film ini dibuat di daerah Sitamala, Tangerang pada tahun 2003.",Kengerian,Ody C. Harahap,https://image.tmdb.org/t/p/w500/ynLXzMNAmHqLfmVNckgXVD5avJu.jpg,,94,Released,"Rexinema, Rexinema"
39060,Ada Apa dengan Cinta?,Ada Apa dengan Cinta?,2002-02-07,2002,7.6,43,0.36,"Bertemakan cinta di masa-masa SMA, Ada Apa dengan Cinta menampilkan Cinta (Dian Sastrowardoyo) sebagai seorang pelajar SMA. Ia langganan juara lomba puisi di sekolahnya yang rutin diadakan tiap tahun. Cerita berawal dari Alya (Ladya Cherill) yang tubuhnya memar karena kerap dipukuli sang ayah yang kerap cek-cok dengan ibunya. Alya adalah sahabat karib Cinta dengan teman-temannya yang lain seperti Carmen (Adinia Wirasti), Maura (Titi Kamal), dan Milly (Sissy Priscillia)","Drama, Percintaan",Rudi Soedjarwo,https://image.tmdb.org/t/p/w500/u4eu24kJ2XR7W1lnwVACSC51HaY.jpg,https://image.tmdb.org/t/p/original/xqFm4FCok2mvesJwKH3Hj1TeC3K.jpg,112,Released,"Miles Productions, Miles Films"
649363,Bisa Naik Bisa Turun,Bisa Naik Bisa Turun,1992-04-02,1992,0.0,0,0.25,"Not unlike the other Warung Kopi (Warkop) comedies featuring (Dono, Kasino and Indro), this film is also made up of a series of comedic skits featuring plenty of pretty faces and beautiful bodies. In this film, initially the Warkop trio are training to become security guards, whose commandant turns out to be a patient from a mental hospital. Then, they masquerade as women in order to get jobs at a company that is only hiring women. All of their career attempts end humorously.",Komedi,Arizal,https://image.tmdb.org/t/p/w500/zrDSIz5FC26caRmAFcNh4uy5Mg9.jpg,,85,Released,Soraya Intercine Films
270109,Peluru dan Wanita,Peluru dan Wanita,1988-05-06,1988,4.6,7,0.26,"A CIA agent roams the streets of New York haunted by the death of the beautiful woman he fell in love with while on assignment in Jakarta. When he is kidnapped and drugged, the destination is Jakarta once again where he tries to unravel the mystery that is the city which broke him three years earlier.","Cerita Seru, Aksi",E.G. Bakker,https://image.tmdb.org/t/p/w500/4rWjTrSZRMHhUfHjR5sl25qq5BT.jpg,,94,Released,"Medusa Distribuzione, Parkit Films, Troma Entertainment"
1321608,Sumpah Pocong - Lintang Dan Bayu,Sumpah Pocong - Lintang Dan Bayu,1988-01-01,1988,0.0,0,0.2,"Lintang and Bayu, held a pocong oath, due to the insistence of the villagers who felt their village was polluted. This was done because Lintang, who had just become engaged to Bayu, was declared pregnant, they had sworn not to do anything and did not know that Lintang could become pregnant. Once the oath is executed, the Oath has no consequences.","Kengerian, Drama, Percintaan",Ismail Soebardjo,https://image.tmdb.org/t/p/w500/jtRLg65Q6xX3usESLca3vgFOAPm.jpg,,97,Released,"Garuda Film, Usaha Sama Pengedar Utama Sdn Bhd"
573031,Depan Bisa Belakang Bisa,Depan Bisa Belakang Bisa,1987-08-07,1987,6.0,1,0.24,"Detective Kasino and two of his men, Dono and Indro (played by the Warkop Trio), fail to retrieve a jewel. But the owner, a Japanese man, does not care about it. They are given another task to protect Michiko, who is threatened with kidnap by criminals. In fact, the owner of the jewel wants to trick the insurance company. Michiko asks Dono, who protects her to run away with the jewel he is asked to keep.",Komedi,H. Tjut Djalil,https://image.tmdb.org/t/p/w500/AlqNbpckpzQlEaTYbec9B6yMGJK.jpg,,91,Released,Soraya Intercine Films
580398,Kidung Cinta,Kidung Cinta,1985-01-01,1985,5.0,1,0.14,"Keluarga Dadang yang mempunyai tiga anak lelaki, menerima Bugi untuk menetap di rumahnya. Bugi, adik misan Dadang, yang kedua orang tuanya sudah meninggal. Penampilan dan pembawaan Bugi yang kelaki-lakian, menjadi bahan ejekan banyak orang, baik di sekolah maupun dalam pergaulan. Bahkan di rumah pun Narsih, istri Dadang suka mengejek dan sinis terhadap Bugi. Seorang guru matematika dan olah raga, Zein, memiliki sikap lain terhadap Bugi. Zein berusaha mengubah tingkah laku Bugi itu. Tetapi guru lain, kawan-kawan Bugi, dan Bugi sendiri salah tafsir. Akibatnya, Zein juga tak enak dan risih, kemudian mencoba menjauh dari Bugi. Akibatnya Bugi kehilangan pijakan, tempat mengadu dan berlindung.",Drama,Matnoor Tindaon,https://image.tmdb.org/t/p/w500/8SJwNxDZKUtKdznWPT5K4r1lHcp.jpg,,90,Released,Virgo Putra Film
200304,Pengkhianatan G30S/PKI,Pengkhianatan G30S/PKI,1984-11-01,1984,6.0,4,0.41,"Indonesia berada dalam kekacauan. Rakyat hidup dalam kemiskinan, sementara yang kaya memamerkan kekayaan mereka. Presiden Soekarno (Umar Kayam) sedang sakit dan hampir mati. Sementara itu, konsep politiknya, Nasakom (nasionalisme, agama, dan komunisme) telah menyebabkan pertumbuhan besar anggota PKI. Partai yang mencoba melakukan kudeta pada tahun 1948 ini telah menyerang dan membunuh orang di seluruh negeri. Presiden yang telah melemah juga dimanipulasi oleh partai ini. PKI telah merekayasa cerita, berdasarkan Dokumen Gilchrist yang palsu, bahwa Dewan Jenderal sedang mempersiapkan kudeta bila Soekarno mati. Aidit (Syubah Asa), Syam, dan kepemimpinan Partai Komunis diam-diam berencana untuk menggunakan ini sebagai alasan untuk kudeta mereka sendiri.","Drama, Sejarah, Kejahatan, Cerita Seru, Kengerian",Arifin C. Noer,https://image.tmdb.org/t/p/w500/6xcTLEcs7rimkHjGMB9k150GwWN.jpg,https://image.tmdb.org/t/p/original/s7m5ByM7l7Hqb5rzlIIKlHspdD.jpg,271,Released,"Perusahaan Film Negara, Produksi Film Negara"
98154,Pengabdi Setan,Pengabdi Setan,1980-01-31,1980,5.9,26,0.34,"Sebuah keluarga kaya yang jauh dari agama mendapat musibah ketika sang Ibu wafat. Sang Ibu, Mawarti, meninggalkan seorang ayah bernama Munarto yang hanya peduli kehidupan bisnis, serta satu putra yang pendiam bernama Tomi dan putri bernama Rita yang kecanduan pesta, bersama mereka ada satu pembantu bernama Pak Karto yang taat agama dan sudah sakit-sakitan. Pada malam pertama setelah kematian Mawarti, Tomi menjumpai sang ibu kendati tidak berbincang. Keesokan harinya, dari saran temannya Tomi menyambangi seorang peramal yang berkata bahwa seluruh keluarganya terancam bahaya yang sangat besar dan akan menewaskan mereka semua. Lalu sang peramal menyarankannya untuk memperkuat diri dengan ilmu hitam.",Kengerian,Sisworo Gautama Putra,https://image.tmdb.org/t/p/w500/uqmL2vvLzFnRFbXVcT8x8l8YTWQ.jpg,https://image.tmdb.org/t/p/original/yX7tAnjOc2by5EwsubFi8biAAoN.jpg,96,Released,Rapi Films
580211,Pelajaran Cinta,Pelajaran Cinta,1979-01-01,1979,6.0,1,0.13,"Kisah para pelajar SMA di Yogya yang umumnya berasal dari luar kota. Mereka ini mulai belajar kenal cinta dan seks. Tiga sahabat, Benny, Lesmono, dan Larso yang jadi pusat cerita. Benny yang jago cewek mengajari kawannya ke pelacur. Lesmono yang diam-diam mencintai Indri, hanya bisa gigit jari, karena ternyata jatuh ke tangan Benny, yang sangat bersikap enteng dalam hidup. Bahkan Benny berhasil menyelundupkan Indri ke kamar kosnya. Ketika ia pulang ke Jakarta, Indri waswas karena terlambat haid. Lesmono turun tangan mencari dukun untuk menggugurkan kandungan Indri. Ternyata Indri tidak hamil ketika periksa pada dokter. Lesmono mulai berbunga merasa bisa mendekati Indri. Ternyata ia harus tetap gigit jari, karena Indri kembali mesra pada Benny. Sebuah usaha untuk melukiskan psikologi para remaja dalam hubungannya dengan cinta dan seks, meski terlampau bermain-main dan dangkal.",Drama,Matnoor Tindaon,https://image.tmdb.org/t/p/w500/c0Svbwv5eAhUTrCxnmleDbXkYm.jpg,,93,Released,Rapi Films
786163,Ateng Sok Aksi,Ateng Sok Aksi,1977-09-19,1977,0.0,0,0.14,"Ateng’s tomfoolery saves his employer from a robbery attempt by Bagio and his gang. He succeeds as he knows Bagio’s secret fear of cats. As a result, Bagio constantly targets him especially when he recovers a diamond that Bagio wants. Then Iskak gets a job and falls in love with another servant, Supini. To secure the relationship, Ateng sends a letter Supini’s name to Iskak, and vice versa, thus creating more comedic confusion.","Drama, Komedi",Hasmanan,https://image.tmdb.org/t/p/w500/jXYS5ivKCgX082Gx87g0GNnjcTs.jpg,,0,Released,Rapi Films
900525,Aksi Kalimantán,Akce Kalimantan,1962-08-17,1962,3.0,1,0.11,The story of Indonesian paratroopers during the fighting for the island of Kalimantan.,"Drama, Kejahatan",Vladimír Sís,,,0,Released,"Biro hubungan masjarakat angkatan udara Republik Indonesia, Filmové studio Barrandov"
913398,"Toha, Pahlawan Bandung Selatan","Toha, Pahlawan Bandung Selatan",1961-11-10,1961,0.0,0,0.1,"This is the heroic story of Mochamad Toha, who successfully blew up a Dutch ammunition depot in Bandung and ruined their defences. Set in Bandung at the time of transition, between the departing Japanese and the incoming Dutch (who are supported by the British), Indonesians had to fight for their independence. Toha emerged as a leader of the common people, who saw injustice and oppression, and who sacrificed himself by blowing up the ammunition depot.","Kejahatan, Aksi",Usmar Ismail,,,0,Released,"Daswati II Bandung, PERFINI"
452435,Enam Djam di Jogja,Enam Djam di Jogja,1951-03-16,1951,8.0,1,0.21,"Depicting the celebrated recapture of the town of Yogyakarta from Dutch forces in March 1949, by Indonesian youth of the resistance and members of the Indonesian army. Although it was held only for a few hours, it resulted in a UN resolution calling on the Dutch to leave.","Sejarah, Kejahatan, Drama",Usmar Ismail,https://image.tmdb.org/t/p/w500/8B2FbtccfWdBVnVieGPsStPg764.jpg,https://image.tmdb.org/t/p/original/u81ujF3WoI3YqCLSsfmVKSPY9TW.jpg,116,Released,PERFINI
